altitude_bin_lower_m,altitude_bin_upper_m,altitude_bin_center_m,variable,n_landings,total_samples,mean,std_between_landings,median,q05,q25,q75,q95,min_landing_mean,max_landing_mean,mean_of_landing_medians
0.0,1.0,0.5,airspeed_mps,11,842,11.52562473243157,6.67950543353458,10.604745567619027,2.7661542090664746,6.242598695729775,16.192307988258257,20.31892254214356,2.3299647097033684,22.690381288528442,11.507381590929898
0.0,1.0,0.5,aoa_deg,11,842,7.900477145072428,5.604396781321294,5.940991032814634,2.7994821101733267,4.825552966665598,8.702338676068843,18.276768160778477,2.284284494817257,20.870425150944637,7.469068483872847
0.0,1.0,0.5,descent_rate_mps,11,842,0.3013750425011803,0.32488407066450936,0.26245132713627717,0.002305787736850158,0.17358564461272996,0.2750500008536848,0.8106496164157733,0.0005360926039420101,1.2032738886774978,0.26723934168146307
0.0,1.0,0.5,groundspeed_mps,11,842,11.47318917042482,7.767825567913614,8.908725860635728,1.9800260069838753,6.026169614180029,16.42106802095846,22.62914457407683,1.4989638439671642,26.672823911953472,11.491747867009106
0.0,1.0,0.5,p_radps,11,842,-0.03875616663655318,0.06677936109393333,-0.046416532434220725,-0.10735384864688569,-0.08588411739224401,-0.011758005387293548,0.07220975042787635,-0.10993073545080138,0.11177252514627636,-0.03916669277135619
0.0,1.0,0.5,pilot_pitch_centered,11,842,-0.07561506529208571,0.10870888125532162,-0.028675324675324666,-0.25453486094790445,-0.12549369142033165,-0.009353535353535353,0.020230867346938772,-0.29883783783783785,0.048624999999999995,-0.07400000000000001
0.0,1.0,0.5,pilot_roll_centered,11,842,-0.023533753478987018,0.04285054469876795,-0.03892753623188406,-0.05365881032547701,-0.04942240215924426,-0.02373310810810811,0.055565862708719854,-0.053959595959595985,0.08651948051948052,-0.03145454545454545
0.0,1.0,0.5,pilot_throttle_norm,11,842,0.06988525201920251,0.08352790799245861,0.046697368421052626,0.038507195507195495,0.04353920984713122,0.047700231481481475,0.18528949357520785,0.0383116883116883,0.32149735449735445,0.07340909090909092
0.0,1.0,0.5,pitch_deg,11,842,3.632160360325892,2.100235545559138,4.421878885379748,0.42141758003907104,1.9789552799244936,5.131874749537021,5.692334450303151,-0.20666820765472949,6.102375518708002,3.5064072358337315
0.0,1.0,0.5,q_radps,11,842,-0.006455144994168299,0.018860675198404793,-0.004339782690999989,-0.03255963375152636,-0.021182949648124623,0.0039536967475931935,0.020426080084305943,-0.03294994231514835,0.02518798888626474,-0.02723134715448723
0.0,1.0,0.5,roll_deg,11,842,0.7706440064628016,1.396767612472885,0.8456415496256253,-1.0337365095552524,-0.44553216712807137,1.5818337293533822,2.8313483911745174,-1.047457200327208,3.09692420437932,0.843885996717621
0.0,1.0,0.5,sideslip_deg,11,842,2.9264245736801984,8.883007568304398,1.9804651950086867,-5.669061145053885,-1.4858227585815693,2.987279620360244,18.361334748417562,-8.852450599115361,25.1276857425005,3.432238855145194
0.0,1.0,0.5,throttle_output,11,842,3.9259561087974357,8.725318600090791,1.273972602739726,0.8391540891540892,1.0723684210526314,1.663966049382716,16.0854119425548,0.7432432432432432,30.211640211640212,4.363636363636363
1.0,2.0,1.5,airspeed_mps,12,880,14.063178660555364,7.222999536234335,15.46865479142453,4.236694106421538,7.094774308988381,20.269413606325784,22.012116154697203,4.1833601498450985,23.781251549720764,14.043585499127706
1.0,2.0,1.5,aoa_deg,12,880,7.033892967167293,3.4788787936342707,6.553499367693965,3.231713028701729,4.0154445191224415,9.114694083972545,12.385190263590554,2.57331296056509,14.976521479203397,7.030632634957631
1.0,2.0,1.5,descent_rate_mps,12,880,0.48832568951782,0.3788239818913632,0.32070826878986985,0.07744457492364862,0.25847678925759066,0.7194990195610296,1.1076252746760924,0.06185189866630294,1.334585789591301,0.4737267643214244
1.0,2.0,1.5,groundspeed_mps,12,880,14.21806619257647,7.694525001898299,14.695085272106443,4.1664143398329685,7.143509198011552,19.316916402046225,24.29168142320675,3.6051139304764233,27.454998312869503,14.273015437282572
1.0,2.0,1.5,p_radps,12,880,-0.020574734981946025,0.07295006477316517,-0.017823387376812185,-0.11308764740950554,-0.037934484570121045,-0.0008448319492564559,0.06802236323112058,-0.18251606356352568,0.14791223084864516,-0.023527805838966742
1.0,2.0,1.5,pilot_pitch_centered,12,880,-0.11415494044038327,0.12954538769526486,-0.0743672369789205,-0.34397471819645725,-0.16703345070422534,-0.015357111209570229,0.008213621794871766,-0.3915652173913043,0.028375,-0.10466666666666669
1.0,2.0,1.5,pilot_roll_centered,12,880,-0.013461421109428268,0.07685658248034923,-0.04214402173913044,-0.05403284823284824,-0.04945151006711408,-0.023194216757741352,0.11465042253521114,-0.05420512820512821,0.21773333333333336,-0.021083333333333332
1.0,2.0,1.5,pilot_throttle_norm,12,880,0.0802022299518197,0.10111197726336522,0.04758728448275862,0.04145667483159828,0.04453846153846152,0.04883690140845069,0.2373009324458134,0.040154929577464776,0.39622131147540984,0.0835
1.0,2.0,1.5,pitch_deg,12,880,3.559058516613304,2.0045343877252937,3.979426131115558,0.4724872616865936,2.195502515693889,5.032096181210591,5.79823825780335,-0.4659163434989751,6.533882361062815,3.4499625731259584
1.0,2.0,1.5,q_radps,12,880,0.005623983387824909,0.0329163817423063,0.013478268678401318,-0.05459583185944975,-0.0007588700563515636,0.019278290872564673,0.04259333270580594,-0.057228213346276716,0.0626670070895171,-0.01546708238311112
1.0,2.0,1.5,roll_deg,12,880,0.8223661198323824,1.782394517648727,0.3611841802052773,-0.620993628647061,-0.17232593322204875,1.3153147573975523,3.5340330021406183,-0.8742852075362966,5.930652737617493,0.7219404093921185
1.0,2.0,1.5,sideslip_deg,12,880,0.7037208970009873,7.000510727941149,-1.0297570725247054,-7.4224766117557275,-2.345551021772607,2.508754448818595,13.173316148420263,-11.64839327472766,15.183941969135464,0.8226871564984322
1.0,2.0,1.5,throttle_output,12,880,5.032557837889799,10.579262255099705,1.6848591549295775,0.9683098591549296,1.028846153846154,1.9324137931034482,21.53135520959399,0.9295774647887324,38.06147540983606,5.416666666666667
2.0,3.0,2.5,airspeed_mps,13,537,16.09016147740128,6.4779270786465215,17.15501710845203,6.679855368344681,10.757012734046349,20.958889919778574,22.9456595638342,2.8873328571734223,25.002577145894367,16.15939318216764
2.0,3.0,2.5,aoa_deg,13,537,5.883625592770557,1.9542313209751991,5.289447057921931,3.3516691767034077,4.829605221748352,7.077975430139682,9.188654622577484,3.0241984185718356,9.290726150785174,5.505632932369526
2.0,3.0,2.5,descent_rate_mps,13,537,0.7393957861272757,0.49442848512089227,0.5122864246369789,0.17824767879823353,0.3767945743957584,1.048647039815026,1.5290715197722111,0.0280115915381492,1.5332190195720579,0.6964221367464867
2.0,3.0,2.5,groundspeed_mps,13,537,16.04163653451628,7.251630426002916,17.096374844570143,6.022505068249051,9.941401672652585,20.47286874918096,24.750026952075935,1.2901518217577805,28.284416766475854,16.021636581684437
2.0,3.0,2.5,p_radps,13,537,0.02006384145638012,0.10168140105344195,-0.0116278744166399,-0.05911219661136182,-0.024713017104659226,0.022841954160304295,0.17953898301109256,-0.06780857295684868,0.33383779755483073,0.030849371250951666
2.0,3.0,2.5,pilot_pitch_centered,13,537,-0.09384994328691294,0.1418071228480071,-0.04773584905660377,-0.32720428571428567,-0.18273170731707317,-0.03066666666666667,0.06433333333333306,-0.38488571428571416,0.17633333333333331,-0.0873846153846154
2.0,3.0,2.5,pilot_roll_centered,13,537,-0.011106504190846725,0.07326878854856536,-0.04610526315789474,-0.05275238095238096,-0.05188679245283017,-0.00754285714285714,0.12599999999999983,-0.053166666666666675,0.1935,-0.009076923076923076
2.0,3.0,2.5,pilot_throttle_norm,13,537,0.060065680842904326,0.05219406492547779,0.04708333333333334,0.04263428571428571,0.043000000000000003,0.04785714285714286,0.12231826086956496,0.0423,0.2336,0.04753846153846154
2.0,3.0,2.5,pitch_deg,13,537,3.402397171867242,2.7368366637816375,3.7278954568116562,0.22882838329921174,0.8342519678873941,5.566166380177373,7.174784874501748,-0.17476157549147806,8.704864787310362,3.2055388322243323
2.0,3.0,2.5,q_radps,13,537,0.007127272526299746,0.048651036329009675,0.02217454357963539,-0.07193807041021781,-0.014766091013342024,0.04736201423159064,0.060686511865974964,-0.10069685626076537,0.06570870038787169,-0.01439256785222544
2.0,3.0,2.5,roll_deg,13,537,0.9462231879277212,1.4524664327985284,0.6266162828787377,-0.667910667332969,0.16642581158370343,1.45371379951636,3.5279239749535902,-1.1044495023736407,4.258249014616013,0.8944827455740708
2.0,3.0,2.5,sideslip_deg,13,537,1.1462284041748303,4.40370234692049,0.24521581174396886,-3.285065055100814,-2.099599758783976,3.9182309100502417,8.759500711450354,-3.550091088336447,9.789491320413257,1.3429744908442864
2.0,3.0,2.5,throttle_output,13,537,2.9495327159225226,5.4153505795711325,1.5,1.0,1.0,1.951219512195122,9.568695652173886,1.0,20.921739130434784,1.5769230769230769
3.0,4.0,3.5,airspeed_mps,13,523,18.527774678034383,4.613178858882172,20.420316944951598,11.093961760112219,15.754822684723196,21.769528071085613,23.143994471232094,8.669518867901393,24.913214365641277,18.60381973706759
3.0,4.0,3.5,aoa_deg,13,523,5.317610080179605,1.8592056355414548,5.64119435393292,2.9784791639264747,3.888502502441406,6.593686024347941,8.02442262844463,2.472524404525757,8.199774259158543,5.260925751466018
3.0,4.0,3.5,descent_rate_mps,13,523,1.0343060395063022,0.6819019469972201,1.2607973068951872,0.16594850008429962,0.44092463410409877,1.3288788795472593,2.0104355282251247,0.1178487709590524,2.497919665442132,1.02237655566289
3.0,4.0,3.5,groundspeed_mps,13,523,18.452241876834815,5.187779307004547,19.190945540510523,10.872541238118659,15.789621544413198,21.275745894207958,25.184518481133978,8.862705208100275,28.708946283137777,18.442463935608636
3.0,4.0,3.5,p_radps,13,523,0.025832533062523602,0.09265831634930073,-0.0034842124829689686,-0.03896907534764048,-0.02748469494354837,0.034512788429856285,0.2012206377709903,-0.0501228302120439,0.28749932820598284,-0.008001999383290794
3.0,4.0,3.5,pilot_pitch_centered,13,523,-0.09990433492537158,0.09906438091561448,-0.09422222222222223,-0.2772307692307692,-0.13517391304347828,-0.0205,0.006719999999999976,-0.3150769230769231,0.0168,-0.07692307692307693
3.0,4.0,3.5,pilot_roll_centered,13,523,-0.012892147084223614,0.09769121251438327,-0.04648979591836734,-0.05332800000000001,-0.051165048543689334,-0.028399999999999988,0.12402666666666623,-0.05432000000000001,0.30766666666666664,-0.01569230769230769
3.0,4.0,3.5,pilot_throttle_norm,13,523,0.045826973221746746,0.0023153653734788444,0.04711111111111111,0.042813333333333335,0.043000000000000003,0.04786666666666668,0.04794219566840926,0.04263333333333333,0.047970873786407756,0.046076923076923085
3.0,4.0,3.5,pitch_deg,13,523,2.2863412461521286,2.6263415845222413,2.236424789428711,-1.3086531933810972,0.9470183352629343,3.6769615503457875,6.085550439093876,-3.610247857040829,6.20814127445221,2.2186214247575173
3.0,4.0,3.5,q_radps,13,523,0.042426082941334084,0.057798333552978635,0.023983229938894502,-0.027852588515185434,0.008587301988154638,0.06827898882329463,0.12509417978811274,-0.0576469310510826,0.16945202234718534,0.021075408314712902
3.0,4.0,3.5,roll_deg,13,523,0.9643297772987254,1.6109224704110283,1.1213524010777474,-1.3332032969594,-0.17597544193267822,1.9128143420586219,3.142025764286517,-2.019572877883911,3.60060715675354,1.034097643998953
3.0,4.0,3.5,sideslip_deg,13,523,0.25631165713310483,5.5813860859598945,0.4076466399889726,-7.179970389207203,-3.261179208755493,3.8814412653446198,7.721794620753842,-11.2876846631368,8.56461540240686,0.13386491628793584
3.0,4.0,3.5,throttle_output,13,523,1.4441183591445912,0.4127295880720873,1.3877551020408163,1.0,1.0,1.88,1.9739130434782608,1.0,2.0,1.3846153846153846
4.0,5.0,4.5,airspeed_mps,13,315,20.074962995591555,2.682982196468716,20.06884702046712,16.142823917682353,17.72359848022461,21.969446035531853,23.26134309314546,15.113345938462478,23.740881601969402,20.187917929429275
4.0,5.0,4.5,aoa_deg,13,315,4.755569193713606,2.117830593088638,5.3117781552401455,1.8277066673551288,2.8028436501820884,6.486498205285323,7.252215239818277,1.3416300330843245,8.176396303910476,4.7372732024926405
4.0,5.0,4.5,descent_rate_mps,13,315,1.2917456876797395,0.8103433501136361,1.347914457320953,0.3432880705053952,0.5439303050169999,1.5910339355474932,2.50017986153134,0.30342578887934635,3.2756886879615394,1.2740399287301782
4.0,5.0,4.5,groundspeed_mps,13,315,20.4121912227137,3.4134881202902814,20.755408547623997,16.348930441729085,17.52829928089735,21.683081436634286,25.37479448650771,15.86682758671195,28.69150044208882,20.52647944178474
4.0,5.0,4.5,p_radps,13,315,0.014326902164695425,0.09043767668068722,-0.004014107902106401,-0.09545211719969907,-0.028836305430602456,0.03873391655118514,0.15785932374948786,-0.1408667645106713,0.24077576412395998,0.00248785459329017
4.0,5.0,4.5,pilot_pitch_centered,13,315,-0.09044445926105846,0.12543405844697836,-0.08101818181818184,-0.2635757085020243,-0.18691891891891896,-0.009846153846153848,0.07964952380952378,-0.28763157894736835,0.09352380952380952,-0.07276923076923078
4.0,5.0,4.5,pilot_roll_centered,13,315,-0.021733363875064284,0.05065438614430923,-0.04668421052631579,-0.054833333333333345,-0.0541904761904762,0.002933333333333335,0.06177454545454533,-0.05533333333333334,0.12003636363636368,-0.022846153846153846
4.0,5.0,4.5,pilot_throttle_norm,13,315,0.046262030424985896,0.0021820312049062886,0.04743076923076923,0.04286926406926407,0.044327272727272736,0.04800000000000001,0.04809473684210527,0.04280952380952382,0.04823684210526316,0.046230769230769235
4.0,5.0,4.5,pitch_deg,13,315,1.440401621091039,3.3207056705289886,1.8140173549001868,-3.03513190249602,-0.5486067221923308,2.7261627833048503,6.175646655935988,-5.3836385409037275,7.246093535423279,1.379305674479558
4.0,5.0,4.5,q_radps,13,315,0.009382182485178329,0.04783614555147873,0.014897444657981367,-0.07629029759561637,-0.01172059363064664,0.04499472983074013,0.06629493791307944,-0.08578406843500068,0.08709051869054502,0.007618182105943546
4.0,5.0,4.5,roll_deg,13,315,0.8719066829494735,1.504468305987982,0.13198122949827285,-0.7968932977567116,-0.29491703020962506,2.290576820481907,3.1434699752391904,-0.912175769607226,3.606187041600545,0.7962868931488349
4.0,5.0,4.5,sideslip_deg,13,315,-0.3838136587340655,5.1973021307337435,0.6019569728020076,-7.971989381096579,-3.8441221373421803,2.719383533184345,6.474689146510338,-11.853883474523371,7.907577832539876,-0.4289209842681886
4.0,5.0,4.5,throttle_output,13,315,1.5388236867993954,0.4040918848037855,1.5384615384615385,1.0,1.1454545454545455,1.9166666666666667,2.0,1.0,2.0,1.5769230769230769
5.0,6.0,5.5,airspeed_mps,13,207,20.94980039597959,1.8917469523764536,20.801218899813566,18.1886473569003,19.55694713592529,22.672848510742188,23.399707647959392,17.427614212036133,23.41934148470561,20.947752512418308
5.0,6.0,5.5,aoa_deg,13,207,4.828189119503819,1.9260471097810135,5.623408289516673,2.16561412413915,3.264615860852328,6.086483669281006,7.399660367232102,1.529864971836408,7.500233576847957,4.795666575431824
5.0,6.0,5.5,descent_rate_mps,13,207,1.6254559437396996,0.8404685193606951,1.6664667924245329,0.6372861273147931,1.046752572059722,1.9070252505213767,2.786045789718117,0.5848135667689022,3.9106817245482004,1.5962251333095923
5.0,6.0,5.5,groundspeed_mps,13,207,21.177829478689617,3.072449603895815,21.11606366505756,17.421560723606802,18.875796027263103,22.211998882023583,25.506190439584607,16.057528633911737,28.61123917359158,21.18168771254648
5.0,6.0,5.5,p_radps,13,207,-0.013872415371325985,0.09398361487686784,0.008818795972599344,-0.176279534512397,-0.045445788768120096,0.056500662863254544,0.08738165173058701,-0.2198221913228432,0.10663466652234392,-0.016277024864953447
5.0,6.0,5.5,pilot_pitch_centered,13,207,-0.06363961212241756,0.1635806436464283,-0.025714285714285717,-0.35559538461538465,-0.11300000000000003,0.04000000000000001,0.12107999999999995,-0.4535384615384616,0.1425,-0.0723846153846154
5.0,6.0,5.5,pilot_roll_centered,13,207,-0.04957580074525777,0.021498086495643807,-0.050400000000000014,-0.07569333333333333,-0.054333333333333345,-0.048153846153846165,-0.01803636363636364,-0.10583333333333335,-0.01781818181818182,-0.05353846153846155
5.0,6.0,5.5,pilot_throttle_norm,13,207,0.04643203534775933,0.0021125334507259372,0.047599999999999996,0.04280757575757575,0.045700000000000005,0.04781818181818182,0.0479264705882353,0.04279166666666667,0.04794117647058824,0.04661538461538462
5.0,6.0,5.5,pitch_deg,13,207,0.7846378235364473,2.9471776943282926,1.4932697469537908,-4.040348076820373,-1.0725615512241016,2.976261427005132,4.232559087416705,-5.707431793212891,4.30088438987732,0.7438878325315622
5.0,6.0,5.5,q_radps,13,207,0.03259537975035184,0.047286700434105856,0.026476734876632657,-0.02448850933631711,0.0021919871525218084,0.054823198045293446,0.11525197706178764,-0.04703158555044367,0.13200929997345573,0.02706205054150463
5.0,6.0,5.5,roll_deg,13,207,0.9499276210927824,2.6941444424410643,-0.009144127493103345,-1.2475667864509992,-0.6554980983957648,1.1076639518141747,6.453953767656444,-1.2904911436140538,7.582526727156206,0.9198744623706891
5.0,6.0,5.5,sideslip_deg,13,207,0.5925898842063012,3.980955917452445,1.1449748169292102,-4.241000952720642,-3.1417422592639923,3.0451456633481113,6.2779142096802385,-4.584963417053222,8.433897938047137,0.6243581955249493
5.0,6.0,5.5,throttle_output,13,207,1.5438945669714903,0.4117384574654381,1.6,1.0,1.0,1.9090909090909092,2.0,1.0,2.0,1.6153846153846154
6.0,7.0,6.5,airspeed_mps,13,153,21.29457449015553,1.8782110453981204,20.915273189544678,18.633707962036134,20.32632827758789,23.07247495651245,23.84175141652425,18.074797058105467,24.086950143178303,21.280459770789513
6.0,7.0,6.5,aoa_deg,13,153,4.42928784542357,1.6048404448080928,4.945601680062034,2.1743839514255523,2.944383080800374,5.566155632336934,6.307881406148274,1.8507945716381073,6.637104797363281,4.445443249665773
6.0,7.0,6.5,descent_rate_mps,13,153,1.880553530265082,0.7506839614588292,1.6940220197037335,1.1317615032193844,1.6235329707462356,2.0771007537842676,3.029799950122068,0.9109014272689541,4.057713031768941,1.8563220134137148
6.0,7.0,6.5,groundspeed_mps,13,153,21.508240921938132,2.995142051070054,21.313838023134203,17.544446770476103,19.50802282192369,22.802292940256596,25.602439393824714,16.355319888452637,28.538067787669934,21.506648127955373
6.0,7.0,6.5,p_radps,13,153,-0.008957065033112646,0.09414176809034187,-0.004508097656071178,-0.14139867510307913,-0.04296195584659773,0.04657159132572511,0.10770192661895753,-0.21327457129955288,0.18625399991869923,-0.018688804971484042
6.0,7.0,6.5,pilot_pitch_centered,13,153,-0.0020224463570617393,0.10799211492992575,-0.006533333333333334,-0.17469999999999997,-0.0436923076923077,0.0635,0.1533599999999999,-0.21249999999999994,0.18719999999999998,-0.007538461538461539
6.0,7.0,6.5,pilot_roll_centered,13,153,-0.01490238479469249,0.07684563125460624,-0.05,-0.056967272727272734,-0.05400000000000001,-0.039999999999999994,0.14693999999999996,-0.05781818181818183,0.17625000000000002,-0.012769230769230767
6.0,7.0,6.5,pilot_throttle_norm,13,153,0.04654895104895106,0.002185645701425733,0.047799999999999995,0.04291666666666666,0.0456,0.04800000000000001,0.04825454545454546,0.04291666666666666,0.04863636363636364,0.04657692307692308
6.0,7.0,6.5,pitch_deg,13,153,-0.20421097676346484,2.5089242294819143,0.8767976978878406,-4.471978619098663,-1.0133833177387714,1.1514333337545395,2.3747992961834608,-5.647047615051269,3.764818628629049,-0.1872190569455807
6.0,7.0,6.5,q_radps,13,153,0.029416042222634522,0.04116870653237492,0.02845269336830823,-0.0232298864610493,-0.001256069913506521,0.048803105764090984,0.08845481788739555,-0.03859505408909171,0.10875559039413925,0.025458789609659162
6.0,7.0,6.5,roll_deg,13,153,1.621762704758666,3.643723888050074,0.12381366454064846,-1.5672931215979835,-0.678569624821345,4.069285025963416,7.534893288612357,-2.2358061129396614,11.024075627326965,1.684680215154703
6.0,7.0,6.5,sideslip_deg,13,153,0.7289441196240254,3.9115419995592107,1.3520188728968303,-4.8825887028376265,-2.7520395815372467,2.9002368648846946,6.014454565048215,-5.530372873942057,6.934831500053406,0.7575841133411114
6.0,7.0,6.5,throttle_output,13,153,1.5358974358974358,0.4535914376481244,1.7916666666666667,1.0,1.0,2.0,2.0,1.0,2.0,1.5384615384615385
7.0,8.0,7.5,airspeed_mps,13,136,21.58934303172056,1.877547477498795,21.01113019670759,19.19530086517334,20.301654468883168,23.05513906478882,24.20160926939949,18.62419033050537,24.511654747856987,21.554557653573845
7.0,8.0,7.5,aoa_deg,13,136,4.2369254543278325,1.8615333302556687,4.423283760364239,1.9183962477578058,2.2528725266456604,5.929517030715942,6.715461145506965,1.7898277971479628,6.747153070237902,4.271684472377483
7.0,8.0,7.5,descent_rate_mps,13,136,2.12704796085253,0.6737526454667601,2.130557537079068,1.3810426422531696,1.5778508553138135,2.347552776337009,3.176220023632399,1.2623788416391593,3.7573943138126054,2.1288950626660275
7.0,8.0,7.5,groundspeed_mps,13,136,21.698012461820973,2.946899542810031,22.030682513323875,17.61278302681251,19.82027041982689,22.87953376399201,25.633299249127003,16.625316698063983,28.564177705393114,21.696853603985
7.0,8.0,7.5,p_radps,13,136,-0.024746698035303043,0.051356755632173845,-0.032706494815647594,-0.08927771230538682,-0.06544512808502004,0.016896209213882647,0.04398021463474084,-0.093646386017402,0.06408578851683569,-0.0273983773882859
7.0,8.0,7.5,pilot_pitch_centered,13,136,0.014091601774294082,0.12298542526713853,-0.0006250000000000001,-0.17833,-0.027818181818181822,0.06685714285714285,0.18575999999999993,-0.23920000000000002,0.2244,0.010076923076923075
7.0,8.0,7.5,pilot_roll_centered,13,136,-0.017710338806492656,0.07624933789810062,-0.0536,-0.07434603174603176,-0.05422222222222222,0.009454545454545453,0.1113999999999998,-0.09822222222222224,0.1945,-0.015846153846153843
7.0,8.0,7.5,pilot_throttle_norm,13,136,0.046581933878087727,0.002172719994485695,0.047625,0.04289555555555555,0.046125,0.048,0.04828571428571429,0.042888888888888886,0.048714285714285724,0.04653846153846154
7.0,8.0,7.5,pitch_deg,13,136,-1.0916915921736694,2.5393675088315733,-0.5311697982251644,-5.236402909755707,-2.840816100438436,0.37507276059213007,1.6904300932745837,-6.038922500610352,2.159159549645015,-1.1402478298315635
7.0,8.0,7.5,q_radps,13,136,0.03792702183666109,0.04176367884192655,0.030202853234691747,-0.015462948964400702,0.011676109662013396,0.06306471587158734,0.10461296838708214,-0.025620601791888443,0.12700780048035085,0.03372067671555736
7.0,8.0,7.5,roll_deg,13,136,1.9295323498622834,2.8190677932159085,1.377372745010588,-0.31469607750574746,0.8051049077475909,1.6500395834445953,6.3047310699115995,-0.54592315107584,10.676843643188477,1.9381807841933691
7.0,8.0,7.5,sideslip_deg,13,136,0.4925128070699704,3.69402476194284,0.6598431268706918,-4.92577144077846,-1.840422683291965,1.9408538937568665,6.735982610629153,-5.134498596191406,7.3028819010807915,0.481811978496038
7.0,8.0,7.5,throttle_output,13,136,1.5650840612379073,0.42555716582569947,1.7,1.0,1.0,1.9285714285714286,2.0,1.0,2.0,1.6153846153846154
8.0,9.0,8.5,airspeed_mps,13,130,21.744704008509967,1.7453818334209543,21.206925255911692,19.35915500640869,20.639293829600017,22.48482522510347,24.28340197971889,18.79529333114624,24.558117185320175,21.72731692974384
8.0,9.0,8.5,aoa_deg,13,130,3.836145262823637,2.1632935810715024,4.6496698591444225,0.954916825358357,2.292133774076189,5.644061300489637,6.412895225948757,-0.24199065805545875,6.579270468817817,3.8768612215152154
8.0,9.0,8.5,descent_rate_mps,13,130,2.2891703850617664,0.8139195502021788,2.2559621598984307,1.2112282117205337,1.6811855634044026,2.9201160158426234,3.3485585621408345,0.942149275824903,3.9116108417485216,2.289714171337441
8.0,9.0,8.5,groundspeed_mps,13,130,21.83731142319294,2.9101431976776277,22.74357121174257,17.74367958969996,19.853542541564007,23.032987842988888,25.630713634969357,17.05476577392712,28.624028727050984,21.838192023195177
8.0,9.0,8.5,p_radps,13,130,0.022068703630927753,0.053574717401903525,0.012454096590065265,-0.04845777701896925,0.0003054289845749736,0.051882435102015706,0.10185759741014652,-0.06723637956505017,0.15221858923323447,0.025161247879553286
8.0,9.0,8.5,pilot_pitch_centered,13,130,0.06613272283272284,0.1060247939724573,0.024666666666666667,-0.053893333333333335,-0.009777777777777778,0.16066666666666665,0.2201333333333332,-0.05433333333333334,0.27233333333333337,0.06976923076923078
8.0,9.0,8.5,pilot_roll_centered,13,130,-0.015463797313797316,0.07094248259727151,-0.049555555555555554,-0.05750476190476191,-0.053714285714285714,-0.01625,0.1017333333333331,-0.059333333333333335,0.19233333333333333,-0.01723076923076923
8.0,9.0,8.5,pilot_throttle_norm,13,130,0.04635714285714285,0.002118410918356973,0.0475,0.04278571428571428,0.04585714285714287,0.047999999999999994,0.04800000000000001,0.04271428571428571,0.04800000000000001,0.04653846153846154
8.0,9.0,8.5,pitch_deg,13,130,-1.8373110901085623,2.6285497444310186,-1.5657231658697128,-5.602849594751994,-4.669765642711094,0.8554028484172055,1.0904594621062274,-5.930652300516765,1.2987774923443793,-1.8229328875358288
8.0,9.0,8.5,q_radps,13,130,0.010876063759133765,0.03993834274645755,0.0086903570789016,-0.048610634077340335,-0.022233283554669487,0.04663441444022784,0.06137332131287875,-0.0501544093713164,0.07821747234889438,0.012792632915079585
8.0,9.0,8.5,roll_deg,13,130,1.700425187772156,3.5376477870104246,0.6868999765978919,-1.0572768625617028,0.10750402394859564,1.8320829735861883,7.145883341630287,-1.2786356985569,12.590341409047445,1.6442853518976615
8.0,9.0,8.5,sideslip_deg,13,130,0.20351111288654344,3.371707455662673,0.11515270090765418,-4.5788666429973786,-1.6410414576530457,1.6888873378435771,5.843746123995099,-5.765898749941871,6.200304388999939,0.2285935850097583
8.0,9.0,8.5,throttle_output,13,130,1.5277472527472526,0.4402062087161203,1.7,1.0,1.0476190476190477,1.9285714285714286,2.0,1.0,2.0,1.5384615384615385
9.0,10.0,9.5,airspeed_mps,13,122,21.899497352548604,1.663633101761432,21.50821876525879,19.4758872163062,21.161385854085285,23.06057181725135,24.454973119099936,18.962448755900066,24.64295705159505,21.918910540067234
9.0,10.0,9.5,aoa_deg,13,122,4.331314235428905,2.0349595921509125,4.398787758567116,1.4959207970362445,2.810854400907244,5.171916943330031,7.138288968982118,0.5602120057894633,7.648389975229899,4.368063647013444
9.0,10.0,9.5,descent_rate_mps,13,122,2.4262257748492595,0.8756910094735911,2.2114112642073898,1.3924092685480456,1.6368691126501471,3.1784248352028897,3.5586027145375145,1.2009452371035294,3.601833343505885,2.400445021116641
9.0,10.0,9.5,groundspeed_mps,13,122,21.984370086152488,2.8759143737586226,22.678300670228996,17.932440558334118,19.999722674227783,23.282086455450198,25.780884717607286,17.57412802178867,28.71325855551543,21.985791283774958
9.0,10.0,9.5,p_radps,13,122,0.055509288579921594,0.09883241418215191,0.031035290448926372,-0.04692645014192047,0.0028949438904722347,0.07962064721828531,0.22348857692309768,-0.07614092381957632,0.31340587564877104,0.04669993443307108
9.0,10.0,9.5,pilot_pitch_centered,13,122,0.08301167530307801,0.08921149042017659,0.08384615384615383,-0.005018181818181818,0.008923076923076924,0.12633333333333333,0.2518057142857143,-0.006545454545454546,0.2528,0.0836923076923077
9.0,10.0,9.5,pilot_roll_centered,13,122,-0.013179270854836465,0.10940466917367106,-0.05423529411764706,-0.062276923076923084,-0.055230769230769236,-0.018444444444444447,0.15161558441558395,-0.0696923076923077,0.34085714285714286,-0.013230769230769233
9.0,10.0,9.5,pilot_throttle_norm,13,122,0.05248179196369241,0.02051477677213843,0.04754545454545455,0.043,0.047,0.04800000000000001,0.07758823529411754,0.04299999999999999,0.12047058823529412,0.05580769230769233
9.0,10.0,9.5,pitch_deg,13,122,-1.6118049341047151,2.7784766070747056,-0.9141114155451456,-5.4910537610735215,-3.751537283261617,1.0399451181292534,1.726004046382325,-5.903565311431885,2.19282311742956,-1.5875683908279126
9.0,10.0,9.5,q_radps,13,122,-0.01414796852810844,0.03714597609890662,-0.030869983402746028,-0.048080653448899564,-0.039029404094132254,0.0026400452056391456,0.046339249301952434,-0.05238422378897665,0.07209304168533814,-0.024895262295523503
9.0,10.0,9.5,roll_deg,13,122,0.6434008893791476,3.2934920653450948,-0.34179629516952176,-2.1328815215195602,-0.7829577550292015,0.9294916868209839,5.685701496260496,-3.0179266929626465,10.50908626828875,0.5793367297424433
9.0,10.0,9.5,sideslip_deg,13,122,0.22204464857467568,3.8864610948974807,0.2421237727006276,-4.874983004423288,-1.624672987244346,1.2363823122448392,6.579372816819409,-7.075365433326135,7.45979459469135,0.20371375977993011
9.0,10.0,9.5,throttle_output,13,122,2.1462047756165403,2.1687529241553247,1.7272727272727273,1.0,1.2,2.0,4.894117647058813,1.0,9.235294117647058,2.4615384615384617
10.0,11.0,10.5,airspeed_mps,13,116,22.208944745796163,1.6592339847491742,21.820796293370865,19.791023485588305,21.615582032637164,23.273034858703614,24.86660633087158,19.30447514851888,25.254690647125244,22.24057204906757
10.0,11.0,10.5,aoa_deg,13,116,4.504024033138801,1.6079639477543803,4.332760420712558,2.2248794571558634,3.6981074015299478,5.288451592127482,7.097058010101317,1.8584378163019817,7.614625295003255,4.495560068350572
10.0,11.0,10.5,descent_rate_mps,13,116,2.626064129293605,1.0376826113561537,2.2624863518611136,1.3286454096559892,1.8023534254593663,3.4079988797496292,4.055706214905877,1.2015679303337572,4.62502002716495,2.6089077729439336
10.0,11.0,10.5,groundspeed_mps,13,116,22.098846434687776,2.8750848415269465,22.615468127585704,17.992604432035893,20.375757703115678,23.387016350978445,26.15863244740431,17.82596877898766,28.81223205924699,22.093204163177973
10.0,11.0,10.5,p_radps,13,116,0.003212995271571627,0.08967703504894887,0.010166833896244712,-0.08703910796681326,-0.058902547694742666,0.03398621815722435,0.12802350179602673,-0.09078703013559176,0.2508459265033404,0.005716432485944381
10.0,11.0,10.5,pilot_pitch_centered,13,116,0.08704046606987784,0.10430059345878841,0.044000000000000004,-0.005933333333333334,0.006235294117647059,0.11818181818181821,0.27253333333333335,-0.006500000000000001,0.2793333333333334,0.08807692307692308
10.0,11.0,10.5,pilot_roll_centered,13,116,-0.039557000515824045,0.11724464288424186,-0.056499999999999995,-0.12202857142857144,-0.0742,-0.045111111111111116,0.11128484848484796,-0.1365714285714286,0.3376666666666667,-0.03730769230769231
10.0,11.0,10.5,pilot_throttle_norm,13,116,0.05548524808524809,0.03197361208013408,0.04771428571428572,0.043,0.045799999999999993,0.048,0.09349090909090893,0.043,0.16172727272727275,0.05550000000000001
10.0,11.0,10.5,pitch_deg,13,116,-1.7581301544754344,2.6005094301351135,-1.739454170068105,-5.512478802998861,-4.304663101832072,0.4825519756837325,1.5485236591762963,-5.7882622083028155,1.646426068411933,-1.7578140267959008
10.0,11.0,10.5,q_radps,13,116,0.01971196574268184,0.05862395190219299,-0.0033178362064063493,-0.03699655314611101,-0.012424826001127516,0.030132880061335684,0.12127768978476511,-0.048483257811643525,0.1593900378793478,0.020556619068464413
10.0,11.0,10.5,roll_deg,13,116,0.16286476125948615,2.1038239163926153,-0.049667387481101534,-2.226426885979516,-1.0761452317237854,0.7355587780475616,3.6345354426990824,-2.3907390258141925,4.978728294372559,0.2040311390390763
10.0,11.0,10.5,sideslip_deg,13,116,0.617487789527636,3.3102276883249857,0.583760142326355,-4.074230098724365,-1.553412389755249,1.9794912771745161,5.9452045787464485,-5.011692523956299,6.147014227780429,0.6370579250730001
10.0,11.0,10.5,throttle_output,13,116,2.4656676656676657,3.327928858307317,1.8333333333333333,1.0,1.0,1.9090909090909092,6.581818181818166,1.0,13.454545454545455,2.4615384615384617
11.0,12.0,11.5,airspeed_mps,13,121,22.630583837522376,1.7012618610169734,22.32439491965554,20.137031888961793,21.929950332641603,23.99371337890625,25.05138973236084,19.254613876342773,25.70076990127564,22.644589717571552
11.0,12.0,11.5,aoa_deg,13,121,4.245646631966702,1.5728485532379035,4.260696216063066,2.053888020515442,2.997804641723633,5.485143661499023,6.386753300825755,1.5427940726280212,6.401867071787517,4.23993024459252
11.0,12.0,11.5,descent_rate_mps,13,121,2.702922668077301,1.2205558224474717,2.6837801933296888,1.096801811998311,1.7655580694023882,3.5504921277359593,4.305013465881864,0.8649401231245212,5.054051876069366,2.6676223828247085
11.0,12.0,11.5,groundspeed_mps,13,121,22.265072636754212,2.8914061848794392,22.566878316339405,18.029051785294467,20.82463108469095,23.611174952564898,26.543558665784264,18.024243467333243,28.92663264086441,22.270429739233013
11.0,12.0,11.5,p_radps,13,121,0.008410639440408848,0.051119872719765876,0.0015618553152307476,-0.05776910015000875,-0.027595734689384692,0.05021027972300845,0.09067806396633381,-0.06478474353207274,0.09438296174630517,0.002137504568141731
11.0,12.0,11.5,pilot_pitch_centered,13,121,0.08706432968740661,0.10644576467199596,0.0824,-0.03159999999999999,0.0014999999999999994,0.15409090909090908,0.24775999999999992,-0.073,0.27440000000000003,0.08853846153846154
11.0,12.0,11.5,pilot_roll_centered,13,121,-0.04928330643715259,0.0658679271463862,-0.060399999999999995,-0.09733333333333333,-0.06981818181818182,-0.051500000000000004,0.036460606060605756,-0.09933333333333333,0.16233333333333333,-0.042923076923076925
11.0,12.0,11.5,pilot_throttle_norm,13,121,0.059437490287490284,0.03443568815623283,0.047499999999999994,0.043,0.04649999999999999,0.04800000000000001,0.12515909090909083,0.04299999999999999,0.16262500000000002,0.06065384615384616
11.0,12.0,11.5,pitch_deg,13,121,-2.12208884752013,3.147538975030214,-2.854178547859192,-6.270227527618408,-5.1865270137786865,0.6993569960960975,1.9173442114483226,-6.380404829978943,1.925625814632936,-2.088499570122132
11.0,12.0,11.5,q_radps,13,121,0.05021099887908766,0.05550041221563896,0.05007566534914075,-0.027912465982477767,0.016049235069658586,0.08139339244614043,0.12629090651869757,-0.027961345241320375,0.17157248035073275,0.05024577748890103
11.0,12.0,11.5,roll_deg,13,121,0.342530568055223,1.0918481089792764,0.4360274306188026,-1.2339854301105846,-0.3631238167484601,1.294579373815885,1.7517935009052348,-1.4841213497248562,2.1097551186879477,0.324934429059235
11.0,12.0,11.5,sideslip_deg,13,121,0.763956788954971,3.5777960078998534,1.202323317527771,-4.809520950317383,-1.3184855779012044,2.764763683080673,5.808970442685213,-6.70084285736084,6.04136965491555,0.7224006561132578
11.0,12.0,11.5,throttle_output,13,121,2.906002331002331,3.6926819198264824,1.6666666666666667,1.0,1.1666666666666667,2.0,10.081818181818173,1.0,13.75,3.1538461538461537
12.0,13.0,12.5,airspeed_mps,13,115,22.85916145594836,1.8789970211074938,22.713293748743393,20.42986696879069,21.65641212463379,24.31979751586914,25.597602462768553,19.577749888102215,25.826858520507812,22.861560161297138
12.0,13.0,12.5,aoa_deg,13,115,3.647907357756601,1.5682992399896454,3.634709278742472,1.2953500151634216,2.975990891456604,4.682595656468318,5.639806477228801,0.10751375555992126,5.908082167307536,3.6279802941359005
12.0,13.0,12.5,descent_rate_mps,13,115,2.7925105109750024,1.2048127930224388,2.838351726530592,1.2160294546798198,1.78522348403927,3.5956184069301664,4.508961391446764,1.115024510551965,5.321022272102713,2.779578979198345
12.0,13.0,12.5,groundspeed_mps,13,115,22.398088241398867,2.9423979016558066,22.52978923255152,18.095337125574513,20.685642818365608,23.615891351359313,26.842479782978728,17.949306241189475,29.148526319546697,22.395947018609256
12.0,13.0,12.5,p_radps,13,115,-0.0015697069791752124,0.06629704120676477,-0.008944882468010016,-0.10048184332748251,-0.04632685487516797,0.051376422168686965,0.08340976905698569,-0.11759005145480232,0.10065628720136978,-0.0071813565714714716
12.0,13.0,12.5,pilot_pitch_centered,13,115,0.1026341957690374,0.11452977054694675,0.03966666666666666,-0.004623076923076923,0.024,0.143,0.2942599999999998,-0.00625,0.37925,0.09876923076923078
12.0,13.0,12.5,pilot_roll_centered,13,115,-0.05765118329383036,0.027752060118323988,-0.05525,-0.09662857142857144,-0.06294117647058824,-0.05433333333333334,-0.012466666666666695,-0.11857142857142856,-0.002166666666666668,-0.057384615384615395
12.0,13.0,12.5,pilot_throttle_norm,13,115,0.06863941769015297,0.050963712405560704,0.04766666666666666,0.0448,0.046799999999999994,0.048499999999999995,0.17786666666666665,0.04275,0.2011666666666667,0.069
12.0,13.0,12.5,pitch_deg,13,115,-3.069904193681393,3.2665514269439293,-3.8172302643458047,-6.9957267284393305,-5.699914836883545,-0.4012887319549918,1.4969619698653904,-8.123979926109314,2.6647395246169148,-3.012427501953565
12.0,13.0,12.5,q_radps,13,115,0.03483668553104433,0.05338235696084566,0.012380253368367749,-0.03192079638441401,0.0028777129751128613,0.08148029384513689,0.10670239108481569,-0.04458501686652499,0.12232057989708013,0.027343050773756983
12.0,13.0,12.5,roll_deg,13,115,0.30899511852013695,1.2325804558978835,0.490060162730515,-1.6924250123881492,-0.18087034448981285,1.2635466903448105,1.6980074952046067,-2.135568422429702,2.1059681798020997,0.30723439443569917
12.0,13.0,12.5,sideslip_deg,13,115,0.5531742992119432,3.5004716385475048,0.5102449563833383,-4.947276980536325,-1.0393288612365723,2.779943307240804,4.984271438916522,-7.279646056038993,5.787609895070394,0.5285256550862238
12.0,13.0,12.5,throttle_output,13,115,3.841836349924585,5.428535610685441,2.0,1.0,1.2,2.0,15.466666666666661,1.0,17.916666666666668,3.8846153846153846
13.0,14.0,13.5,airspeed_mps,13,109,22.857315358607607,2.0591097920801475,23.007062687593347,20.006475321451823,21.082209995814733,23.93241818745931,25.76072228749593,19.435108820597332,25.782610416412354,22.877806663513184
13.0,14.0,13.5,aoa_deg,13,109,3.710041779054411,1.6293133515243226,3.55750972032547,1.875414858924018,2.2799311876296997,4.668863689198213,6.017676544189451,1.8522384431627061,7.346254825592041,3.6816037113849935
13.0,14.0,13.5,descent_rate_mps,13,109,2.9463545451412987,1.2460364208354102,2.70615279674562,1.3532828202766474,1.8933085600533037,3.727213859559072,4.984048843381853,1.2183798060697266,5.298763513566364,2.903570211850047
13.0,14.0,13.5,groundspeed_mps,13,109,22.487566048521764,2.9975781405757926,22.508735882782283,18.25587206194236,20.82126043808091,23.513213064742917,27.008252341262452,17.916573330714822,29.461848335247787,22.484439767103684
13.0,14.0,13.5,p_radps,13,109,-0.02014768864995626,0.059078998159536086,-0.0047953844070434595,-0.1276358319994281,-0.047702802034715795,0.013113076532525664,0.05052430191077288,-0.14815344349207243,0.05426094084978102,-0.015626403825500845
13.0,14.0,13.5,pilot_pitch_centered,13,109,0.14103465031700327,0.11792243806397446,0.2165,-0.014776470588235292,0.0035,0.22359999999999997,0.25316444444444436,-0.026941176470588232,0.2891111111111111,0.146
13.0,14.0,13.5,pilot_roll_centered,13,109,-0.062339686457333524,0.02960815728675048,-0.054500000000000014,-0.11496470588235294,-0.061,-0.052750000000000005,-0.023050000000000015,-0.118,-0.015999999999999997,-0.0596923076923077
13.0,14.0,13.5,pilot_throttle_norm,13,109,0.07057817819435466,0.0511843061495421,0.047799999999999995,0.04435,0.04750000000000001,0.048,0.17829999999999996,0.043,0.201625,0.07069230769230771
13.0,14.0,13.5,pitch_deg,13,109,-3.175804792168677,3.6117344640979963,-3.752539528740777,-8.118483114242554,-6.47151460647583,0.4201614619232714,1.1400601419706287,-8.922423124313354,1.920229806619532,-3.1336531498684335
13.0,14.0,13.5,q_radps,13,109,-0.011355193462046033,0.06597397827407078,-0.02160894842818378,-0.08096095680569608,-0.05556472929726749,0.012724105268716798,0.0832396490499375,-0.08486942256179947,0.16992835514247412,-0.008960667639397644
13.0,14.0,13.5,roll_deg,13,109,0.4225657974967525,1.850745620208289,0.09286738926311958,-1.5688794872340033,-1.0178039176389575,0.9817683299382528,3.319528465921226,-1.792580997242647,4.468779845671221,0.31498531967652244
13.0,14.0,13.5,sideslip_deg,13,109,0.8413075725396708,3.6801138615786733,0.5317955139008436,-4.416015005111694,-0.9717116594314575,3.1693069233613858,6.071804314567929,-6.677321076393127,6.330809752146403,0.8411579475953028
13.0,14.0,13.5,throttle_output,13,109,4.081004453063276,5.427766939079238,1.8,1.0,1.6666666666666667,2.0,15.524999999999995,1.0,18.0,4.153846153846154
14.0,15.0,14.5,airspeed_mps,13,98,22.955918439778163,2.0220776593844803,22.691647096113726,20.21005723135812,21.434012095133465,23.667473220825194,25.922831726074218,19.446250098092214,26.2728328704834,23.023207737849308
14.0,15.0,14.5,aoa_deg,13,98,3.6039524235065383,1.7308788174997265,3.0032878943852017,1.731110759462629,2.5589259465535483,4.540869496085427,6.636848027365546,0.9724716186523438,7.3623456954956055,3.5545741686454186
14.0,15.0,14.5,descent_rate_mps,13,98,3.0470970777105033,1.223317316293189,2.816998163858775,1.542084285190299,2.27743890550254,3.3995723724353746,5.1305518468275455,1.454147270747356,5.647705396021564,3.0322608580999404
14.0,15.0,14.5,groundspeed_mps,13,98,22.564556617677688,2.9940793127433447,22.45130096816944,18.47744692418347,21.251000153010526,23.65864674149029,27.065541945816477,17.934534236961884,29.64142684065106,22.56082571062653
14.0,15.0,14.5,p_radps,13,98,0.0075366083848304646,0.10858254796026806,0.008027895885918828,-0.1592311503365636,-0.026480989264590422,0.07868496940604278,0.13213344319190218,-0.27831999957561493,0.16001540629400146,0.015990781239592092
14.0,15.0,14.5,pilot_pitch_centered,13,98,0.15364439833670604,0.14576168278481666,0.13266666666666668,-0.013927272727272729,0.010333333333333333,0.2977142857142857,0.32518095238095235,-0.01981818181818182,0.3406666666666667,0.15346153846153848
14.0,15.0,14.5,pilot_roll_centered,13,98,-0.04296090917629379,0.038029287638793464,-0.054,-0.07727999999999999,-0.05457142857142857,-0.050666666666666665,0.022505494505494418,-0.1032,0.0596923076923077,-0.04230769230769231
14.0,15.0,14.5,pilot_throttle_norm,13,98,0.07229440559440559,0.050281531813359634,0.04783333333333333,0.044533333333333334,0.04771428571428571,0.07085714285714285,0.17739999999999995,0.042333333333333334,0.20000000000000004,0.07284615384615387
14.0,15.0,14.5,pitch_deg,13,98,-3.447459543945115,3.678702275531323,-4.218416861125401,-9.189649124145507,-5.753751754760742,0.3095794218991484,0.6747733292671341,-9.990457344055176,1.0504219302764306,-3.507060029758857
14.0,15.0,14.5,q_radps,13,98,0.026781469713452292,0.06526173460701544,0.025250039849197485,-0.04179345119212353,-0.030306691939655957,0.0595249795255118,0.14009326711297024,-0.04504185529159647,0.17133625447750092,0.02322282359147301
14.0,15.0,14.5,roll_deg,13,98,0.8203741101966879,1.6839506982050483,0.2356587037710207,-0.7482178284440721,-0.49502035826444624,1.3244116008281708,4.196814497367485,-0.7757793430771146,4.377530704845082,0.7746118157385633
14.0,15.0,14.5,sideslip_deg,13,98,0.7601163573986438,3.796659775499424,0.03970007139902849,-4.2563503646850585,-0.6060495177904764,2.422809918721517,6.838865525381905,-6.3248213768005375,6.906136172158377,0.7271051647571417
14.0,15.0,14.5,throttle_output,13,98,4.297624597624598,5.273514780666325,2.0,1.0,1.6,4.357142857142857,15.333333333333329,1.0,17.666666666666668,4.384615384615385
15.0,16.0,15.5,airspeed_mps,13,107,23.072985723982217,2.1459525848288674,23.08750239285556,20.024640432030264,21.5211729322161,23.897085553123837,26.280251731872557,19.322631624009873,26.834987258911134,23.06219328366793
15.0,16.0,15.5,aoa_deg,13,107,3.336605181341987,2.327118267068512,3.1873213265623366,0.4541932932535808,1.6436303528872402,6.086205422878265,6.446170967894714,-0.356857826312383,6.894251619066511,3.333182622606938
15.0,16.0,15.5,descent_rate_mps,13,107,2.9469884400999002,1.2872330006641772,2.693984508514877,1.415361842036287,2.323970794678524,3.453447341918479,5.275280396144351,0.9105160122826974,5.328518549603264,2.9210789387078497
15.0,16.0,15.5,groundspeed_mps,13,107,22.684332391740664,2.9617759561221026,22.41335279795814,18.772213948932595,21.470059397668447,23.654725741957055,27.13898824482392,17.928154320676036,29.833701490179827,22.688728530599228
15.0,16.0,15.5,p_radps,13,107,0.06297653949175169,0.06937415454491618,0.046793740983544406,-0.014427434763109122,0.019144309917464866,0.08474282827228306,0.1933186401923497,-0.03061836449937386,0.19616507490475973,0.06623112479260619
15.0,16.0,15.5,pilot_pitch_centered,13,107,0.19212498057498056,0.15341423453260816,0.20533333333333334,-0.005349999999999999,0.06418181818181819,0.3224444444444444,0.39214999999999994,-0.01075,0.42500000000000004,0.1943076923076923
15.0,16.0,15.5,pilot_roll_centered,13,107,-0.03479120879120879,0.03670330052149022,-0.0530909090909091,-0.07413333333333333,-0.056,-0.00490909090909091,0.01955714285714283,-0.09933333333333333,0.03075,-0.038461538461538464
15.0,16.0,15.5,pilot_throttle_norm,13,107,0.07286787934287935,0.05048334311474185,0.04777777777777778,0.045,0.047125,0.07799999999999997,0.17749350649350645,0.043,0.20114285714285715,0.07269230769230771
15.0,16.0,15.5,pitch_deg,13,107,-3.514008892752095,4.038959974763874,-2.746775998009576,-9.91877163251241,-5.973202323913574,0.4222270143883569,1.0432279505125888,-11.69243081410726,1.0634291063655505,-3.511892558290408
15.0,16.0,15.5,q_radps,13,107,-0.0049886784779462805,0.04343653883163613,-0.004826125731183708,-0.06243322195950892,-0.04163980393463536,0.0239131492562592,0.05602018332186455,-0.06819322198862209,0.08202941467364623,0.0002863702482920067
15.0,16.0,15.5,roll_deg,13,107,-0.0008495977788134912,2.060145520660965,-0.18324695775906244,-2.7941191092133524,-1.0557538568973541,0.601701163376371,3.412771829536983,-3.505703181028366,3.432094246149063,-0.011692697791239388
15.0,16.0,15.5,sideslip_deg,13,107,0.38873069857449044,3.7398706452055985,-0.5366111695766449,-4.160885000228881,-2.1522583851502057,2.5476867068897593,6.026696418580553,-5.416060447692871,7.017130057017009,0.42042896868840146
15.0,16.0,15.5,throttle_output,13,107,4.270734820734821,5.281697296058543,1.8333333333333333,1.0,1.5,4.909090909090909,15.103896103896098,1.0,17.714285714285715,4.346153846153846
16.0,17.0,16.5,airspeed_mps,13,107,23.286840308025546,2.0664567695657126,22.97446091969808,20.209183751886542,22.320825815200806,24.522973378499348,26.234875392913818,19.677991104125976,26.37516951560974,23.30974446810209
16.0,17.0,16.5,aoa_deg,13,107,3.205476002782726,2.569872055775217,3.086321306228638,-0.24833786137402059,1.516715278228124,5.895408312479655,6.854180414026433,-0.2906400501728058,7.115001916885376,3.233603306616155
16.0,17.0,16.5,descent_rate_mps,13,107,2.8282776876605613,1.1541066359260221,2.697119031634892,1.5819439521195213,1.907446861266982,3.114615281423506,4.824674415586876,1.5620337999776355,4.917321205140254,2.804622283348478
16.0,17.0,16.5,groundspeed_mps,13,107,22.80360763194767,2.9496187040471447,22.55633186001967,19.053355416072208,21.553776748251398,23.635500145173832,27.251192973489168,18.016073199984966,30.094433811377336,22.804137653514278
16.0,17.0,16.5,p_radps,13,107,0.011056749451653535,0.08395972710384825,0.01607316527515648,-0.11687030074849293,-0.031044501387937497,0.08777106522272027,0.11240480530075725,-0.17025987474391094,0.11778432677965608,0.0020355387644555582
16.0,17.0,16.5,pilot_pitch_centered,13,107,0.2226623799277645,0.16414067537140822,0.278,-0.0014999999999999979,0.03218181818181818,0.3342,0.4173199999999999,-0.01075,0.4475,0.22153846153846152
16.0,17.0,16.5,pilot_roll_centered,13,107,-0.04246325341325342,0.03664689185290366,-0.052857142857142846,-0.08976,-0.0555,-0.026181818181818185,0.021599999999999984,-0.11400000000000002,0.028499999999999998,-0.036538461538461534
16.0,17.0,16.5,pilot_throttle_norm,13,107,0.0772100815850816,0.0533442057431357,0.048,0.044700000000000004,0.04699999999999999,0.08374999999999999,0.17804999999999996,0.04275,0.2015,0.07750000000000003
16.0,17.0,16.5,pitch_deg,13,107,-3.391693176008961,4.156599195100604,-2.144929309686025,-10.394406366348267,-6.439358294010162,0.3538705452810973,1.1168246212330728,-11.744464874267578,1.2581172368743203,-3.4375596791505814
16.0,17.0,16.5,q_radps,13,107,-0.0022187060483958225,0.04773534688507551,-0.008334104204550363,-0.07449416519142683,-0.03375999187119302,0.03796313679777084,0.05618246415486698,-0.0920036938274279,0.07036180607974526,0.0012112206134658582
16.0,17.0,16.5,roll_deg,13,107,-1.1961900093183975,3.927857454321955,-0.3559927213937044,-8.42769237444951,-1.6374772489070892,1.1111806571483611,2.9797537028789485,-10.176391528202938,4.598002016544342,-1.2406810659628649
16.0,17.0,16.5,sideslip_deg,13,107,-0.012026608555833715,3.2717897537049754,-0.838065301378568,-3.9452522087097166,-2.3971597189083695,3.1640670895576477,4.85860414981842,-4.454507827758789,5.226718246936798,-0.006445191227472711
16.0,17.0,16.5,throttle_output,13,107,4.763147109300956,5.657759825128702,1.9230769230769231,1.0,1.5,5.375,15.499999999999995,1.0,18.0,4.8076923076923075
17.0,18.0,17.5,airspeed_mps,13,105,23.465757108278833,2.125715653383386,23.50397801399231,20.2989317212786,22.11929702758789,24.95875358581543,26.15524658203125,19.303030967712402,26.297914123535158,23.429954895606407
17.0,18.0,17.5,aoa_deg,13,105,3.3696205258736516,2.760288852938409,3.9135911247946997,-0.1764654340346654,1.6612980008125304,4.087892333666484,7.603899720736911,-0.5743489464124044,7.964112349918911,3.393008477985859
17.0,18.0,17.5,descent_rate_mps,13,105,2.832665524645824,1.1216623413105076,2.668802738189626,1.6963612849897745,2.0021343231195403,3.0868557521272715,4.774391174312846,1.6184454697831474,5.185980796811812,2.8483574207012614
17.0,18.0,17.5,groundspeed_mps,13,105,22.92238924595899,2.9660116586391303,22.471553934253805,19.362767562725235,21.76302352827604,23.481904524632945,27.389753712251153,18.094254634484958,30.486665990250756,22.921167509868948
17.0,18.0,17.5,p_radps,13,105,-0.015297179088644842,0.09436682811285528,-0.029732654026399047,-0.14743101528347138,-0.049967592715152664,0.06365537335379762,0.11522766429930914,-0.2183791668050819,0.14163763169199223,-0.0244727725198922
17.0,18.0,17.5,pilot_pitch_centered,13,105,0.21117835156296694,0.18073178093056508,0.18600000000000003,-0.02624285714285714,0.10485714285714286,0.3444,0.47595999999999994,-0.07085714285714287,0.5215000000000001,0.21115384615384616
17.0,18.0,17.5,pilot_roll_centered,13,105,-0.07725101266255113,0.08564305986876092,-0.0595,-0.23028888888888888,-0.07285714285714286,-0.054333333333333345,0.004299999999999832,-0.2942222222222222,0.08075,-0.07807692307692309
17.0,18.0,17.5,pilot_throttle_norm,13,105,0.07939995709418787,0.056095862904118554,0.04788888888888889,0.04516,0.04708333333333334,0.08487499999999999,0.1774597402597402,0.043,0.19936363636363638,0.07946153846153847
17.0,18.0,17.5,pitch_deg,13,105,-3.2243322518779802,4.040589641403931,-1.5826139862720783,-10.488981742858886,-5.175039874182807,-0.5464311689138412,0.7100532957098686,-11.558705806732178,1.2837286740541458,-3.270503181677598
17.0,18.0,17.5,q_radps,13,105,-0.002284265015887116,0.053899634272417264,-0.010807410784764198,-0.07144378249787468,-0.04442282466010911,0.0202368260361254,0.08021309654272732,-0.07668169159442184,0.08943504946572436,0.003061305915112958
17.0,18.0,17.5,roll_deg,13,105,-0.9090119310417785,3.613238882543825,-0.6683795377612114,-6.803905986150106,-2.078164980961726,0.6547846559967313,4.018753595243798,-8.34637196858724,5.384508999911222,-0.9304158243422325
17.0,18.0,17.5,sideslip_deg,13,105,0.42875401025851,3.185791218043705,0.38568271909441265,-3.926524782180786,-1.8255280057589214,2.9777451845315785,4.649980022690512,-4.738561630249023,4.987415140325373,0.3499670524436694
17.0,18.0,17.5,throttle_output,13,105,4.920493608955147,5.798999679696226,1.7777777777777777,1.15,1.5555555555555556,5.25,15.077922077922075,1.0,16.90909090909091,5.0
18.0,19.0,18.5,airspeed_mps,13,129,23.80878722031363,2.3010012883711957,23.93102232615153,20.25066473824637,22.410565270317925,25.17190017700195,26.935715237785786,19.65542275565011,27.92004618925207,23.78573491023137
18.0,19.0,18.5,aoa_deg,13,129,3.0003556397578235,2.667100914995228,2.5632749133639865,-0.38759830383693455,0.7486079012354215,3.9906630913416543,7.102097349166869,-0.8242445833542767,7.320408535003662,2.972155883908272
18.0,19.0,18.5,descent_rate_mps,13,129,2.7794117992071916,1.3651499890926384,2.8131993611649526,0.9428923059915916,1.69392665227227,3.6856212615968444,4.758476734163687,0.6180956959724364,4.944410324100953,2.791055165804486
18.0,19.0,18.5,groundspeed_mps,13,129,23.053643750898836,3.0141376965094304,22.39433437979438,19.656942954800883,22.143947815558846,23.383914261837564,27.602032330513534,18.25743400218739,31.003138729276344,23.061003755381517
18.0,19.0,18.5,p_radps,13,129,-0.020950640428392512,0.12135865155629008,-0.010370054282247996,-0.21056376119454695,-0.0679485217801162,0.04070030028621354,0.1089469503553118,-0.35103969772656757,0.12888467566517647,-0.018068993390233313
18.0,19.0,18.5,pilot_pitch_centered,13,129,0.20474740447461034,0.17494615896123641,0.16999999999999998,-0.02273333333333333,0.10640000000000001,0.3236,0.4700666666666665,-0.03733333333333333,0.5466666666666667,0.20115384615384613
18.0,19.0,18.5,pilot_roll_centered,13,129,-0.0909995816275228,0.09847866316009198,-0.0558,-0.2773333333333333,-0.11683333333333336,-0.035124999999999997,-0.0068369747899159885,-0.351,0.0021428571428571443,-0.09276923076923078
18.0,19.0,18.5,pilot_throttle_norm,13,129,0.09206133825325002,0.06641107318601923,0.049499999999999995,0.0448,0.0474,0.15023529411764708,0.19872499999999987,0.043,0.2529375,0.08911538461538464
18.0,19.0,18.5,pitch_deg,13,129,-3.450190374155459,3.9832487514013923,-2.378133085038927,-10.603769318262735,-4.180503447850545,-1.2859301447868348,0.9893780183047034,-11.822862307230631,1.9357553571462631,-3.4824036583304405
18.0,19.0,18.5,q_radps,13,129,0.031514356725417955,0.06342508029306497,0.012313724805911396,-0.04273289873386036,-0.01089198272675276,0.055805008961922566,0.1322214798629283,-0.07004295728568517,0.16159734725952143,0.034092776987773285
18.0,19.0,18.5,roll_deg,13,129,-1.2325900425724292,2.9549279510369413,-0.32993452101945875,-5.498971557617187,-3.276051139831543,0.6555196344852448,2.352708446979522,-6.384575843811035,2.684025764465332,-1.3752584904432297
18.0,19.0,18.5,sideslip_deg,13,129,0.4983364389567831,3.7025946340551323,-0.9038378943999609,-4.209443807601929,-1.8738086819648743,3.839480678240458,5.423530220985412,-5.5708926518758135,5.66768079996109,0.512392901457273
18.0,19.0,18.5,throttle_output,13,129,6.4290539933922295,6.982235459281652,2.0,1.0,1.6,12.5,17.512499999999985,1.0,23.28125,6.230769230769231
19.0,20.0,19.5,airspeed_mps,13,117,23.660636059595713,2.3495618222694294,24.143380165100098,19.97588023337997,22.38881475275213,25.34664808000837,26.734866449568006,18.911865009981042,27.325477176242405,23.67280967418964
19.0,20.0,19.5,aoa_deg,13,117,2.865567163444359,2.561968447496688,2.376622462272644,-0.5227836561203003,0.9918360691517591,4.062880379813058,6.81112021491641,-0.8200732097029686,7.212364037831624,2.9798461003945422
19.0,20.0,19.5,descent_rate_mps,13,117,2.859271296999798,1.2575998408556104,3.1166499001653967,1.0608097219213062,1.8364324569693564,3.4871085484830218,4.709248161315471,0.9003041007302877,5.22338628768464,2.8585485311635135
19.0,20.0,19.5,groundspeed_mps,13,117,23.08043821385504,3.053579054748594,22.370874298773792,19.662617845036507,22.097539741807495,23.367823802003823,27.660394839515877,18.05108756356476,31.10116856221023,23.085089390324335
19.0,20.0,19.5,p_radps,13,117,-0.04162170831152727,0.09661150396127105,-0.04447111176947752,-0.18007189451801503,-0.06378529859440668,-0.015958084724843502,0.11490722549531379,-0.19312674105167385,0.15260037149795713,-0.028010620234104274
19.0,20.0,19.5,pilot_pitch_centered,13,117,0.21756528275645926,0.1522403066066594,0.17425,0.039339393939393966,0.12371428571428571,0.2533333333333333,0.48707999999999996,-0.007333333333333334,0.5115000000000001,0.22030769230769234
19.0,20.0,19.5,pilot_roll_centered,13,117,-0.10386255215372862,0.09746268796930443,-0.05633333333333334,-0.27185,-0.13390909090909087,-0.05333333333333334,-0.012574789915966462,-0.33799999999999997,0.018857142857142857,-0.10815384615384613
19.0,20.0,19.5,pilot_throttle_norm,13,117,0.12726837394631516,0.11742427580674364,0.048,0.0448,0.04728571428571428,0.16200000000000003,0.3295486631016042,0.043,0.34713636363636363,0.12423076923076924
19.0,20.0,19.5,pitch_deg,13,117,-3.7105683169706487,4.237123164153761,-3.642864397593907,-10.735067710876464,-5.340162944793701,-0.956469225031989,2.02677113827278,-12.328738689422607,2.607868369887857,-3.6750408693288383
19.0,20.0,19.5,q_radps,13,117,0.02764455159145906,0.05846635104719526,0.04628761405391351,-0.057529090394993786,-0.013370924210175838,0.0662479067686945,0.1008954554175336,-0.059195752447361444,0.1340803569182753,0.031204054544035038
19.0,20.0,19.5,roll_deg,13,117,-0.7124456479852659,1.887540531940763,-0.5319045521318913,-3.7137707683173096,-1.7616358995437622,0.9010092488356999,1.527207402388254,-4.125895746729591,1.8881580233573914,-0.665609285235405
19.0,20.0,19.5,sideslip_deg,13,117,-0.022382719895211893,3.572615509241299,-0.9121136665344238,-4.62953085899353,-2.2672203540802003,3.529623814991542,4.773476448416071,-6.412333369255066,5.477216655557806,-0.17588338198570105
19.0,20.0,19.5,throttle_output,13,117,9.964169164169164,12.442058188955091,2.0,1.0,1.5714285714285714,13.818181818181818,31.34545454545454,1.0,33.36363636363637,9.73076923076923
20.0,21.0,20.5,airspeed_mps,13,123,23.505575954298795,2.1650754675867505,23.869064331054688,20.432002403622583,22.320761998494465,24.726122220357258,26.35468432108561,19.258667355492,26.589699427286785,23.556744502140926
20.0,21.0,20.5,aoa_deg,13,123,2.3852506104069615,2.7776695203143187,2.3463425834973655,-1.1748789687241827,-0.058156673796474934,5.113954385121663,6.120496756689889,-1.9359887838363647,6.196780800819397,2.3136302264263997
20.0,21.0,20.5,descent_rate_mps,13,123,2.765340358228033,1.2829225296748816,3.0273294448838897,0.9269668777267871,1.703565120696742,3.268822034199952,4.624736595157827,0.9073456850918727,5.050985813152778,2.7349692124600526
20.0,21.0,20.5,groundspeed_mps,13,123,23.05771545581031,3.071865964789635,22.386383802641603,19.700583552944117,21.443844570496868,23.448165363138358,27.669993964805094,18.002421412210598,31.00552907357351,23.05637459111659
20.0,21.0,20.5,p_radps,13,123,-0.06853325762528174,0.12532382657014798,-0.04589965643191878,-0.2840792048545111,-0.12357182428240772,0.03205844488305352,0.04823890986153854,-0.3055083403984706,0.051327886525541475,-0.0693790295626968
20.0,21.0,20.5,pilot_pitch_centered,13,123,0.23741430236430233,0.16327372845584262,0.21075,0.017676190476190477,0.13866666666666666,0.27728571428571425,0.4931999999999999,0.014333333333333332,0.549,0.23323076923076924
20.0,21.0,20.5,pilot_roll_centered,13,123,-0.07968136863136864,0.04032753980972612,-0.05633333333333334,-0.15156,-0.09328571428571428,-0.05361904761904762,-0.047400000000000025,-0.1695,-0.043250000000000004,-0.08184615384615383
20.0,21.0,20.5,pilot_throttle_norm,13,123,0.12917205294705297,0.12474825656022948,0.04800000000000001,0.04427,0.04783333333333333,0.16228571428571428,0.3463246753246752,0.04279999999999999,0.3889545454545455,0.12953846153846155
20.0,21.0,20.5,pitch_deg,13,123,-3.978771810347721,4.427128709593953,-4.100058351244245,-10.898620491027833,-6.003610897064209,-1.6335257490475972,1.9784215632971196,-13.255200862884521,3.4325644288744246,-4.0171467042886295
20.0,21.0,20.5,q_radps,13,123,-0.01980158467961117,0.05842809290903351,-0.01181054428558459,-0.09867571599781512,-0.06858111421267188,0.025634050741791696,0.0631854309234767,-0.11290956847369671,0.09265261574182654,-0.018259076795612405
20.0,21.0,20.5,roll_deg,13,123,0.7753537895432091,2.4307871664852025,0.8523927446116101,-1.8836896109580994,-1.0918799042701721,1.388484287261963,4.700260158947534,-2.0132210552692413,5.130395105906895,0.7058682521948447
20.0,21.0,20.5,sideslip_deg,13,123,0.43332892606010687,3.966294872877357,0.04863533874352774,-5.027723437547683,-2.4540247917175293,4.005826200757708,5.447096545355658,-6.011737108230591,6.890993595123291,0.3987673841989957
20.0,21.0,20.5,throttle_output,13,123,10.156926406926406,13.123582433324371,2.0,1.0,1.6666666666666667,13.714285714285714,32.963636363636354,1.0,37.40909090909091,10.23076923076923
21.0,22.0,21.5,airspeed_mps,13,126,23.425966235881827,2.133289224558009,23.978946367899578,20.31397012363781,21.589242935180664,24.83409881591797,25.949370765686034,18.91813349723816,26.242815017700195,23.42128878373366
21.0,22.0,21.5,aoa_deg,13,126,2.9703574978825347,2.3385130328282044,3.1884334564208983,-0.3624067250639199,0.9301110878586769,4.405151844024658,6.096133542060851,-1.4730066657066345,6.350038528442383,3.0342327562662272
21.0,22.0,21.5,descent_rate_mps,13,126,2.8190632310657864,1.2366252585320137,2.879293986729055,1.0532519708980272,2.1202945709239005,3.6557356516514545,4.55399847030434,0.6215294924650083,5.0687980651835005,2.815665465133683
21.0,22.0,21.5,groundspeed_mps,13,126,22.99580781458275,3.1018775435958523,22.365567497826046,19.614657433147617,20.810613578287082,23.563771380287058,27.61531948886061,17.939623665196798,30.839995744116997,23.003038491642446
21.0,22.0,21.5,p_radps,13,126,-0.008324880188579927,0.12859979424886323,-0.026675511099812036,-0.1873676298030962,-0.08409474138170481,0.07719577230851757,0.16703303741912043,-0.23775722583134964,0.17052056888739267,0.007578093988391086
21.0,22.0,21.5,pilot_pitch_centered,13,126,0.25260957098457093,0.16968373009755186,0.25833333333333336,0.019250000000000003,0.14822222222222226,0.30914285714285716,0.50872,0.000125,0.556,0.25384615384615383
21.0,22.0,21.5,pilot_roll_centered,13,126,-0.04372952602952603,0.039127620317791746,-0.05466666666666667,-0.08204285714285714,-0.06040000000000001,-0.04566666666666666,0.026736507936507833,-0.08285714285714285,0.06555555555555553,-0.04338461538461539
21.0,22.0,21.5,pilot_throttle_norm,13,126,0.12271495865245866,0.10688079612316899,0.05722222222222222,0.04435,0.04733333333333333,0.16200000000000003,0.30728484848484844,0.043,0.30921212121212116,0.12130769230769232
21.0,22.0,21.5,pitch_deg,13,126,-3.582949668794245,4.251215761712906,-3.6593802769978843,-9.915907645225525,-5.881581238337925,-0.7851127882798513,1.9926805268634444,-12.740703821182251,2.2047230899333954,-3.537052415884458
21.0,22.0,21.5,q_radps,13,126,-0.0059557442747559895,0.07067535939148713,-0.0137363117188215,-0.09122014985020668,-0.05183962466461316,0.0223246402783843,0.10999455240865533,-0.09414916552071058,0.1700460476179917,-0.00011272380988185542
21.0,22.0,21.5,roll_deg,13,126,1.9887284610129459,5.232615474389641,-0.11761623869339626,-2.597952354496176,-1.8662144243717194,3.873102453019884,10.810622297014502,-2.998011738061905,13.793890953063965,2.026038583368063
21.0,22.0,21.5,sideslip_deg,13,126,0.37455023704507084,3.1315599411997885,-0.09609600901603699,-3.3809478282928467,-2.0967820371900285,3.747970802443368,4.81392783641815,-4.326313853263855,5.319858968257904,0.3475822095687573
21.0,22.0,21.5,throttle_output,13,126,9.621293983793983,11.155247210246678,4.555555555555555,1.0,1.6666666666666667,13.666666666666666,29.036363636363635,1.0,29.09090909090909,9.423076923076923
22.0,23.0,22.5,airspeed_mps,13,107,23.442691348542574,2.018250881095119,23.819853591918946,20.46626256498179,22.445815404256184,24.5231328691755,25.985121459960936,18.97227123805455,26.425940322875977,23.4433650970459
22.0,23.0,22.5,aoa_deg,13,107,2.9938665684710317,2.330918166533313,3.18030686378479,-0.32903388738632167,1.6547314439501082,5.050345646707635,5.662192297848787,-2.5201147496700287,6.090328433296897,2.914272441313817
22.0,23.0,22.5,descent_rate_mps,13,107,2.898467053815092,1.2433682607545025,2.653944832937372,1.2649713100349291,2.102497948539653,3.831890106201132,4.617863845825901,1.0628911068564757,5.205702781674425,2.8470233770527216
22.0,23.0,22.5,groundspeed_mps,13,107,22.953687251329335,3.129319597660312,22.523145419733538,19.24574546562626,20.925084526404017,23.721065460464047,27.485211210667238,17.76878780430706,30.676751349674213,22.952692773880926
22.0,23.0,22.5,p_radps,13,107,0.03457663105251317,0.1626019409539837,-0.0022590890035240154,-0.1384646104928806,-0.02882266519591208,0.05506823272444307,0.3278920971495761,-0.17990874293211256,0.4672368956463678,0.03568677011753608
22.0,23.0,22.5,pilot_pitch_centered,13,107,0.23444970263654474,0.16488762908646926,0.22133333333333335,0.028463157894736843,0.142,0.30920000000000003,0.5114799999999999,0.005157894736842106,0.5635,0.23276923076923076
22.0,23.0,22.5,pilot_roll_centered,13,107,-0.00609434016276122,0.13597886057616845,-0.0545,-0.10241454545454547,-0.06,-0.02355555555555556,0.22605714285714246,-0.12163636363636367,0.3911428571428571,0.00023076923076923418
22.0,23.0,22.5,pilot_throttle_norm,13,107,0.14055740487582594,0.11126318373148666,0.0836,0.04502,0.04725,0.22866666666666668,0.32275157894736833,0.04279999999999999,0.347578947368421,0.1408076923076923
22.0,23.0,22.5,pitch_deg,13,107,-3.58262388071843,4.299962569245765,-3.5020704865455627,-9.936068782806396,-5.190462180546352,-0.953278640906016,1.8541231830765408,-13.570766925811768,2.8243763070357475,-3.603813492334806
22.0,23.0,22.5,q_radps,13,107,-0.01556078416655528,0.05872128915650387,-0.012730485713109339,-0.1257758251577615,-0.02046681530773638,0.00353039671225768,0.05734246005727477,-0.1369890803471207,0.08417424606159327,-0.013238954313027731
22.0,23.0,22.5,roll_deg,13,107,1.619026010526542,4.381485059626784,1.8325610160827637,-5.177691079919988,0.16450354146460688,3.507652985198157,8.23434110641479,-6.161540941758589,10.267982482910156,1.6202522160915227
22.0,23.0,22.5,sideslip_deg,13,107,-0.007019683925583173,2.7053332797909935,-0.801590871810913,-2.96203483581543,-1.2723084688186646,0.5195684449540244,5.004103203823691,-3.134220695495606,5.233761310577393,-0.04477461714010976
22.0,23.0,22.5,throttle_output,13,107,11.330250305250306,11.710859018486888,5.2,1.0,1.625,20.22222222222222,30.599999999999994,1.0,33.0,11.346153846153847
23.0,24.0,23.5,airspeed_mps,13,107,23.457992114109313,1.9890789432313274,23.75647258758545,20.482738265991213,22.25419692993164,24.474907684326173,25.952907104492187,18.911228561401366,26.217621994018554,23.499313574570877
23.0,24.0,23.5,aoa_deg,13,107,3.418439187815002,2.496939763124085,3.647871494293213,-0.5175966488663104,2.3392562866210938,4.782641410827637,6.403569413965397,-2.408655196428299,7.119911003112793,3.4394847796513486
23.0,24.0,23.5,descent_rate_mps,13,107,2.974625435424543,1.1357054187007058,2.9469382762914798,1.5866717945443123,2.12126731872508,3.77466583251944,4.533449172971524,1.0019340515136903,5.471029281610093,3.0003657707772295
23.0,24.0,23.5,groundspeed_mps,13,107,22.93985782032714,3.18333909793657,22.50800706801223,19.07673730584509,20.979544881072233,23.853328630612307,27.501547938684908,17.474036642294642,30.642030081276356,22.938218119698885
23.0,24.0,23.5,p_radps,13,107,0.018550137756512527,0.1336385000058972,-0.00039503991138191245,-0.13519184052041078,-0.044667663425207116,0.051592328120023,0.2699905423607144,-0.17862933004895842,0.29423721730709074,0.019863310144641093
23.0,24.0,23.5,pilot_pitch_centered,13,107,0.2341420745920746,0.16518321342792483,0.20433333333333334,0.030458181818181822,0.0985,0.33720000000000006,0.4788399999999997,0.0186,0.5754999999999999,0.23461538461538461
23.0,24.0,23.5,pilot_roll_centered,13,107,-0.02293115218115218,0.11337143001699151,-0.054,-0.17437818181818182,-0.0555,0.017249999999999998,0.1629828571428571,-0.23254545454545458,0.19085714285714284,-0.02492307692307692
23.0,24.0,23.5,pilot_throttle_norm,13,107,0.1398859806859807,0.11119123181072497,0.08385714285714285,0.0448,0.04683333333333333,0.22830000000000003,0.32345999999999997,0.043,0.34785,0.1399615384615385
23.0,24.0,23.5,pitch_deg,13,107,-3.454716285829976,4.29631357818801,-3.7743889808654787,-9.680372543334961,-5.060117244720459,-1.1296988487243653,2.1333913588523856,-13.503240823745728,2.5975973069667817,-3.4264253286214976
23.0,24.0,23.5,q_radps,13,107,0.009857227314877485,0.046719339313137286,-0.0011708597303368143,-0.05003212839365004,-0.00729525226633997,0.044393801409751146,0.08228921582922334,-0.08283745404332875,0.1021654193755239,0.0032014928829784727
23.0,24.0,23.5,roll_deg,13,107,1.2751310590438758,3.651631387890538,1.1757975965738297,-4.574245923649181,0.12015330232679845,2.5123894810676575,6.928620275769913,-5.042371463775635,7.731649671282087,1.2581244116792312
23.0,24.0,23.5,sideslip_deg,13,107,-0.16788797621347598,2.8268889644560495,-0.2890949572126071,-3.0967855644226074,-2.32570081949234,0.7277823090553284,5.18734664916992,-3.1871820449829102,5.5547514915466305,-0.16685073049022606
23.0,24.0,23.5,throttle_output,13,107,11.196336996336994,11.661904250090105,5.285714285714286,1.0,1.625,20.1,30.599999999999994,1.0,33.0,11.23076923076923
24.0,25.0,24.5,airspeed_mps,13,108,23.650760336374255,2.0750957423608827,23.89212926228841,20.536904421719637,22.647459030151367,24.372363662719728,26.5503519821167,18.81340286948464,26.970517349243163,23.690424919128418
24.0,25.0,24.5,aoa_deg,13,108,2.651743417643409,2.6002061702295602,2.728210783004761,-0.9022468537092209,1.4571898844507005,4.706054210662842,6.568064192208376,-1.2330071777105331,7.078762748024681,2.62473626434803
24.0,25.0,24.5,descent_rate_mps,13,108,2.6991569056766522,1.026532170211308,2.707599004108322,1.3491135927345344,2.019621849060857,3.563580513001336,4.148205757140818,1.2649792432784572,4.633104801177005,2.680511841407942
24.0,25.0,24.5,groundspeed_mps,13,108,22.987626404312802,3.1971548875163385,22.672451746876757,19.078850055009557,21.06205501070399,24.107107418018625,27.526534827681324,17.527398456594657,30.69693043432856,22.984867675839492
24.0,25.0,24.5,p_radps,13,108,-0.019351418154838377,0.11774811285865203,-0.0143966389199098,-0.14503664774963484,-0.11200257390737531,0.020411677865518472,0.18774234492622024,-0.17527943998575207,0.1883112221363593,-0.025557088558203874
24.0,25.0,24.5,pilot_pitch_centered,13,108,0.2688667164032549,0.15258810575081042,0.2444,0.07370454545454547,0.1556,0.365,0.4735999999999997,0.029625,0.581,0.27984615384615386
24.0,25.0,24.5,pilot_roll_centered,13,108,-0.017143087041163966,0.08154031165858272,-0.0484,-0.12067692307692307,-0.054125,0.041666666666666664,0.10504571428571416,-0.148,0.1597142857142857,-0.019
24.0,25.0,24.5,pilot_throttle_norm,13,108,0.14470598269252116,0.10712932795688328,0.11500000000000002,0.04464,0.04755555555555555,0.22920000000000001,0.32314999999999994,0.04259999999999999,0.347875,0.14661538461538462
24.0,25.0,24.5,pitch_deg,13,108,-3.620571556276748,4.464529890565368,-4.829268074035644,-10.057853355407715,-5.4973406314849855,-1.261694303580693,2.91672559055415,-12.438201189041138,3.236213192343712,-3.61602574128371
24.0,25.0,24.5,q_radps,13,108,-0.003527209874045305,0.049843328867309,-0.011933413449150939,-0.0757263538893312,-0.04013558663427825,0.04259697549665969,0.058514674651539984,-0.08013066556304692,0.06133336157331034,-0.01320617459714411
24.0,25.0,24.5,roll_deg,13,108,0.9414915151851158,2.414481109972999,0.4009699920813243,-2.2894592571258543,0.24505458623170853,2.839925374303545,4.69860831260681,-2.9660479545593263,5.359689092636108,0.9135030656694793
24.0,25.0,24.5,sideslip_deg,13,108,0.3832995307150397,3.173098052735064,-0.047634747624397254,-3.159556241035461,-2.292874813079834,3.392139893311721,5.198591436039316,-3.644163656234741,5.753179907798767,0.42606160732416004
24.0,25.0,24.5,throttle_output,13,108,11.75540954771724,11.242461377892683,8.9,1.0,1.6,20.2,30.599999999999994,1.0,33.0,12.0
25.0,26.0,25.5,airspeed_mps,13,179,23.701785248881215,1.8874594651176129,23.939420700073242,20.977620515369235,23.262950261433918,24.625150468614365,26.069299697875973,18.804162252516974,26.673262786865234,23.7235474219689
25.0,26.0,25.5,aoa_deg,13,179,2.205631975572069,2.1027913186236757,2.387869940863715,-1.104213899374008,0.9860746926731534,3.5004247029622397,5.194641771770658,-1.4512188881635666,5.655427773793538,2.1422432523507338
25.0,26.0,25.5,descent_rate_mps,13,179,2.543843151634889,1.3371762699486847,2.471118503147775,0.6834336015222793,1.7955907185870335,3.330911000570334,4.410708618168375,0.32687247745578435,5.102133750927301,2.5076620395381193
25.0,26.0,25.5,groundspeed_mps,13,179,23.07037976711662,3.192419929467109,22.660916345266017,19.082996528372522,21.227959662185892,24.690396591847094,27.5333141118354,17.599696563698114,30.590487434241556,23.077420667944292
25.0,26.0,25.5,p_radps,13,179,-0.0124568785984983,0.106851263618668,-0.025541696782139224,-0.13390195123540857,-0.10323359347724666,0.07165555975266862,0.1431972632095926,-0.14065942224115133,0.1768293801162924,0.003715405527215739
25.0,26.0,25.5,pilot_pitch_centered,13,179,0.26368257298257297,0.16432790248989054,0.3045714285714286,0.035114285714285716,0.18085714285714283,0.3592000000000001,0.4998545454545453,0.0195,0.57,0.264
25.0,26.0,25.5,pilot_roll_centered,13,179,-0.038787301587301586,0.06307777004544553,-0.047999999999999994,-0.11643999999999999,-0.05488888888888889,-0.025714285714285714,0.04971428571428555,-0.1696,0.11857142857142856,-0.040692307692307694
25.0,26.0,25.5,pilot_throttle_norm,13,179,0.1597615329115329,0.11478780229321817,0.16244444444444445,0.044719999999999996,0.04733333333333333,0.2649047619047619,0.3230333333333333,0.04279999999999999,0.3485833333333333,0.1621923076923077
25.0,26.0,25.5,pitch_deg,13,179,-3.560536891684798,4.385284090467278,-4.708816369374593,-10.406316432952881,-5.216238604651557,-0.5675258423600879,2.2721356402786927,-12.573778867721558,3.292624409236605,-3.560567495914606
25.0,26.0,25.5,q_radps,13,179,0.014885979965186247,0.04087674678647737,0.018100604414939856,-0.03546877871973042,-0.01905723660352773,0.037215405454238244,0.08040189977735275,-0.04297294488854028,0.08966654799878591,0.015267297106150258
25.0,26.0,25.5,roll_deg,13,179,1.1450090657893077,3.0937593932246545,1.00582550962766,-3.0070132012974904,-0.7166887044906616,3.691427610696308,5.52393692864312,-5.2267458303408185,5.933614465925428,1.2269552556368022
25.0,26.0,25.5,sideslip_deg,13,179,0.4907746673407703,3.032998569924179,-0.228851209793772,-2.607104306221008,-1.9791064262390137,3.7542004585266113,4.880215020406813,-3.332826316356659,5.189428885777791,0.40652663432634795
25.0,26.0,25.5,throttle_output,13,179,13.354922854922856,12.102280032737436,13.666666666666666,1.0,1.8888888888888888,24.523809523809526,30.66666666666666,1.0,33.166666666666664,13.538461538461538
26.0,27.0,26.5,airspeed_mps,13,123,23.42348164999732,1.8872119992366658,23.840856975979275,20.646164779663085,22.14105796813965,24.335750341415405,26.020723724365233,19.63796901702881,26.50994110107422,23.446599886967586
26.0,27.0,26.5,aoa_deg,13,123,2.514158778236463,2.4823803706701257,2.0340559085210166,-1.2092656087875364,1.6706392288208007,4.285232424736023,5.969565588235852,-2.662065178155899,7.0102750062942505,2.5179176789063673
26.0,27.0,26.5,descent_rate_mps,13,123,2.684760867312179,1.068848139056482,2.54462003707917,1.0632140556972323,2.235893673366042,3.1349245707184537,4.27168025970355,0.6650492350260531,4.746048450467526,2.6841548772939348
26.0,27.0,26.5,groundspeed_mps,13,123,23.03486035304094,3.2042222976101313,22.492536808220024,18.893003596532967,21.489105023484953,24.527576308680402,27.552784702852797,17.371795949115874,30.429683903380596,23.03970474584292
26.0,27.0,26.5,p_radps,13,123,-0.021420691934450384,0.19058277691929135,-0.01019897568039596,-0.29634336658753446,-0.0465795189142227,0.07164006934375114,0.19218064577111735,-0.5150860965251922,0.3250841763284471,-0.0272286728812525
26.0,27.0,26.5,pilot_pitch_centered,13,123,0.24372039072039067,0.17095547721940477,0.213,0.043000000000000003,0.0822,0.37114285714285716,0.4765599999999998,0.03325,0.574,0.24330769230769228
26.0,27.0,26.5,pilot_roll_centered,13,123,-0.033596642246642244,0.08913694125108053,-0.043,-0.18776,-0.05566666666666667,0.008749999999999997,0.07719999999999999,-0.2306,0.079,-0.038230769230769235
26.0,27.0,26.5,pilot_throttle_norm,13,123,0.16881997863247863,0.12493276913395523,0.16222222222222224,0.04495,0.047499999999999994,0.2613125,0.3540699999999999,0.043,0.378875,0.1691923076923077
26.0,27.0,26.5,pitch_deg,13,123,-3.627826433599686,4.549252489377148,-3.783256769180298,-10.529127082824706,-5.7867757479349775,-0.652564387768507,2.49091502189636,-13.180469036102295,3.3718979597091674,-3.594597135598843
26.0,27.0,26.5,q_radps,13,123,-0.0015411376742077794,0.05339570106000455,-0.007945363933686155,-0.06694822957118346,-0.038325779326260065,0.02442653104662895,0.08576796440873284,-0.07024691952392452,0.1154496025294065,-0.005400403362448111
26.0,27.0,26.5,roll_deg,13,123,1.9462312147526752,4.168903660628797,2.8087559739748635,-4.007078773445553,-0.18417044542729855,3.646044898033142,8.292981081008909,-5.938387738333808,8.980165255069732,2.0128028452969513
26.0,27.0,26.5,sideslip_deg,13,123,0.5957969084745944,3.115914582886641,0.7086813807487488,-2.8594456808907642,-1.9620027020573616,3.027148167292277,5.3847217845916715,-4.161294460296631,6.742037534713745,0.6676355852530553
26.0,27.0,26.5,throttle_output,13,123,14.293498168498168,13.18348185190322,13.666666666666666,1.0,1.8571428571428572,24.0,33.849999999999994,1.0,36.625,14.384615384615385
27.0,28.0,27.5,airspeed_mps,13,105,23.465600296807672,1.7287917552403675,23.775172472000122,20.602312330215696,22.6567325592041,24.529051303863525,25.837267456054686,20.110902574327255,26.257300186157227,23.48965967618502
27.0,28.0,27.5,aoa_deg,13,105,2.811983038158007,2.6265018513809046,3.3589742524283275,-0.9394959503412245,1.2707481810024805,4.512517860957554,6.257999198777333,-2.4961549639701843,7.221918446677072,2.7655978724360466
27.0,28.0,27.5,descent_rate_mps,13,105,2.813022543368222,0.9657464026540061,2.738177435738448,1.3127525723168112,2.4013447761538487,3.322161038718415,4.256577873229673,1.036976708306194,4.524199962614176,2.8065391687261116
27.0,28.0,27.5,groundspeed_mps,13,105,22.976596361247548,3.12254792973359,22.302288986063186,18.94999141033532,21.714031923968882,24.09066383742326,27.540036661766976,17.657509474964797,30.309693055921077,22.97163781089092
27.0,28.0,27.5,p_radps,13,105,-0.015091439435626373,0.08759848224756894,-0.02307876811495847,-0.1262034062668681,-0.05773393600247799,0.006615451847513503,0.1195617002568074,-0.1747482898645103,0.1262827925384044,-0.02400998001954015
27.0,28.0,27.5,pilot_pitch_centered,13,105,0.23912625152625153,0.18059251089899828,0.26825,0.0009047619047619047,0.04971428571428571,0.3542857142857142,0.4887199999999998,-0.0055714285714285735,0.569,0.23953846153846153
27.0,28.0,27.5,pilot_roll_centered,13,105,-0.01662521367521367,0.10615620530395452,-0.03475,-0.15766111111111109,-0.055142857142857146,0.0017142857142857148,0.16734999999999992,-0.17177777777777775,0.19599999999999998,-0.020538461538461544
27.0,28.0,27.5,pilot_throttle_norm,13,105,0.17237191697191695,0.12965390130842527,0.16212500000000002,0.044719999999999996,0.04766666666666666,0.2561111111111111,0.3695857142857142,0.04279999999999999,0.401,0.17261538461538464
27.0,28.0,27.5,pitch_deg,13,105,-3.795017072048052,4.436488077681206,-3.736788817814418,-10.498766727447508,-5.774053394794464,-0.7744748720100948,2.553663323606762,-12.697448015213013,3.1016236203057423,-3.754790941110024
27.0,28.0,27.5,q_radps,13,105,0.003747718436144559,0.06296586630039695,0.0014359275810420513,-0.07204095335411172,-0.029685971870397537,0.021651811199262728,0.09426551522687057,-0.1116564060960497,0.16140504181385038,0.002751914533571553
27.0,28.0,27.5,roll_deg,13,105,1.7652083007045662,6.159373855261369,1.5453523099422455,-7.937048411369323,-0.1752951911961039,4.7710729241371155,10.559193193912494,-9.066122591495514,15.625174522399902,1.653288691662825
27.0,28.0,27.5,sideslip_deg,13,105,0.4100394428622372,3.5566053398314303,-0.6560425639152527,-3.3173679947853087,-2.413980111479759,1.9637472118650163,6.1621402084827395,-4.056756675243378,7.2904276847839355,0.43019307118195754
27.0,28.0,27.5,throttle_output,13,105,14.596764346764347,13.652907345514816,13.625,1.0,1.6666666666666667,23.055555555555557,35.349999999999994,1.0,38.875,14.615384615384615
28.0,29.0,28.5,airspeed_mps,13,126,23.426902940829304,1.6439006367244025,23.063397725423176,21.28070162455241,22.194845744541713,24.924023056030272,25.618901672363283,20.624313990275066,25.94147834777832,23.47888917189378
28.0,29.0,28.5,aoa_deg,13,126,2.6489511382949145,2.8995140771815096,2.329284736088344,-1.2787566542625426,0.9252121932804585,4.349916662488665,6.83146049711439,-2.117228603363037,8.459670596652561,2.6320681147850475
28.0,29.0,28.5,descent_rate_mps,13,126,2.86627943175227,1.0806421886595379,2.764434814453596,1.3794903119409216,2.2564327716834,3.152217864990194,4.441259384157189,0.5029084682464628,4.749036788945068,2.8333300810633353
28.0,29.0,28.5,groundspeed_mps,13,126,22.985260970453187,2.9710119279498546,22.23555791994689,19.264178175718286,21.58163482285737,23.773028253202742,27.55773676542494,18.767955919754222,30.254186199225053,22.988760821801687
28.0,29.0,28.5,p_radps,13,126,0.020731520633315143,0.12519795843738027,0.00841004475951194,-0.15262033287435767,-0.01188264531083405,0.04634706170431203,0.24149510580159356,-0.20563050406053662,0.29797214021285373,0.024037191966691837
28.0,29.0,28.5,pilot_pitch_centered,13,126,0.25638846153846157,0.17446722810266527,0.27885714285714286,0.017266666666666673,0.09764999999999999,0.324,0.5075085714285712,-0.009333333333333334,0.5791999999999999,0.2535384615384615
28.0,29.0,28.5,pilot_roll_centered,13,126,0.01716507936507937,0.18176080967766753,-0.030000000000000002,-0.16453,-0.05457142857142857,0.047428571428571424,0.35041904761904735,-0.262,0.4637142857142857,0.015230769230769223
28.0,29.0,28.5,pilot_throttle_norm,13,126,0.17147701465201465,0.12924976063203136,0.16225,0.044919999999999995,0.04766666666666666,0.24299999999999997,0.3711499999999999,0.043,0.405375,0.17046153846153847
28.0,29.0,28.5,pitch_deg,13,126,-3.9963150029928083,4.307699801734307,-3.719540527888707,-10.847557334899902,-5.066413879394531,-1.1467405217034476,1.8055695214101812,-12.44203586578369,2.8978748586442737,-3.960344068132914
28.0,29.0,28.5,q_radps,13,126,0.0056910718610575966,0.04755606005218687,0.01120551973581312,-0.05398917039856315,-0.035397257123674655,0.03074503003881545,0.08430257659139374,-0.06001711799763142,0.08454140754682671,0.004071347560966386
28.0,29.0,28.5,roll_deg,13,126,2.343585139886682,3.7422686337674858,1.8085763931274415,-2.0117621439136566,-0.03456963753948608,3.78510120511055,8.141708133334197,-2.2457269969396294,11.563497815813337,2.408159265366311
28.0,29.0,28.5,sideslip_deg,13,126,0.09788380646589176,3.7853193755022647,-1.1211261919566564,-3.3686736679077147,-2.852997660636902,1.5209306213590834,6.597994151115416,-3.5035443782806395,6.976545310020446,0.06682272140796368
28.0,29.0,28.5,throttle_output,13,126,14.497741147741145,13.472295969190405,13.75,1.0,1.6666666666666667,22.285714285714285,35.14999999999999,1.0,38.375,14.461538461538462
29.0,30.0,29.5,airspeed_mps,13,95,23.48754275352773,1.6322750377694608,23.673868560791014,21.213945083618164,22.151364008585613,25.090187788009644,25.346256256103516,20.516895294189453,25.359439849853516,23.523002991309532
29.0,30.0,29.5,aoa_deg,13,95,2.7432533274382567,3.1803465147417205,2.596929121017456,-1.6992459774017332,1.2914539916174752,4.706875145435333,7.591595220565794,-3.154366970062256,8.221113562583923,2.7463846711012034
29.0,30.0,29.5,descent_rate_mps,13,95,2.939623777547826,0.9041617114218589,2.740296125411888,1.6476449232824744,2.432115077972014,3.630788803100779,4.375517082212237,1.5554736210748126,4.458615779872318,2.918648719788435
29.0,30.0,29.5,groundspeed_mps,13,95,23.003805687014452,2.8966858243432863,22.21342388102587,19.602500404174897,21.41207663523524,23.483999799364376,27.6567810257944,19.53059947966679,30.295098372239643,23.004407456313473
29.0,30.0,29.5,p_radps,13,95,0.07179034559342178,0.17650026174999212,-0.009890884427087644,-0.10992021988360924,-0.0172539047896862,0.11578589274237548,0.4144306068122387,-0.15756765590049318,0.41966869235038756,0.06438995643447226
29.0,30.0,29.5,pilot_pitch_centered,13,95,0.260954771297079,0.1810729218583303,0.2781666666666666,0.012000000000000007,0.10625,0.3165714285714286,0.5339999999999999,-0.029,0.576,0.25853846153846155
29.0,30.0,29.5,pilot_roll_centered,13,95,-0.006095604395604393,0.07904045078206454,-0.04575,-0.07239999999999999,-0.054,-0.0025714285714285696,0.14641999999999994,-0.08399999999999999,0.1688,-0.009076923076923074
29.0,30.0,29.5,pilot_throttle_norm,13,95,0.15351151263266646,0.1096347406566398,0.16211111111111112,0.044719999999999996,0.04683333333333333,0.2285833333333334,0.3247999999999999,0.04279999999999999,0.353,0.15634615384615386
29.0,30.0,29.5,pitch_deg,13,95,-4.020339373033486,4.265989551305658,-4.201255185263498,-11.138048152923584,-6.039478831821018,-0.764566533267498,1.2689360763017932,-13.218110799789429,1.9915320575237274,-3.982986016628834
29.0,30.0,29.5,q_radps,13,95,-0.005741185570232231,0.033329125398956015,4.794058258993572e-05,-0.05778741775080558,-0.016441302653402063,0.016989083339770634,0.028525912927893447,-0.09249426200985904,0.03758207950741048,-0.0034452091886823057
29.0,30.0,29.5,roll_deg,13,95,1.3687731645230878,2.9049632174718463,1.6360002756118774,-2.65516856153806,-0.27649316440025967,2.787238652889545,5.061275438581189,-5.15042216082414,7.1694975852966305,1.3662788340678582
29.0,30.0,29.5,sideslip_deg,13,95,-0.07376034417191146,3.926995793498228,-1.705712229013443,-4.286483373641968,-2.5815113953181674,2.2554214745759964,6.440186571463559,-4.310647130012512,7.013786951700847,-0.10293862452873817
29.0,30.0,29.5,throttle_output,13,95,12.420073729689111,11.467902498297331,13.2,1.0,1.4,20.083333333333332,30.72857142857142,1.0,33.75,12.615384615384615
30.0,31.0,30.5,airspeed_mps,13,96,23.43657383166641,1.710396594647219,23.587825502668107,21.05123100280762,22.097324752807616,24.849180221557617,25.40996618270874,20.296146392822266,25.533681392669678,23.46188083061805
30.0,31.0,30.5,aoa_deg,13,96,2.3727817449976327,3.1661123977893473,2.489278112139021,-1.9122543546286495,0.8860053249767849,3.577183723449707,7.526078391075131,-3.254965305328369,8.510947406291962,2.289816501048895
30.0,31.0,30.5,descent_rate_mps,13,96,2.9361138934502238,0.8067227004425876,2.8755501338396243,1.976478229870124,2.2394180297852384,3.5242652893056743,4.217225074769544,1.8581000241372967,4.336223602292989,2.928541623632231
30.0,31.0,30.5,groundspeed_mps,13,96,22.948551468265098,2.8936618865924033,22.305529821735952,19.603767346729683,21.35381407063972,23.278666300746185,27.729509153734657,19.591412333469492,30.185124553482048,22.952968127851157
30.0,31.0,30.5,p_radps,13,96,0.013255812441700683,0.1871516621359146,0.017972344765439626,-0.2375817142639841,-0.044635302911046865,0.061981982418468994,0.264338168088685,-0.4261313110589981,0.41694839000701905,0.001345506484190432
30.0,31.0,30.5,pilot_pitch_centered,13,96,0.26145604395604394,0.17635265218409746,0.27085714285714285,0.024700000000000007,0.13024999999999998,0.354,0.5238999999999999,0.012250000000000002,0.5605,0.2573076923076923
30.0,31.0,30.5,pilot_roll_centered,13,96,-0.027335375735375735,0.10775885694019023,-0.0525,-0.11664,-0.05457142857142857,-0.039,0.12985454545454508,-0.1992,0.29000000000000004,-0.028923076923076937
30.0,31.0,30.5,pilot_throttle_norm,13,96,0.13817907092907092,0.12076808635007712,0.05966666666666667,0.04495,0.047999999999999994,0.2285,0.33184545454545455,0.043,0.33236363636363636,0.13776923076923078
30.0,31.0,30.5,pitch_deg,13,96,-4.281777294838026,4.050745510491275,-4.490290429857042,-11.023840856552123,-5.725867176055909,-0.7058758357539773,0.474268043227491,-13.287513971328735,1.6697871387004852,-4.309532619439638
30.0,31.0,30.5,q_radps,13,96,0.005830973185416016,0.03032283801706906,-0.007547558052465327,-0.0274327571157898,-0.010959654580801729,0.036721048131585096,0.0520418163342401,-0.0366249082610011,0.05450984752969816,0.00857923113597699
30.0,31.0,30.5,roll_deg,13,96,0.4829295752322134,5.362023713320158,1.0116247203614976,-7.042000306674412,-0.17115810087748934,2.1890671402215958,6.816063847541802,-14.30514898300171,9.928532934188842,0.4383770273281978
30.0,31.0,30.5,sideslip_deg,13,96,0.7213667946167679,4.185468296088431,-0.04080197885632515,-5.241688203811646,-2.080216441835676,3.4111905097961426,7.30759338378906,-5.380043983459473,8.191992139816284,0.8168538817419455
30.0,31.0,30.5,throttle_output,13,96,11.022147297147297,12.771243808886057,2.5,1.0,1.5714285714285714,20.3,31.60727272727273,1.0,31.7,11.038461538461538
31.0,32.0,31.5,airspeed_mps,13,96,23.297069608481085,1.607590188458667,23.129700660705566,21.16982894170852,22.235342025756836,24.555873107910156,25.654172515869142,20.39420291355678,25.725276947021484,23.275789187504696
31.0,32.0,31.5,aoa_deg,13,96,2.368658560234257,3.0149677729848077,2.0921225249767303,-2.311987146139145,1.5596264733208551,3.731221318244934,7.459908131190707,-3.075552558898926,8.139678069523402,2.4237739122830906
31.0,32.0,31.5,descent_rate_mps,13,96,2.849440361262017,0.7845538376976368,2.569363117216284,1.974279085794541,2.2313679589157496,3.2519563039140564,4.132121276853679,1.7341748873392977,4.269792556758136,2.8628092545735364
31.0,32.0,31.5,groundspeed_mps,13,96,22.861276991808754,2.8765907449221944,22.421894143207844,19.520260045837816,21.205584063982204,23.16988302229157,27.767497528802384,19.221134418624462,29.739483731338467,22.857945446071533
31.0,32.0,31.5,p_radps,13,96,0.01649494484372997,0.06235448742524813,0.010110327197859684,-0.08751747668720779,-0.0009334346104879106,0.04344112426042555,0.10600873877604797,-0.10930187301710244,0.11796270869672293,0.03567719166704379
31.0,32.0,31.5,pilot_pitch_centered,13,96,0.26908778998779004,0.16092343818651925,0.245,0.0520952380952381,0.18225,0.34575,0.5462,0.03166666666666667,0.5860000000000001,0.26430769230769224
31.0,32.0,31.5,pilot_roll_centered,13,96,-0.04841440781440782,0.11771399592813686,-0.04933333333333333,-0.1877571428571428,-0.055,-0.039833333333333325,0.08475555555555536,-0.38025,0.16688888888888886,-0.0533846153846154
31.0,32.0,31.5,pilot_throttle_norm,13,96,0.1360588827838828,0.12334751245113638,0.04875,0.044853333333333335,0.04783333333333333,0.22825,0.35948888888888886,0.042833333333333334,0.38455555555555554,0.13573076923076924
31.0,32.0,31.5,pitch_deg,13,96,-4.232349224406794,3.9773192647811286,-3.7791221737861633,-11.114541301727295,-5.583232084910075,-2.433389014667935,0.9075200083532484,-13.011391067504883,1.6871014663151331,-4.234501476471241
31.0,32.0,31.5,q_radps,13,96,-0.008356416744242114,0.05572533866121042,-0.016869864116112382,-0.07837492922320957,-0.05218032416370179,0.028202182683162318,0.06933942073216975,-0.09049199279397722,0.10928322416212818,-0.008512261454353178
31.0,32.0,31.5,roll_deg,13,96,0.8181365864635678,6.909189543403449,0.994253121316433,-7.927254184087117,-1.8289536237716675,1.9721242288748424,10.301019013722719,-13.37688159942627,18.279467900594074,0.8625360039564279
31.0,32.0,31.5,sideslip_deg,13,96,0.648075465583248,3.9142276409977095,1.876560858317784,-5.579333276748657,-1.7375809848308563,3.433276789528983,5.488421448071794,-6.112097549438476,6.9584534962972,0.5788969810192401
31.0,32.0,31.5,throttle_output,13,96,10.916819291819289,13.056336529947862,2.0,1.0,1.5,20.125,34.68888888888888,1.0,37.22222222222222,10.884615384615385
32.0,33.0,32.5,airspeed_mps,13,104,23.43532212124322,1.7203616905287922,23.581953048706055,21.2217933585427,22.203274408976238,24.3232666015625,26.060392813249067,20.69595413208008,26.58394969593395,23.43042542384221
32.0,33.0,32.5,aoa_deg,13,104,2.447196949591501,2.7998066856050987,2.762059143611363,-2.512592569986979,1.9011783599853516,3.7967230081558228,6.42233615875244,-3.290356675783793,6.892397880554199,2.3780438120548544
32.0,33.0,32.5,descent_rate_mps,13,104,2.8290026093155403,0.9281782802987445,2.6981936560751603,1.667678065114334,1.9269800186155124,3.392453193665972,4.2496658325172465,1.4545876639234092,4.352647781367193,2.7842540007374033
32.0,33.0,32.5,groundspeed_mps,13,104,22.813102225733864,2.8554708889078984,22.604074132683653,19.473621654271028,20.918737965599618,23.193309053017533,27.777010452201843,18.907863487671612,29.289153780917925,22.813927040465135
32.0,33.0,32.5,p_radps,13,104,0.023092829609180673,0.14353521123478033,0.024253211799077683,-0.19822337012737984,-0.08068515546619888,0.11408737945991254,0.21143414087932205,-0.22316105477511877,0.25305771772665053,0.02028036447098621
32.0,33.0,32.5,pilot_pitch_centered,13,104,0.2814910811410812,0.15707019997883098,0.27240000000000003,0.07081818181818182,0.21777777777777776,0.316,0.5694399999999998,0.06454545454545456,0.6095999999999999,0.27961538461538465
32.0,33.0,32.5,pilot_roll_centered,13,104,-0.04668816183816184,0.16092700617370367,-0.053,-0.26899999999999996,-0.05600000000000001,-0.04133333333333333,0.17043636363636328,-0.41675,0.33309090909090916,-0.043076923076923075
32.0,33.0,32.5,pilot_throttle_norm,13,104,0.14594938672438673,0.1264960295246382,0.0762857142857143,0.044919999999999995,0.04783333333333333,0.22875,0.37267727272727263,0.04299999999999999,0.417875,0.14573076923076925
32.0,33.0,32.5,pitch_deg,13,104,-3.932699276175588,3.8973056780722444,-3.9169365564982095,-10.79747999191284,-5.661809253692627,-1.1011092428650175,0.8625880608893913,-11.871788215637206,1.639192020893097,-3.927309200454217
32.0,33.0,32.5,q_radps,13,104,-0.011899614113114586,0.040824768216821225,-0.009016411167315445,-0.0693143528886139,-0.038786385291522084,0.013656834104040174,0.033524809659204645,-0.11284723505377765,0.04957424190996041,-0.015954047345251014
32.0,33.0,32.5,roll_deg,13,104,0.1700388955199843,4.686462564070283,0.03112177054087321,-6.131947879791259,-1.2878402601927519,2.076246124505997,6.387806816101064,-10.27871823310852,10.549034118652344,0.15064153361778992
32.0,33.0,32.5,sideslip_deg,13,104,0.7314119447150451,3.637717214796732,0.8821749091148376,-4.820524697303772,-1.930235783259074,3.3354706168174744,5.399476608672696,-5.72791690826416,6.648078745061701,0.7817064785900024
32.0,33.0,32.5,throttle_output,13,104,11.911394161394163,13.192048223878354,4.714285714285714,1.0,1.7777777777777777,20.25,35.52727272727272,1.0,40.0,11.961538461538462
33.0,34.0,33.5,airspeed_mps,13,109,23.585141847162763,1.786668356617458,23.427080154418945,20.871440673901134,22.811729431152344,24.729351425170897,25.903379026140485,20.379947561966745,26.86730166843959,23.573388833266037
33.0,34.0,33.5,aoa_deg,13,109,2.6229070949199684,2.7140819136572287,3.1925957853143867,-2.6240825796127316,1.6828283071517944,4.295322418212891,5.5732315056306065,-3.1013181805610657,5.86825428510967,2.6721647611031165
33.0,34.0,33.5,descent_rate_mps,13,109,2.752376244288619,0.9521996482352771,2.6739048957831173,1.4194506595006253,1.9991701299490863,3.3112907409667853,4.064938354495114,1.0804889076634847,4.085956573492024,2.772553517265401
33.0,34.0,33.5,groundspeed_mps,13,109,22.75849890987629,2.8775627652114872,22.7107735010771,19.42865201003377,20.66649438709947,23.24621988755698,27.72539927170815,18.481560017405826,29.043340169570413,22.757031915588957
33.0,34.0,33.5,p_radps,13,109,0.03373511922865768,0.12942527907537954,0.008970891183707868,-0.15455330065318515,-0.08377031097188586,0.14565726667642592,0.18665751273743805,-0.16079147513955833,0.19567182064056393,0.034417212609416575
33.0,34.0,33.5,pilot_pitch_centered,13,109,0.26992722102458944,0.1820866611948541,0.24418181818181817,0.025771428571428574,0.19319999999999998,0.36175,0.5834999999999999,-0.004571428571428572,0.606,0.2782307692307692
33.0,34.0,33.5,pilot_roll_centered,13,109,-0.03807948630317051,0.10566353766347174,-0.054500000000000014,-0.17291999999999996,-0.08485714285714287,0.011684210526315792,0.10328727272727257,-0.29579999999999995,0.1658181818181818,-0.031769230769230765
33.0,34.0,33.5,pilot_throttle_norm,13,109,0.1557825937220674,0.12540669868761037,0.162,0.04475,0.047799999999999995,0.22830000000000003,0.37262272727272716,0.042874999999999996,0.417875,0.15619230769230769
33.0,34.0,33.5,pitch_deg,13,109,-3.7583647449651867,3.8696365740269845,-3.7433151721954347,-10.043075227737427,-5.392335414886475,-1.2051480071885246,0.9338841843369712,-11.613460540771484,3.0641025367536043,-3.7748776364784975
33.0,34.0,33.5,q_radps,13,109,0.00838350307214236,0.0771261847916423,-0.0037539379501884615,-0.07266635490315299,-0.0356156771071255,0.021352648202862066,0.1448308090226989,-0.10579508822411296,0.2046216160058975,0.0032315306150569527
33.0,34.0,33.5,roll_deg,13,109,-0.7574310221680925,3.8959228439076603,-0.183305973559618,-6.664878372726472,-4.0192320346832275,2.109687876701355,3.6549383070561765,-6.842235136032104,4.859079491008412,-0.9089329976301926
33.0,34.0,33.5,sideslip_deg,13,109,0.457107367957472,3.4386187724593835,0.8541305002413297,-5.171076110601425,-1.046291995048523,1.4130732168753941,5.579207222183027,-5.540055656433106,6.709374341097745,0.4926784657515012
33.0,34.0,33.5,throttle_output,13,109,12.948285048285047,13.072240001719276,13.714285714285714,1.0,1.8,20.3,35.69090909090908,1.0,40.0,13.038461538461538
34.0,35.0,34.5,airspeed_mps,13,107,23.567931593119447,1.8498759997181222,23.532857577006023,20.6899027967453,22.353502655029295,24.71373176574707,26.15782231648763,20.674186325073244,27.258419354756672,23.556581570551945
34.0,35.0,34.5,aoa_deg,13,107,2.406507522653747,2.547417264371235,2.814864714940389,-2.2550937407357354,1.737632401784261,3.4363202095031737,5.925965449639728,-2.4024797916412353,6.326752730778286,2.3120714013393107
34.0,35.0,34.5,descent_rate_mps,13,107,2.7767649386835345,1.0099603779020045,2.804955073764469,1.2378493309020766,1.8925666809086976,3.3711079188782134,4.078835296633019,1.1865746974944607,4.19963455200575,2.7780892298797673
34.0,35.0,34.5,groundspeed_mps,13,107,22.711399607699402,2.8908523067447827,22.72984997412483,19.403272358240592,20.512789285007273,23.213962819879786,27.678598751554176,18.174932849770066,28.795419262310283,22.709975584206795
34.0,35.0,34.5,p_radps,13,107,0.053841032838639065,0.15699214613929635,-0.006329175617013635,-0.11428715399776893,-0.045108069432899335,0.14627077262848617,0.3039805456995962,-0.14464845972446103,0.37306416034698486,0.06177238464498748
34.0,35.0,34.5,pilot_pitch_centered,13,107,0.23914047619047618,0.1930977347469387,0.20199999999999999,-0.0035000000000000005,0.06799999999999999,0.3628,0.5488114285714285,-0.00425,0.6096,0.23315384615384616
34.0,35.0,34.5,pilot_roll_centered,13,107,-0.060160439560439566,0.09334678333571828,-0.055200000000000006,-0.20892,-0.11485714285714285,-0.04171428571428571,0.07966857142857134,-0.2155,0.12057142857142857,-0.06492307692307693
34.0,35.0,34.5,pilot_throttle_norm,13,107,0.155457326007326,0.12606802421494923,0.1386666666666667,0.044919999999999995,0.047999999999999994,0.22920000000000007,0.3726999999999999,0.043,0.41800000000000004,0.15534615384615383
34.0,35.0,34.5,pitch_deg,13,107,-3.85823411239045,3.7502696636579436,-4.187319006238665,-8.937580032348633,-6.228887367248535,-1.3351050893465677,1.359739608636921,-11.018434524536133,2.745642811059952,-3.8490170607200036
34.0,35.0,34.5,q_radps,13,107,0.002801764243947181,0.05436550415901287,-0.006992478588862059,-0.038612419076574325,-0.03216182319447396,0.016754698488512035,0.09330691038497838,-0.04514277421015622,0.15946643501520152,0.0011624448144665427
34.0,35.0,34.5,roll_deg,13,107,-1.4063323255365665,4.774848253271732,-0.5239915937185288,-9.109944220951625,-5.150756086621966,2.1167956789334617,4.7326406111036,-9.433802127838135,5.770390605926513,-1.339245162331141
34.0,35.0,34.5,sideslip_deg,13,107,-0.028477925464729124,3.1075748813237607,-0.4446550930539767,-4.893978860037667,-1.0870352268218995,1.052525520324707,4.682872047424313,-5.434811401367187,6.140529823303223,-0.08332268922374798
34.0,35.0,34.5,throttle_output,13,107,12.801282051282048,13.145676767052265,10.166666666666666,1.0,2.0,20.333333333333332,35.679999999999986,1.0,40.0,12.76923076923077
35.0,36.0,35.5,airspeed_mps,13,102,23.387580737880988,1.8051898395296821,23.6879620552063,20.780549194762756,22.436021041870116,24.67106533050537,25.764124965667722,20.50779984214089,26.95938014984131,23.43247076181265
35.0,36.0,35.5,aoa_deg,13,102,2.8668352136232547,2.8233804361987205,3.359114742279053,-2.2135131001472472,1.0817170217633247,4.797016620635986,6.193947096971363,-2.6757307052612305,6.944288840660682,2.8712011713248033
35.0,36.0,35.5,descent_rate_mps,13,102,2.8218941725666014,0.8655034512242168,2.8783634730740704,1.713206584636562,2.00315856933517,3.506485621134317,3.969822692870414,1.65303303645241,4.02185440063472,2.8353104224577086
35.0,36.0,35.5,groundspeed_mps,13,102,22.66468000631165,2.877066377702577,22.611796335361444,19.288051247005466,20.53594988649489,23.337155782914753,27.60413707516295,17.967289919241157,28.53362603687409,22.663274316161374
35.0,36.0,35.5,p_radps,13,102,0.03465033550776976,0.17278027589523223,0.008604368567466745,-0.20021410301327702,-0.09002890158444642,0.14205139130353922,0.26705812928690137,-0.324945455789566,0.31601471606303344,0.021193466453741375
35.0,36.0,35.5,pilot_pitch_centered,13,102,0.2624753989600143,0.15887054879341966,0.2696,0.036876923076923085,0.18099999999999997,0.36399999999999993,0.4894499999999998,-0.004307692307692308,0.573,0.263
35.0,36.0,35.5,pilot_roll_centered,13,102,-0.07203813366121059,0.11193282316323716,-0.049199999999999994,-0.2673969230769231,-0.14150000000000001,0.013714285714285715,0.05693333333333332,-0.2868,0.05983333333333333,-0.06738461538461539
35.0,36.0,35.5,pilot_throttle_norm,13,102,0.14857513255974794,0.12930994355567607,0.0498,0.0448,0.047875,0.2285,0.3721792207792207,0.043,0.41785714285714287,0.14853846153846154
35.0,36.0,35.5,pitch_deg,13,102,-3.5491745636499354,3.964479356261148,-3.613863468170166,-9.4146928024292,-6.2147547721862795,-0.09593634646047246,1.5601050491086534,-10.869529724121094,2.896359315285316,-3.513122688119228
35.0,36.0,35.5,q_radps,13,102,-0.0066193577586295144,0.03992606829769505,-0.015941561343005072,-0.0698340774327516,-0.030835130131890764,0.0244053608427445,0.043008123920299055,-0.07914098966866728,0.056942813098430606,-0.008851729512501199
35.0,36.0,35.5,roll_deg,13,102,-2.2289482344609044,5.59419058825578,-2.456155315041542,-11.000261501165536,-3.8922069902447136,2.6385404467582703,3.647384920290538,-16.706574320793152,3.7099880490984236,-2.2091427113001165
35.0,36.0,35.5,sideslip_deg,13,102,0.09534647452360329,3.079196439774029,-0.4695379393441336,-4.551906883716583,-1.37558913230896,3.098296672105789,4.353662861477242,-5.323188066482544,5.321129712191495,0.10023892155060402
35.0,36.0,35.5,throttle_output,13,102,12.132459207459208,13.40915575886759,2.0,1.0,2.0,20.083333333333332,35.41818181818181,1.0,40.0,12.076923076923077
36.0,37.0,36.5,airspeed_mps,13,107,23.351376434345863,1.7150969635488613,23.48467227390834,21.08236770629883,22.340417515147816,24.59675407409668,25.641400001162573,20.575444221496582,26.90999444325765,23.350199185884914
36.0,37.0,36.5,aoa_deg,13,107,2.8918572754749565,2.9306044617804003,3.5839002430438995,-2.254048252105713,1.6732436180114747,4.314864567347935,6.241819334030148,-3.632150411605835,7.522308349609375,2.893140196800232
36.0,37.0,36.5,descent_rate_mps,13,107,2.831400214374691,0.9604109878251569,2.9464040483750296,1.5199625832694623,1.8493097478699847,3.578926722203571,4.124224090575342,1.441252572196029,4.1572151184075095,2.800716987022333
36.0,37.0,36.5,groundspeed_mps,13,107,22.648614639412912,2.8566943272893424,22.585173201571482,19.19279490861525,21.03711550825737,23.279815734911587,27.566108796692145,17.90039228456141,28.275996555681193,22.64861447526777
36.0,37.0,36.5,p_radps,13,107,0.027113781189727983,0.10228168595497872,-0.00144552551209928,-0.10260046887255848,-0.038594765455595086,0.0830686595290899,0.19877434782683842,-0.1424310927589734,0.2134905606508255,0.03037014868683537
36.0,37.0,36.5,pilot_pitch_centered,13,107,0.2566639360639361,0.16378785267267654,0.2882857142857143,0.03273766233766236,0.139,0.3602857142857143,0.4990399999999999,-0.0047272727272727275,0.548,0.2536923076923077
36.0,37.0,36.5,pilot_roll_centered,13,107,-0.10510892440892443,0.13768779382008203,-0.05766666666666667,-0.3079466666666667,-0.1861818181818182,-0.05418181818181819,0.048985714285714244,-0.4566666666666667,0.06771428571428571,-0.1093846153846154
36.0,37.0,36.5,pilot_throttle_norm,13,107,0.148401023976024,0.12951126166584198,0.04871428571428571,0.04483333333333333,0.04792857142857144,0.22912500000000002,0.37212857142857136,0.042833333333333334,0.41785714285714287,0.14823076923076925
36.0,37.0,36.5,pitch_deg,13,107,-3.4014504288510854,3.8952146589480443,-3.491497141974313,-9.092552954355876,-5.986316839853923,-0.5489357669970819,1.7684486869093625,-10.913950125376383,3.125960870222612,-3.392242955473753
36.0,37.0,36.5,q_radps,13,107,0.005564443764446287,0.03558602539640049,0.008051417581737,-0.0360137901920825,-0.02290635214497645,0.013398626553160787,0.06949687471443954,-0.04364622384309765,0.06986355832354586,0.0036494577339348847
36.0,37.0,36.5,roll_deg,13,107,-3.126674024174203,6.515811653175387,-1.5348904371261596,-13.25511413074675,-6.1847030321757,0.11209526658058167,3.945753371715541,-20.335952123006184,5.933938264846802,-3.0883607382957754
36.0,37.0,36.5,sideslip_deg,13,107,0.1673176705618918,3.772688095598075,-0.6332096954186758,-5.995221455891927,-1.200776219367981,2.3415514528751373,5.66672191619873,-6.633437951405843,6.046153988157,0.13371884135099557
36.0,37.0,36.5,throttle_output,13,107,12.079945054945055,13.41057903191429,2.0,1.0,2.0,20.125,35.37142857142856,1.0,40.0,12.0
37.0,38.0,37.5,airspeed_mps,13,156,23.407202873775272,1.7486053705962379,23.49459171295166,21.335229783899646,22.222696781158447,24.45527458190918,26.16295417785644,20.698373570161706,27.107576751708983,23.411325748150166
37.0,38.0,37.5,aoa_deg,13,156,2.537812178320524,2.776730623203242,2.9585546493530273,-2.462430421511332,1.5562929153442382,3.8617501258850098,5.8411347302523495,-3.0054606596628823,7.202750899574974,2.5119416553240557
37.0,38.0,37.5,descent_rate_mps,13,156,2.750809679825759,1.0637598494346874,3.0465825398787274,1.0742453967823022,1.9482402801519185,3.454907735196258,3.9290596008304486,0.2980206994449324,4.01910400390733,2.729827440701764
37.0,38.0,37.5,groundspeed_mps,13,156,22.6472080806874,2.8054756390627973,22.527564060202547,19.21798149727001,21.35981726465575,23.15908486931295,27.537988775592474,18.200882819693273,28.01531446972462,22.64548055664114
37.0,38.0,37.5,p_radps,13,156,-0.031559561851274655,0.06518705581832963,-0.008912041084840895,-0.13830780409586924,-0.08874555341899394,0.0074975059833377496,0.05019025846638458,-0.15743313481410345,0.05853457020764999,-0.03031281270803166
37.0,38.0,37.5,pilot_pitch_centered,13,156,0.24493100918689154,0.15318654646002527,0.24166666666666667,0.039389090909090915,0.1408333333333333,0.3373333333333333,0.47114666666666655,-0.0047272727272727275,0.5346666666666667,0.2473846153846154
37.0,38.0,37.5,pilot_roll_centered,13,156,-0.10397133552721789,0.13324053723874912,-0.062,-0.29281333333333326,-0.12833333333333333,-0.043666666666666666,-0.0034200000000000653,-0.5193333333333333,0.02325,-0.10292307692307692
37.0,38.0,37.5,pilot_throttle_norm,13,156,0.1524773961332785,0.1374228067835,0.04933333333333333,0.044199999999999996,0.046,0.22812500000000002,0.40608823529411764,0.04299999999999999,0.418,0.152
37.0,38.0,37.5,pitch_deg,13,156,-3.605651278220026,3.7529685260025323,-3.189823770523071,-8.963869400024414,-6.066102027893066,-1.7730028182268143,1.9593727263148835,-9.999730110168457,2.830613548105413,-3.6339679543788614
37.0,38.0,37.5,q_radps,13,156,0.00825910857802997,0.03961428475186164,0.020549258256020633,-0.050647251230354066,-0.017078178934752896,0.033671638251028244,0.06180350371946886,-0.05221257339386887,0.06550126274426775,0.011975744631714533
37.0,38.0,37.5,roll_deg,13,156,-2.6820050305098087,7.558613842195278,-0.18645333796739577,-14.830092366536455,-3.9794194378397045,0.9805365900198618,4.988443115949623,-22.92058213551839,8.359808826446534,-2.6704332570617018
37.0,38.0,37.5,sideslip_deg,13,156,0.23419835303041583,3.678250722334114,-1.0350196957588196,-5.045199139912923,-1.6877408742904663,2.3973491191864014,5.96991770463831,-5.076767762502034,7.240355126998004,0.1767561389849736
37.0,38.0,37.5,throttle_output,13,156,12.495927601809955,14.352887977463967,2.0,1.0,1.2,20.125,39.188235294117646,1.0,40.0,12.461538461538462
38.0,39.0,38.5,airspeed_mps,13,89,23.43260068089971,1.8965777451304422,23.13142885480608,21.10727335611979,22.081946055094402,24.829508209228514,25.986437988281246,20.01915232340495,27.211109161376953,23.45159178513747
38.0,39.0,38.5,aoa_deg,13,89,2.8509669321424287,3.027282055298557,3.443581740061442,-2.118589825630188,0.9612533807754516,5.155403667026096,6.5817136870490165,-2.324860382080078,7.134828991360134,2.7979535553604364
38.0,39.0,38.5,descent_rate_mps,13,89,2.9920062023204377,0.666355563712992,3.04953711373627,2.1060735914437223,2.343947887419276,3.617623647052303,3.8365859985360293,2.0568169487846717,3.9389877319344806,2.9799586075971614
38.0,39.0,38.5,groundspeed_mps,13,89,22.546428499748327,2.8817814898699203,22.3274525706324,18.877134309956702,21.182229812141735,23.09772899759798,27.527778644829947,17.555945619820825,27.703074036427605,22.550383071420917
38.0,39.0,38.5,p_radps,13,89,-0.11855664192312268,0.2493040478849538,-0.06524289357993336,-0.6005849957466125,-0.18288782797753808,0.004955585247703958,0.12397118069431048,-0.6946571469306946,0.25082815997302527,-0.12273030346617676
38.0,39.0,38.5,pilot_pitch_centered,13,89,0.23104407814407815,0.13790671488903813,0.22314285714285712,0.007155555555555556,0.13977777777777778,0.33666666666666667,0.4088,0.00022222222222222223,0.4196,0.22676923076923078
38.0,39.0,38.5,pilot_roll_centered,13,89,-0.11348693528693529,0.17085352985734784,-0.05766666666666667,-0.38952,-0.13771428571428573,-0.043,0.05986666666666646,-0.5772,0.14566666666666667,-0.11130769230769232
38.0,39.0,38.5,pilot_throttle_norm,13,89,0.15922759462759462,0.1524249901761246,0.04828571428571428,0.04293333333333333,0.046799999999999994,0.22883333333333333,0.4459999999999999,0.04283333333333333,0.48799999999999993,0.15915384615384617
38.0,39.0,38.5,pitch_deg,13,89,-3.90221702454109,3.981994893867818,-3.233907699584961,-9.514504394531249,-6.167180458704631,-2.112197518348694,1.375140088465476,-10.646066665649414,2.484920925564236,-3.911951917868394
38.0,39.0,38.5,q_radps,13,89,0.019198590337872492,0.03431627798497265,0.012251605811927985,-0.02258634228880202,-0.005161388901927099,0.04270069822669028,0.07266415628604585,-0.039967545735028844,0.08307749256491656,0.020562862726644815
38.0,39.0,38.5,roll_deg,13,89,-1.214906950712901,6.049685502171622,0.2540936889126897,-11.580750732421874,-2.821319301923116,2.2979590694109597,6.063955156008401,-15.426610565185547,6.81884781519572,-1.1900927739647718
38.0,39.0,38.5,sideslip_deg,13,89,0.5073852572212578,3.6975168677611254,0.18041633400652146,-3.9867664527893067,-1.9176887671152751,3.363661357334682,6.514626142713757,-4.365822124481201,7.282238059573704,0.48925370551072633
38.0,39.0,38.5,throttle_output,13,89,13.258547008547009,16.055825419906938,2.0,1.0,1.0,20.333333333333332,43.377777777777766,1.0,48.44444444444444,13.23076923076923
39.0,40.0,39.5,airspeed_mps,13,98,23.389751864003617,1.9381139596326378,22.79281539916992,21.054594612121583,22.196428298950195,24.538507143656414,26.274130412510463,19.889848709106445,27.256899969918386,23.38107204437256
39.0,40.0,39.5,aoa_deg,13,98,2.587356040205963,2.554155411526577,2.3517142704554965,-1.6903499102592465,1.1939546465873718,4.723255348205567,5.472749756404331,-2.5424407958984374,6.055951881408691,2.5757111723606405
39.0,40.0,39.5,descent_rate_mps,13,98,3.061365651559816,0.8204619520427171,3.0044146946499217,1.6751399993899827,2.928848266599313,3.528083165485422,4.102697372434305,1.040390014648463,4.184932708737631,3.057034565852398
39.0,40.0,39.5,groundspeed_mps,13,98,22.466980774347334,2.9832928933247165,22.258913368377385,18.514918211467894,21.02879516872133,23.162742652373918,27.494643152955003,16.904576521189927,27.65686105254651,22.46728384900411
39.0,40.0,39.5,p_radps,13,98,-0.10059210960353246,0.23034603844424062,-0.029602133855223624,-0.5170016808169229,-0.11705212444066995,0.016920409786204498,0.15372568020330987,-0.5709891276700156,0.22673533218247546,-0.09994382088860639
39.0,40.0,39.5,pilot_pitch_centered,13,98,0.24206849816849813,0.14592155516854244,0.22999999999999998,0.014645714285714286,0.16050000000000003,0.33742857142857136,0.44793333333333324,-0.006285714285714285,0.5013333333333333,0.2410769230769231
39.0,40.0,39.5,pilot_roll_centered,13,98,-0.10507252747252746,0.17358365739744,-0.056400000000000006,-0.4066933333333333,-0.08257142857142856,-0.0488,0.07299999999999979,-0.5313333333333333,0.16199999999999998,-0.1103846153846154
39.0,40.0,39.5,pilot_throttle_norm,13,98,0.1588948717948718,0.16257437666984947,0.048428571428571425,0.04299999999999999,0.04683333333333333,0.20790000000000003,0.47011428571428554,0.04299999999999999,0.5482857142857144,0.15984615384615386
39.0,40.0,39.5,pitch_deg,13,98,-4.24856795628347,3.832109482498715,-3.6235341003962924,-10.115846118927003,-6.209181594848633,-2.0083769219262257,0.5732597387582038,-12.055022621154786,1.69357750415802,-4.258105280307623
39.0,40.0,39.5,q_radps,13,98,0.016868210055269624,0.07420058167796867,0.013396411202847954,-0.05260134202029019,-0.040050392077925275,0.03229499855078753,0.13698929228952927,-0.05371844089989148,0.22759080997535158,0.01696993596851826
39.0,40.0,39.5,roll_deg,13,98,1.208540450748834,5.936123448582355,0.6542210683226586,-6.122304339408874,-2.63592521349589,2.683642029762268,10.41944439513342,-7.187674808502197,13.665054866245814,1.3249508787233095
39.0,40.0,39.5,sideslip_deg,13,98,0.8468223148213203,3.446340472562173,0.7026182668549674,-3.55504842599233,-2.2212091173444475,3.660842549800873,5.330386202675953,-3.909532388051351,6.506654466901507,0.8636688773448651
39.0,40.0,39.5,throttle_output,13,98,13.117216117216117,16.96033081590581,2.0,1.0,1.1666666666666667,18.0,45.59999999999998,1.0,54.0,13.115384615384615
