mavpackettype,TimeUS,C,Roll,Pitch,Yaw,VN,VE,VD,dPD,PN,PE,PD,GX,GY,GZ,OH,_t,t
XKF1,2744735,0,0.0,0.0,0.0,0.0,0.0,0.0,0.0,0.0,0.0,0.0,0.0,0.0,0.0,0.0,1768451511.7001011,0.0
XKF1,2744735,1,0.0,0.0,0.0,0.0,0.0,0.0,0.0,0.0,0.0,0.0,0.0,0.0,0.0,0.0,1768451511.7001011,0.0
XKF1,2784719,0,0.0,0.0,0.0,0.0,0.0,0.0,0.0,0.0,0.0,0.0,0.0,0.0,0.0,0.0,1768451511.7400851,0.039984
XKF1,2784719,1,0.0,0.0,0.0,0.0,0.0,0.0,0.0,0.0,0.0,0.0,0.0,0.0,0.0,0.0,1768451511.7400851,0.039984
XKF1,2824703,0,0.0,0.0,0.0,0.0,0.0,0.0,0.0,0.0,0.0,0.0,0.0,0.0,0.0,0.0,1768451511.780069,0.079968
XKF1,2824703,1,0.0,0.0,0.0,0.0,0.0,0.0,0.0,0.0,0.0,0.0,0.0,0.0,0.0,0.0,1768451511.780069,0.079968
XKF1,2864687,0,0.0,0.0,0.0,0.0,0.0,0.0,0.0,0.0,0.0,0.0,0.0,0.0,0.0,0.0,1768451511.820053,0.119952
XKF1,2864687,1,0.0,0.0,0.0,0.0,0.0,0.0,0.0,0.0,0.0,0.0,0.0,0.0,0.0,0.0,1768451511.820053,0.119952
XKF1,2904671,0,0.0,0.0,0.0,0.0,0.0,0.0,0.0,0.0,0.0,0.0,0.0,0.0,0.0,0.0,1768451511.860037,0.159936
XKF1,2904671,1,0.0,0.0,0.0,0.0,0.0,0.0,0.0,0.0,0.0,0.0,0.0,0.0,0.0,0.0,1768451511.860037,0.159936
XKF1,2944655,0,0.0,0.0,0.0,0.0,0.0,0.0,0.0,0.0,0.0,0.0,0.0,0.0,0.0,0.0,1768451511.900021,0.19992
XKF1,2944655,1,0.0,0.0,0.0,0.0,0.0,0.0,0.0,0.0,0.0,0.0,0.0,0.0,0.0,0.0,1768451511.900021,0.19992
XKF1,2984639,0,0.0,0.0,0.0,0.0,0.0,0.0,0.0,0.0,0.0,0.0,0.0,0.0,0.0,0.0,1768451511.940005,0.239904
XKF1,2984639,1,0.0,0.0,0.0,0.0,0.0,0.0,0.0,0.0,0.0,0.0,0.0,0.0,0.0,0.0,1768451511.940005,0.239904
XKF1,3024623,0,0.0,0.0,0.0,0.0,0.0,0.0,0.0,0.0,0.0,0.0,0.0,0.0,0.0,0.0,1768451511.979989,0.279888
XKF1,3024623,1,0.0,0.0,0.0,0.0,0.0,0.0,0.0,0.0,0.0,0.0,0.0,0.0,0.0,0.0,1768451511.979989,0.279888
XKF1,3064607,0,0.0,0.0,0.0,0.0,0.0,0.0,0.0,0.0,0.0,0.0,0.0,0.0,0.0,0.0,1768451512.019973,0.319872
XKF1,3064607,1,0.0,0.0,0.0,0.0,0.0,0.0,0.0,0.0,0.0,0.0,0.0,0.0,0.0,0.0,1768451512.019973,0.319872
XKF1,3104591,0,0.0,0.0,0.0,0.0,0.0,0.0,0.0,0.0,0.0,0.0,0.0,0.0,0.0,0.0,1768451512.059957,0.359856
XKF1,3104591,1,0.0,0.0,0.0,0.0,0.0,0.0,0.0,0.0,0.0,0.0,0.0,0.0,0.0,0.0,1768451512.059957,0.359856
XKF1,3144575,0,0.0,0.0,0.0,0.0,0.0,0.0,0.0,0.0,0.0,0.0,0.0,0.0,0.0,0.0,1768451512.0999413,0.39984
XKF1,3144575,1,0.0,0.0,0.0,0.0,0.0,0.0,0.0,0.0,0.0,0.0,0.0,0.0,0.0,0.0,1768451512.0999413,0.39984
XKF1,3184559,0,0.0,0.0,0.0,0.0,0.0,0.0,0.0,0.0,0.0,0.0,0.0,0.0,0.0,0.0,1768451512.1399252,0.439824
XKF1,3184559,1,0.0,0.0,0.0,0.0,0.0,0.0,0.0,0.0,0.0,0.0,0.0,0.0,0.0,0.0,1768451512.1399252,0.439824
XKF1,3224543,0,0.0,0.0,0.0,0.0,0.0,0.0,0.0,0.0,0.0,0.0,0.0,0.0,0.0,0.0,1768451512.1799092,0.479808
XKF1,3224543,1,0.0,0.0,0.0,0.0,0.0,0.0,0.0,0.0,0.0,0.0,0.0,0.0,0.0,0.0,1768451512.1799092,0.479808
XKF1,3264527,0,0.0,0.0,0.0,0.0,0.0,0.0,0.0,0.0,0.0,0.0,0.0,0.0,0.0,0.0,1768451512.2198932,0.519792
XKF1,3264527,1,0.0,0.0,0.0,0.0,0.0,0.0,0.0,0.0,0.0,0.0,0.0,0.0,0.0,0.0,1768451512.2198932,0.519792
XKF1,3304511,0,0.0,0.0,0.0,0.0,0.0,0.0,0.0,0.0,0.0,0.0,0.0,0.0,0.0,0.0,1768451512.2598772,0.559776
XKF1,3304511,1,0.0,0.0,0.0,0.0,0.0,0.0,0.0,0.0,0.0,0.0,0.0,0.0,0.0,0.0,1768451512.2598772,0.559776
XKF1,3344495,0,0.0,0.0,0.0,0.0,0.0,0.0,0.0,0.0,0.0,0.0,0.0,0.0,0.0,0.0,1768451512.2998612,0.59976
XKF1,3344495,1,0.0,0.0,0.0,0.0,0.0,0.0,0.0,0.0,0.0,0.0,0.0,0.0,0.0,0.0,1768451512.2998612,0.59976
XKF1,3384479,0,0.0,0.0,0.0,0.0,0.0,0.0,0.0,0.0,0.0,0.0,0.0,0.0,0.0,0.0,1768451512.3398452,0.639744
XKF1,3384479,1,0.0,0.0,0.0,0.0,0.0,0.0,0.0,0.0,0.0,0.0,0.0,0.0,0.0,0.0,1768451512.3398452,0.639744
XKF1,3424463,0,0.0,0.0,0.0,0.0,0.0,0.0,0.0,0.0,0.0,0.0,0.0,0.0,0.0,0.0,1768451512.3798292,0.679728
XKF1,3424463,1,0.0,0.0,0.0,0.0,0.0,0.0,0.0,0.0,0.0,0.0,0.0,0.0,0.0,0.0,1768451512.3798292,0.679728
XKF1,3464447,0,0.0,0.0,0.0,0.0,0.0,0.0,0.0,0.0,0.0,0.0,0.0,0.0,0.0,0.0,1768451512.4198132,0.719712
XKF1,3464447,1,0.0,0.0,0.0,0.0,0.0,0.0,0.0,0.0,0.0,0.0,0.0,0.0,0.0,0.0,1768451512.4198132,0.719712
XKF1,3504431,0,0.0,0.0,0.0,0.0,0.0,0.0,0.0,0.0,0.0,0.0,0.0,0.0,0.0,0.0,1768451512.4597971,0.759696
XKF1,3504431,1,0.0,0.0,0.0,0.0,0.0,0.0,0.0,0.0,0.0,0.0,0.0,0.0,0.0,0.0,1768451512.4597971,0.759696
XKF1,3544415,0,0.0,0.0,0.0,0.0,0.0,0.0,0.0,0.0,0.0,0.0,0.0,0.0,0.0,0.0,1768451512.4997811,0.79968
XKF1,3544415,1,0.0,0.0,0.0,0.0,0.0,0.0,0.0,0.0,0.0,0.0,0.0,0.0,0.0,0.0,1768451512.4997811,0.79968
XKF1,3584399,0,0.0,0.0,0.0,0.0,0.0,0.0,0.0,0.0,0.0,0.0,0.0,0.0,0.0,0.0,1768451512.5397651,0.839664
XKF1,3584399,1,0.0,0.0,0.0,0.0,0.0,0.0,0.0,0.0,0.0,0.0,0.0,0.0,0.0,0.0,1768451512.5397651,0.839664
XKF1,3624383,0,0.0,0.0,0.0,0.0,0.0,0.0,0.0,0.0,0.0,0.0,0.0,0.0,0.0,0.0,1768451512.579749,0.879648
XKF1,3624383,1,0.0,0.0,0.0,0.0,0.0,0.0,0.0,0.0,0.0,0.0,0.0,0.0,0.0,0.0,1768451512.579749,0.879648
XKF1,3664367,0,0.0,0.0,0.0,0.0,0.0,0.0,0.0,0.0,0.0,0.0,0.0,0.0,0.0,0.0,1768451512.619733,0.919632
XKF1,3664367,1,0.0,0.0,0.0,0.0,0.0,0.0,0.0,0.0,0.0,0.0,0.0,0.0,0.0,0.0,1768451512.619733,0.919632
XKF1,3704351,0,0.0,0.0,0.0,0.0,0.0,0.0,0.0,0.0,0.0,0.0,0.0,0.0,0.0,0.0,1768451512.659717,0.959616
XKF1,3704351,1,0.0,0.0,0.0,0.0,0.0,0.0,0.0,0.0,0.0,0.0,0.0,0.0,0.0,0.0,1768451512.659717,0.959616
XKF1,3744335,0,0.0,0.0,0.0,0.0,0.0,0.0,0.0,0.0,0.0,0.0,0.0,0.0,0.0,0.0,1768451512.699701,0.9996
XKF1,3744335,1,0.0,0.0,0.0,0.0,0.0,0.0,0.0,0.0,0.0,0.0,0.0,0.0,0.0,0.0,1768451512.699701,0.9996
XKF1,3784319,0,0.0,0.0,0.0,0.0,0.0,0.0,0.0,0.0,0.0,0.0,0.0,0.0,0.0,0.0,1768451512.739685,1.039584
XKF1,3784319,1,0.0,0.0,0.0,0.0,0.0,0.0,0.0,0.0,0.0,0.0,0.0,0.0,0.0,0.0,1768451512.739685,1.039584
XKF1,3825136,0,0.0,0.0,0.0,0.0,0.0,0.0,0.0,0.0,0.0,0.0,0.0,0.0,0.0,0.0,1768451512.780502,1.080401
XKF1,3825136,1,0.0,0.0,0.0,0.0,0.0,0.0,0.0,0.0,0.0,0.0,0.0,0.0,0.0,0.0,1768451512.780502,1.080401
XKF1,3865120,0,0.0,0.0,0.0,0.0,0.0,0.0,0.0,0.0,0.0,0.0,0.0,0.0,0.0,0.0,1768451512.820486,1.120385
XKF1,3865120,1,0.0,0.0,0.0,0.0,0.0,0.0,0.0,0.0,0.0,0.0,0.0,0.0,0.0,0.0,1768451512.820486,1.120385
XKF1,3905104,0,0.0,0.0,0.0,0.0,0.0,0.0,0.0,0.0,0.0,0.0,0.0,0.0,0.0,0.0,1768451512.86047,1.160369
XKF1,3905104,1,0.0,0.0,0.0,0.0,0.0,0.0,0.0,0.0,0.0,0.0,0.0,0.0,0.0,0.0,1768451512.86047,1.160369
XKF1,3945088,1,0.0,0.0,0.0,0.0,0.0,0.0,0.0,0.0,0.0,0.0,0.0,0.0,0.0,0.0,1768451512.900454,1.200353
XKF1,3945088,0,0.0,0.0,0.0,0.0,0.0,0.0,0.0,0.0,0.0,0.0,0.0,0.0,0.0,0.0,1768451512.900454,1.200353
XKF1,3985072,1,0.0,0.0,0.0,0.0,0.0,0.0,0.0,0.0,0.0,0.0,0.0,0.0,0.0,0.0,1768451512.940438,1.240337
XKF1,3985072,0,0.0,0.0,0.0,0.0,0.0,0.0,0.0,0.0,0.0,0.0,0.0,0.0,0.0,0.0,1768451512.940438,1.240337
XKF1,4025056,1,0.0,0.0,0.0,0.0,0.0,0.0,0.0,0.0,0.0,0.0,0.0,0.0,0.0,0.0,1768451512.980422,1.280321
XKF1,4025056,0,0.0,0.0,0.0,0.0,0.0,0.0,0.0,0.0,0.0,0.0,0.0,0.0,0.0,0.0,1768451512.980422,1.280321
XKF1,4065040,1,0.0,0.0,0.0,0.0,0.0,0.0,0.0,0.0,0.0,0.0,0.0,0.0,0.0,0.0,1768451513.0204062,1.320305
XKF1,4065040,0,0.0,0.0,0.0,0.0,0.0,0.0,0.0,0.0,0.0,0.0,0.0,0.0,0.0,0.0,1768451513.0204062,1.320305
XKF1,4105024,1,0.0,0.0,0.0,0.0,0.0,0.0,0.0,0.0,0.0,0.0,0.0,0.0,0.0,0.0,1768451513.0603902,1.360289
XKF1,4105024,0,0.0,0.0,0.0,0.0,0.0,0.0,0.0,0.0,0.0,0.0,0.0,0.0,0.0,0.0,1768451513.0603902,1.360289
XKF1,4145008,1,0.0,0.0,0.0,0.0,0.0,0.0,0.0,0.0,0.0,0.0,0.0,0.0,0.0,0.0,1768451513.1003742,1.400273
XKF1,4145008,0,0.0,0.0,0.0,0.0,0.0,0.0,0.0,0.0,0.0,0.0,0.0,0.0,0.0,0.0,1768451513.1003742,1.400273
XKF1,4184992,1,0.0,0.0,0.0,0.0,0.0,0.0,0.0,0.0,0.0,0.0,0.0,0.0,0.0,0.0,1768451513.1403582,1.440257
XKF1,4184992,0,0.0,0.0,0.0,0.0,0.0,0.0,0.0,0.0,0.0,0.0,0.0,0.0,0.0,0.0,1768451513.1403582,1.440257
XKF1,4224976,1,0.0,0.0,0.0,0.0,0.0,0.0,0.0,0.0,0.0,0.0,0.0,0.0,0.0,0.0,1768451513.1803422,1.480241
XKF1,4224976,0,0.0,0.0,0.0,0.0,0.0,0.0,0.0,0.0,0.0,0.0,0.0,0.0,0.0,0.0,1768451513.1803422,1.480241
XKF1,4264960,0,0.0,0.0,0.0,0.0,0.0,0.0,0.0,0.0,0.0,0.0,0.0,0.0,0.0,0.0,1768451513.2203262,1.520225
XKF1,4264960,1,0.0,0.0,0.0,0.0,0.0,0.0,0.0,0.0,0.0,0.0,0.0,0.0,0.0,0.0,1768451513.2203262,1.520225
XKF1,4304944,0,0.0,0.0,0.0,0.0,0.0,0.0,0.0,0.0,0.0,0.0,0.0,0.0,0.0,0.0,1768451513.2603102,1.560209
XKF1,4304944,1,0.0,0.0,0.0,0.0,0.0,0.0,0.0,0.0,0.0,0.0,0.0,0.0,0.0,0.0,1768451513.2603102,1.560209
XKF1,4344928,1,0.0,0.0,0.0,0.0,0.0,0.0,0.0,0.0,0.0,0.0,0.0,0.0,0.0,0.0,1768451513.3002942,1.600193
XKF1,4344928,0,0.0,0.0,0.0,0.0,0.0,0.0,0.0,0.0,0.0,0.0,0.0,0.0,0.0,0.0,1768451513.3002942,1.600193
XKF1,4384912,1,0.0,0.0,0.0,0.0,0.0,0.0,0.0,0.0,0.0,0.0,0.0,0.0,0.0,0.0,1768451513.3402781,1.640177
XKF1,4384912,0,0.0,0.0,0.0,0.0,0.0,0.0,0.0,0.0,0.0,0.0,0.0,0.0,0.0,0.0,1768451513.3402781,1.640177
XKF1,4424896,1,0.0,0.0,0.0,0.0,0.0,0.0,0.0,0.0,0.0,0.0,0.0,0.0,0.0,0.0,1768451513.3802621,1.680161
XKF1,4424896,0,0.0,0.0,0.0,0.0,0.0,0.0,0.0,0.0,0.0,0.0,0.0,0.0,0.0,0.0,1768451513.3802621,1.680161
XKF1,4464880,1,0.0,0.0,0.0,0.0,0.0,0.0,0.0,0.0,0.0,0.0,0.0,0.0,0.0,0.0,1768451513.4202461,1.720145
XKF1,4464880,0,0.0,0.0,0.0,0.0,0.0,0.0,0.0,0.0,0.0,0.0,0.0,0.0,0.0,0.0,1768451513.4202461,1.720145
XKF1,4504864,0,0.0,0.0,0.0,0.0,0.0,0.0,0.0,0.0,0.0,0.0,0.0,0.0,0.0,0.0,1768451513.46023,1.760129
XKF1,4504864,1,0.0,0.0,0.0,0.0,0.0,0.0,0.0,0.0,0.0,0.0,0.0,0.0,0.0,0.0,1768451513.46023,1.760129
XKF1,4544848,0,0.0,0.0,0.0,0.0,0.0,0.0,0.0,0.0,0.0,0.0,0.0,0.0,0.0,0.0,1768451513.500214,1.800113
XKF1,4544848,1,0.0,0.0,0.0,0.0,0.0,0.0,0.0,0.0,0.0,0.0,0.0,0.0,0.0,0.0,1768451513.500214,1.800113
XKF1,4584832,0,0.0,0.0,0.0,0.0,0.0,0.0,0.0,0.0,0.0,0.0,0.0,0.0,0.0,0.0,1768451513.540198,1.840097
XKF1,4584832,1,0.0,0.0,0.0,0.0,0.0,0.0,0.0,0.0,0.0,0.0,0.0,0.0,0.0,0.0,1768451513.540198,1.840097
XKF1,4624816,0,0.0,0.0,0.0,0.0,0.0,0.0,0.0,0.0,0.0,0.0,0.0,0.0,0.0,0.0,1768451513.580182,1.880081
XKF1,4624816,1,0.0,0.0,0.0,0.0,0.0,0.0,0.0,0.0,0.0,0.0,0.0,0.0,0.0,0.0,1768451513.580182,1.880081
XKF1,4664800,0,0.0,0.0,0.0,0.0,0.0,0.0,0.0,0.0,0.0,0.0,0.0,0.0,0.0,0.0,1768451513.620166,1.920065
XKF1,4664800,1,0.0,0.0,0.0,0.0,0.0,0.0,0.0,0.0,0.0,0.0,0.0,0.0,0.0,0.0,1768451513.620166,1.920065
XKF1,4704784,0,0.0,0.0,0.0,0.0,0.0,0.0,0.0,0.0,0.0,0.0,0.0,0.0,0.0,0.0,1768451513.66015,1.960049
XKF1,4704784,1,0.0,0.0,0.0,0.0,0.0,0.0,0.0,0.0,0.0,0.0,0.0,0.0,0.0,0.0,1768451513.66015,1.960049
XKF1,4744768,0,0.0,0.0,0.0,0.0,0.0,0.0,0.0,0.0,0.0,0.0,0.0,0.0,0.0,0.0,1768451513.700134,2.000033
XKF1,4744768,1,0.0,0.0,0.0,0.0,0.0,0.0,0.0,0.0,0.0,0.0,0.0,0.0,0.0,0.0,1768451513.700134,2.000033
XKF1,4784752,0,0.0,0.0,0.0,0.0,0.0,0.0,0.0,0.0,0.0,0.0,0.0,0.0,0.0,0.0,1768451513.740118,2.040017
XKF1,4784752,1,0.0,0.0,0.0,0.0,0.0,0.0,0.0,0.0,0.0,0.0,0.0,0.0,0.0,0.0,1768451513.740118,2.040017
XKF1,4824736,1,0.0,0.0,0.0,0.0,0.0,0.0,0.0,0.0,0.0,0.0,0.0,0.0,0.0,0.0,1768451513.7801023,2.080001
XKF1,4824736,0,0.0,0.0,0.0,0.0,0.0,0.0,0.0,0.0,0.0,0.0,0.0,0.0,0.0,0.0,1768451513.7801023,2.080001
XKF1,4864720,1,0.0,0.0,0.0,0.0,0.0,0.0,0.0,0.0,0.0,0.0,0.0,0.0,0.0,0.0,1768451513.8200862,2.119985
XKF1,4864720,0,0.0,0.0,0.0,0.0,0.0,0.0,0.0,0.0,0.0,0.0,0.0,0.0,0.0,0.0,1768451513.8200862,2.119985
XKF1,4904704,1,0.0,0.0,0.0,0.0,0.0,0.0,0.0,0.0,0.0,0.0,0.0,0.0,0.0,0.0,1768451513.8600702,2.159969
XKF1,4904704,0,0.0,0.0,0.0,0.0,0.0,0.0,0.0,0.0,0.0,0.0,0.0,0.0,0.0,0.0,1768451513.8600702,2.159969
XKF1,4944688,1,0.0,0.0,0.0,0.0,0.0,0.0,0.0,0.0,0.0,0.0,0.0,0.0,0.0,0.0,1768451513.9000542,2.199953
XKF1,4944688,0,0.0,0.0,0.0,0.0,0.0,0.0,0.0,0.0,0.0,0.0,0.0,0.0,0.0,0.0,1768451513.9000542,2.199953
XKF1,4984672,0,0.0,0.0,0.0,0.0,0.0,0.0,0.0,0.0,0.0,0.0,0.0,0.0,0.0,0.0,1768451513.9400382,2.239937
XKF1,4984672,1,0.0,0.0,0.0,0.0,0.0,0.0,0.0,0.0,0.0,0.0,0.0,0.0,0.0,0.0,1768451513.9400382,2.239937
XKF1,5024656,0,0.0,0.0,0.0,0.0,0.0,0.0,0.0,0.0,0.0,0.0,0.0,0.0,0.0,0.0,1768451513.9800222,2.279921
XKF1,5024656,1,0.0,0.0,0.0,0.0,0.0,0.0,0.0,0.0,0.0,0.0,0.0,0.0,0.0,0.0,1768451513.9800222,2.279921
XKF1,5064640,0,0.0,0.0,0.0,0.0,0.0,0.0,0.0,0.0,0.0,0.0,0.0,0.0,0.0,0.0,1768451514.0200062,2.319905
XKF1,5064640,1,0.0,0.0,0.0,0.0,0.0,0.0,0.0,0.0,0.0,0.0,0.0,0.0,0.0,0.0,1768451514.0200062,2.319905
XKF1,5104624,0,0.0,0.0,0.0,0.0,0.0,0.0,0.0,0.0,0.0,0.0,0.0,0.0,0.0,0.0,1768451514.0599902,2.359889
XKF1,5104624,1,0.0,0.0,0.0,0.0,0.0,0.0,0.0,0.0,0.0,0.0,0.0,0.0,0.0,0.0,1768451514.0599902,2.359889
XKF1,5144608,0,0.0,0.0,0.0,0.0,0.0,0.0,0.0,0.0,0.0,0.0,0.0,0.0,0.0,0.0,1768451514.0999742,2.399873
XKF1,5144608,1,0.0,0.0,0.0,0.0,0.0,0.0,0.0,0.0,0.0,0.0,0.0,0.0,0.0,0.0,1768451514.0999742,2.399873
XKF1,5184592,0,0.0,0.0,0.0,0.0,0.0,0.0,0.0,0.0,0.0,0.0,0.0,0.0,0.0,0.0,1768451514.1399581,2.439857
XKF1,5184592,1,0.0,0.0,0.0,0.0,0.0,0.0,0.0,0.0,0.0,0.0,0.0,0.0,0.0,0.0,1768451514.1399581,2.439857
XKF1,5224576,0,0.0,0.0,0.0,0.0,0.0,0.0,0.0,0.0,0.0,0.0,0.0,0.0,0.0,0.0,1768451514.1799421,2.479841
XKF1,5224576,1,0.0,0.0,0.0,0.0,0.0,0.0,0.0,0.0,0.0,0.0,0.0,0.0,0.0,0.0,1768451514.1799421,2.479841
XKF1,5264560,0,0.0,0.0,0.0,0.0,0.0,0.0,0.0,0.0,0.0,0.0,0.0,0.0,0.0,0.0,1768451514.219926,2.519825
XKF1,5264560,1,0.0,0.0,0.0,0.0,0.0,0.0,0.0,0.0,0.0,0.0,0.0,0.0,0.0,0.0,1768451514.219926,2.519825
XKF1,5304544,1,0.0,0.0,0.0,0.0,0.0,0.0,0.0,0.0,0.0,0.0,0.0,0.0,0.0,0.0,1768451514.25991,2.559809
XKF1,5304544,0,0.0,0.0,0.0,0.0,0.0,0.0,0.0,0.0,0.0,0.0,0.0,0.0,0.0,0.0,1768451514.25991,2.559809
XKF1,5344528,1,0.0,0.0,0.0,0.0,0.0,0.0,0.0,0.0,0.0,0.0,0.0,0.0,0.0,0.0,1768451514.299894,2.599793
XKF1,5344528,0,0.0,0.0,0.0,0.0,0.0,0.0,0.0,0.0,0.0,0.0,0.0,0.0,0.0,0.0,1768451514.299894,2.599793
XKF1,5384512,1,0.0,0.0,0.0,0.0,0.0,0.0,0.0,0.0,0.0,0.0,0.0,0.0,0.0,0.0,1768451514.339878,2.639777
XKF1,5384512,0,0.0,0.0,0.0,0.0,0.0,0.0,0.0,0.0,0.0,0.0,0.0,0.0,0.0,0.0,1768451514.339878,2.639777
XKF1,5424496,1,0.0,0.0,0.0,0.0,0.0,0.0,0.0,0.0,0.0,0.0,0.0,0.0,0.0,0.0,1768451514.379862,2.679761
XKF1,5424496,0,0.0,0.0,0.0,0.0,0.0,0.0,0.0,0.0,0.0,0.0,0.0,0.0,0.0,0.0,1768451514.379862,2.679761
XKF1,5464480,1,0.0,0.0,0.0,0.0,0.0,0.0,0.0,0.0,0.0,0.0,0.0,0.0,0.0,0.0,1768451514.419846,2.719745
XKF1,5464480,0,0.0,0.0,0.0,0.0,0.0,0.0,0.0,0.0,0.0,0.0,0.0,0.0,0.0,0.0,1768451514.419846,2.719745
XKF1,5504464,1,0.0,0.0,0.0,0.0,0.0,0.0,0.0,0.0,0.0,0.0,0.0,0.0,0.0,0.0,1768451514.45983,2.759729
XKF1,5504464,0,0.0,0.0,0.0,0.0,0.0,0.0,0.0,0.0,0.0,0.0,0.0,0.0,0.0,0.0,1768451514.45983,2.759729
XKF1,5544448,1,0.0,0.0,0.0,0.0,0.0,0.0,0.0,0.0,0.0,0.0,0.0,0.0,0.0,0.0,1768451514.499814,2.799713
XKF1,5544448,0,0.0,0.0,0.0,0.0,0.0,0.0,0.0,0.0,0.0,0.0,0.0,0.0,0.0,0.0,1768451514.499814,2.799713
XKF1,5584432,1,0.0,0.0,0.0,0.0,0.0,0.0,0.0,0.0,0.0,0.0,0.0,0.0,0.0,0.0,1768451514.539798,2.839697
XKF1,5584432,0,0.0,0.0,0.0,0.0,0.0,0.0,0.0,0.0,0.0,0.0,0.0,0.0,0.0,0.0,1768451514.539798,2.839697
XKF1,5624416,0,0.0,0.0,0.0,0.0,0.0,0.0,0.0,0.0,0.0,0.0,0.0,0.0,0.0,0.0,1768451514.5797822,2.879681
XKF1,5624416,1,0.0,0.0,0.0,0.0,0.0,0.0,0.0,0.0,0.0,0.0,0.0,0.0,0.0,0.0,1768451514.5797822,2.879681
XKF1,5664400,0,0.0,0.0,0.0,0.0,0.0,0.0,0.0,0.0,0.0,0.0,0.0,0.0,0.0,0.0,1768451514.6197662,2.919665
XKF1,5664400,1,0.0,0.0,0.0,0.0,0.0,0.0,0.0,0.0,0.0,0.0,0.0,0.0,0.0,0.0,1768451514.6197662,2.919665
XKF1,5704384,0,0.0,0.0,0.0,0.0,0.0,0.0,0.0,0.0,0.0,0.0,0.0,0.0,0.0,0.0,1768451514.6597502,2.959649
XKF1,5704384,1,0.0,0.0,0.0,0.0,0.0,0.0,0.0,0.0,0.0,0.0,0.0,0.0,0.0,0.0,1768451514.6597502,2.959649
XKF1,5744368,0,0.0,0.0,0.0,0.0,0.0,0.0,0.0,0.0,0.0,0.0,0.0,0.0,0.0,0.0,1768451514.6997342,2.999633
XKF1,5744368,1,0.0,0.0,0.0,0.0,0.0,0.0,0.0,0.0,0.0,0.0,0.0,0.0,0.0,0.0,1768451514.6997342,2.999633
XKF1,5784352,0,0.0,0.0,0.0,0.0,0.0,0.0,0.0,0.0,0.0,0.0,0.0,0.0,0.0,0.0,1768451514.7397182,3.039617
XKF1,5784352,1,0.0,0.0,0.0,0.0,0.0,0.0,0.0,0.0,0.0,0.0,0.0,0.0,0.0,0.0,1768451514.7397182,3.039617
XKF1,5824336,0,0.0,0.0,0.0,0.0,0.0,0.0,0.0,0.0,0.0,0.0,0.0,0.0,0.0,0.0,1768451514.7797022,3.079601
XKF1,5824336,1,0.0,0.0,0.0,0.0,0.0,0.0,0.0,0.0,0.0,0.0,0.0,0.0,0.0,0.0,1768451514.7797022,3.079601
XKF1,5864320,0,0.0,0.0,0.0,0.0,0.0,0.0,0.0,0.0,0.0,0.0,0.0,0.0,0.0,0.0,1768451514.8196862,3.119585
XKF1,5864320,1,0.0,0.0,0.0,0.0,0.0,0.0,0.0,0.0,0.0,0.0,0.0,0.0,0.0,0.0,1768451514.8196862,3.119585
XKF1,5905137,0,0.0,0.0,0.0,0.0,0.0,0.0,0.0,0.0,0.0,0.0,0.0,0.0,0.0,0.0,1768451514.8605032,3.160402
XKF1,5905137,1,0.0,0.0,0.0,0.0,0.0,0.0,0.0,0.0,0.0,0.0,0.0,0.0,0.0,0.0,1768451514.8605032,3.160402
XKF1,5945121,1,0.0,0.0,0.0,0.0,0.0,0.0,0.0,0.0,0.0,0.0,0.0,0.0,0.0,0.0,1768451514.9004872,3.200386
XKF1,5945121,0,0.0,0.0,0.0,0.0,0.0,0.0,0.0,0.0,0.0,0.0,0.0,0.0,0.0,0.0,1768451514.9004872,3.200386
XKF1,5985105,1,0.0,0.0,0.0,0.0,0.0,0.0,0.0,0.0,0.0,0.0,0.0,0.0,0.0,0.0,1768451514.9404712,3.24037
XKF1,5985105,0,0.0,0.0,0.0,0.0,0.0,0.0,0.0,0.0,0.0,0.0,0.0,0.0,0.0,0.0,1768451514.9404712,3.24037
XKF1,6025089,1,0.0,0.0,0.0,0.0,0.0,0.0,0.0,0.0,0.0,0.0,0.0,0.0,0.0,0.0,1768451514.9804552,3.280354
XKF1,6025089,0,0.0,0.0,0.0,0.0,0.0,0.0,0.0,0.0,0.0,0.0,0.0,0.0,0.0,0.0,1768451514.9804552,3.280354
XKF1,6065073,1,0.0,0.0,0.0,0.0,0.0,0.0,0.0,0.0,0.0,0.0,0.0,0.0,0.0,0.0,1768451515.0204391,3.320338
XKF1,6065073,0,0.0,0.0,0.0,0.0,0.0,0.0,0.0,0.0,0.0,0.0,0.0,0.0,0.0,0.0,1768451515.0204391,3.320338
XKF1,6105057,0,0.0,0.0,0.0,0.0,0.0,0.0,0.0,0.0,0.0,0.0,0.0,0.0,0.0,0.0,1768451515.0604231,3.360322
XKF1,6105057,1,0.0,0.0,0.0,0.0,0.0,0.0,0.0,0.0,0.0,0.0,0.0,0.0,0.0,0.0,1768451515.0604231,3.360322
XKF1,6145041,0,0.0,0.0,0.0,0.0,0.0,0.0,0.0,0.0,0.0,0.0,0.0,0.0,0.0,0.0,1768451515.1004071,3.400306
XKF1,6145041,1,0.0,0.0,0.0,0.0,0.0,0.0,0.0,0.0,0.0,0.0,0.0,0.0,0.0,0.0,1768451515.1004071,3.400306
XKF1,6185025,0,0.0,0.0,0.0,0.0,0.0,0.0,0.0,0.0,0.0,0.0,0.0,0.0,0.0,0.0,1768451515.140391,3.44029
XKF1,6185025,1,0.0,0.0,0.0,0.0,0.0,0.0,0.0,0.0,0.0,0.0,0.0,0.0,0.0,0.0,1768451515.140391,3.44029
XKF1,6225009,0,0.0,0.0,0.0,0.0,0.0,0.0,0.0,0.0,0.0,0.0,0.0,0.0,0.0,0.0,1768451515.180375,3.480274
XKF1,6225009,1,0.0,0.0,0.0,0.0,0.0,0.0,0.0,0.0,0.0,0.0,0.0,0.0,0.0,0.0,1768451515.180375,3.480274
XKF1,6264993,1,0.0,0.0,0.0,0.0,0.0,0.0,0.0,0.0,0.0,0.0,0.0,0.0,0.0,0.0,1768451515.220359,3.520258
XKF1,6264993,0,0.0,0.0,0.0,0.0,0.0,0.0,0.0,0.0,0.0,0.0,0.0,0.0,0.0,0.0,1768451515.220359,3.520258
XKF1,6304977,1,0.0,0.0,0.0,0.0,0.0,0.0,0.0,0.0,0.0,0.0,0.0,0.0,0.0,0.0,1768451515.260343,3.560242
XKF1,6304977,0,0.0,0.0,0.0,0.0,0.0,0.0,0.0,0.0,0.0,0.0,0.0,0.0,0.0,0.0,1768451515.260343,3.560242
XKF1,6344961,1,0.0,0.0,0.0,0.0,0.0,0.0,0.0,0.0,0.0,0.0,0.0,0.0,0.0,0.0,1768451515.300327,3.600226
XKF1,6344961,0,0.0,0.0,0.0,0.0,0.0,0.0,0.0,0.0,0.0,0.0,0.0,0.0,0.0,0.0,1768451515.300327,3.600226
XKF1,6384945,1,0.0,0.0,0.0,0.0,0.0,0.0,0.0,0.0,0.0,0.0,0.0,0.0,0.0,0.0,1768451515.340311,3.64021
XKF1,6384945,0,0.0,0.0,0.0,0.0,0.0,0.0,0.0,0.0,0.0,0.0,0.0,0.0,0.0,0.0,1768451515.340311,3.64021
XKF1,6424929,1,0.0,0.0,0.0,0.0,0.0,0.0,0.0,0.0,0.0,0.0,0.0,0.0,0.0,0.0,1768451515.380295,3.680194
XKF1,6424929,0,0.0,0.0,0.0,0.0,0.0,0.0,0.0,0.0,0.0,0.0,0.0,0.0,0.0,0.0,1768451515.380295,3.680194
XKF1,6464913,1,0.0,0.0,0.0,0.0,0.0,0.0,0.0,0.0,0.0,0.0,0.0,0.0,0.0,0.0,1768451515.420279,3.720178
XKF1,6464913,0,0.0,0.0,0.0,0.0,0.0,0.0,0.0,0.0,0.0,0.0,0.0,0.0,0.0,0.0,1768451515.420279,3.720178
XKF1,6504897,1,0.0,0.0,0.0,0.0,0.0,0.0,0.0,0.0,0.0,0.0,0.0,0.0,0.0,0.0,1768451515.4602633,3.760162
XKF1,6504897,0,0.0,0.0,0.0,0.0,0.0,0.0,0.0,0.0,0.0,0.0,0.0,0.0,0.0,0.0,1768451515.4602633,3.760162
XKF1,6544881,1,0.0,0.0,0.0,0.0,0.0,0.0,0.0,0.0,0.0,0.0,0.0,0.0,0.0,0.0,1768451515.5002472,3.800146
XKF1,6544881,0,0.0,0.0,0.0,0.0,0.0,0.0,0.0,0.0,0.0,0.0,0.0,0.0,0.0,0.0,1768451515.5002472,3.800146
XKF1,6584865,1,0.0,0.0,0.0,0.0,0.0,0.0,0.0,0.0,0.0,0.0,0.0,0.0,0.0,0.0,1768451515.5402312,3.84013
XKF1,6584865,0,0.0,0.0,0.0,0.0,0.0,0.0,0.0,0.0,0.0,0.0,0.0,0.0,0.0,0.0,1768451515.5402312,3.84013
XKF1,6624849,1,0.0,0.0,0.0,0.0,0.0,0.0,0.0,0.0,0.0,0.0,0.0,0.0,0.0,0.0,1768451515.5802152,3.880114
XKF1,6624849,0,0.0,0.0,0.0,0.0,0.0,0.0,0.0,0.0,0.0,0.0,0.0,0.0,0.0,0.0,1768451515.5802152,3.880114
XKF1,6664833,1,0.0,0.0,0.0,0.0,0.0,0.0,0.0,0.0,0.0,0.0,0.0,0.0,0.0,0.0,1768451515.6201992,3.920098
XKF1,6664833,0,0.0,0.0,0.0,0.0,0.0,0.0,0.0,0.0,0.0,0.0,0.0,0.0,0.0,0.0,1768451515.6201992,3.920098
XKF1,6704817,1,0.0,0.0,0.0,0.0,0.0,0.0,0.0,0.0,0.0,0.0,0.0,0.0,0.0,0.0,1768451515.6601832,3.960082
XKF1,6704817,0,0.0,0.0,0.0,0.0,0.0,0.0,0.0,0.0,0.0,0.0,0.0,0.0,0.0,0.0,1768451515.6601832,3.960082
XKF1,6744801,0,0.0,0.0,0.0,0.0,0.0,0.0,0.0,0.0,0.0,0.0,0.0,0.0,0.0,0.0,1768451515.7001672,4.000066
XKF1,6744801,1,0.0,0.0,0.0,0.0,0.0,0.0,0.0,0.0,0.0,0.0,0.0,0.0,0.0,0.0,1768451515.7001672,4.000066
XKF1,6784785,0,0.0,0.0,0.0,0.0,0.0,0.0,0.0,0.0,0.0,0.0,0.0,0.0,0.0,0.0,1768451515.7401512,4.04005
XKF1,6784785,1,0.0,0.0,0.0,0.0,0.0,0.0,0.0,0.0,0.0,0.0,0.0,0.0,0.0,0.0,1768451515.7401512,4.04005
XKF1,6824769,0,0.0,0.0,0.0,0.0,0.0,0.0,0.0,0.0,0.0,0.0,0.0,0.0,0.0,0.0,1768451515.7801352,4.080034
XKF1,6824769,1,0.0,0.0,0.0,0.0,0.0,0.0,0.0,0.0,0.0,0.0,0.0,0.0,0.0,0.0,1768451515.7801352,4.080034
XKF1,6864753,0,0.0,0.0,0.0,0.0,0.0,0.0,0.0,0.0,0.0,0.0,0.0,0.0,0.0,0.0,1768451515.8201191,4.120018
XKF1,6864753,1,0.0,0.0,0.0,0.0,0.0,0.0,0.0,0.0,0.0,0.0,0.0,0.0,0.0,0.0,1768451515.8201191,4.120018
XKF1,6904737,1,0.0,0.0,0.0,0.0,0.0,0.0,0.0,0.0,0.0,0.0,0.0,0.0,0.0,0.0,1768451515.8601031,4.160002
XKF1,6904737,0,0.0,0.0,0.0,0.0,0.0,0.0,0.0,0.0,0.0,0.0,0.0,0.0,0.0,0.0,1768451515.8601031,4.160002
XKF1,6944721,1,0.0,0.0,0.0,0.0,0.0,0.0,0.0,0.0,0.0,0.0,0.0,0.0,0.0,0.0,1768451515.900087,4.199986
XKF1,6944721,0,0.0,0.0,0.0,0.0,0.0,0.0,0.0,0.0,0.0,0.0,0.0,0.0,0.0,0.0,1768451515.900087,4.199986
XKF1,6984705,1,0.0,0.0,0.0,0.0,0.0,0.0,0.0,0.0,0.0,0.0,0.0,0.0,0.0,0.0,1768451515.940071,4.23997
XKF1,6984705,0,0.0,0.0,0.0,0.0,0.0,0.0,0.0,0.0,0.0,0.0,0.0,0.0,0.0,0.0,1768451515.940071,4.23997
XKF1,7024689,1,0.0,0.0,0.0,0.0,0.0,0.0,0.0,0.0,0.0,0.0,0.0,0.0,0.0,0.0,1768451515.980055,4.279954
XKF1,7024689,0,0.0,0.0,0.0,0.0,0.0,0.0,0.0,0.0,0.0,0.0,0.0,0.0,0.0,0.0,1768451515.980055,4.279954
XKF1,7064673,1,0.0,0.0,0.0,0.0,0.0,0.0,0.0,0.0,0.0,0.0,0.0,0.0,0.0,0.0,1768451516.020039,4.319938
XKF1,7064673,0,0.0,0.0,0.0,0.0,0.0,0.0,0.0,0.0,0.0,0.0,0.0,0.0,0.0,0.0,1768451516.020039,4.319938
XKF1,7104657,1,0.0,0.0,0.0,0.0,0.0,0.0,0.0,0.0,0.0,0.0,0.0,0.0,0.0,0.0,1768451516.060023,4.359922
XKF1,7104657,0,0.0,0.0,0.0,0.0,0.0,0.0,0.0,0.0,0.0,0.0,0.0,0.0,0.0,0.0,1768451516.060023,4.359922
XKF1,7144641,1,0.0,0.0,0.0,0.0,0.0,0.0,0.0,0.0,0.0,0.0,0.0,0.0,0.0,0.0,1768451516.100007,4.399906
XKF1,7144641,0,0.0,0.0,0.0,0.0,0.0,0.0,0.0,0.0,0.0,0.0,0.0,0.0,0.0,0.0,1768451516.100007,4.399906
XKF1,7184625,1,0.0,0.0,0.0,0.0,0.0,0.0,0.0,0.0,0.0,0.0,0.0,0.0,0.0,0.0,1768451516.139991,4.43989
XKF1,7184625,0,0.0,0.0,0.0,0.0,0.0,0.0,0.0,0.0,0.0,0.0,0.0,0.0,0.0,0.0,1768451516.139991,4.43989
XKF1,7224609,1,0.0,0.0,0.0,0.0,0.0,0.0,0.0,0.0,0.0,0.0,0.0,0.0,0.0,0.0,1768451516.179975,4.479874
XKF1,7224609,0,0.0,0.0,0.0,0.0,0.0,0.0,0.0,0.0,0.0,0.0,0.0,0.0,0.0,0.0,1768451516.179975,4.479874
XKF1,7264593,1,0.0,0.0,0.0,0.0,0.0,0.0,0.0,0.0,0.0,0.0,0.0,0.0,0.0,0.0,1768451516.219959,4.519858
XKF1,7264593,0,0.0,0.0,0.0,0.0,0.0,0.0,0.0,0.0,0.0,0.0,0.0,0.0,0.0,0.0,1768451516.219959,4.519858
XKF1,7304577,1,0.0,0.0,0.0,0.0,0.0,0.0,0.0,0.0,0.0,0.0,0.0,0.0,0.0,0.0,1768451516.2599432,4.559842
XKF1,7304577,0,0.0,0.0,0.0,0.0,0.0,0.0,0.0,0.0,0.0,0.0,0.0,0.0,0.0,0.0,1768451516.2599432,4.559842
XKF1,7344561,1,0.0,0.0,0.0,0.0,0.0,0.0,0.0,0.0,0.0,0.0,0.0,0.0,0.0,0.0,1768451516.2999272,4.599826
XKF1,7344561,0,0.0,0.0,0.0,0.0,0.0,0.0,0.0,0.0,0.0,0.0,0.0,0.0,0.0,0.0,1768451516.2999272,4.599826
XKF1,7384545,0,0.0,0.0,0.0,0.0,0.0,0.0,0.0,0.0,0.0,0.0,0.0,0.0,0.0,0.0,1768451516.3399112,4.63981
XKF1,7384545,1,0.0,0.0,0.0,0.0,0.0,0.0,0.0,0.0,0.0,0.0,0.0,0.0,0.0,0.0,1768451516.3399112,4.63981
XKF1,7424529,0,0.0,0.0,0.0,0.0,0.0,0.0,0.0,0.0,0.0,0.0,0.0,0.0,0.0,0.0,1768451516.3798952,4.679794
XKF1,7424529,1,0.0,0.0,0.0,0.0,0.0,0.0,0.0,0.0,0.0,0.0,0.0,0.0,0.0,0.0,1768451516.3798952,4.679794
XKF1,7464513,0,0.0,0.0,0.0,0.0,0.0,0.0,0.0,0.0,0.0,0.0,0.0,0.0,0.0,0.0,1768451516.4198792,4.719778
XKF1,7464513,1,0.0,0.0,0.0,0.0,0.0,0.0,0.0,0.0,0.0,0.0,0.0,0.0,0.0,0.0,1768451516.4198792,4.719778
XKF1,7504497,0,0.0,0.0,0.0,0.0,0.0,0.0,0.0,0.0,0.0,0.0,0.0,0.0,0.0,0.0,1768451516.4598632,4.759762
XKF1,7504497,1,0.0,0.0,0.0,0.0,0.0,0.0,0.0,0.0,0.0,0.0,0.0,0.0,0.0,0.0,1768451516.4598632,4.759762
XKF1,7544481,0,0.0,0.0,0.0,0.0,0.0,0.0,0.0,0.0,0.0,0.0,0.0,0.0,0.0,0.0,1768451516.4998472,4.799746
XKF1,7544481,1,0.0,0.0,0.0,0.0,0.0,0.0,0.0,0.0,0.0,0.0,0.0,0.0,0.0,0.0,1768451516.4998472,4.799746
XKF1,7584465,0,0.0,0.0,0.0,0.0,0.0,0.0,0.0,0.0,0.0,0.0,0.0,0.0,0.0,0.0,1768451516.5398312,4.83973
XKF1,7584465,1,0.0,0.0,0.0,0.0,0.0,0.0,0.0,0.0,0.0,0.0,0.0,0.0,0.0,0.0,1768451516.5398312,4.83973
XKF1,7624449,0,0.0,0.0,0.0,0.0,0.0,0.0,0.0,0.0,0.0,0.0,0.0,0.0,0.0,0.0,1768451516.5798151,4.879714
XKF1,7624449,1,0.0,0.0,0.0,0.0,0.0,0.0,0.0,0.0,0.0,0.0,0.0,0.0,0.0,0.0,1768451516.5798151,4.879714
XKF1,7664433,0,0.0,0.0,0.0,0.0,0.0,0.0,0.0,0.0,0.0,0.0,0.0,0.0,0.0,0.0,1768451516.6197991,4.919698
XKF1,7664433,1,0.0,0.0,0.0,0.0,0.0,0.0,0.0,0.0,0.0,0.0,0.0,0.0,0.0,0.0,1768451516.6197991,4.919698
XKF1,7704417,0,0.0,0.0,0.0,0.0,0.0,0.0,0.0,0.0,0.0,0.0,0.0,0.0,0.0,0.0,1768451516.6597831,4.959682
XKF1,7704417,1,0.0,0.0,0.0,0.0,0.0,0.0,0.0,0.0,0.0,0.0,0.0,0.0,0.0,0.0,1768451516.6597831,4.959682
XKF1,7744401,0,0.0,0.0,0.0,0.0,0.0,0.0,0.0,0.0,0.0,0.0,0.0,0.0,0.0,0.0,1768451516.699767,4.999666
XKF1,7744401,1,0.0,0.0,0.0,0.0,0.0,0.0,0.0,0.0,0.0,0.0,0.0,0.0,0.0,0.0,1768451516.699767,4.999666
XKF1,7784385,0,0.0,0.0,0.0,0.0,0.0,0.0,0.0,0.0,0.0,0.0,0.0,0.0,0.0,0.0,1768451516.739751,5.03965
XKF1,7784385,1,0.0,0.0,0.0,0.0,0.0,0.0,0.0,0.0,0.0,0.0,0.0,0.0,0.0,0.0,1768451516.739751,5.03965
XKF1,7824369,0,0.0,0.0,0.0,0.0,0.0,0.0,0.0,0.0,0.0,0.0,0.0,0.0,0.0,0.0,1768451516.779735,5.079634
XKF1,7824369,1,0.0,0.0,0.0,0.0,0.0,0.0,0.0,0.0,0.0,0.0,0.0,0.0,0.0,0.0,1768451516.779735,5.079634
XKF1,7864353,0,0.0,0.0,0.0,0.0,0.0,0.0,0.0,0.0,0.0,0.0,0.0,0.0,0.0,0.0,1768451516.819719,5.119618
XKF1,7864353,1,0.0,0.0,0.0,0.0,0.0,0.0,0.0,0.0,0.0,0.0,0.0,0.0,0.0,0.0,1768451516.819719,5.119618
XKF1,7904337,0,0.0,0.0,0.0,0.0,0.0,0.0,0.0,0.0,0.0,0.0,0.0,0.0,0.0,0.0,1768451516.859703,5.159602
XKF1,7904337,1,0.0,0.0,0.0,0.0,0.0,0.0,0.0,0.0,0.0,0.0,0.0,0.0,0.0,0.0,1768451516.859703,5.159602
XKF1,7944321,0,0.0,0.0,0.0,0.0,0.0,0.0,0.0,0.0,0.0,0.0,0.0,0.0,0.0,0.0,1768451516.899687,5.199586
XKF1,7944321,1,0.0,0.0,0.0,0.0,0.0,0.0,0.0,0.0,0.0,0.0,0.0,0.0,0.0,0.0,1768451516.899687,5.199586
XKF1,7985138,0,0.0,0.0,0.0,0.0,0.0,0.0,0.0,0.0,0.0,0.0,0.0,0.0,0.0,0.0,1768451516.940504,5.240403
XKF1,7985138,1,0.0,0.0,0.0,0.0,0.0,0.0,0.0,0.0,0.0,0.0,0.0,0.0,0.0,0.0,1768451516.940504,5.240403
XKF1,8025122,0,0.0,0.0,0.0,0.0,0.0,0.0,0.0,0.0,0.0,0.0,0.0,0.0,0.0,0.0,1768451516.980488,5.280387
XKF1,8025122,1,0.0,0.0,0.0,0.0,0.0,0.0,0.0,0.0,0.0,0.0,0.0,0.0,0.0,0.0,1768451516.980488,5.280387
XKF1,8065106,0,0.0,0.0,0.0,0.0,0.0,0.0,0.0,0.0,0.0,0.0,0.0,0.0,0.0,0.0,1768451517.020472,5.320371
XKF1,8065106,1,0.0,0.0,0.0,0.0,0.0,0.0,0.0,0.0,0.0,0.0,0.0,0.0,0.0,0.0,1768451517.020472,5.320371
XKF1,8105090,0,0.0,0.0,0.0,0.0,0.0,0.0,0.0,0.0,0.0,0.0,0.0,0.0,0.0,0.0,1768451517.060456,5.360355
XKF1,8105090,1,0.0,0.0,0.0,0.0,0.0,0.0,0.0,0.0,0.0,0.0,0.0,0.0,0.0,0.0,1768451517.060456,5.360355
XKF1,8145074,0,0.0,0.0,0.0,0.0,0.0,0.0,0.0,0.0,0.0,0.0,0.0,0.0,0.0,0.0,1768451517.10044,5.400339
XKF1,8145074,1,0.0,0.0,0.0,0.0,0.0,0.0,0.0,0.0,0.0,0.0,0.0,0.0,0.0,0.0,1768451517.10044,5.400339
XKF1,8185058,1,0.0,0.0,0.0,0.0,0.0,0.0,0.0,0.0,0.0,0.0,0.0,0.0,0.0,0.0,1768451517.1404243,5.440323
XKF1,8185058,0,0.0,0.0,0.0,0.0,0.0,0.0,0.0,0.0,0.0,0.0,0.0,0.0,0.0,0.0,1768451517.1404243,5.440323
XKF1,8225042,1,0.0,0.0,0.0,0.0,0.0,0.0,0.0,0.0,0.0,0.0,0.0,0.0,0.0,0.0,1768451517.1804082,5.480307
XKF1,8225042,0,0.0,0.0,0.0,0.0,0.0,0.0,0.0,0.0,0.0,0.0,0.0,0.0,0.0,0.0,1768451517.1804082,5.480307
XKF1,8265026,1,0.0,0.0,0.0,0.0,0.0,0.0,0.0,0.0,0.0,0.0,0.0,0.0,0.0,0.0,1768451517.2203922,5.520291
XKF1,8265026,0,0.0,0.0,0.0,0.0,0.0,0.0,0.0,0.0,0.0,0.0,0.0,0.0,0.0,0.0,1768451517.2203922,5.520291
XKF1,8305010,1,0.0,0.0,0.0,0.0,0.0,0.0,0.0,0.0,0.0,0.0,0.0,0.0,0.0,0.0,1768451517.2603762,5.560275
XKF1,8305010,0,0.0,0.0,0.0,0.0,0.0,0.0,0.0,0.0,0.0,0.0,0.0,0.0,0.0,0.0,1768451517.2603762,5.560275
XKF1,8344994,1,0.0,0.0,0.0,0.0,0.0,0.0,0.0,0.0,0.0,0.0,0.0,0.0,0.0,0.0,1768451517.3003602,5.600259
XKF1,8344994,0,0.0,0.0,0.0,0.0,0.0,0.0,0.0,0.0,0.0,0.0,0.0,0.0,0.0,0.0,1768451517.3003602,5.600259
XKF1,8384978,1,0.0,0.0,0.0,0.0,0.0,0.0,0.0,0.0,0.0,0.0,0.0,0.0,0.0,0.0,1768451517.3403442,5.640243
XKF1,8384978,0,0.0,0.0,0.0,0.0,0.0,0.0,0.0,0.0,0.0,0.0,0.0,0.0,0.0,0.0,1768451517.3403442,5.640243
XKF1,8424962,1,0.0,0.0,0.0,0.0,0.0,0.0,0.0,0.0,0.0,0.0,0.0,0.0,0.0,0.0,1768451517.3803282,5.680227
XKF1,8424962,0,0.0,0.0,0.0,0.0,0.0,0.0,0.0,0.0,0.0,0.0,0.0,0.0,0.0,0.0,1768451517.3803282,5.680227
XKF1,8464946,1,0.0,0.0,0.0,0.0,0.0,0.0,0.0,0.0,0.0,0.0,0.0,0.0,0.0,0.0,1768451517.4203122,5.720211
XKF1,8464946,0,0.0,0.0,0.0,0.0,0.0,0.0,0.0,0.0,0.0,0.0,0.0,0.0,0.0,0.0,1768451517.4203122,5.720211
XKF1,8504930,1,0.0,0.0,0.0,0.0,0.0,0.0,0.0,0.0,0.0,0.0,0.0,0.0,0.0,0.0,1768451517.4602962,5.760195
XKF1,8504930,0,0.0,0.0,0.0,0.0,0.0,0.0,0.0,0.0,0.0,0.0,0.0,0.0,0.0,0.0,1768451517.4602962,5.760195
XKF1,8544914,1,0.0,0.0,0.0,0.0,0.0,0.0,0.0,0.0,0.0,0.0,0.0,0.0,0.0,0.0,1768451517.5002801,5.800179
XKF1,8544914,0,0.0,0.0,0.0,0.0,0.0,0.0,0.0,0.0,0.0,0.0,0.0,0.0,0.0,0.0,1768451517.5002801,5.800179
XKF1,8584898,1,0.0,0.0,0.0,0.0,0.0,0.0,0.0,0.0,0.0,0.0,0.0,0.0,0.0,0.0,1768451517.5402641,5.840163
XKF1,8584898,0,0.0,0.0,0.0,0.0,0.0,0.0,0.0,0.0,0.0,0.0,0.0,0.0,0.0,0.0,1768451517.5402641,5.840163
XKF1,8624882,1,0.0,0.0,0.0,0.0,0.0,0.0,0.0,0.0,0.0,0.0,0.0,0.0,0.0,0.0,1768451517.580248,5.880147
XKF1,8624882,0,0.0,0.0,0.0,0.0,0.0,0.0,0.0,0.0,0.0,0.0,0.0,0.0,0.0,0.0,1768451517.580248,5.880147
XKF1,8664866,1,0.0,0.0,0.0,0.0,0.0,0.0,0.0,0.0,0.0,0.0,0.0,0.0,0.0,0.0,1768451517.620232,5.920131
XKF1,8664866,0,0.0,0.0,0.0,0.0,0.0,0.0,0.0,0.0,0.0,0.0,0.0,0.0,0.0,0.0,1768451517.620232,5.920131
XKF1,8704850,1,0.0,0.0,0.0,0.0,0.0,0.0,0.0,0.0,0.0,0.0,0.0,0.0,0.0,0.0,1768451517.660216,5.960115
XKF1,8704850,0,0.0,0.0,0.0,0.0,0.0,0.0,0.0,0.0,0.0,0.0,0.0,0.0,0.0,0.0,1768451517.660216,5.960115
XKF1,8744834,1,0.0,0.0,0.0,0.0,0.0,0.0,0.0,0.0,0.0,0.0,0.0,0.0,0.0,0.0,1768451517.7002,6.000099
XKF1,8744834,0,0.0,0.0,0.0,0.0,0.0,0.0,0.0,0.0,0.0,0.0,0.0,0.0,0.0,0.0,1768451517.7002,6.000099
XKF1,8784818,1,0.0,0.0,0.0,0.0,0.0,0.0,0.0,0.0,0.0,0.0,0.0,0.0,0.0,0.0,1768451517.740184,6.040083
XKF1,8784818,0,0.0,0.0,0.0,0.0,0.0,0.0,0.0,0.0,0.0,0.0,0.0,0.0,0.0,0.0,1768451517.740184,6.040083
XKF1,8824802,1,0.0,0.0,0.0,0.0,0.0,0.0,0.0,0.0,0.0,0.0,0.0,0.0,0.0,0.0,1768451517.780168,6.080067
XKF1,8824802,0,0.0,0.0,0.0,0.0,0.0,0.0,0.0,0.0,0.0,0.0,0.0,0.0,0.0,0.0,1768451517.780168,6.080067
XKF1,8864786,1,0.0,0.0,0.0,0.0,0.0,0.0,0.0,0.0,0.0,0.0,0.0,0.0,0.0,0.0,1768451517.820152,6.120051
XKF1,8864786,0,0.0,0.0,0.0,0.0,0.0,0.0,0.0,0.0,0.0,0.0,0.0,0.0,0.0,0.0,1768451517.820152,6.120051
XKF1,8904770,1,0.0,0.0,0.0,0.0,0.0,0.0,0.0,0.0,0.0,0.0,0.0,0.0,0.0,0.0,1768451517.860136,6.160035
XKF1,8904770,0,0.0,0.0,0.0,0.0,0.0,0.0,0.0,0.0,0.0,0.0,0.0,0.0,0.0,0.0,1768451517.860136,6.160035
XKF1,8944754,1,0.0,0.0,0.0,0.0,0.0,0.0,0.0,0.0,0.0,0.0,0.0,0.0,0.0,0.0,1768451517.90012,6.200019
XKF1,8944754,0,0.0,0.0,0.0,0.0,0.0,0.0,0.0,0.0,0.0,0.0,0.0,0.0,0.0,0.0,1768451517.90012,6.200019
XKF1,8984738,1,0.0,0.0,0.0,0.0,0.0,0.0,0.0,0.0,0.0,0.0,0.0,0.0,0.0,0.0,1768451517.9401042,6.240003
XKF1,8984738,0,0.0,0.0,0.0,0.0,0.0,0.0,0.0,0.0,0.0,0.0,0.0,0.0,0.0,0.0,1768451517.9401042,6.240003
XKF1,9024722,1,0.0,0.0,0.0,0.0,0.0,0.0,0.0,0.0,0.0,0.0,0.0,0.0,0.0,0.0,1768451517.9800882,6.279987
XKF1,9024722,0,0.0,0.0,0.0,0.0,0.0,0.0,0.0,0.0,0.0,0.0,0.0,0.0,0.0,0.0,1768451517.9800882,6.279987
XKF1,9064706,1,0.0,0.0,0.0,0.0,0.0,0.0,0.0,0.0,0.0,0.0,0.0,0.0,0.0,0.0,1768451518.0200722,6.319971
XKF1,9064706,0,0.0,0.0,0.0,0.0,0.0,0.0,0.0,0.0,0.0,0.0,0.0,0.0,0.0,0.0,1768451518.0200722,6.319971
XKF1,9104690,1,0.0,0.0,0.0,0.0,0.0,0.0,0.0,0.0,0.0,0.0,0.0,0.0,0.0,0.0,1768451518.0600562,6.359955
XKF1,9104690,0,0.0,0.0,0.0,0.0,0.0,0.0,0.0,0.0,0.0,0.0,0.0,0.0,0.0,0.0,1768451518.0600562,6.359955
XKF1,9144674,1,0.0,0.0,0.0,0.0,0.0,0.0,0.0,0.0,0.0,0.0,0.0,0.0,0.0,0.0,1768451518.1000402,6.399939
XKF1,9144674,0,0.0,0.0,0.0,0.0,0.0,0.0,0.0,0.0,0.0,0.0,0.0,0.0,0.0,0.0,1768451518.1000402,6.399939
XKF1,9184658,1,0.0,0.0,0.0,0.0,0.0,0.0,0.0,0.0,0.0,0.0,0.0,0.0,0.0,0.0,1768451518.1400242,6.439923
XKF1,9184658,0,0.0,0.0,0.0,0.0,0.0,0.0,0.0,0.0,0.0,0.0,0.0,0.0,0.0,0.0,1768451518.1400242,6.439923
XKF1,9224642,0,0.0,0.0,0.0,0.0,0.0,0.0,0.0,0.0,0.0,0.0,0.0,0.0,0.0,0.0,1768451518.1800082,6.479907
XKF1,9224642,1,0.0,0.0,0.0,0.0,0.0,0.0,0.0,0.0,0.0,0.0,0.0,0.0,0.0,0.0,1768451518.1800082,6.479907
XKF1,9264626,0,0.0,0.0,0.0,0.0,0.0,0.0,0.0,0.0,0.0,0.0,0.0,0.0,0.0,0.0,1768451518.2199922,6.519891
XKF1,9264626,1,0.0,0.0,0.0,0.0,0.0,0.0,0.0,0.0,0.0,0.0,0.0,0.0,0.0,0.0,1768451518.2199922,6.519891
XKF1,9304610,0,0.0,0.0,0.0,0.0,0.0,0.0,0.0,0.0,0.0,0.0,0.0,0.0,0.0,0.0,1768451518.2599761,6.559875
XKF1,9304610,1,0.0,0.0,0.0,0.0,0.0,0.0,0.0,0.0,0.0,0.0,0.0,0.0,0.0,0.0,1768451518.2599761,6.559875
XKF1,9344594,0,0.0,0.0,0.0,0.0,0.0,0.0,0.0,0.0,0.0,0.0,0.0,0.0,0.0,0.0,1768451518.2999601,6.599859
XKF1,9344594,1,0.0,0.0,0.0,0.0,0.0,0.0,0.0,0.0,0.0,0.0,0.0,0.0,0.0,0.0,1768451518.2999601,6.599859
XKF1,9384578,0,0.0,0.0,0.0,0.0,0.0,0.0,0.0,0.0,0.0,0.0,0.0,0.0,0.0,0.0,1768451518.3399441,6.639843
XKF1,9384578,1,0.0,0.0,0.0,0.0,0.0,0.0,0.0,0.0,0.0,0.0,0.0,0.0,0.0,0.0,1768451518.3399441,6.639843
XKF1,9424562,0,0.0,0.0,0.0,0.0,0.0,0.0,0.0,0.0,0.0,0.0,0.0,0.0,0.0,0.0,1768451518.379928,6.679827
XKF1,9424562,1,0.0,0.0,0.0,0.0,0.0,0.0,0.0,0.0,0.0,0.0,0.0,0.0,0.0,0.0,1768451518.379928,6.679827
XKF1,9464546,0,0.0,0.0,0.0,0.0,0.0,0.0,0.0,0.0,0.0,0.0,0.0,0.0,0.0,0.0,1768451518.419912,6.719811
XKF1,9464546,1,0.0,0.0,0.0,0.0,0.0,0.0,0.0,0.0,0.0,0.0,0.0,0.0,0.0,0.0,1768451518.419912,6.719811
XKF1,9504530,0,0.0,0.0,0.0,0.0,0.0,0.0,0.0,0.0,0.0,0.0,0.0,0.0,0.0,0.0,1768451518.459896,6.759795
XKF1,9504530,1,0.0,0.0,0.0,0.0,0.0,0.0,0.0,0.0,0.0,0.0,0.0,0.0,0.0,0.0,1768451518.459896,6.759795
XKF1,9544514,1,0.0,0.0,0.0,0.0,0.0,0.0,0.0,0.0,0.0,0.0,0.0,0.0,0.0,0.0,1768451518.49988,6.799779
XKF1,9544514,0,0.0,0.0,0.0,0.0,0.0,0.0,0.0,0.0,0.0,0.0,0.0,0.0,0.0,0.0,1768451518.49988,6.799779
XKF1,9584498,1,0.0,0.0,0.0,0.0,0.0,0.0,0.0,0.0,0.0,0.0,0.0,0.0,0.0,0.0,1768451518.539864,6.839763
XKF1,9584498,0,0.0,0.0,0.0,0.0,0.0,0.0,0.0,0.0,0.0,0.0,0.0,0.0,0.0,0.0,1768451518.539864,6.839763
XKF1,9624482,1,0.0,0.0,0.0,0.0,0.0,0.0,0.0,0.0,0.0,0.0,0.0,0.0,0.0,0.0,1768451518.579848,6.879747
XKF1,9624482,0,0.0,0.0,0.0,0.0,0.0,0.0,0.0,0.0,0.0,0.0,0.0,0.0,0.0,0.0,1768451518.579848,6.879747
XKF1,9664466,1,0.0,0.0,0.0,0.0,0.0,0.0,0.0,0.0,0.0,0.0,0.0,0.0,0.0,0.0,1768451518.619832,6.919731
XKF1,9664466,0,0.0,0.0,0.0,0.0,0.0,0.0,0.0,0.0,0.0,0.0,0.0,0.0,0.0,0.0,1768451518.619832,6.919731
XKF1,9704450,1,0.0,0.0,0.0,0.0,0.0,0.0,0.0,0.0,0.0,0.0,0.0,0.0,0.0,0.0,1768451518.659816,6.959715
XKF1,9704450,0,0.0,0.0,0.0,0.0,0.0,0.0,0.0,0.0,0.0,0.0,0.0,0.0,0.0,0.0,1768451518.659816,6.959715
XKF1,9744434,1,0.0,0.0,0.0,0.0,0.0,0.0,0.0,0.0,0.0,0.0,0.0,0.0,0.0,0.0,1768451518.6998003,6.999699
XKF1,9744434,0,0.0,0.0,0.0,0.0,0.0,0.0,0.0,0.0,0.0,0.0,0.0,0.0,0.0,0.0,1768451518.6998003,6.999699
XKF1,9784418,1,0.0,0.0,0.0,0.0,0.0,0.0,0.0,0.0,0.0,0.0,0.0,0.0,0.0,0.0,1768451518.7397842,7.039683
XKF1,9784418,0,0.0,0.0,0.0,0.0,0.0,0.0,0.0,0.0,0.0,0.0,0.0,0.0,0.0,0.0,1768451518.7397842,7.039683
XKF1,9824402,1,0.0,0.0,0.0,0.0,0.0,0.0,0.0,0.0,0.0,0.0,0.0,0.0,0.0,0.0,1768451518.7797682,7.079667
XKF1,9824402,0,0.0,0.0,0.0,0.0,0.0,0.0,0.0,0.0,0.0,0.0,0.0,0.0,0.0,0.0,1768451518.7797682,7.079667
XKF1,9864386,1,0.0,0.0,0.0,0.0,0.0,0.0,0.0,0.0,0.0,0.0,0.0,0.0,0.0,0.0,1768451518.8197522,7.119651
XKF1,9864386,0,0.0,0.0,0.0,0.0,0.0,0.0,0.0,0.0,0.0,0.0,0.0,0.0,0.0,0.0,1768451518.8197522,7.119651
XKF1,9904370,1,0.0,0.0,0.0,0.0,0.0,0.0,0.0,0.0,0.0,0.0,0.0,0.0,0.0,0.0,1768451518.8597362,7.159635
XKF1,9904370,0,0.0,0.0,0.0,0.0,0.0,0.0,0.0,0.0,0.0,0.0,0.0,0.0,0.0,0.0,1768451518.8597362,7.159635
XKF1,9944354,1,0.0,0.0,0.0,0.0,0.0,0.0,0.0,0.0,0.0,0.0,0.0,0.0,0.0,0.0,1768451518.8997202,7.199619
XKF1,9944354,0,0.0,0.0,0.0,0.0,0.0,0.0,0.0,0.0,0.0,0.0,0.0,0.0,0.0,0.0,1768451518.8997202,7.199619
XKF1,9984338,1,0.0,0.0,0.0,0.0,0.0,0.0,0.0,0.0,0.0,0.0,0.0,0.0,0.0,0.0,1768451518.9397042,7.239603
XKF1,9984338,0,0.0,0.0,0.0,0.0,0.0,0.0,0.0,0.0,0.0,0.0,0.0,0.0,0.0,0.0,1768451518.9397042,7.239603
XKF1,10024322,1,0.0,0.0,0.0,0.0,0.0,0.0,0.0,0.0,0.0,0.0,0.0,0.0,0.0,0.0,1768451518.9796882,7.279587
XKF1,10024322,0,0.0,0.0,0.0,0.0,0.0,0.0,0.0,0.0,0.0,0.0,0.0,0.0,0.0,0.0,1768451518.9796882,7.279587
XKF1,10065139,1,0.0,0.0,0.0,0.0,0.0,0.0,0.0,0.0,0.0,0.0,0.0,0.0,0.0,0.0,1768451519.0205052,7.320404
XKF1,10065139,0,0.0,0.0,0.0,0.0,0.0,0.0,0.0,0.0,0.0,0.0,0.0,0.0,0.0,0.0,1768451519.0205052,7.320404
XKF1,10105123,1,0.0,0.0,0.0,0.0,0.0,0.0,0.0,0.0,0.0,0.0,0.0,0.0,0.0,0.0,1768451519.0604892,7.360388
XKF1,10105123,0,0.0,0.0,0.0,0.0,0.0,0.0,0.0,0.0,0.0,0.0,0.0,0.0,0.0,0.0,1768451519.0604892,7.360388
XKF1,10145107,1,0.0,0.0,0.0,0.0,0.0,0.0,0.0,0.0,0.0,0.0,0.0,0.0,0.0,0.0,1768451519.1004732,7.400372
XKF1,10145107,0,0.0,0.0,0.0,0.0,0.0,0.0,0.0,0.0,0.0,0.0,0.0,0.0,0.0,0.0,1768451519.1004732,7.400372
XKF1,10185091,1,0.0,0.0,0.0,0.0,0.0,0.0,0.0,0.0,0.0,0.0,0.0,0.0,0.0,0.0,1768451519.1404572,7.440356
XKF1,10185091,0,0.0,0.0,0.0,0.0,0.0,0.0,0.0,0.0,0.0,0.0,0.0,0.0,0.0,0.0,1768451519.1404572,7.440356
XKF1,10225075,1,0.0,0.0,0.0,0.0,0.0,0.0,0.0,0.0,0.0,0.0,0.0,0.0,0.0,0.0,1768451519.1804411,7.48034
XKF1,10225075,0,0.0,0.0,0.0,0.0,0.0,0.0,0.0,0.0,0.0,0.0,0.0,0.0,0.0,0.0,1768451519.1804411,7.48034
XKF1,10265059,1,0.0,0.0,0.0,0.0,0.0,0.0,0.0,0.0,0.0,0.0,0.0,0.0,0.0,0.0,1768451519.2204251,7.520324
XKF1,10265059,0,0.0,0.0,0.0,0.0,0.0,0.0,0.0,0.0,0.0,0.0,0.0,0.0,0.0,0.0,1768451519.2204251,7.520324
XKF1,10305043,1,0.0,0.0,0.0,5.460995089379139e-05,-4.1369602854501863e-07,0.0012996545992791653,-0.00043754660873673856,0.0,0.0,3.956253294745693e-06,0.0,0.0,0.0,0.0,1768451519.260409,7.560308
XKF1,10305043,0,0.0,0.0,0.0,-9.765387403604109e-06,2.303819201188162e-05,0.0013380689779296517,-0.0004043796216137707,0.0,0.0,5.118119588587433e-06,0.0,0.0,0.0,0.0,1768451519.260409,7.560308
XKF1,10345027,1,0.0,0.0,0.0,6.302074325503781e-05,-5.536407456929737e-07,0.004906127229332924,-0.0003185770765412599,0.0,0.0,8.959307160694152e-05,0.0,0.0,0.0,0.0,1768451519.300393,7.600292
XKF1,10345027,0,0.0,0.0,0.0,-1.4894130799802952e-05,2.5289060431532562e-05,0.005027774255722761,-0.0002145444304915145,0.0,0.0,9.5194140158128e-05,0.0,0.0,0.0,0.0,1768451519.300393,7.600292
XKF1,10385011,1,0.0,0.0,0.0,5.4891126637812704e-05,5.236121523921611e-06,0.010823017917573452,0.0013796660350635648,0.0,0.0,0.0003580110496841371,0.0,0.0,0.0,0.0,1768451519.340377,7.640276
XKF1,10385011,0,0.0,0.0,0.0,-4.754830661113374e-05,3.4356286050751805e-05,0.010937238112092018,0.0014829043066129088,0.0,0.0,0.00036802495014853776,0.0,0.0,0.0,0.0,1768451519.340377,7.640276
XKF1,10424995,1,0.0,0.0,0.0,2.193078034906648e-05,-6.924775516381487e-05,0.01892332173883915,0.005317733623087406,0.0,0.0,0.000904094660654664,0.0,0.0,0.0,0.0,1768451519.380361,7.68026
XKF1,10424995,0,0.0,0.0,0.0,-7.273165101651102e-05,5.25348077644594e-05,0.01908966340124607,0.0054655675776302814,0.0,0.0,0.0009208584087900817,0.0,0.0,0.0,0.0,1768451519.380361,7.68026
XKF1,10464979,1,0.0,0.0,0.0,4.84419142594561e-05,3.7836991396034136e-05,0.02708013355731964,0.015236127190291882,0.0,0.0,0.002542499452829361,0.0,0.0,0.0,0.0,1768451519.420345,7.720244
XKF1,10464979,0,0.0,0.0,0.0,-9.201158536598086e-05,8.256620640167966e-05,0.02722105383872986,0.015361830592155457,0.0,0.0,0.002565978327766061,0.0,0.0,0.0,0.0,1768451519.420345,7.720244
XKF1,10504963,0,0.0,0.0,0.0,-0.00013093173038214445,0.00011538610851857811,0.03467278927564621,0.033784035593271255,0.0,0.0,0.0030841806437820196,0.0,0.0,0.0,0.0,1768451519.460329,7.760228
XKF1,10504963,1,0.0,0.0,0.0,5.6003715144470334e-05,-3.8895930629223585e-05,0.03457864746451378,0.03369399160146713,0.0,0.0,0.0030567774083465338,0.0,0.0,0.0,0.0,1768451519.460329,7.760228
XKF1,10544947,0,0.0,0.0,0.0,-0.00014946410374250263,0.00013130871229805052,0.04148326814174652,0.015389340929687023,0.0,0.0,0.0026269196532666683,0.0,0.0,0.0,0.0,1768451519.500313,7.800212
XKF1,10544947,1,0.0,0.0,0.0,1.695269202173222e-05,-2.09994050237583e-05,0.0413765124976635,0.015287314541637897,0.0,0.0,0.0025953929871320724,0.0,0.0,0.0,0.0,1768451519.500313,7.800212
XKF1,10584931,1,0.0,0.0,0.0,1.382516620651586e-05,-3.0393155611818656e-05,0.0475858636200428,0.005873857066035271,0.0,0.0,0.0029468084685504436,0.0,0.0,0.0,0.0,1768451519.540297,7.840196
XKF1,10584931,0,0.0,0.0,0.0,-0.0001958888751687482,0.00015238563355524093,0.047685954719781876,0.00597323477268219,0.0,0.0,0.0029833714943379164,0.0,0.0,0.0,0.0,1768451519.540297,7.840196
XKF1,10624915,1,0.0,0.0,0.0,9.346581464342307e-06,-5.502804560819641e-05,0.05302641913294792,-0.020136145874857903,0.0,0.0,-0.0017001640517264605,0.0,0.0,0.0,0.0,1768451519.580281,7.88018
XKF1,10624915,0,0.0,0.0,0.0,-0.00021973410912323743,0.0001702637382550165,0.05314696207642555,-0.020031830295920372,0.0,0.0,-0.0016608185833320022,0.0,0.0,0.0,0.0,1768451519.580281,7.88018
XKF1,10664899,1,0.0,0.0,0.0,-3.9192495023598894e-05,-0.00010824043420143425,0.05799994617700577,-0.06714748591184616,0.0,0.0,-0.005236221943050623,0.0,0.0,0.0,0.0,1768451519.6202652,7.920164
XKF1,10664899,0,0.0,0.0,0.0,-0.0002589205396361649,0.0002024185669142753,0.05810699611902237,-0.06705038249492645,0.0,0.0,-0.0051917219534516335,0.0,0.0,0.0,0.0,1768451519.6202652,7.920164
XKF1,10704883,1,0.0,0.0,0.0,-8.05010786280036e-05,-0.0001867298997240141,0.06243970990180969,-0.08500344306230545,0.0,0.0,-0.00818563625216484,0.0,0.0,0.0,0.0,1768451519.6602492,7.960148
XKF1,10704883,0,0.0,0.0,0.0,-0.0002969604101963341,0.0002475910005159676,0.06251903623342514,-0.08493765443563461,0.0,0.0,-0.008139906451106071,0.0,0.0,0.0,0.0,1768451519.6602492,7.960148
XKF1,10744867,1,0.0,0.0,0.0,-1.2091655662516132e-05,-0.00020702244364656508,0.06641213595867157,-0.09004785865545273,0.0,0.0,-0.01061165053397417,0.0,0.0,0.0,0.0,1768451519.7002332,8.000132
XKF1,10744867,0,0.0,0.0,0.0,-0.0002990197972394526,0.00024269663845188916,0.06648730486631393,-0.0899965688586235,0.0,0.0,-0.01056203618645668,0.0,0.0,0.0,0.0,1768451519.7002332,8.000132
XKF1,10784851,1,0.0,0.0,0.0,-3.3110038202721626e-05,-0.00022448493109550327,0.06995336711406708,-0.080894835293293,0.0,0.0,-0.012187767773866653,0.0,0.0,0.0,0.0,1768451519.7402172,8.040116
XKF1,10784851,0,0.01,0.0,0.0,-0.00031213360489346087,0.00025874245329760015,0.07007742673158646,-0.08077921718358994,0.0,0.0,-0.012135171331465244,0.0,0.0,0.0,0.0,1768451519.7402172,8.040116
XKF1,10824835,0,0.01,0.0,0.0,-0.000366025953553617,0.00028658672817982733,0.07308611273765564,-0.07517427206039429,0.0,0.0,-0.015342511236667633,0.0,0.0,0.0,0.0,1768451519.7802012,8.0801
XKF1,10824835,1,0.0,0.0,0.0,-8.518592949258164e-05,-0.0002592400705907494,0.07290148735046387,-0.07532026618719101,0.0,0.0,-0.015399525873363018,0.0,0.0,0.0,0.0,1768451519.7802012,8.0801
XKF1,10864819,0,0.01,0.0,0.0,-0.0003904783516190946,0.0003572455607354641,0.07568744570016861,-0.07780756801366806,0.0,0.0,-0.017672056332230568,0.0,0.0,0.0,0.0,1768451519.8201852,8.120084
XKF1,10864819,1,0.0,0.0,0.0,-8.067037560977042e-05,-0.0002443454577587545,0.075518399477005,-0.07795018702745438,0.0,0.0,-0.017735876142978668,0.0,0.0,0.0,0.0,1768451519.8201852,8.120084
XKF1,10904803,0,0.01,0.0,0.0,-0.00043734090286307037,0.00039555891999043524,0.07802370935678482,-0.06901712715625763,0.0,0.0,-0.01946854777634144,0.0,0.0,0.0,0.0,1768451519.8601692,8.160068
XKF1,10904803,1,0.0,0.0,0.0,-0.00012237946793902665,-0.0002298800100106746,0.07783110439777374,-0.06918443739414215,0.0,0.0,-0.019536210224032402,0.0,0.0,0.0,0.0,1768451519.8601692,8.160068
XKF1,10944787,0,0.01,0.0,0.0,-0.0004720533324871212,0.00041436104220338166,0.0800701454281807,-0.05803173780441284,0.0,0.0,-0.020788278430700302,0.0,0.0,0.0,0.0,1768451519.9001532,8.200052
XKF1,10944787,1,0.0,0.0,0.0,-0.00011012188770109788,-0.00019008532399311662,0.07987215369939804,-0.058196280151605606,0.0,0.0,-0.020862653851509094,0.0,0.0,0.0,0.0,1768451519.9001532,8.200052
XKF1,10984771,1,0.0,0.0,0.0,-0.00018097975407727063,-0.00017604060121811926,0.08157681673765182,-0.04288516938686371,0.0,0.0,-0.021544938907027245,0.0,0.0,0.0,0.0,1768451519.9401371,8.240036
XKF1,10984771,0,0.01,0.0,0.0,-0.0005158304702490568,0.0004398709861561656,0.08183670789003372,-0.04265637323260307,0.0,0.0,-0.02146202325820923,0.0,0.0,0.0,0.0,1768451519.9401371,8.240036
XKF1,11024755,1,0.0,0.0,0.0,-0.0001685648603597656,-0.00020453336765058339,0.08332303911447525,-0.015476915054023266,0.0,0.0,-0.019823594018816948,0.0,0.0,0.0,0.0,1768451519.9801211,8.28002
XKF1,11024755,0,0.01,0.0,0.0,-0.0005296060699038208,0.0004871525743510574,0.08359972387552261,-0.015244219452142715,0.0,0.0,-0.01973142847418785,0.0,0.0,0.0,0.0,1768451519.9801211,8.28002
XKF1,11064739,0,0.01,0.0,0.0,-0.0005981951835565269,0.0005275060539133847,0.08513335138559341,0.021469976752996445,0.0,0.0,-0.017682628706097603,0.0,0.0,0.0,0.0,1768451520.0201051,8.320004
XKF1,11064739,1,0.0,0.0,0.0,-0.00021102564642205834,-0.00018097263819072396,0.08486086130142212,0.021236643195152283,0.0,0.0,-0.017785366624593735,0.0,0.0,0.0,0.0,1768451520.0201051,8.320004
XKF1,11104723,0,0.01,0.0,0.0,-0.0006423493614420295,0.0005807668785564601,0.08622442930936813,0.048554401844739914,0.0,0.0,-0.016921674832701683,0.0,0.0,0.0,0.0,1768451520.060089,8.359988
XKF1,11104723,1,0.0,0.0,0.0,-0.0002935320371761918,-0.00020718654559459537,0.08585503697395325,0.048226967453956604,0.0,0.0,-0.017035191878676414,0.0,0.0,0.0,0.0,1768451520.060089,8.359988
XKF1,11144707,1,0.0,0.0,0.0,-0.00030821579275652766,-0.0002253061975352466,0.08644869923591614,0.033480316400527954,0.0,0.0,-0.017391007393598557,0.0,0.0,0.0,0.0,1768451520.100073,8.399972
XKF1,11144707,0,0.01,0.0,0.0,-0.0006908231880515814,0.0006063965847715735,0.08683392405509949,0.03380782529711723,0.0,0.0,-0.017263175919651985,0.0,0.0,0.0,0.0,1768451520.100073,8.399972
XKF1,11184691,1,0.0,0.0,0.01,-0.00030983384931460023,-0.0002667901280801743,0.08696471154689789,0.021296782419085503,0.0,0.0,-0.017274951562285423,0.0,0.0,0.0,0.0,1768451520.140057,8.439956
XKF1,11184691,0,0.01,0.0,0.01,-0.0007205179426819086,0.0006461789598688483,0.0873425155878067,0.02162996493279934,0.0,0.0,-0.017134107649326324,0.0,0.0,0.0,0.0,1768451520.140057,8.439956
XKF1,11224675,1,0.0,0.0,0.01,-0.0003553064016159624,-0.0002752126019913703,0.08711066097021103,0.01228327862918377,0.0,0.0,-0.017855191603302956,0.0,0.0,0.0,0.0,1768451520.180041,8.47994
XKF1,11224675,0,0.01,0.0,0.01,-0.0007600326207466424,0.00068290886702016,0.08750800043344498,0.01261455100029707,0.0,0.0,-0.01770172081887722,0.0,0.0,0.0,0.0,1768451520.180041,8.47994
XKF1,11264659,1,0.0,0.0,0.01,-0.00041414081351831555,-0.00023364646767731756,0.08714700490236282,0.0035700795706361532,0.0,0.0,-0.01797635853290558,0.0,0.0,0.0,0.0,1768451520.220025,8.519924
XKF1,11264659,0,0.01,0.0,0.01,-0.0007901133503764868,0.0007329111103899777,0.08758577704429626,0.00394284026697278,0.0,0.0,-0.01780744269490242,0.0,0.0,0.0,0.0,1768451520.220025,8.519924
XKF1,11304643,1,0.0,0.0,0.01,-0.0004515092878136784,-0.0002463226846884936,0.08741027861833572,0.0030739132780581713,0.0,0.0,-0.01686001569032669,0.0,0.0,0.0,0.0,1768451520.260009,8.559908
XKF1,11304643,0,0.01,0.0,0.01,-0.00082120526349172,0.0007376348366960883,0.08777295053005219,0.003374558174982667,0.0,0.0,-0.01667938567698002,0.0,0.0,0.0,0.0,1768451520.260009,8.559908
XKF1,11344627,1,0.0,0.0,0.01,-0.0005241426406428218,-0.00024872718495316803,0.08775152266025543,0.025479869917035103,0.0,0.0,-0.014680790714919567,0.0,0.0,0.0,0.0,1768451520.299993,8.599892
XKF1,11344627,0,0.01,0.0,0.01,-0.0008834183099679649,0.0007941024377942085,0.08809861540794373,0.02575746178627014,0.0,0.0,-0.014489024877548218,0.0,0.0,0.0,0.0,1768451520.299993,8.599892
XKF1,11384611,1,0.0,0.0,0.01,-0.0006734212511219084,-0.00021675755851902068,0.08790483325719833,0.0457230843603611,0.0,0.0,-0.012341010384261608,0.0,0.0,0.0,0.0,1768451520.339977,8.639876
XKF1,11384611,0,0.01,0.0,0.01,-0.0009267724817618728,0.0008440887904725969,0.08836621791124344,0.04610716179013252,0.0,0.0,-0.012135949917137623,0.0,0.0,0.0,0.0,1768451520.339977,8.639876
XKF1,11424595,1,0.0,0.0,0.01,-0.00059939653147012,-0.00016850420797709376,0.0873890370130539,0.047018516808748245,0.0,0.0,-0.012305484153330326,0.0,0.0,0.0,0.0,1768451520.3799613,8.67986
XKF1,11424595,0,0.01,0.0,0.01,-0.0009748844313435256,0.0008926849695853889,0.08780359476804733,0.04733242839574814,0.0,0.0,-0.012087819166481495,0.0,0.0,0.0,0.0,1768451520.3799613,8.67986
XKF1,11464579,1,0.0,0.0,0.01,-0.0007068838458508253,-0.00014514299982693046,0.08685366064310074,0.03128356859087944,0.0,0.0,-0.011916984803974628,0.0,0.0,0.0,0.0,1768451520.4199452,8.719844
XKF1,11464579,0,0.01,0.0,0.01,-0.0010055418824777007,0.0009395146043971181,0.08725330233573914,0.031590163707733154,0.0,0.0,-0.01168750412762165,0.0,0.0,0.0,0.0,1768451520.4199452,8.719844
XKF1,11504563,1,0.0,0.0,0.01,-0.0007075442699715495,-0.00012763151607941836,0.08566534519195557,0.023385507985949516,0.0,0.0,-0.013166417367756367,0.0,0.0,0.0,0.0,1768451520.4599292,8.759828
XKF1,11504563,0,0.01,0.0,0.01,-0.001027835183776915,0.0009845991153270006,0.08608697354793549,0.023702260106801987,0.0,0.0,-0.012926721945405006,0.0,0.0,0.0,0.0,1768451520.4599292,8.759828
XKF1,11544547,1,0.0,0.0,0.01,-0.0007594906492158771,-7.493825251003727e-05,0.08402242511510849,-0.01916365697979927,0.0,0.0,-0.015815306454896927,0.0,0.0,0.0,0.0,1768451520.4999132,8.799812
XKF1,11544547,0,0.01,0.0,0.01,-0.0010718858102336526,0.000988479470834136,0.08442740887403488,-0.018886025995016098,0.0,0.0,-0.015563557855784893,0.0,0.0,0.0,0.0,1768451520.4999132,8.799812
XKF1,11584531,1,0.0,0.0,0.01,-0.0007469322299584746,-2.0868501451332122e-05,0.08251892030239105,-0.04642824828624725,0.0,0.0,-0.01795700378715992,0.0,0.0,0.0,0.0,1768451520.5398972,8.839796
XKF1,11584531,0,0.01,0.0,0.01,-0.0011602796148508787,0.0010254532098770142,0.08291669934988022,-0.04663461446762085,0.0,0.0,-0.017625842243433,0.0,0.0,0.0,0.0,1768451520.5398972,8.839796
XKF1,11624515,0,0.01,0.0,0.01,-0.0012270509032532573,0.0011075477814301848,0.08189897984266281,-0.05012115091085434,0.0,0.0,-0.018088607117533684,0.0,0.0,0.0,0.0,1768451520.5798812,8.87978
XKF1,11624515,1,0.0,0.0,0.01,-0.000823680660687387,8.961195271695033e-05,0.0815330222249031,-0.051500529050827026,0.0,0.0,-0.018425703048706055,0.0,0.0,0.0,0.0,1768451520.5798812,8.87978
XKF1,11664499,0,0.01,0.0,0.01,-0.001284280326217413,0.0011365743121132255,0.08095550537109375,-0.03646174073219299,0.0,0.0,-0.01820678636431694,0.0,0.0,0.0,0.0,1768451520.6198652,8.919764
XKF1,11664499,1,0.0,0.0,0.01,-0.000879624392837286,0.00010639546962920576,0.08061306923627853,-0.03751290589570999,0.0,0.0,-0.01855102926492691,0.0,0.0,0.0,0.0,1768451520.6198652,8.919764
XKF1,11704483,0,0.01,0.0,0.01,-0.001376098720356822,0.001156313344836235,0.07989786565303802,-0.021534621715545654,0.0,0.0,-0.018428191542625427,0.0,0.0,0.0,0.0,1768451520.6598492,8.959748
XKF1,11704483,1,0.0,0.0,0.01,-0.0009528958471491933,0.0001251953945029527,0.0796164721250534,-0.02216940186917782,0.0,0.0,-0.018776332959532738,0.0,0.0,0.0,0.0,1768451520.6598492,8.959748
XKF1,11744467,0,0.01,0.0,0.01,-0.0014227568171918392,0.001208793604746461,0.07878207415342331,-0.016430819407105446,0.0,0.0,-0.01872497983276844,0.0,0.0,0.0,0.0,1768451520.6998332,8.999732
XKF1,11744467,1,0.0,0.0,0.01,-0.0009900229051709175,0.00018573635315988213,0.07843395322561264,-0.016870776191353798,0.0,0.0,-0.01907738484442234,0.0,0.0,0.0,0.0,1768451520.6998332,8.999732
XKF1,11784451,1,0.0,0.0,0.01,-0.0010304340394213796,0.00021757211652584374,0.0773436576128006,-0.010980536229908466,0.0,0.0,-0.019061539322137833,0.0,0.0,0.0,0.0,1768451520.7398171,9.039716
XKF1,11784451,0,0.01,0.0,0.01,-0.0015087997308000922,0.0012649133568629622,0.07771307229995728,-0.010691761039197445,0.0,0.0,-0.018703609704971313,0.0,0.0,0.0,0.0,1768451520.7398171,9.039716
XKF1,11824435,1,0.0,0.0,0.02,-0.0010828825179487467,0.0003510698152240366,0.0749957412481308,-0.021379675716161728,0.0,0.0,-0.022187570109963417,0.0,0.0,0.0,0.0,1768451520.7798011,9.0797
XKF1,11824435,0,0.01,0.0,0.01,-0.0015468440251424909,0.0013091195141896605,0.07537871599197388,-0.021203428506851196,0.0,0.0,-0.02182614430785179,0.0,0.0,0.0,0.0,1768451520.7798011,9.0797
XKF1,11864419,1,0.01,0.0,0.02,-0.001168159069493413,0.00033750158036127687,0.07286368310451508,-0.04825650528073311,0.0,0.0,-0.024743052199482918,0.0,0.0,0.0,0.0,1768451520.819785,9.119684
XKF1,11864419,0,0.01,0.0,0.01,-0.0016060232883319259,0.0013442444615066051,0.07328613847494125,-0.048122771084308624,0.0,0.0,-0.024375606328248978,0.0,0.0,0.0,0.0,1768451520.819785,9.119684
XKF1,11904403,1,0.01,0.0,0.02,-0.0013065581442788243,0.000426948769018054,0.0712505653500557,-0.05968102067708969,0.0,0.0,-0.02607724443078041,0.0,0.0,0.0,0.0,1768451520.859769,9.159668
XKF1,11904403,0,0.01,0.0,0.01,-0.0016465247608721256,0.0013721121940761805,0.07170698046684265,-0.05955470725893974,0.0,0.0,-0.025704288855195045,0.0,0.0,0.0,0.0,1768451520.859769,9.159668
XKF1,11944387,1,0.01,0.0,0.02,-0.001434698118828237,0.00043253591866232455,0.0700671374797821,-0.044112544506788254,0.0,0.0,-0.02635570801794529,0.0,0.0,0.0,0.0,1768451520.899753,9.199652
XKF1,11944387,0,0.01,0.0,0.01,-0.0016982858069241047,0.0013778454158455133,0.0704956129193306,-0.04403555020689964,0.0,0.0,-0.025974703952670097,0.0,0.0,0.0,0.0,1768451520.899753,9.199652
XKF1,11984371,1,0.01,0.0,0.02,-0.001530785346403718,0.0003788206377066672,0.068917416036129,-0.02592393383383751,0.0,0.0,-0.026362648233771324,0.0,0.0,0.0,0.0,1768451520.939737,9.239636
XKF1,11984371,0,0.01,0.0,0.02,-0.0017761385533958673,0.0014376871986314654,0.06937354058027267,-0.025816330686211586,0.0,0.0,-0.025974122807383537,0.0,0.0,0.0,0.0,1768451520.939737,9.239636
XKF1,12024355,1,0.01,0.0,0.02,-0.0015731711173430085,0.00041429910925216973,0.06709414720535278,-0.020531078800559044,0.0,0.0,-0.028021598234772682,0.0,0.0,0.0,0.0,1768451520.979721,9.27962
XKF1,12024355,0,0.01,0.0,0.02,-0.0018147123046219349,0.0014464609557762742,0.06753405183553696,-0.020439350977540016,0.0,0.0,-0.027626439929008484,0.0,0.0,0.0,0.0,1768451520.979721,9.27962
XKF1,12064339,1,0.01,0.0,0.02,-0.0016307372134178877,0.0004363085317891091,0.06535214930772781,-0.027607914060354233,0.0,0.0,-0.02927829511463642,0.0,0.0,0.0,0.0,1768451521.019705,9.319604
XKF1,12064339,0,0.01,0.0,0.02,-0.0018722929526120424,0.0014882204122841358,0.06585846841335297,-0.027441956102848053,0.0,0.0,-0.028876395896077156,0.0,0.0,0.0,0.0,1768451521.019705,9.319604
XKF1,12104323,1,0.01,0.0,0.02,-0.0017367827240377665,0.0005308225518092513,0.06350798904895782,-0.028358398005366325,0.0,0.0,-0.03089519776403904,0.0,0.0,0.0,0.0,1768451521.059689,9.359588
XKF1,12104323,0,0.01,0.0,0.02,-0.0019127733539789915,0.0015053927199915051,0.06403689831495285,-0.028179524466395378,0.0,0.0,-0.030484957620501518,0.0,0.0,0.0,0.0,1768451521.059689,9.359588
XKF1,12145140,1,0.01,0.01,0.02,-0.0017703359480947256,0.0006690354202874005,0.06151502951979637,-0.03990044444799423,0.0,0.0,-0.03271114453673363,0.0,0.0,0.0,0.0,1768451521.100506,9.400405
XKF1,12145140,0,0.01,0.01,0.02,-0.001977186417207122,0.0015206255484372377,0.06207963451743126,-0.03923022374510765,0.0,0.0,-0.03239087760448456,0.0,0.0,0.0,0.0,1768451521.100506,9.400405
XKF1,12185124,1,0.01,0.01,0.02,-0.0017860418884083629,0.0007141320966184139,0.05971251800656319,-0.0420808270573616,0.0,0.0,-0.0342337004840374,0.0,0.0,0.0,0.0,1768451521.14049,9.440389
XKF1,12185124,0,0.01,0.01,0.02,-0.0020394681487232447,0.0015480528818443418,0.06030689924955368,-0.04371583089232445,0.0,0.0,-0.033894214779138565,0.0,0.0,0.0,0.0,1768451521.14049,9.440389
XKF1,12225108,1,0.0,0.0,179.97,-0.0017561408458277583,0.0006980616599321365,0.05699414387345314,-0.05333474278450012,0.0,0.0,-0.0379050187766552,0.0,0.0,0.0,0.0,1768451521.180474,9.480373
XKF1,12225108,0,0.01,0.0,179.96,-0.0019712590146809816,0.001517578843049705,0.0575874000787735,-0.05354975908994675,0.0,0.0,-0.03750815987586975,0.0,0.0,0.0,0.0,1768451521.180474,9.480373
XKF1,12265092,0,0.01,0.0,179.96,-0.0018133459379896522,0.001386490766890347,0.055168475955724716,-0.07275976240634918,0.0,0.0,-0.04061277583241463,0.0,0.0,0.0,0.0,1768451521.220458,9.520357
XKF1,12265092,1,0.0,0.0,179.97,-0.0015692649176344275,0.000715314585249871,0.054502714425325394,-0.07312009483575821,0.0,0.0,-0.04102487117052078,0.0,0.0,0.0,0.0,1768451521.220458,9.520357
XKF1,12305076,0,0.01,0.0,179.96,-0.0016499431803822517,0.0012650478165596724,0.05315941572189331,-0.07892300933599472,0.0,0.0,-0.04288323223590851,0.0,0.0,0.0,0.0,1768451521.260442,9.560341
XKF1,12305076,1,0.01,0.0,179.97,-0.0013316418044269085,0.0006623096414841712,0.05247318372130394,-0.07939521223306656,0.0,0.0,-0.04331178590655327,0.0,0.0,0.0,0.0,1768451521.260442,9.560341
XKF1,12345060,0,0.01,0.0,179.96,-0.0014068115269765258,0.001122329500503838,0.05149572715163231,-0.06818664819002151,0.0,0.0,-0.044424593448638916,0.0,0.0,0.0,0.0,1768451521.3004262,9.600325
XKF1,12345060,1,0.01,0.0,179.97,-0.0011684265919029713,0.0004982069949619472,0.050832055509090424,-0.0686655342578888,0.0,0.0,-0.04487112909555435,0.0,0.0,0.0,0.0,1768451521.3004262,9.600325
XKF1,12385044,0,0.01,0.0,179.96,-0.001192244584672153,0.0009546003420837224,0.04999323934316635,-0.05410356819629669,0.0,0.0,-0.045638736337423325,0.0,0.0,0.0,0.0,1768451521.3404102,9.640309
XKF1,12385044,1,0.01,0.0,179.97,-0.0009697653586044908,0.0003923347976524383,0.04935852810740471,-0.054586462676525116,0.0,0.0,-0.04610221087932587,0.0,0.0,0.0,0.0,1768451521.3404102,9.640309
XKF1,12425028,0,0.01,0.0,179.96,-0.0009453047532588243,0.0007943380041979253,0.049384601414203644,-0.03148355334997177,0.0,0.0,-0.04481825232505798,0.0,0.0,0.0,0.0,1768451521.3803942,9.680293
XKF1,12425028,1,0.01,0.0,179.97,-0.0006681568338535726,0.0003181094361934811,0.04876324534416199,-0.031935472041368484,0.0,0.0,-0.04529215395450592,0.0,0.0,0.0,0.0,1768451521.3803942,9.680293
XKF1,12465012,0,0.01,0.01,179.96,-0.0007253154180943966,0.0006028405041433871,0.04879283159971237,-0.001566591439768672,0.0,0.0,-0.04389648512005806,0.0,0.0,0.0,0.0,1768451521.4203782,9.720277
XKF1,12465012,1,0.01,0.01,179.97,-0.00037660234374925494,0.000277385872323066,0.048223577439785004,-0.0019206349970772862,0.0,0.0,-0.04438318684697151,0.0,0.0,0.0,0.0,1768451521.4203782,9.720277
XKF1,12504996,0,0.01,0.01,179.96,-0.0004948757705278695,0.00043028235086239874,0.04792917147278786,0.018862077966332436,0.0,0.0,-0.043483953922986984,0.0,0.0,0.0,0.0,1768451521.4603622,9.760261
XKF1,12504996,1,0.01,0.01,179.97,-0.0001545492123113945,0.00020210516231600195,0.047356706112623215,0.01850893907248974,0.0,0.0,-0.043980278074741364,0.0,0.0,0.0,0.0,1768451521.4603622,9.760261
XKF1,12544980,0,0.01,0.01,179.96,-0.0002523540460970253,0.0002422685211058706,0.04684489220380783,0.01864013820886612,0.0,0.0,-0.04349898174405098,0.0,0.0,0.0,0.0,1768451521.5003462,9.800245
XKF1,12544980,1,0.01,0.01,179.97,4.380578320706263e-05,9.113463602261618e-05,0.04631856083869934,0.01838797703385353,0.0,0.0,-0.044003088027238846,0.0,0.0,0.0,0.0,1768451521.5003462,9.800245
XKF1,12584964,0,0.01,0.01,179.96,1.3659685293987422e-07,7.142616232158616e-05,0.045848745852708817,0.01662317104637623,0.0,0.0,-0.043328896164894104,0.0,0.0,0.0,0.0,1768451521.5403302,9.840229
XKF1,12584964,1,0.01,0.01,179.97,0.0003405341412872076,-0.00010163265687879175,0.04529707506299019,0.016356538981199265,0.0,0.0,-0.043842535465955734,0.0,0.0,0.0,0.0,1768451521.5403302,9.840229
XKF1,12624948,0,0.02,0.01,179.96,0.0002007900329772383,-0.00012195820454508066,0.04526659846305847,0.020719047635793686,0.0,0.0,-0.042176254093647,0.0,0.0,0.0,0.0,1768451521.5803142,9.880213
XKF1,12624948,1,0.01,0.01,179.97,0.0005352040752768517,-0.00020369343110360205,0.04474261775612831,0.02050398476421833,0.0,0.0,-0.04269445315003395,0.0,0.0,0.0,0.0,1768451521.5803142,9.880213
XKF1,12664932,0,0.02,0.01,179.96,0.00042259693145751953,-0.00028318175463937223,0.044709380716085434,0.030201783403754234,0.0,0.0,-0.04096744582056999,0.0,0.0,0.0,0.0,1768451521.6202981,9.920197
XKF1,12664932,1,0.01,0.01,179.97,0.0007897780742496252,-0.0003434728132560849,0.0442308746278286,0.030062982812523842,0.0,0.0,-0.0414918027818203,0.0,0.0,0.0,0.0,1768451521.6202981,9.920197
XKF1,12704916,0,0.02,0.01,179.96,0.0006447323248721659,-0.00048238589079119265,0.043391983956098557,0.036565206944942474,0.0,0.0,-0.04146238788962364,0.0,0.0,0.0,0.0,1768451521.6602821,9.960181
XKF1,12704916,1,0.01,0.01,179.97,0.0009489386575296521,-0.00047164998250082135,0.04287901520729065,0.03638630360364914,0.0,0.0,-0.04199085757136345,0.0,0.0,0.0,0.0,1768451521.6602821,9.960181
XKF1,12744900,0,0.02,0.01,179.96,0.0008563461597077549,-0.0006309723248705268,0.04142199829220772,0.0029493190813809633,0.0,0.0,-0.04340169578790665,0.0,0.0,0.0,0.0,1768451521.7002661,10.000165
XKF1,12744900,1,0.01,0.01,179.97,0.0012259252835065126,-0.0005857649957761168,0.04093330726027489,0.0028474372811615467,0.0,0.0,-0.043934453278779984,0.0,0.0,0.0,0.0,1768451521.7002661,10.000165
XKF1,12784884,0,0.02,0.01,179.96,0.0010330518707633018,-0.0008170054643414915,0.03963474556803703,-0.022495288401842117,0.0,0.0,-0.044989150017499924,0.0,0.0,0.0,0.0,1768451521.74025,10.040149
XKF1,12784884,1,0.01,0.01,179.97,0.001497051795013249,-0.0007627602317370474,0.03921712562441826,-0.02253844030201435,0.0,0.0,-0.04552712291479111,0.0,0.0,0.0,0.0,1768451521.74025,10.040149
XKF1,12824868,0,0.02,0.01,179.96,0.0012174106668680906,-0.0010152977192774415,0.03763191029429436,-0.03862496837973595,0.0,0.0,-0.047129351645708084,0.0,0.0,0.0,0.0,1768451521.780234,10.080133
XKF1,12824868,1,0.01,0.01,179.97,0.0017033607000485063,-0.0008087885798886418,0.03718830645084381,-0.03868654742836952,0.0,0.0,-0.04766569286584854,0.0,0.0,0.0,0.0,1768451521.780234,10.080133
XKF1,12864852,0,0.02,0.01,179.96,0.0014206868363544345,-0.0011924045393243432,0.03587337210774422,-0.04980713874101639,0.0,0.0,-0.048922162503004074,0.0,0.0,0.0,0.0,1768451521.820218,10.120117
XKF1,12864852,1,0.01,0.01,179.97,0.0019489619880914688,-0.000877474551089108,0.03541984781622887,-0.04984959587454796,0.0,0.0,-0.049462154507637024,0.0,0.0,0.0,0.0,1768451521.820218,10.120117
XKF1,12904836,0,0.02,0.01,179.96,0.0016441071638837457,-0.001361084752716124,0.034516774117946625,-0.05191146954894066,0.0,0.0,-0.04981542378664017,0.0,0.0,0.0,0.0,1768451521.860202,10.160101
XKF1,12904836,1,0.02,0.01,179.97,0.0020833509042859077,-0.0009073123219422996,0.034092698246240616,-0.05194955691695213,0.0,0.0,-0.050356317311525345,0.0,0.0,0.0,0.0,1768451521.860202,10.160101
XKF1,12944820,0,0.02,0.01,179.96,0.0018300769152119756,-0.001543588237836957,0.03354505077004433,-0.03562449663877487,0.0,0.0,-0.04993424564599991,0.0,0.0,0.0,0.0,1768451521.900186,10.200085
XKF1,12944820,1,0.02,0.01,179.97,0.0022836988791823387,-0.0010121387895196676,0.03310742229223251,-0.035644691437482834,0.0,0.0,-0.05047544464468956,0.0,0.0,0.0,0.0,1768451521.900186,10.200085
XKF1,12984804,0,0.02,0.01,179.96,0.0020159923005849123,-0.001721560605801642,0.03267063573002815,-0.01976057142019272,0.0,0.0,-0.04992028325796127,0.0,0.0,0.0,0.0,1768451521.94017,10.240069
XKF1,12984804,1,0.02,0.01,179.97,0.002446730388328433,-0.0011902201222255826,0.03223260119557381,-0.019779784604907036,0.0,0.0,-0.050464168190956116,0.0,0.0,0.0,0.0,1768451521.94017,10.240069
XKF1,13024788,0,0.02,0.01,179.96,0.002235783962532878,-0.0019096193136647344,0.031476009637117386,-0.012089764699339867,0.0,0.0,-0.05058933049440384,0.0,0.0,0.0,0.0,1768451521.980154,10.280053
XKF1,13024788,1,0.02,0.01,179.97,0.0026421057991683483,-0.0013253996148705482,0.031011128798127174,-0.012121613137423992,0.0,0.0,-0.05113249644637108,0.0,0.0,0.0,0.0,1768451521.980154,10.280053
XKF1,13064772,0,0.02,0.01,179.96,0.0024228449910879135,-0.0020995652303099632,0.03032819926738739,-0.011658800765872002,0.0,0.0,-0.05106808990240097,0.0,0.0,0.0,0.0,1768451522.020138,10.320037
XKF1,13064772,1,0.02,0.01,179.97,0.002831278834491968,-0.0014113194774836302,0.02990809641778469,-0.011642624624073505,0.0,0.0,-0.05161165073513985,0.0,0.0,0.0,0.0,1768451522.020138,10.320037
XKF1,13104756,0,0.02,0.01,179.96,0.0025774207897484303,-0.002266491064801812,0.028939126059412956,-0.009820298291742802,0.0,0.0,-0.05221116542816162,0.0,0.0,0.0,0.0,1768451522.0601223,10.360021
XKF1,13104756,1,0.02,0.01,179.97,0.0030140792950987816,-0.0014638100983574986,0.028545362874865532,-0.00979278702288866,0.0,0.0,-0.05275130644440651,0.0,0.0,0.0,0.0,1768451522.0601223,10.360021
XKF1,13144740,0,0.02,0.01,179.96,0.0027629397809505463,-0.0024440898559987545,0.027294928207993507,-0.024442501366138458,0.0,0.0,-0.0539112351834774,0.0,0.0,0.0,0.0,1768451522.1001062,10.400005
XKF1,13144740,1,0.02,0.01,179.97,0.0032326597720384598,-0.0015871996292844415,0.026926590129733086,-0.024360723793506622,0.0,0.0,-0.05444880947470665,0.0,0.0,0.0,0.0,1768451522.1001062,10.400005
XKF1,13184724,0,0.02,0.01,179.96,0.0029659701976925135,-0.002627577167004347,0.025845041498541832,-0.03374350070953369,0.0,0.0,-0.05533166974782944,0.0,0.0,0.0,0.0,1768451522.1400902,10.439989
XKF1,13184724,1,0.02,0.01,179.97,0.00332774524576962,-0.0016277319518849254,0.025477571412920952,-0.0336710624396801,0.0,0.0,-0.05586779862642288,0.0,0.0,0.0,0.0,1768451522.1400902,10.439989
XKF1,13224708,0,0.02,0.02,179.96,0.0031595088075846434,-0.002771922154352069,0.024306345731019974,-0.03835458680987358,0.0,0.0,-0.05696574226021767,0.0,0.0,0.0,0.0,1768451522.1800742,10.479973
XKF1,13224708,1,0.02,0.01,179.97,0.0034557050094008446,-0.0017885019769892097,0.023984484374523163,-0.03822765499353409,0.0,0.0,-0.05749528482556343,0.0,0.0,0.0,0.0,1768451522.1800742,10.479973
XKF1,13264692,0,0.03,0.02,179.96,0.0033454198855906725,-0.002966755535453558,0.02293495647609234,-0.04078162461519241,0.0,0.0,-0.05834090709686279,0.0,0.0,0.0,0.0,1768451522.2200582,10.519957
XKF1,13264692,1,0.02,0.01,179.97,0.0036594776902347803,-0.001856316695921123,0.02259710803627968,-0.040665432810783386,0.0,0.0,-0.058867208659648895,0.0,0.0,0.0,0.0,1768451522.2200582,10.519957
XKF1,13304676,0,0.03,0.02,179.96,0.003515401855111122,-0.0031430001836270094,0.021676791831851006,-0.03888392448425293,0.0,0.0,-0.059398360550403595,0.0,0.0,0.0,0.0,1768451522.2600422,10.559941
XKF1,13304676,1,0.02,0.01,179.97,0.0037999071646481752,-0.0019441962940618396,0.02145688608288765,-0.03867083787918091,0.0,0.0,-0.05991697683930397,0.0,0.0,0.0,0.0,1768451522.2600422,10.559941
XKF1,13344660,0,0.03,0.02,179.96,0.0036470042541623116,-0.0032720204908400774,0.020604953169822693,-0.03243037685751915,0.0,0.0,-0.060178544372320175,0.0,0.0,0.0,0.0,1768451522.3000262,10.599925
XKF1,13344660,1,0.02,0.01,179.97,0.003985369578003883,-0.002082658465951681,0.020348651334643364,-0.03223253786563873,0.0,0.0,-0.06068940833210945,0.0,0.0,0.0,0.0,1768451522.3000262,10.599925
XKF1,13384644,1,0.02,0.01,179.96,0.004138925112783909,-0.002186906524002552,0.01935441978275776,-0.02519363909959793,0.0,0.0,-0.061302486807107925,0.0,0.0,0.0,0.0,1768451522.3400102,10.639909
XKF1,13384644,0,0.03,0.02,179.96,0.003803383093327284,-0.003464658511802554,0.019617000594735146,-0.025373484939336777,0.0,0.0,-0.06079792231321335,0.0,0.0,0.0,0.0,1768451522.3400102,10.639909
XKF1,13424628,1,0.02,0.01,179.96,0.004319518338888884,-0.002324179280549288,0.017121732234954834,-0.03583794832229614,0.0,0.0,-0.06503511965274811,0.0,0.0,0.0,0.0,1768451522.3799942,10.679893
XKF1,13424628,0,0.03,0.02,179.96,0.003920653834939003,-0.0035941023379564285,0.017289362847805023,-0.03612419217824936,0.0,0.0,-0.06454110890626907,0.0,0.0,0.0,0.0,1768451522.3799942,10.679893
XKF1,13464612,1,0.02,0.02,179.96,0.00441727414727211,-0.0025412377435714006,0.015010489150881767,-0.06350962072610855,0.0,0.0,-0.06830624490976334,0.0,0.0,0.0,0.0,1768451522.4199781,10.719877
XKF1,13464612,0,0.03,0.02,179.96,0.004067310597747564,-0.003761919913813472,0.015186063013970852,-0.06377170234918594,0.0,0.0,-0.0678219124674797,0.0,0.0,0.0,0.0,1768451522.4199781,10.719877
XKF1,13504596,1,0.02,0.02,179.96,0.004468667320907116,-0.0026582994032651186,0.012933979742228985,-0.07684523612260818,0.0,0.0,-0.07156073302030563,0.0,0.0,0.0,0.0,1768451522.4599621,10.759861
XKF1,13504596,0,0.03,0.02,179.96,0.004237315617501736,-0.0038758714217692614,0.013144159689545631,-0.077057383954525,0.0,0.0,-0.07108832895755768,0.0,0.0,0.0,0.0,1768451522.4599621,10.759861
XKF1,13544580,1,0.02,0.02,179.96,0.00459051039069891,-0.0028233469929546118,0.010966417379677296,-0.08713164925575256,0.0,0.0,-0.07479584962129593,0.0,0.0,0.0,0.0,1768451522.499946,10.799845
XKF1,13544580,0,0.03,0.02,179.95,0.00437215156853199,-0.00400594063103199,0.011183198541402817,-0.08736833930015564,0.0,0.0,-0.07433128356933594,0.0,0.0,0.0,0.0,1768451522.499946,10.799845
XKF1,13584564,1,0.02,0.02,179.96,0.004742696415632963,-0.0029985313303768635,0.009206745773553848,-0.08882112056016922,0.0,0.0,-0.0776553601026535,0.0,0.0,0.0,0.0,1768451522.53993,10.839829
XKF1,13584564,0,0.03,0.02,179.95,0.004507355857640505,-0.004150334745645523,0.00938976090401411,-0.08906666189432144,0.0,0.0,-0.07719859480857849,0.0,0.0,0.0,0.0,1768451522.53993,10.839829
XKF1,13624548,1,0.02,0.02,179.96,0.004809224512428045,-0.0030665721278637648,0.006599695887416601,-0.0962371751666069,0.0,0.0,-0.0824924111366272,0.0,0.0,0.0,0.0,1768451522.579914,10.879813
XKF1,13624548,0,0.03,0.02,179.95,0.004635233897715807,-0.004276153165847063,0.006819006521254778,-0.09645753353834152,0.0,0.0,-0.08204606175422668,0.0,0.0,0.0,0.0,1768451522.579914,10.879813
XKF1,13664532,1,0.03,0.02,179.96,0.004918723367154598,-0.003148905700072646,0.00431468803435564,-0.1113736480474472,0.0,0.0,-0.08680161833763123,0.0,0.0,0.0,0.0,1768451522.619898,10.919797
XKF1,13664532,0,0.03,0.02,179.95,0.004761208314448595,-0.004410474561154842,0.00449048588052392,-0.11188146471977234,0.0,0.0,-0.0863596573472023,0.0,0.0,0.0,0.0,1768451522.619898,10.919797
XKF1,13704516,1,0.03,0.02,179.96,0.005054753739386797,-0.003295300295576453,0.0019824195187538862,-0.11604178696870804,0.0,0.0,-0.09125962108373642,0.0,0.0,0.0,0.0,1768451522.659882,10.959781
XKF1,13704516,0,0.03,0.02,179.95,0.0048955148085951805,-0.004562582354992628,0.0021387790329754353,-0.11526863276958466,0.0,0.0,-0.09083187580108643,0.0,0.0,0.0,0.0,1768451522.659882,10.959781
XKF1,13744500,1,0.03,0.02,179.96,0.005087944678962231,-0.0035126730799674988,-0.00037429039366543293,-0.12388209998607635,0.0,0.0,-0.09583719819784164,0.0,0.0,0.0,0.0,1768451522.699866,10.999765
XKF1,13744500,0,0.03,0.02,179.95,0.005043431185185909,-0.004664769396185875,-0.00017029778973665088,-0.12337362766265869,0.0,0.0,-0.09541939944028854,0.0,0.0,0.0,0.0,1768451522.699866,10.999765
XKF1,13784484,1,0.03,0.02,179.96,0.00521566066890955,-0.003605135018005967,-0.0023429766297340393,-0.12356746196746826,0.0,0.0,-0.09993606805801392,0.0,0.0,0.0,0.0,1768451522.73985,11.039749
XKF1,13784484,0,0.03,0.02,179.95,0.005182333290576935,-0.0048138173297047615,-0.002246025251224637,-0.12344952672719955,0.0,0.0,-0.09952808171510696,0.0,0.0,0.0,0.0,1768451522.73985,11.039749
XKF1,13824468,1,0.03,0.02,179.96,0.005178071092814207,-0.0036827181465923786,-0.004050048068165779,-0.11594526469707489,0.0,0.0,-0.10355058312416077,0.0,0.0,0.0,0.0,1768451522.779834,11.079733
XKF1,13824468,0,0.03,0.02,179.95,0.005257527343928814,-0.0049328794702887535,-0.00408371165394783,-0.11615440249443054,0.0,0.0,-0.10316112637519836,0.0,0.0,0.0,0.0,1768451522.779834,11.079733
XKF1,13864452,1,0.03,0.02,179.96,0.005227017682045698,-0.003788986708968878,-0.005719538778066635,-0.10460394620895386,0.0,0.0,-0.10679879784584045,0.0,0.0,0.0,0.0,1768451522.819818,11.119717
XKF1,13864452,0,0.03,0.02,179.95,0.005370344966650009,-0.005050633568316698,-0.005752481985837221,-0.10494677722454071,0.0,0.0,-0.1064266785979271,0.0,0.0,0.0,0.0,1768451522.819818,11.119717
XKF1,13904436,1,0.03,0.02,179.96,0.005269805435091257,-0.0038875218015164137,-0.007567554712295532,-0.09231213480234146,0.0,0.0,-0.11051440238952637,0.0,0.0,0.0,0.0,1768451522.8598022,11.159701
XKF1,13904436,0,0.03,0.02,179.95,0.005405035801231861,-0.005112749990075827,-0.007612287998199463,-0.0927300751209259,0.0,0.0,-0.11016322672367096,0.0,0.0,0.0,0.0,1768451522.8598022,11.159701
XKF1,13944420,1,0.03,0.02,179.96,0.005272867623716593,-0.003924224060028791,-0.009579232893884182,-0.09722504764795303,0.0,0.0,-0.11461308598518372,0.0,0.0,0.0,0.0,1768451522.8997862,11.199685
XKF1,13944420,0,0.03,0.02,179.95,0.005495203658938408,-0.005217102821916342,-0.009600925259292126,-0.0976950079202652,0.0,0.0,-0.11427859961986542,0.0,0.0,0.0,0.0,1768451522.8997862,11.199685
XKF1,13984404,1,0.03,0.02,179.96,0.005314220674335957,-0.0040430608205497265,-0.011305602267384529,-0.09849932789802551,0.0,0.0,-0.11830541491508484,0.0,0.0,0.0,0.0,1768451522.9397702,11.239669
XKF1,13984404,0,0.03,0.02,179.95,0.00555881904438138,-0.005299569107592106,-0.01136221643537283,-0.09899762272834778,0.0,0.0,-0.11798731982707977,0.0,0.0,0.0,0.0,1768451522.9397702,11.239669
XKF1,14024388,1,0.03,0.02,179.96,0.005308982450515032,-0.004153326153755188,-0.013062549754977226,-0.09639842063188553,0.0,0.0,-0.12204331904649734,0.0,0.0,0.0,0.0,1768451522.9797542,11.279653
XKF1,14024388,0,0.03,0.02,179.95,0.005604603327810764,-0.005355487577617168,-0.013118390925228596,-0.09690316021442413,0.0,0.0,-0.1217440590262413,0.0,0.0,0.0,0.0,1768451522.9797542,11.279653
XKF1,14064372,1,0.03,0.02,179.96,0.005329162813723087,-0.00418601930141449,-0.014649424701929092,-0.09322778880596161,0.0,0.0,-0.12542977929115295,0.0,0.0,0.0,0.0,1768451523.0197382,11.319637
XKF1,14064372,0,0.03,0.02,179.95,0.005638053175061941,-0.0054279207251966,-0.014732901006937027,-0.0937405452132225,0.0,0.0,-0.12514621019363403,0.0,0.0,0.0,0.0,1768451523.0197382,11.319637
XKF1,14104356,1,0.03,0.02,179.96,0.005345896352082491,-0.004228842444717884,-0.0162438303232193,-0.08697089552879333,0.0,0.0,-0.12895390391349792,0.0,0.0,0.0,0.0,1768451523.0597222,11.359621
XKF1,14104356,0,0.03,0.02,179.95,0.005691213067620993,-0.005460157059133053,-0.016366111114621162,-0.0874822810292244,0.0,0.0,-0.1286899447441101,0.0,0.0,0.0,0.0,1768451523.0597222,11.359621
XKF1,14144340,1,0.03,0.01,179.96,0.0052825878374278545,-0.00422396045178175,-0.017894016578793526,-0.08874532580375671,0.0,0.0,-0.1325855255126953,0.0,0.0,0.0,0.0,1768451523.0997062,11.399605
XKF1,14144340,0,0.03,0.02,179.95,0.005745078437030315,-0.005479344166815281,-0.0180315300822258,-0.08927088230848312,0.0,0.0,-0.1323387622833252,0.0,0.0,0.0,0.0,1768451523.0997062,11.399605
XKF1,14184324,1,0.03,0.01,179.96,0.00520015275105834,-0.004328223876655102,-0.019409075379371643,-0.08762514591217041,0.0,0.0,-0.13588960468769073,0.0,0.0,0.0,0.0,1768451523.1396902,11.439589
XKF1,14184324,0,0.03,0.02,179.95,0.005795792210847139,-0.005527700763195753,-0.019533827900886536,-0.08809440582990646,0.0,0.0,-0.13566063344478607,0.0,0.0,0.0,0.0,1768451523.1396902,11.439589
XKF1,14225141,1,0.03,0.01,179.96,0.005163538735359907,-0.004358053673058748,-0.02085486426949501,-0.08370280265808105,0.0,0.0,-0.13911327719688416,0.0,0.0,0.0,0.0,1768451523.1805072,11.480406
XKF1,14225141,0,0.03,0.02,179.95,0.005746300332248211,-0.005529158283025026,-0.02099715732038021,-0.08434934914112091,0.0,0.0,-0.13886632025241852,0.0,0.0,0.0,0.0,1768451523.1805072,11.480406
XKF1,14265125,1,0.03,0.01,179.96,0.00510800164192915,-0.0043869223445653915,-0.022202692925930023,-0.07802628725767136,0.0,0.0,-0.14204105734825134,0.0,0.0,0.0,0.0,1768451523.2204912,11.52039
XKF1,14265125,0,0.03,0.02,179.95,0.00571694178506732,-0.005549719091504812,-0.022333748638629913,-0.07965212315320969,0.0,0.0,-0.1418047547340393,0.0,0.0,0.0,0.0,1768451523.2204912,11.52039
XKF1,14305109,1,0.03,0.01,179.96,0.00503713870421052,-0.004411761183291674,-0.022857656702399254,-0.07238303869962692,0.0,0.0,-0.14362072944641113,0.0,0.0,0.0,0.0,1768451523.2604752,11.560374
XKF1,14305109,0,0.03,0.02,179.95,0.005690075922757387,-0.005567486397922039,-0.02309180609881878,-0.07349057495594025,0.0,0.0,-0.14342042803764343,0.0,0.0,0.0,0.0,1768451523.2604752,11.560374
XKF1,14345093,1,0.03,0.01,179.96,0.005004680249840021,-0.004481673706322908,-0.023073548451066017,-0.042766470462083817,0.0,0.0,-0.14406099915504456,0.0,0.0,0.0,0.0,1768451523.3004591,11.600358
XKF1,14345093,0,0.03,0.02,179.95,0.005690195597708225,-0.005576419644057751,-0.02334894798696041,-0.04321550950407982,0.0,0.0,-0.14388145506381989,0.0,0.0,0.0,0.0,1768451523.3004591,11.600358
XKF1,14385077,1,0.03,0.01,179.96,0.004982005804777145,-0.004523250740021467,-0.023313205689191818,-0.01970692351460457,0.0,0.0,-0.14452998340129852,0.0,0.0,0.0,0.0,1768451523.3404431,11.640342
XKF1,14385077,0,0.03,0.02,179.95,0.005648236256092787,-0.0055999597534537315,-0.023617764934897423,-0.020113259553909302,0.0,0.0,-0.14437174797058105,0.0,0.0,0.0,0.0,1768451523.3404431,11.640342
XKF1,14425061,1,0.03,0.01,179.96,0.004894145764410496,-0.004590398631989956,-0.023598356172442436,-0.007442528381943703,0.0,0.0,-0.14518412947654724,0.0,0.0,0.0,0.0,1768451523.3804271,11.680326
XKF1,14425061,0,0.03,0.02,179.95,0.0055803898721933365,-0.005548382643610239,-0.023997224867343903,-0.007958197966217995,0.0,0.0,-0.14505140483379364,0.0,0.0,0.0,0.0,1768451523.3804271,11.680326
XKF1,14465045,1,0.03,0.01,179.96,0.004860777407884598,-0.004625925328582525,-0.023983512073755264,-0.0029125928413122892,0.0,0.0,-0.14583975076675415,0.0,0.0,0.0,0.0,1768451523.420411,11.72031
XKF1,14465045,0,0.03,0.01,179.95,0.005528740584850311,-0.005549251567572355,-0.024370387196540833,-0.0034445668570697308,0.0,0.0,-0.145730659365654,0.0,0.0,0.0,0.0,1768451523.420411,11.72031
XKF1,14505029,1,0.03,0.01,179.96,0.0047804126515984535,-0.00469645019620657,-0.024848992004990578,-0.00181682500988245,0.0,0.0,-0.14753574132919312,0.0,0.0,0.0,0.0,1768451523.460395,11.760294
XKF1,14505029,0,0.03,0.01,179.95,0.005472476128488779,-0.005490860901772976,-0.025198394432663918,-0.002308648545295,0.0,0.0,-0.14745032787322998,0.0,0.0,0.0,0.0,1768451523.460395,11.760294
XKF1,14545013,1,0.03,0.01,179.96,0.004608243238180876,-0.0047326888889074326,-0.026080049574375153,-0.024508358910679817,0.0,0.0,-0.15011122822761536,0.0,0.0,0.0,0.0,1768451523.500379,11.800278
XKF1,14545013,0,0.03,0.01,179.95,0.005387437529861927,-0.005418864544481039,-0.02639133296906948,-0.024983111768960953,0.0,0.0,-0.15004730224609375,0.0,0.0,0.0,0.0,1768451523.500379,11.800278
XKF1,14584997,1,0.03,0.01,179.96,0.004512042738497257,-0.004831759724766016,-0.02725757472217083,-0.04215506464242935,0.0,0.0,-0.1525026559829712,0.0,0.0,0.0,0.0,1768451523.540363,11.840262
XKF1,14584997,0,0.03,0.01,179.95,0.005330120678991079,-0.005408105440437794,-0.027538640424609184,-0.042588770389556885,0.0,0.0,-0.15245692431926727,0.0,0.0,0.0,0.0,1768451523.540363,11.840262
XKF1,14624981,1,0.03,0.01,179.96,0.004423437640070915,-0.004797769244760275,-0.02858249843120575,-0.055011436343193054,0.0,0.0,-0.15545330941677094,0.0,0.0,0.0,0.0,1768451523.580347,11.880246
XKF1,14624981,0,0.03,0.01,179.95,0.005206052213907242,-0.005328387953341007,-0.028903504833579063,-0.05547584220767021,0.0,0.0,-0.15542782843112946,0.0,0.0,0.0,0.0,1768451523.580347,11.880246
XKF1,14664965,1,0.03,0.01,179.96,0.004320469684898853,-0.004784543067216873,-0.029824038967490196,-0.0657258853316307,0.0,0.0,-0.15819938480854034,0.0,0.0,0.0,0.0,1768451523.620331,11.92023
XKF1,14664965,0,0.03,0.01,179.95,0.005155257880687714,-0.005280214361846447,-0.030138032510876656,-0.0661752000451088,0.0,0.0,-0.1581919938325882,0.0,0.0,0.0,0.0,1768451523.620331,11.92023
XKF1,14704949,1,0.03,0.01,179.96,0.004248206038028002,-0.004881310276687145,-0.030808961018919945,-0.06981423497200012,0.0,0.0,-0.16036665439605713,0.0,0.0,0.0,0.0,1768451523.660315,11.960214
XKF1,14704949,0,0.03,0.01,179.95,0.005085834767669439,-0.005240449216216803,-0.031112369149923325,-0.07023187726736069,0.0,0.0,-0.16037720441818237,0.0,0.0,0.0,0.0,1768451523.660315,11.960214
XKF1,14744933,1,0.03,0.01,179.96,0.004189018625766039,-0.00478817755356431,-0.03150660917162895,-0.060898903757333755,0.0,0.0,-0.16204240918159485,0.0,0.0,0.0,0.0,1768451523.700299,12.000198
XKF1,14744933,0,0.03,0.01,179.95,0.004945415072143078,-0.005157901905477047,-0.03183799237012863,-0.06134500354528427,0.0,0.0,-0.1620713174343109,0.0,0.0,0.0,0.0,1768451523.700299,12.000198
XKF1,14784917,1,0.03,0.01,179.96,0.00410869438201189,-0.0048277052119374275,-0.0322098508477211,-0.05200151726603508,0.0,0.0,-0.16366349160671234,0.0,0.0,0.0,0.0,1768451523.7402833,12.040182
XKF1,14784917,0,0.03,0.01,179.95,0.004867360461503267,-0.005113393068313599,-0.03252914920449257,-0.05242246389389038,0.0,0.0,-0.16370916366577148,0.0,0.0,0.0,0.0,1768451523.7402833,12.040182
XKF1,14824901,1,0.03,0.01,179.96,0.00393206300213933,-0.004834884777665138,-0.03285244479775429,-0.04511364549398422,0.0,0.0,-0.16516147553920746,0.0,0.0,0.0,0.0,1768451523.7802672,12.080166
XKF1,14824901,0,0.02,0.01,179.95,0.004718175623565912,-0.004987798165529966,-0.03321455419063568,-0.04555930569767952,0.0,0.0,-0.16522645950317383,0.0,0.0,0.0,0.0,1768451523.7802672,12.080166
XKF1,14864885,1,0.03,0.01,179.96,0.0038469925057142973,-0.004772239364683628,-0.033468566834926605,-0.03981587290763855,0.0,0.0,-0.16662581264972687,0.0,0.0,0.0,0.0,1768451523.8202512,12.12015
XKF1,14864885,0,0.02,0.01,179.95,0.004594968166202307,-0.004909955896437168,-0.033825039863586426,-0.04025356471538544,0.0,0.0,-0.16670744121074677,0.0,0.0,0.0,0.0,1768451523.8202512,12.12015
XKF1,14904869,1,0.03,0.01,179.96,0.0037012933753430843,-0.004768264479935169,-0.034526277333498,-0.03630702942609787,0.0,0.0,-0.16905620694160461,0.0,0.0,0.0,0.0,1768451523.8602352,12.160134
XKF1,14904869,0,0.02,0.01,179.95,0.004459785763174295,-0.004802565090358257,-0.034887898713350296,-0.03673331439495087,0.0,0.0,-0.1691541224718094,0.0,0.0,0.0,0.0,1768451523.8602352,12.160134
XKF1,14944853,1,0.03,0.01,179.96,0.003663211828097701,-0.004712807480245829,-0.035909801721572876,-0.05516801401972771,0.0,0.0,-0.1722986400127411,0.0,0.0,0.0,0.0,1768451523.9002192,12.200118
XKF1,14944853,0,0.02,0.01,179.95,0.004371908959001303,-0.004707071930170059,-0.03628912195563316,-0.055597204715013504,0.0,0.0,-0.17241284251213074,0.0,0.0,0.0,0.0,1768451523.9002192,12.200118
XKF1,14984837,1,0.03,0.0,179.96,0.0035621514543890953,-0.004684898536652327,-0.037225477397441864,-0.06917553395032883,0.0,0.0,-0.17533551156520844,0.0,0.0,0.0,0.0,1768451523.9402032,12.240102
XKF1,14984837,0,0.02,0.01,179.95,0.004303653724491596,-0.004651115275919437,-0.037580326199531555,-0.06955284625291824,0.0,0.0,-0.1754646599292755,0.0,0.0,0.0,0.0,1768451523.9402032,12.240102
XKF1,15024821,1,0.03,0.0,179.96,0.003422579262405634,-0.004653181415051222,-0.0372774712741375,-0.06188012659549713,0.0,0.0,-0.17568068206310272,0.0,0.0,0.0,0.0,1768451523.9801872,12.280086
XKF1,15024821,0,0.02,0.01,179.95,0.004146944265812635,-0.004541576374322176,-0.03765245899558067,-0.062264975160360336,0.0,0.0,-0.1758255809545517,0.0,0.0,0.0,0.0,1768451523.9801872,12.280086
XKF1,15064805,0,0.02,0.01,179.95,0.004002641886472702,-0.004480320960283279,-0.03779418766498566,-0.03749857097864151,0.0,0.0,-0.17630212008953094,0.0,0.0,0.0,0.0,1768451524.0201712,12.32007
XKF1,15064805,1,0.03,0.0,179.96,0.0032859251368790865,-0.004579649306833744,-0.03742905706167221,-0.03713224083185196,0.0,0.0,-0.17614126205444336,0.0,0.0,0.0,0.0,1768451524.0201712,12.32007
XKF1,15104789,0,0.02,0.01,179.95,0.003874938702210784,-0.004361261148005724,-0.038212042301893234,-0.021602235734462738,0.0,0.0,-0.17748557031154633,0.0,0.0,0.0,0.0,1768451524.0601552,12.360054
XKF1,15104789,1,0.03,0.0,179.96,0.0031552505679428577,-0.004574463702738285,-0.03790838271379471,-0.021297529339790344,0.0,0.0,-0.17731109261512756,0.0,0.0,0.0,0.0,1768451524.0601552,12.360054
XKF1,15144773,1,0.02,0.0,179.96,0.003041438525542617,-0.004577196203172207,-0.038599103689193726,-0.026148010045289993,0.0,0.0,-0.17907540500164032,0.0,0.0,0.0,0.0,1768451524.1001391,12.400038
XKF1,15144773,0,0.02,0.0,179.95,0.003769818227738142,-0.004282926209270954,-0.03897456079721451,-0.026512524113059044,0.0,0.0,-0.1792626976966858,0.0,0.0,0.0,0.0,1768451524.1001391,12.400038
XKF1,15184757,1,0.02,0.0,179.96,0.0029686817433685064,-0.004612871911376715,-0.039282817393541336,-0.03248775377869606,0.0,0.0,-0.18079593777656555,0.0,0.0,0.0,0.0,1768451524.1401231,12.440022
XKF1,15184757,0,0.02,0.0,179.95,0.003662279574200511,-0.004180773161351681,-0.03965771943330765,-0.03282000496983528,0.0,0.0,-0.18099793791770935,0.0,0.0,0.0,0.0,1768451524.1401231,12.440022
XKF1,15224741,1,0.02,0.0,179.96,0.002870031399652362,-0.00459160003811121,-0.0405297726392746,-0.044165242463350296,0.0,0.0,-0.18394003808498383,0.0,0.0,0.0,0.0,1768451524.180107,12.480006
XKF1,15224741,0,0.02,0.0,179.95,0.0034842966124415398,-0.004105789121240377,-0.04096532240509987,-0.04454442113637924,0.0,0.0,-0.184156596660614,0.0,0.0,0.0,0.0,1768451524.180107,12.480006
XKF1,15264725,1,0.02,0.0,179.96,0.0026720601599663496,-0.0044889613054692745,-0.04178384691476822,-0.06134645640850067,0.0,0.0,-0.1869124472141266,0.0,0.0,0.0,0.0,1768451524.220091,12.51999
XKF1,15264725,0,0.02,0.0,179.95,0.0033781873062253,-0.0040138899348676205,-0.042182616889476776,-0.06166926026344299,0.0,0.0,-0.18714244663715363,0.0,0.0,0.0,0.0,1768451524.220091,12.51999
XKF1,15304709,1,0.02,0.0,179.96,0.0026226751506328583,-0.004441319964826107,-0.043244216591119766,-0.07068371027708054,0.0,0.0,-0.190382182598114,0.0,0.0,0.0,0.0,1768451524.260075,12.559974
XKF1,15304709,0,0.02,0.0,179.95,0.003241331083700061,-0.003928012680262327,-0.04361048340797424,-0.07096433639526367,0.0,0.0,-0.19062359631061554,0.0,0.0,0.0,0.0,1768451524.260075,12.559974
XKF1,15344693,1,0.02,0.0,179.96,0.002450846368446946,-0.004363595508038998,-0.04483814537525177,-0.08763369172811508,0.0,0.0,-0.19426971673965454,0.0,0.0,0.0,0.0,1768451524.300059,12.599958
XKF1,15344693,0,0.02,0.0,179.95,0.003087365534156561,-0.0038182896096259356,-0.04522818326950073,-0.08790846914052963,0.0,0.0,-0.19452235102653503,0.0,0.0,0.0,0.0,1768451524.300059,12.599958
XKF1,15384677,0,0.02,0.0,179.95,0.002964106621220708,-0.0037546490784734488,-0.046669114381074905,-0.09758950024843216,0.0,0.0,-0.19819864630699158,0.0,0.0,0.0,0.0,1768451524.340043,12.639942
XKF1,15384677,1,0.02,0.0,179.96,0.002304555382579565,-0.00433181831613183,-0.04624295234680176,-0.09729783236980438,0.0,0.0,-0.19793416559696198,0.0,0.0,0.0,0.0,1768451524.340043,12.639942
XKF1,15424661,0,0.02,0.0,179.95,0.002785894786939025,-0.003649574937298894,-0.04716465622186661,-0.0901447981595993,0.0,0.0,-0.1998281031847,0.0,0.0,0.0,0.0,1768451524.380027,12.679926
XKF1,15424661,1,0.02,0.0,179.96,0.0022074407897889614,-0.004264052025973797,-0.04671122133731842,-0.0898338109254837,0.0,0.0,-0.19955070316791534,0.0,0.0,0.0,0.0,1768451524.380027,12.679926
XKF1,15464645,0,0.02,0.0,179.95,0.0026677576825022697,-0.003583842422813177,-0.047662705183029175,-0.06918665021657944,0.0,0.0,-0.2014847844839096,0.0,0.0,0.0,0.0,1768451524.420011,12.71991
XKF1,15464645,1,0.02,0.0,179.96,0.0020647861529141665,-0.004236579407006502,-0.04719328507781029,-0.06886734068393707,0.0,0.0,-0.20119313895702362,0.0,0.0,0.0,0.0,1768451524.420011,12.71991
XKF1,15504629,0,0.02,0.0,179.95,0.002538176951929927,-0.003505694679915905,-0.047610800713300705,-0.054598163813352585,0.0,0.0,-0.20204134285449982,0.0,0.0,0.0,0.0,1768451524.459995,12.759894
XKF1,15504629,1,0.02,0.0,179.96,0.0019991318695247173,-0.004173035267740488,-0.047185979783535004,-0.05430943891406059,0.0,0.0,-0.20173664391040802,0.0,0.0,0.0,0.0,1768451524.459995,12.759894
XKF1,15544613,0,0.02,0.0,179.96,0.002381721278652549,-0.0034155254252254963,-0.0471603125333786,-0.02217624895274639,0.0,0.0,-0.20166972279548645,0.0,0.0,0.0,0.0,1768451524.499979,12.799878
XKF1,15544613,1,0.02,0.0,179.96,0.0018451481591910124,-0.004149588290601969,-0.046770524233579636,-0.02191949635744095,0.0,0.0,-0.20135386288166046,0.0,0.0,0.0,0.0,1768451524.499979,12.799878
XKF1,15584597,0,0.02,0.0,179.96,0.00228613312356174,-0.0033463514409959316,-0.04680190607905388,-0.0001700855209492147,0.0,0.0,-0.20151841640472412,0.0,0.0,0.0,0.0,1768451524.5399632,12.839862
XKF1,15584597,1,0.02,0.0,179.96,0.0017646214691922069,-0.004117598291486502,-0.046470046043395996,3.402444417588413e-05,0.0,0.0,-0.20119258761405945,0.0,0.0,0.0,0.0,1768451524.5399632,12.839862
XKF1,15624581,0,0.02,0.0,179.96,0.0021673995070159435,-0.0032218978740274906,-0.04516642913222313,0.025890229269862175,0.0,0.0,-0.19850367307662964,0.01,0.01,0.0,0.0,1768451524.5799472,12.879846
XKF1,15624581,1,0.02,0.0,179.96,0.0016387460054829717,-0.004038106184452772,-0.044848211109638214,0.026081401854753494,0.0,0.0,-0.1981707364320755,0.0,0.0,0.0,0.0,1768451524.5799472,12.879846
XKF1,15664565,0,0.02,0.0,179.96,0.0020535208750516176,-0.003153410041704774,-0.04374317452311516,0.05923235043883324,0.0,0.0,-0.19597271084785461,0.01,0.01,0.0,0.0,1768451524.6199312,12.91983
XKF1,15664565,1,0.02,0.0,179.96,0.0014453318435698748,-0.003950083162635565,-0.04345861077308655,0.059387389570474625,0.0,0.0,-0.19563157856464386,0.0,0.0,0.0,0.0,1768451524.6199312,12.91983
XKF1,15704549,0,0.02,0.0,179.96,0.0019446457736194134,-0.003055674023926258,-0.04297011345624924,0.0738949179649353,0.0,0.0,-0.19465506076812744,0.01,0.01,0.0,0.0,1768451524.6599152,12.959814
XKF1,15704549,1,0.02,0.0,179.96,0.0013053182046860456,-0.0038641849532723427,-0.04263639822602272,0.07410456985235214,0.0,0.0,-0.1943083554506302,0.0,0.0,0.0,0.0,1768451524.6599152,12.959814
XKF1,15744533,0,0.01,0.0,179.96,0.0018070271471515298,-0.002971093403175473,-0.042730268090963364,0.19517117738723755,0.0,0.0,-0.168681800365448,0.01,0.01,0.0,0.0,1768451524.6998992,12.999798
XKF1,15744533,1,0.02,0.0,179.96,0.001195492222905159,-0.0037588411942124367,-0.04240431264042854,0.18949291110038757,0.0,0.0,-0.1683264523744583,0.0,0.0,0.0,0.0,1768451524.6998992,12.999798
XKF1,15784517,0,0.01,0.0,179.96,0.001727842609398067,-0.0028995599132031202,-0.042579494416713715,0.43341225385665894,0.0,0.0,-0.1464880406856537,0.01,0.01,0.0,0.0,1768451524.7398832,13.039782
XKF1,15784517,1,0.02,0.0,179.96,0.0010732876835390925,-0.003682987065985799,-0.04225551709532738,0.4355739653110504,0.0,0.0,-0.14616374671459198,0.0,0.0,0.0,0.0,1768451524.7398832,13.039782
XKF1,15824501,0,0.01,0.0,179.96,0.0015841127606108785,-0.0027918741106987,-0.04231385141611099,0.5481833219528198,0.0,0.0,-0.12712781131267548,0.01,0.01,0.0,0.0,1768451524.7798672,13.079766
XKF1,15824501,1,0.02,0.0,179.96,0.0008943704888224602,-0.003557390533387661,-0.04194273427128792,0.5498772859573364,0.0,0.0,-0.12682634592056274,0.0,0.01,0.0,0.0,1768451524.7798672,13.079766
XKF1,15864485,1,0.02,0.0,179.96,0.0007072726730257273,-0.0034500586334615946,-0.041742920875549316,0.5705636143684387,0.0,0.0,-0.110357865691185,0.0,0.01,0.0,0.0,1768451524.8198512,13.11975
XKF1,15864485,0,0.01,0.0,179.96,0.001504825777374208,-0.002670248504728079,-0.04212561994791031,0.5696694850921631,0.0,0.0,-0.11064744740724564,0.01,0.01,0.0,0.0,1768451524.8198512,13.11975
XKF1,15904469,1,0.02,0.0,179.96,0.0006196738686412573,-0.003432143945246935,-0.042221907526254654,0.5348777770996094,0.0,0.0,-0.09753035008907318,0.01,0.01,0.0,0.0,1768451524.8598351,13.159734
XKF1,15904469,0,0.01,0.0,179.96,0.0014160844730213284,-0.0025911303237080574,-0.04257514700293541,0.5345492362976074,0.0,0.0,-0.09780491143465042,0.01,0.01,0.0,0.0,1768451524.8598351,13.159734
XKF1,15944453,1,0.02,0.0,179.96,0.0004837546730414033,-0.0033302127849310637,-0.043192628771066666,0.4471372663974762,0.0,0.0,-0.08781445771455765,0.01,0.01,0.0,0.0,1768451524.8998191,13.199718
XKF1,15944453,0,0.01,0.0,179.96,0.0013079885393381119,-0.0025353480596095324,-0.04358041286468506,0.447081595659256,0.0,0.0,-0.08808331936597824,0.01,0.01,0.0,0.0,1768451524.8998191,13.199718
XKF1,15984437,1,0.02,0.0,179.96,0.000397125055314973,-0.0031971081625670195,-0.04413618519902229,0.3561291992664337,0.0,0.0,-0.0797487199306488,0.01,0.01,0.0,0.0,1768451524.9398031,13.239702
XKF1,15984437,0,0.01,0.0,179.96,0.001226825756020844,-0.0024864182341843843,-0.04448847845196724,0.3562164902687073,0.0,0.0,-0.0800132155418396,0.01,0.01,0.0,0.0,1768451524.9398031,13.239702
XKF1,16024421,1,0.02,0.0,179.96,0.00032195504172705114,-0.0030993097461760044,-0.045921869575977325,0.2653648257255554,0.0,0.0,-0.07498906552791595,0.01,0.01,0.0,0.0,1768451524.979787,13.279686
XKF1,16024421,0,0.01,0.0,179.96,0.0011112754000350833,-0.002390798181295395,-0.04622800648212433,0.26555368304252625,0.0,0.0,-0.07524946331977844,0.01,0.01,0.0,0.0,1768451524.979787,13.279686
XKF1,16064405,1,0.02,0.0,179.96,0.00023578481341246516,-0.002973858965560794,-0.04755657538771629,0.177658811211586,0.0,0.0,-0.07127485424280167,0.01,0.01,0.0,0.0,1768451525.019771,13.31967
XKF1,16064405,0,0.01,0.0,179.96,0.0010159831726923585,-0.002322346670553088,-0.04782884567975998,0.17784860730171204,0.0,0.0,-0.07153286784887314,0.01,0.01,0.0,0.0,1768451525.019771,13.31967
XKF1,16104389,1,0.02,0.0,179.96,0.0002030442701652646,-0.00300270295701921,-0.04964768514037132,0.11050782352685928,0.0,0.0,-0.0697394609451294,0.01,0.01,0.0,0.0,1768451525.059755,13.359654
XKF1,16104389,0,0.01,0.0,179.96,0.0009690625010989606,-0.002252931473776698,-0.04989297315478325,0.1106807217001915,0.0,0.0,-0.06999306380748749,0.01,0.01,0.0,0.0,1768451525.059755,13.359654
XKF1,16144373,1,0.01,0.0,179.96,9.905946353683248e-05,-0.0029384803492575884,-0.052056893706321716,0.03402561694383621,0.0,0.0,-0.07005283236503601,0.01,0.01,0.0,0.0,1768451525.099739,13.399638
XKF1,16144373,0,0.01,0.0,179.96,0.0009092444088310003,-0.0021930153016000986,-0.05234348401427269,0.034124404191970825,0.0,0.0,-0.07030489295721054,0.01,0.01,0.0,0.0,1768451525.099739,13.399638
XKF1,16184357,1,0.01,0.0,179.96,8.216190326493233e-05,-0.002917323959991336,-0.054189637303352356,-0.02171841263771057,0.0,0.0,-0.07080148905515671,0.01,0.01,0.0,0.0,1768451525.139723,13.439622
XKF1,16184357,0,0.01,0.0,179.96,0.000855388818308711,-0.0021396067459136248,-0.05454820767045021,-0.021730853244662285,0.0,0.0,-0.07105566561222076,0.01,0.01,0.0,0.0,1768451525.139723,13.439622
XKF1,16224341,1,0.01,0.0,179.96,-8.62856086314423e-06,-0.002754566026851535,-0.05683608725667,-0.06344103813171387,0.0,0.0,-0.07318197190761566,0.01,0.01,0.0,0.0,1768451525.179707,13.479606
XKF1,16224341,0,0.01,0.0,179.96,0.0007601950201205909,-0.0020850272849202156,-0.057123929262161255,-0.06341888755559921,0.0,0.0,-0.0734371468424797,0.01,0.01,0.0,0.0,1768451525.179707,13.479606
XKF1,16264325,1,0.01,0.0,179.96,-7.469075740118569e-07,-0.002644588239490986,-0.0591232031583786,-0.09680929034948349,0.0,0.0,-0.07575251907110214,0.01,0.01,0.0,0.0,1768451525.219691,13.51959
XKF1,16264325,0,0.01,0.0,179.96,0.0006848327466286719,-0.002048372756689787,-0.059430260211229324,-0.09683486819267273,0.0,0.0,-0.0760098472237587,0.01,0.01,0.0,0.0,1768451525.219691,13.51959
XKF1,16305142,1,0.01,0.0,179.96,3.512100875013857e-06,-0.0026109085883945227,-0.06158844009041786,-0.11556030809879303,0.0,0.0,-0.07935254275798798,0.01,0.01,0.0,0.0,1768451525.260508,13.560407
XKF1,16305142,0,0.01,0.0,179.96,0.0006069423980079591,-0.0019652999471873045,-0.06195785477757454,-0.11514927446842194,0.0,0.0,-0.07951206713914871,0.01,0.01,0.0,0.0,1768451525.260508,13.560407
XKF1,16345126,1,0.01,0.0,179.96,-4.295194230508059e-05,-0.002495896304026246,-0.06420653313398361,-0.138978973031044,0.0,0.0,-0.08363110572099686,0.01,0.01,0.0,0.0,1768451525.300492,13.600391
XKF1,16345126,0,0.01,0.0,179.96,0.0005145582836121321,-0.001892034080810845,-0.06451691687107086,-0.13919885456562042,0.0,0.0,-0.08379321545362473,0.01,0.01,0.0,0.0,1768451525.300492,13.600391
XKF1,16385110,1,0.01,0.0,179.96,-0.00010402531188447028,-0.002408345229923725,-0.06653549522161484,-0.15210096538066864,0.0,0.0,-0.08787320554256439,0.01,0.01,0.0,0.0,1768451525.340476,13.640375
XKF1,16385110,0,0.01,0.0,179.96,0.0004411022237036377,-0.001817913493141532,-0.06685270369052887,-0.15265090763568878,0.0,0.0,-0.08809273689985275,0.01,0.01,0.0,0.0,1768451525.340476,13.640375
XKF1,16425094,1,0.01,0.0,179.96,-9.66638617683202e-05,-0.0022861480247229338,-0.068333700299263,-0.15197348594665527,0.0,0.0,-0.09146440774202347,0.01,0.01,0.0,0.0,1768451525.38046,13.680359
XKF1,16425094,0,0.01,0.0,179.96,0.00038933835458010435,-0.001760863116942346,-0.06863962113857269,-0.15195132791996002,0.0,0.0,-0.09168720990419388,0.01,0.01,0.0,0.0,1768451525.38046,13.680359
XKF1,16465078,1,0.01,0.0,179.96,-0.00013358880823943764,-0.00222036917693913,-0.06994201242923737,-0.14276592433452606,0.0,0.0,-0.0950775146484375,0.01,0.01,0.0,0.0,1768451525.4204443,13.720343
XKF1,16465078,0,0.01,0.0,179.97,0.0003140069602522999,-0.0016788373468443751,-0.07026605308055878,-0.14280706644058228,0.0,0.0,-0.09530264139175415,0.01,0.01,0.0,0.0,1768451525.4204443,13.720343
XKF1,16505062,1,0.01,0.0,179.96,-0.0001453204167773947,-0.0022227640729397535,-0.0721719041466713,-0.13342703878879547,0.0,0.0,-0.1001344621181488,0.01,0.01,0.0,0.0,1768451525.4604282,13.760327
XKF1,16505062,0,0.01,0.0,179.97,0.0002503260038793087,-0.0016159114893525839,-0.07241591066122055,-0.13344018161296844,0.0,0.0,-0.10035765171051025,0.01,0.01,0.0,0.0,1768451525.4604282,13.760327
XKF1,16545046,1,0.01,0.0,179.96,-0.00019493068975862116,-0.0021617126185446978,-0.07484398037195206,-0.15541835129261017,0.0,0.0,-0.10639915615320206,0.01,0.01,0.0,0.0,1768451525.5004122,13.800311
XKF1,16545046,0,0.01,0.0,179.97,0.0002390513545833528,-0.001573803718201816,-0.07508289068937302,-0.1554168313741684,0.0,0.0,-0.10661925375461578,0.01,0.01,0.0,0.0,1768451525.5004122,13.800311
XKF1,16585030,0,0.01,0.0,179.97,0.00019808876095339656,-0.001538771204650402,-0.07749538868665695,-0.1702745109796524,0.0,0.0,-0.11261299252510071,0.01,0.01,0.0,0.0,1768451525.5403962,13.840295
XKF1,16585030,1,0.01,0.0,179.96,-0.00020890026644337922,-0.0021491828374564648,-0.07722087949514389,-0.17023542523384094,0.0,0.0,-0.11239325255155563,0.01,0.01,0.0,0.0,1768451525.5403962,13.840295
XKF1,16625014,0,0.01,0.0,179.97,0.00014089791511651129,-0.001480442937463522,-0.08062601089477539,-0.18441058695316315,0.0,0.0,-0.1203351691365242,0.01,0.01,0.0,0.0,1768451525.5803802,13.880279
XKF1,16625014,1,0.01,0.0,179.96,-0.00015755565254949033,-0.0021345121785998344,-0.08042241632938385,-0.18442922830581665,0.0,0.0,-0.12011682987213135,0.01,0.01,0.0,0.0,1768451525.5803802,13.880279
XKF1,16664998,0,0.01,0.0,179.97,0.00013813802797812968,-0.0014138618716970086,-0.08341114968061447,-0.20124012231826782,0.0,0.0,-0.12765225768089294,0.01,0.01,0.0,0.0,1768451525.6203642,13.920263
XKF1,16664998,1,0.01,0.0,179.96,-7.762527093291283e-05,-0.0020780961494892836,-0.08315170556306839,-0.20120179653167725,0.0,0.0,-0.12743593752384186,0.01,0.01,0.0,0.0,1768451525.6203642,13.920263
XKF1,16704982,0,0.01,0.0,179.97,0.0001098207212635316,-0.0013688461622223258,-0.08615859597921371,-0.20543071627616882,0.0,0.0,-0.13513238728046417,0.01,0.01,0.0,0.0,1768451525.6603482,13.960247
XKF1,16704982,1,0.01,0.0,179.96,-1.2799092473869678e-05,-0.002000587759539485,-0.08598592132329941,-0.20547829568386078,0.0,0.0,-0.13491803407669067,0.01,0.01,0.0,0.0,1768451525.6603482,13.960247
XKF1,16744966,0,0.01,0.0,179.97,0.00010260486305924132,-0.0013004832435399294,-0.08885631710290909,-0.2119838446378708,0.0,0.0,-0.14273519814014435,0.01,0.01,0.0,0.0,1768451525.7003322,14.000231
XKF1,16744966,1,0.01,0.0,179.96,5.1669780077645555e-05,-0.0018887370824813843,-0.08872368186712265,-0.21206806600093842,0.0,0.0,-0.14252406358718872,0.01,0.01,0.0,0.0,1768451525.7003322,14.000231
XKF1,16784950,0,0.01,0.0,179.97,8.526545570930466e-05,-0.0012594688450917602,-0.0913369432091713,-0.21112902462482452,0.0,0.0,-0.1499660760164261,0.01,0.01,0.0,0.0,1768451525.7403162,14.040215
XKF1,16784950,1,0.01,0.0,179.96,1.4934582395653706e-05,-0.0018698462517932057,-0.09124070405960083,-0.21124660968780518,0.0,0.0,-0.14976026117801666,0.01,0.01,0.0,0.0,1768451525.7403162,14.040215
XKF1,16824934,0,0.01,0.0,179.97,6.248829595278949e-05,-0.0011945521691814065,-0.09474080055952072,-0.2169027477502823,0.0,0.0,-0.15929798781871796,0.01,0.01,0.0,0.0,1768451525.7803001,14.080199
XKF1,16824934,1,0.01,0.0,179.96,0.0001208505273098126,-0.0018317715730518103,-0.0946207046508789,-0.21699655055999756,0.0,0.0,-0.1590983271598816,0.01,0.01,0.0,0.0,1768451525.7803001,14.080199
XKF1,16864918,0,0.01,0.0,179.97,3.3826690923888236e-06,-0.0011377959745004773,-0.09780731797218323,-0.2315203696489334,0.0,0.0,-0.1680905520915985,0.01,0.01,0.0,0.0,1768451525.8202841,14.120183
XKF1,16864918,1,0.01,0.0,179.97,8.046915172599256e-05,-0.0017922957194969058,-0.09772666543722153,-0.23166540265083313,0.0,0.0,-0.1678985059261322,0.01,0.01,0.0,0.0,1768451525.8202841,14.120183
XKF1,16904902,1,0.01,0.0,179.97,0.00010722086881287396,-0.0017681410536170006,-0.10052214562892914,-0.23398151993751526,0.0,0.0,-0.17641372978687286,0.01,0.01,0.0,0.0,1768451525.860268,14.160167
XKF1,16904902,0,0.01,0.0,179.97,-6.136770389275625e-05,-0.0010794391855597496,-0.10066793859004974,-0.2338896542787552,0.0,0.0,-0.17660026252269745,0.01,0.01,0.0,0.0,1768451525.860268,14.160167
XKF1,16944886,1,0.01,0.0,179.97,0.000152742606587708,-0.0016865459037944674,-0.1031617522239685,-0.23171013593673706,0.0,0.0,-0.184672549366951,0.01,0.01,0.0,0.0,1768451525.900252,14.200151
XKF1,16944886,0,0.01,0.0,179.97,-7.163698319345713e-05,-0.0010082722874358296,-0.10334378480911255,-0.2316516637802124,0.0,0.0,-0.18485631048679352,0.01,0.01,0.0,0.0,1768451525.900252,14.200151
XKF1,16984870,1,0.01,0.0,179.97,0.0001848038227763027,-0.0016132437158375978,-0.105554960668087,-0.22397549450397491,0.0,0.0,-0.19253256916999817,0.01,0.01,0.0,0.0,1768451525.940236,14.240135
XKF1,16984870,0,0.01,0.0,179.97,-7.22570694051683e-05,-0.0009820491541177034,-0.10576456040143967,-0.22394098341464996,0.0,0.0,-0.19271524250507355,0.01,0.01,0.0,0.0,1768451525.940236,14.240135
XKF1,17024854,1,0.01,0.0,179.97,0.00017852050950750709,-0.0015044680330902338,-0.10650080442428589,-0.20019395649433136,0.0,0.0,-0.19763188064098358,0.01,0.01,0.0,0.0,1768451525.98022,14.280119
XKF1,17024854,0,0.01,0.0,179.97,-9.118932212004438e-05,-0.0009473453392274678,-0.10685022920370102,-0.2003052681684494,0.0,0.0,-0.1978188306093216,0.01,0.01,0.0,0.0,1768451525.98022,14.280119
XKF1,17064838,1,0.01,0.0,179.97,0.0002603165339678526,-0.0014423882821574807,-0.10748618841171265,-0.16357417404651642,0.0,0.0,-0.20266330242156982,0.01,0.01,0.0,0.0,1768451526.020204,14.320103
XKF1,17064838,0,0.01,0.0,179.97,-6.917017890373245e-05,-0.0009158040629699826,-0.10782204568386078,-0.16369815170764923,0.0,0.0,-0.20285622775554657,0.01,0.01,0.0,0.0,1768451526.020204,14.320103
XKF1,17104822,0,0.01,0.0,179.97,-0.00010189079330302775,-0.0008865442941896617,-0.1083654835820198,-0.1384838968515396,0.0,0.0,-0.20701609551906586,0.01,0.01,0.0,0.0,1768451526.060188,14.360087
XKF1,17104822,1,0.01,0.0,179.97,0.0002967269392684102,-0.0014111658092588186,-0.10807713866233826,-0.13837553560733795,0.0,0.0,-0.2068178802728653,0.01,0.01,0.0,0.0,1768451526.060188,14.360087
XKF1,17144806,0,0.01,0.0,179.97,-0.00011574472591746598,-0.0008591959485784173,-0.10854147374629974,-0.105772003531456,0.0,0.0,-0.2104276418685913,0.01,0.01,0.0,0.0,1768451526.100172,14.400071
XKF1,17144806,1,0.01,0.0,179.97,0.0002939089317806065,-0.001470554736442864,-0.1082802414894104,-0.10567127913236618,0.0,0.0,-0.21022459864616394,0.01,0.01,0.0,0.0,1768451526.100172,14.400071
XKF1,17184790,0,0.01,0.0,179.97,-0.0001293225504923612,-0.0008194047841243446,-0.10878608375787735,-0.08425212651491165,0.0,0.0,-0.2139272689819336,0.01,0.01,0.0,0.0,1768451526.140156,14.440055
XKF1,17184790,1,0.01,0.0,179.97,0.00030306429835036397,-0.0014355926541611552,-0.10859306156635284,-0.08419428020715714,0.0,0.0,-0.21372048556804657,0.01,0.01,0.0,0.0,1768451526.140156,14.440055
XKF1,17224774,1,0.01,0.0,179.97,0.000323979853419587,-0.0013724082382395864,-0.10911081731319427,-0.07560344785451889,0.0,0.0,-0.2176455557346344,0.01,0.01,0.0,0.0,1768451526.18014,14.480039
XKF1,17224774,0,0.01,0.0,179.97,-0.00013189436867833138,-0.0007679004338569939,-0.10927408933639526,-0.07564544677734375,0.0,0.0,-0.21785220503807068,0.01,0.01,0.0,0.0,1768451526.18014,14.480039
XKF1,17264758,1,0.01,0.0,179.97,0.0002992582449223846,-0.0013511687284335494,-0.10963435471057892,-0.07583513855934143,0.0,0.0,-0.22160495817661285,0.01,0.01,0.0,0.0,1768451526.2201242,14.520023
XKF1,17264758,0,0.01,0.0,179.97,-0.0001727611816022545,-0.0007236867095343769,-0.10981271415948868,-0.07588325440883636,0.0,0.0,-0.22181256115436554,0.01,0.01,0.0,0.0,1768451526.2201242,14.520023
XKF1,17304742,1,0.01,0.0,179.97,0.0003741542168427259,-0.001287836697883904,-0.11027783900499344,-0.07847417145967484,0.0,0.0,-0.2260187268257141,0.01,0.01,0.0,0.0,1768451526.2601082,14.560007
XKF1,17304742,0,0.01,0.0,179.97,-0.0001565572601975873,-0.0007101562805473804,-0.11050822585821152,-0.07857296615839005,0.0,0.0,-0.22622810304164886,0.01,0.01,0.0,0.0,1768451526.2601082,14.560007
XKF1,17344726,1,0.01,0.0,179.97,0.00043621138320304453,-0.0011541558196768165,-0.11134982854127884,-0.09122046083211899,0.0,0.0,-0.23082642257213593,0.01,0.01,0.0,0.0,1768451526.3000922,14.599991
XKF1,17344726,0,0.01,0.0,179.97,-0.0001718445710139349,-0.0006733094924129546,-0.11148453503847122,-0.09121055155992508,0.0,0.0,-0.2310357242822647,0.01,0.01,0.0,0.0,1768451526.3000922,14.599991
XKF1,17384710,0,0.01,0.0,179.98,-0.0001806946675060317,-0.0006315023638308048,-0.11240095645189285,-0.10164785385131836,0.0,0.0,-0.23580756783485413,0.01,0.01,0.0,0.0,1768451526.3400762,14.639975
XKF1,17384710,1,0.01,0.0,179.97,0.00047309327055700123,-0.0010475179878994823,-0.11228808015584946,-0.101682648062706,0.0,0.0,-0.23559941351413727,0.01,0.01,0.0,0.0,1768451526.3400762,14.639975
XKF1,17424694,1,0.01,0.0,179.97,0.0004922305233776569,-0.0010029241675511003,-0.11160799115896225,-0.09024590998888016,0.0,0.0,-0.23689799010753632,0.01,0.01,0.0,0.0,1768451526.3800602,14.679959
XKF1,17424694,0,0.01,0.0,179.98,-0.00016090938879642636,-0.0006043456378392875,-0.1116916835308075,-0.0901840329170227,0.0,0.0,-0.2371031641960144,0.01,0.01,0.0,0.0,1768451526.3800602,14.679959
XKF1,17464678,1,0.01,0.0,179.97,0.00047867148532532156,-0.0009755467181093991,-0.11102423816919327,-0.05913949012756348,0.0,0.0,-0.23853392899036407,0.01,0.01,0.0,0.0,1768451526.4200442,14.719943
XKF1,17464678,0,0.01,0.0,179.98,-0.0001724559988360852,-0.0005632431712001562,-0.11119066923856735,-0.05915949121117592,0.0,0.0,-0.23873981833457947,0.01,0.01,0.0,0.0,1768451526.4200442,14.719943
XKF1,17504662,1,0.01,0.0,179.97,0.00048036911175586283,-0.0009558125748299062,-0.11067943274974823,-0.042440976947546005,0.0,0.0,-0.2405329942703247,0.01,0.01,0.0,0.0,1768451526.4600282,14.759927
XKF1,17504662,0,0.01,0.0,179.98,-0.00017658960132393986,-0.000540830718819052,-0.11085202544927597,-0.0424807108938694,0.0,0.0,-0.2407403588294983,0.01,0.01,0.0,0.0,1768451526.4600282,14.759927
XKF1,17544646,0,0.01,0.0,179.98,-0.00017909472808241844,-0.0005300347111187875,-0.1106456071138382,-0.03875209763646126,0.0,0.0,-0.24305422604084015,0.01,0.01,0.0,0.0,1768451526.5000122,14.799911
XKF1,17544646,1,0.01,0.0,179.97,0.0004992969916202128,-0.0008774474845267832,-0.11054109036922455,-0.03879249468445778,0.0,0.0,-0.24284684658050537,0.01,0.01,0.0,0.0,1768451526.5000122,14.799911
XKF1,17584630,1,0.01,0.0,179.97,0.0004998563090339303,-0.0008530841441825032,-0.1104363352060318,-0.0415317639708519,0.0,0.0,-0.24537435173988342,0.01,0.01,0.0,0.0,1768451526.5399961,14.839895
XKF1,17584630,0,0.01,0.0,179.98,-0.00019344183965586126,-0.0005063315038569272,-0.11056860536336899,-0.041532065719366074,0.0,0.0,-0.24558085203170776,0.01,0.01,0.0,0.0,1768451526.5399961,14.839895
XKF1,17624614,1,0.01,0.0,179.97,0.00043459233711473644,-0.000768342986702919,-0.11106859147548676,-0.053521327674388885,0.0,0.0,-0.24924859404563904,0.01,0.01,0.0,0.0,1768451526.5799801,14.879879
XKF1,17624614,0,0.01,0.0,179.98,-0.00019985190010629594,-0.0005163333844393492,-0.11115851998329163,-0.05347200110554695,0.0,0.0,-0.24945151805877686,0.01,0.01,0.0,0.0,1768451526.5799801,14.879879
XKF1,17664598,0,0.01,0.0,179.98,-0.0001961721427505836,-0.0005092827486805618,-0.11171796917915344,-0.07229702174663544,0.0,0.0,-0.2533838152885437,0.01,0.01,0.0,0.0,1768451526.6199641,14.919863
XKF1,17664598,1,0.01,0.0,179.97,0.0005036617512814701,-0.0007779265870340168,-0.11163879930973053,-0.07237770408391953,0.0,0.0,-0.25318318605422974,0.01,0.01,0.0,0.0,1768451526.6199641,14.919863
XKF1,17704582,1,0.01,0.0,179.97,0.000623650848865509,-0.0007200533291324973,-0.11240439862012863,-0.08609392493963242,0.0,0.0,-0.25770753622055054,0.01,0.01,0.0,0.0,1768451526.659948,14.959847
XKF1,17704582,0,0.01,0.0,179.98,-0.00023237455752678216,-0.0004919988568872213,-0.1125883162021637,-0.08611657470464706,0.0,0.0,-0.25790655612945557,0.01,0.01,0.0,0.0,1768451526.659948,14.959847
XKF1,17744566,0,0.01,0.0,179.98,-0.0002116057148668915,-0.000489637313876301,-0.11368881165981293,-0.1066184788942337,0.0,0.0,-0.26293811202049255,0.01,0.01,0.0,0.0,1768451526.699932,14.999831
XKF1,17744566,1,0.01,0.0,179.97,0.0007384450873360038,-0.0006533695850521326,-0.11344597488641739,-0.10656539350748062,0.0,0.0,-0.26273810863494873,0.01,0.01,0.0,0.0,1768451526.699932,14.999831
XKF1,17784550,1,0.01,0.0,179.97,0.0008050677715800703,-0.0006694343755953014,-0.11451678723096848,-0.12095267325639725,0.0,0.0,-0.2677353322505951,0.01,0.01,0.0,0.0,1768451526.739916,15.039815
XKF1,17784550,0,0.01,0.0,179.98,-0.00020433087775018066,-0.0004841030458919704,-0.11476382613182068,-0.12100251764059067,0.0,0.0,-0.2679385840892792,0.01,0.01,0.0,0.0,1768451526.739916,15.039815
XKF1,17824534,0,0.01,0.0,179.98,-0.0001859678013715893,-0.0004808196099475026,-0.11590500175952911,-0.1302400678396225,0.0,0.0,-0.2731829285621643,0.01,0.01,0.0,0.0,1768451526.7799,15.079799
XKF1,17824534,1,0.01,0.0,179.97,0.0008241722825914621,-0.0006443539750762284,-0.11565622687339783,-0.13018828630447388,0.0,0.0,-0.27297717332839966,0.01,0.01,0.0,0.0,1768451526.7799,15.079799
XKF1,17864518,0,0.01,0.0,179.98,-0.00018077508138958365,-0.00047879331395961344,-0.11698085814714432,-0.13650348782539368,0.0,0.0,-0.278386652469635,0.01,0.01,0.0,0.0,1768451526.819884,15.119783
XKF1,17864518,1,0.01,0.0,179.97,0.0008258870802819729,-0.000659950019326061,-0.1166859045624733,-0.1364661306142807,0.0,0.0,-0.27807995676994324,0.01,0.01,0.0,0.0,1768451526.819884,15.119783
XKF1,17904502,0,0.01,0.0,179.98,-0.00017742012278176844,-0.0004431416455190629,-0.11755477637052536,-0.13905711472034454,0.0,0.0,-0.2824903726577759,0.01,0.01,0.0,0.0,1768451526.859868,15.159767
XKF1,17904502,1,0.01,0.0,179.97,0.0009095338173210621,-0.0007398782181553543,-0.11724375933408737,-0.13904689252376556,0.0,0.0,-0.2821783721446991,0.01,0.01,0.0,0.0,1768451526.859868,15.159767
XKF1,17944486,1,0.01,0.0,179.97,0.0009292724425904453,-0.0007115546031855047,-0.11734908074140549,-0.11654908210039139,0.0,0.0,-0.2853541076183319,0.01,0.01,0.0,0.0,1768451526.899852,15.199751
XKF1,17944486,0,0.0,0.0,179.98,-0.00015909431385807693,-0.00042672790004871786,-0.11763256043195724,-0.11655937880277634,0.0,0.0,-0.28567075729370117,0.01,0.01,0.0,0.0,1768451526.899852,15.199751
XKF1,17984470,1,0.01,0.0,179.97,0.0010096412152051926,-0.0006971698603592813,-0.11752315610647202,-0.09900525212287903,0.0,0.0,-0.2887100875377655,0.01,0.01,0.0,0.0,1768451526.939836,15.239735
XKF1,17984470,0,0.0,0.0,179.98,-0.00018424411246087402,-0.0004420039476826787,-0.11783444136381149,-0.09907776117324829,0.0,0.0,-0.28903254866600037,0.01,0.01,0.0,0.0,1768451526.939836,15.239735
XKF1,18024454,0,0.0,0.0,179.98,-0.00015273317694664001,-0.00044824471115134656,-0.11823348701000214,-0.09207494556903839,0.0,0.0,-0.2929113507270813,0.01,0.01,0.0,0.0,1768451526.9798203,15.279719
XKF1,18024454,1,0.01,0.0,179.97,0.0010810908861458302,-0.0007629734463989735,-0.11792334169149399,-0.09199683368206024,0.0,0.0,-0.29258543252944946,0.01,0.01,0.0,0.0,1768451526.9798203,15.279719
XKF1,18064438,0,0.0,0.0,179.98,-0.00015163984789978713,-0.00043937365990132093,-0.11869842559099197,-0.09270062297582626,0.0,0.0,-0.2968903183937073,0.01,0.01,0.0,0.0,1768451527.0198042,15.319703
XKF1,18064438,1,0.01,0.0,179.98,0.0011115611996501684,-0.0007903785444796085,-0.1183895394206047,-0.09262439608573914,0.0,0.0,-0.2965604364871979,0.01,0.01,0.0,0.0,1768451527.0198042,15.319703
XKF1,18104422,0,0.01,0.0,179.98,-0.00016446158406324685,-0.00044737537973560393,-0.11887307465076447,-0.09509333223104477,0.0,0.0,-0.3002103865146637,0.01,0.01,0.0,0.0,1768451527.0597882,15.359687
XKF1,18104422,1,0.01,0.0,179.98,0.0012020418653264642,-0.0008222472388297319,-0.11860255897045135,-0.09504761546850204,0.0,0.0,-0.29987797141075134,0.01,0.01,0.0,0.0,1768451527.0597882,15.359687
XKF1,18144406,0,0.0,0.0,179.98,-0.00015549262752756476,-0.0004691981303039938,-0.11877934634685516,-0.08211927860975266,0.0,0.0,-0.30298665165901184,0.01,0.01,0.0,0.0,1768451527.0997722,15.399671
XKF1,18144406,1,0.01,0.0,179.98,0.001208893721923232,-0.0008449761080555618,-0.11846722662448883,-0.08204857259988785,0.0,0.0,-0.3026525378227234,0.01,0.01,0.0,0.0,1768451527.0997722,15.399671
XKF1,18184390,1,0.01,0.0,179.98,0.0012595802545547485,-0.0008505083969794214,-0.11847542226314545,-0.07359739392995834,0.0,0.0,-0.3056488633155823,0.01,0.01,0.0,0.0,1768451527.1397562,15.439655
XKF1,18184390,0,0.0,0.0,179.98,-0.00013689078332390636,-0.0004291535005904734,-0.11881081014871597,-0.07368277758359909,0.0,0.0,-0.30598780512809753,0.01,0.01,0.0,0.0,1768451527.1397562,15.439655
XKF1,18224374,1,0.01,0.0,179.98,0.0012910618679597974,-0.0008624059846624732,-0.11836561560630798,-0.06971949338912964,0.0,0.0,-0.30851516127586365,0.01,0.01,0.0,0.0,1768451527.1797402,15.479639
XKF1,18224374,0,0.0,0.0,179.98,-0.00014672624820377678,-0.00045812109601683915,-0.11875911802053452,-0.06985153257846832,0.0,0.0,-0.308857798576355,0.01,0.01,0.0,0.0,1768451527.1797402,15.479639
XKF1,18264358,0,0.0,0.0,179.98,-9.796665835892782e-05,-0.0005165364709682763,-0.1187877357006073,-0.06838838756084442,0.0,0.0,-0.31193843483924866,0.01,0.01,0.0,0.0,1768451527.2197242,15.519623
XKF1,18264358,1,0.01,0.0,179.98,0.0013464365620166063,-0.0009134754654951394,-0.11836852133274078,-0.06823881715536118,0.0,0.0,-0.3115890324115753,0.01,0.01,0.0,0.0,1768451527.2197242,15.519623
XKF1,18304342,0,0.0,0.0,179.98,-7.935820758575574e-05,-0.0005318311741575599,-0.11902827769517899,-0.07058799266815186,0.0,0.0,-0.3154281973838806,0.01,0.01,0.0,0.0,1768451527.2597082,15.559607
XKF1,18304342,1,0.01,0.0,179.98,0.0013222612906247377,-0.0008806695695966482,-0.11862363666296005,-0.07044007629156113,0.0,0.0,-0.31507307291030884,0.01,0.01,0.0,0.0,1768451527.2597082,15.559607
XKF1,18344326,1,0.01,0.0,179.98,0.001342998119071126,-0.0008365543326362967,-0.11898304522037506,-0.07940110564231873,0.0,0.0,-0.3189128637313843,0.01,0.01,0.0,0.0,1768451527.2996922,15.599591
XKF1,18344326,0,0.0,0.0,179.98,-6.75375122227706e-05,-0.0005135737010277808,-0.11941250413656235,-0.07955671101808548,0.0,0.0,-0.31927454471588135,0.01,0.01,0.0,0.0,1768451527.2996922,15.599591
XKF1,18384310,1,0.01,0.0,179.98,0.0013607291039079428,-0.0008576710242778063,-0.11943557113409042,-0.08804545551538467,0.0,0.0,-0.32286709547042847,0.01,0.01,0.0,0.0,1768451527.3396761,15.639575
XKF1,18384310,0,0.01,0.0,179.98,-7.952883606776595e-05,-0.000507485936395824,-0.11985110491514206,-0.08819591999053955,0.0,0.0,-0.32323595881462097,0.01,0.01,0.0,0.0,1768451527.3396761,15.639575
XKF1,18425127,1,0.01,0.0,179.98,0.0014595098327845335,-0.0009145084768533707,-0.11836384236812592,-0.07704652845859528,0.0,0.0,-0.3236376941204071,0.01,0.01,0.0,0.0,1768451527.3804932,15.680392
XKF1,18425127,0,0.01,0.0,179.99,-4.2392512114020064e-05,-0.0004953739116899669,-0.11877119541168213,-0.0766996368765831,0.0,0.0,-0.3238164782524109,0.01,0.01,0.0,0.0,1768451527.3804932,15.680392
XKF1,18465111,0,0.01,0.0,179.99,-4.8099722334882244e-05,-0.000510013138409704,-0.11790086328983307,-0.04603458568453789,0.0,0.0,-0.32496029138565063,0.01,0.01,0.0,0.0,1768451527.4204772,15.720376
XKF1,18465111,1,0.01,0.0,179.98,0.0015797754749655724,-0.0009683449752628803,-0.11745459586381912,-0.04682360589504242,0.0,0.0,-0.324674516916275,0.01,0.01,0.0,0.0,1768451527.4204772,15.720376
XKF1,18505095,0,0.01,0.0,179.99,-1.6685075024724938e-05,-0.0004989212611690164,-0.11694000661373138,-0.03241163492202759,0.0,0.0,-0.32575973868370056,0.01,0.01,0.0,0.0,1768451527.4604611,15.76036
XKF1,18505095,1,0.01,0.0,179.98,0.001625532633624971,-0.0009688909049145877,-0.11647028475999832,-0.03172031417489052,0.0,0.0,-0.3254650831222534,0.01,0.01,0.0,0.0,1768451527.4604611,15.76036
XKF1,18545079,0,0.01,0.0,179.99,-1.5678377167205326e-05,-0.0004962476086802781,-0.11592333018779755,-0.015489432960748672,0.0,0.0,-0.3263695240020752,0.01,0.01,0.0,0.0,1768451527.5004451,15.800344
XKF1,18545079,1,0.01,0.0,179.98,0.001683999435044825,-0.000991313485428691,-0.11553686112165451,-0.014928756281733513,0.0,0.0,-0.32607024908065796,0.01,0.01,0.0,0.0,1768451527.5004451,15.800344
XKF1,18585063,0,0.01,0.0,179.99,1.9504148440319113e-05,-0.0005052351043559611,-0.11511509865522385,-0.009251494891941547,0.0,0.0,-0.3274165689945221,0.01,0.01,0.0,0.0,1768451527.540429,15.840328
XKF1,18585063,1,0.01,0.0,179.98,0.0017216724809259176,-0.0009944556513801217,-0.11471635848283768,-0.00879918783903122,0.0,0.0,-0.3271065056324005,0.01,0.01,0.0,0.0,1768451527.540429,15.840328
XKF1,18625047,0,0.01,0.0,179.99,5.1922761485911906e-05,-0.0004978675860911608,-0.1131758913397789,0.0036245419178158045,0.0,0.0,-0.32586023211479187,0.01,0.01,0.0,0.0,1768451527.580413,15.880312
XKF1,18625047,1,0.01,0.0,179.98,0.0017108512111008167,-0.0009803760331124067,-0.11282352358102798,0.003997837658971548,0.0,0.0,-0.3255417048931122,0.01,0.01,0.0,0.0,1768451527.580413,15.880312
XKF1,18665031,0,0.01,0.0,179.99,2.2503721993416548e-05,-0.0005184317706152797,-0.1115630492568016,0.026038819923996925,0.0,0.0,-0.3249650299549103,0.01,0.01,0.0,0.0,1768451527.620397,15.920296
XKF1,18665031,1,0.01,0.0,179.98,0.001646390650421381,-0.0009685983532108366,-0.11125478148460388,0.026296282187104225,0.0,0.0,-0.32463932037353516,0.01,0.01,0.0,0.0,1768451527.620397,15.920296
XKF1,18705015,0,0.01,0.0,179.99,3.8253616367001086e-05,-0.000540704233571887,-0.10968488454818726,0.03218936547636986,0.0,0.0,-0.3234046995639801,0.01,0.01,0.0,0.0,1768451527.660381,15.96028
XKF1,18705015,1,0.01,0.0,179.98,0.0016703774454072118,-0.0010399746242910624,-0.10941512882709503,0.03239038586616516,0.0,0.0,-0.3230728805065155,0.01,0.01,0.0,0.0,1768451527.660381,15.96028
XKF1,18744999,0,0.01,0.0,179.99,4.5015836803941056e-05,-0.0005637537105940282,-0.10757562518119812,0.053253915160894394,0.0,0.0,-0.3213126063346863,0.01,0.01,0.0,0.0,1768451527.700365,16.000264
XKF1,18744999,1,0.01,0.0,179.98,0.001647509983740747,-0.001022669137455523,-0.10729791969060898,0.05342115834355354,0.0,0.0,-0.3209788203239441,0.01,0.01,0.0,0.0,1768451527.700365,16.000264
XKF1,18784983,0,0.01,0.0,179.99,8.122532744891942e-05,-0.000579009996727109,-0.10585438460111618,0.06084134429693222,0.0,0.0,-0.3199131488800049,0.01,0.01,0.0,0.0,1768451527.740349,16.040248
XKF1,18784983,1,0.01,0.0,179.98,0.001569409971125424,-0.0010109819704666734,-0.10564474761486053,0.060916900634765625,0.0,0.0,-0.31957507133483887,0.01,0.01,0.0,0.0,1768451527.740349,16.040248
XKF1,18824967,0,0.01,0.0,179.99,0.00012270496517885476,-0.0006077316938899457,-0.10308966040611267,0.07199225574731827,0.0,0.0,-0.31593650579452515,0.01,0.01,0.0,0.0,1768451527.780333,16.080232
XKF1,18824967,1,0.01,0.0,179.98,0.0015627723187208176,-0.0010459580225870013,-0.10280565917491913,0.07213185727596283,0.0,0.0,-0.3155983090400696,0.01,0.01,0.0,0.0,1768451527.780333,16.080232
XKF1,18864951,0,0.01,0.0,179.99,0.0001325570046901703,-0.0006462644087150693,-0.1006743311882019,0.09140032529830933,0.0,0.0,-0.31284230947494507,0.01,0.01,0.0,0.0,1768451527.820317,16.120216
XKF1,18864951,1,0.01,0.0,179.98,0.0015376508235931396,-0.0010106997797265649,-0.10047940909862518,0.0914064422249794,0.0,0.0,-0.31250062584877014,0.01,0.01,0.0,0.0,1768451527.820317,16.120216
XKF1,18904935,0,0.01,0.0,179.99,0.00013146646961104125,-0.0006264635594561696,-0.09876467287540436,0.0926116332411766,0.0,0.0,-0.310696005821228,0.01,0.01,0.0,0.0,1768451527.860301,16.1602
XKF1,18904935,1,0.01,0.0,179.98,0.0015407789032906294,-0.0009580079349689186,-0.09858149290084839,0.09262444078922272,0.0,0.0,-0.31035536527633667,0.01,0.01,0.0,0.0,1768451527.860301,16.1602
XKF1,18944919,0,0.01,0.0,179.99,0.0001538858050480485,-0.0006434842362068594,-0.09723707288503647,0.07782004028558731,0.0,0.0,-0.30938127636909485,0.01,0.01,0.0,0.0,1768451527.9002852,16.200184
XKF1,18944919,1,0.01,0.0,179.98,0.001481426996178925,-0.0009908474748954177,-0.09705735743045807,0.07778165489435196,0.0,0.0,-0.3090435862541199,0.01,0.01,0.0,0.0,1768451527.9002852,16.200184
XKF1,18984903,0,0.01,0.0,179.99,0.00019702108693309128,-0.0006622134824283421,-0.0959993526339531,0.057798005640506744,0.0,0.0,-0.3086426258087158,0.01,0.01,0.0,0.0,1768451527.9402692,16.240168
XKF1,18984903,1,0.01,0.0,179.98,0.0015480549773201346,-0.0010180606041103601,-0.09582826495170593,0.05774080380797386,0.0,0.0,-0.3083059787750244,0.01,0.01,0.0,0.0,1768451527.9402692,16.240168
XKF1,19024887,0,0.01,0.0,179.99,0.00020576959650497884,-0.0006729325978085399,-0.09431776404380798,0.04547776281833649,0.0,0.0,-0.3068264126777649,0.01,0.01,0.0,0.0,1768451527.9802532,16.280152
XKF1,19024887,1,0.01,0.0,179.98,0.0015583762433379889,-0.0010539240902289748,-0.09417583048343658,0.045373011380434036,0.0,0.0,-0.30649569630622864,0.01,0.01,0.0,0.0,1768451527.9802532,16.280152
XKF1,19064871,0,0.01,0.0,179.99,0.00023160947603173554,-0.0006870694924145937,-0.09294022619724274,0.04198065772652626,0.0,0.0,-0.30564647912979126,0.01,0.01,0.0,0.0,1768451528.0202372,16.320136
XKF1,19064871,1,0.01,0.0,179.98,0.0015931027010083199,-0.0010219519026577473,-0.0927436351776123,0.04191061854362488,0.0,0.0,-0.30531707406044006,0.01,0.01,0.0,0.0,1768451528.0202372,16.320136
XKF1,19104855,0,0.01,0.0,179.99,0.00026618671836331487,-0.0006648516282439232,-0.09156134724617004,0.03285995498299599,0.0,0.0,-0.3044450283050537,0.01,0.01,0.0,0.0,1768451528.0602212,16.36012
XKF1,19104855,1,0.01,0.0,179.98,0.0016775790136307478,-0.00106405362021178,-0.09145963937044144,0.0327177494764328,0.0,0.0,-0.3041194975376129,0.01,0.01,0.0,0.0,1768451528.0602212,16.36012
XKF1,19144839,0,0.01,0.0,179.99,0.0002993466332554817,-0.0007214196375571191,-0.09021998941898346,0.03244100511074066,0.0,0.0,-0.3032541871070862,0.01,0.01,0.0,0.0,1768451528.1002052,16.400104
XKF1,19144839,1,0.01,0.0,179.98,0.0016723135486245155,-0.0011262191692367196,-0.09006401896476746,0.03233040124177933,0.0,0.0,-0.3029343783855438,0.01,0.01,0.0,0.0,1768451528.1002052,16.400104
XKF1,19184823,0,0.01,0.0,179.99,0.00034327353932894766,-0.0007153007900342345,-0.08911997079849243,0.02729370817542076,0.0,0.0,-0.3026221990585327,0.01,0.01,0.0,0.0,1768451528.1401892,16.440088
XKF1,19184823,1,0.01,0.0,179.98,0.0017497639637440443,-0.0011590204667299986,-0.08897439390420914,0.02718452177941799,0.0,0.0,-0.3023049533367157,0.01,0.01,0.0,0.0,1768451528.1401892,16.440088
XKF1,19224807,0,0.01,0.0,179.99,0.00035615928936749697,-0.0007126570562832057,-0.08838637918233871,0.01541774533689022,0.0,0.0,-0.30284202098846436,0.01,0.01,0.0,0.0,1768451528.1801732,16.480072
XKF1,19224807,1,0.01,0.0,179.98,0.0017204597825184464,-0.0011747644748538733,-0.08816137909889221,0.015379155054688454,0.0,0.0,-0.30252981185913086,0.01,0.01,0.0,0.0,1768451528.1801732,16.480072
XKF1,19264791,0,0.01,0.0,179.99,0.0003494125558063388,-0.0006987456581555307,-0.08778385072946548,-0.00045688505633734167,0.0,0.0,-0.3034636378288269,0.01,0.01,0.0,0.0,1768451528.2201571,16.520056
XKF1,19264791,1,0.01,0.0,179.98,0.0017250432865694165,-0.0012128240196034312,-0.08764921128749847,-0.0005986843607388437,0.0,0.0,-0.30315348505973816,0.01,0.01,0.0,0.0,1768451528.2201571,16.520056
XKF1,19304775,0,0.01,0.0,179.99,0.000399696989916265,-0.0006903683533892035,-0.08677327632904053,-0.015166053548455238,0.0,0.0,-0.3030371367931366,0.01,0.01,0.0,0.0,1768451528.2601411,16.56004
XKF1,19304775,1,0.01,0.0,179.98,0.0017428802093490958,-0.0012435878161340952,-0.08664078265428543,-0.015288892202079296,0.0,0.0,-0.30273064970970154,0.01,0.01,0.0,0.0,1768451528.2601411,16.56004
XKF1,19344759,0,0.01,0.0,179.99,0.00043914528214372694,-0.0006740379030816257,-0.08536256849765778,0.0018336361972615123,0.0,0.0,-0.30175668001174927,0.01,0.01,0.0,0.0,1768451528.3001251,16.600024
XKF1,19344759,1,0.01,0.0,179.98,0.0017300420440733433,-0.001222958555445075,-0.08529285341501236,0.0016388898948207498,0.0,0.0,-0.3014562129974365,0.01,0.01,0.0,0.0,1768451528.3001251,16.600024
XKF1,19384743,0,0.01,0.0,179.99,0.00044286969932727516,-0.0006881487206555903,-0.08421555161476135,0.012388496659696102,0.0,0.0,-0.3010372519493103,0.01,0.01,0.0,0.0,1768451528.340109,16.640008
XKF1,19384743,1,0.01,0.0,179.98,0.0017948088934645057,-0.0012619716580957174,-0.08413663506507874,0.012231092900037766,0.0,0.0,-0.30074167251586914,0.01,0.01,0.0,0.0,1768451528.340109,16.640008
XKF1,19424727,0,0.01,0.0,179.99,0.00047136819921433926,-0.0007405607029795647,-0.08370279520750046,0.007274444680660963,0.0,0.0,-0.301798552274704,0.01,0.01,0.0,0.0,1768451528.380093,16.679992
XKF1,19424727,1,0.01,0.0,179.98,0.0017640093574300408,-0.0012646843679249287,-0.08370056748390198,0.007044659927487373,0.0,0.0,-0.3015137016773224,0.01,0.01,0.0,0.0,1768451528.380093,16.679992
XKF1,19464711,0,0.01,0.0,179.99,0.0004734031390398741,-0.0007344715995714068,-0.08331659436225891,-0.009054026566445827,0.0,0.0,-0.29288578033447266,0.01,0.01,0.0,0.09,1768451528.420077,16.719976
XKF1,19464711,1,0.01,0.0,179.98,0.001794277224689722,-0.0012290712911635637,-0.08333262801170349,-0.009311512112617493,0.0,0.0,-0.2926105260848999,0.01,0.01,0.0,0.09,1768451528.420077,16.719976
XKF1,19504695,0,0.01,0.0,179.99,0.0005210060044191778,-0.0007639959221705794,-0.08225856721401215,-0.02385266125202179,0.0,0.0,-0.5623123645782471,0.01,0.01,0.0,0.36,1768451528.460061,16.75996
XKF1,19504695,1,0.01,0.0,179.98,0.0017837097402662039,-0.0013592723989859223,-0.08232765644788742,-0.024151785299181938,0.0,0.0,-0.5620478391647339,0.01,0.01,0.0,0.36,1768451528.460061,16.75996
XKF1,19544679,0,0.01,0.0,179.99,0.0005441156099550426,-0.0007823265041224658,-0.08059964329004288,0.2262568473815918,0.0,0.0,-0.5188795924186707,0.01,0.01,0.0,0.36,1768451528.500045,16.799944
XKF1,19544679,1,0.01,0.0,179.98,0.0018288645660504699,-0.0013259353581815958,-0.08057782799005508,0.22578191757202148,0.0,0.0,-0.5186629891395569,0.01,0.01,0.0,0.36,1768451528.500045,16.799944
XKF1,19584663,0,0.01,0.0,179.99,0.0005692422855645418,-0.0008049977477639914,-0.0792519748210907,0.6607165932655334,0.0,0.0,-0.4818829596042633,0.01,0.01,0.0,0.36,1768451528.540029,16.839928
XKF1,19584663,1,0.01,0.0,179.98,0.001827868283726275,-0.0013443661155179143,-0.07924234867095947,0.6599618196487427,0.0,0.0,-0.48169687390327454,0.01,0.01,0.0,0.36,1768451528.540029,16.839928
XKF1,19624647,1,0.01,0.0,179.98,0.001800556550733745,-0.0014566462486982346,-0.07924888283014297,0.8565941452980042,0.0,0.0,-0.45303815603256226,0.01,0.01,0.0,0.36,1768451528.580013,16.879912
XKF1,19624647,0,0.01,0.0,179.99,0.0005991056095808744,-0.0008492617052979767,-0.07920731604099274,0.8575611114501953,0.0,0.0,-0.4531795084476471,0.01,0.01,0.0,0.36,1768451528.580013,16.879912
XKF1,19664631,1,0.01,0.0,179.98,0.0018139178864657879,-0.001540810102596879,-0.07935825735330582,0.8713717460632324,0.0,0.0,-0.42885422706604004,0.01,0.01,0.0,0.36,1768451528.619997,16.919896
XKF1,19664631,0,0.01,0.0,179.99,0.0006152453133836389,-0.0008739267359487712,-0.07924411445856094,0.8724699020385742,0.0,0.0,-0.42896807193756104,0.01,0.01,0.0,0.36,1768451528.619997,16.919896
XKF1,19704615,1,0.01,0.0,179.98,0.00183383550029248,-0.001588116749189794,-0.07935085892677307,0.802390992641449,0.0,0.0,-0.4082450568675995,0.01,0.01,0.0,0.36,1768451528.6599813,16.95988
XKF1,19704615,0,0.01,0.0,179.99,0.0006371306953951716,-0.0009073010296560824,-0.07922311872243881,0.8033774495124817,0.0,0.0,-0.40832698345184326,0.01,0.01,0.0,0.36,1768451528.6599813,16.95988
XKF1,19744599,1,0.01,0.0,179.98,0.0018411907367408276,-0.0016914219595491886,-0.0792488381266594,0.7021856904029846,0.0,0.0,-0.3907307982444763,0.01,0.01,0.0,0.36,1768451528.6999652,16.999864
XKF1,19744599,0,0.01,0.0,179.99,0.000657938770018518,-0.0009105941862799227,-0.07915026694536209,0.7031230330467224,0.0,0.0,-0.39078494906425476,0.01,0.01,0.0,0.36,1768451528.6999652,16.999864
XKF1,19784583,1,0.01,0.0,179.98,0.0017820557113736868,-0.0016107659321278334,-0.07917217165231705,0.5887307524681091,0.0,0.0,-0.3761706054210663,0.01,0.01,0.0,0.36,1768451528.7399492,17.039848
XKF1,19784583,0,0.01,0.0,179.99,0.0007279069977812469,-0.0009115231223404408,-0.07912880927324295,0.5894585251808167,0.0,0.0,-0.37620657682418823,0.01,0.01,0.0,0.36,1768451528.7399492,17.039848
XKF1,19824567,1,0.01,0.0,179.98,0.001725842710584402,-0.0016636052168905735,-0.07801800966262817,0.49143943190574646,0.0,0.0,-0.3611707389354706,0.01,0.01,0.0,0.36,1768451528.7799332,17.079832
XKF1,19824567,0,0.01,0.0,179.99,0.0007669963524676859,-0.0009143913630396128,-0.07801055163145065,0.492030531167984,0.0,0.0,-0.36118558049201965,0.01,0.01,0.0,0.36,1768451528.7799332,17.079832
XKF1,19864551,1,0.01,0.0,179.98,0.0016954707680270076,-0.0017305912915617228,-0.07699453830718994,0.41779908537864685,0.0,0.0,-0.3486887812614441,0.01,0.01,0.0,0.36,1768451528.8199172,17.119816
XKF1,19864551,0,0.01,0.0,179.99,0.0007884864462539554,-0.00095632259035483,-0.07701192051172256,0.4182662069797516,0.0,0.0,-0.34869492053985596,0.01,0.01,0.0,0.36,1768451528.8199172,17.119816
XKF1,19904535,1,0.01,0.0,179.98,0.0017729874234646559,-0.0017561345594003797,-0.0759182944893837,0.3428976237773895,0.0,0.0,-0.3375440835952759,0.01,0.01,0.0,0.36,1768451528.8599012,17.1598
XKF1,19904535,0,0.01,0.0,179.99,0.0007974556065164506,-0.000984969432465732,-0.07590171694755554,0.3432445526123047,0.0,0.0,-0.3375377357006073,0.01,0.01,0.0,0.36,1768451528.8599012,17.1598
XKF1,19944519,1,0.01,0.0,179.98,0.001725636888295412,-0.001766243134625256,-0.07471369206905365,0.29253944754600525,0.0,0.0,-0.3275182545185089,0.01,0.01,0.0,0.36,1768451528.8998852,17.199784
XKF1,19944519,0,0.01,0.0,179.99,0.0008619759464636445,-0.0010107120033353567,-0.07466748356819153,0.2891346216201782,0.0,0.0,-0.32755687832832336,0.01,0.01,0.0,0.36,1768451528.8998852,17.199784
XKF1,19984503,1,0.01,0.0,179.98,0.0016668200260028243,-0.0018249975983053446,-0.07361522316932678,0.2399299144744873,0.0,0.0,-0.31934064626693726,0.01,0.01,0.0,0.36,1768451528.9398692,17.239768
XKF1,19984503,0,0.01,0.0,179.99,0.000904311309568584,-0.0010470043634995818,-0.0736270546913147,0.23692737519741058,0.0,0.0,-0.31936854124069214,0.01,0.01,0.0,0.36,1768451528.9398692,17.239768
XKF1,20024487,1,0.01,0.0,179.98,0.001700707944110036,-0.0018741149688139558,-0.07190367579460144,0.19980871677398682,0.0,0.0,-0.31042471528053284,0.01,0.01,0.0,0.36,1768451528.9798532,17.279752
XKF1,20024487,0,0.01,0.0,179.99,0.0009342475095763803,-0.0010749014327302575,-0.07190293073654175,0.19813412427902222,0.0,0.0,-0.3104384243488312,0.01,0.01,0.0,0.36,1768451528.9798532,17.279752
XKF1,20064471,1,0.01,0.0,179.98,0.0016553230816498399,-0.0018943541217595339,-0.07042665034532547,0.17543256282806396,0.0,0.0,-0.3030940294265747,0.01,0.01,0.0,0.36,1768451529.0198371,17.319736
XKF1,20064471,0,0.01,0.0,179.99,0.0009954505367204547,-0.0011178357526659966,-0.07042984664440155,0.1746770441532135,0.0,0.0,-0.30310380458831787,0.01,0.01,0.0,0.36,1768451529.0198371,17.319736
XKF1,20104455,1,0.01,0.0,179.98,0.0016459374455735087,-0.0018950615776702762,-0.06884793937206268,0.14637646079063416,0.0,0.0,-0.2963869571685791,0.01,0.01,0.0,0.36,1768451529.0598211,17.35972
XKF1,20104455,0,0.01,0.0,179.99,0.0010217061499133706,-0.0011285501532256603,-0.06889596581459045,0.14607994258403778,0.0,0.0,-0.296388179063797,0.01,0.01,0.0,0.36,1768451529.0598211,17.35972
XKF1,20144439,1,0.01,0.0,179.98,0.0016196994110941887,-0.001855878159403801,-0.06730819493532181,0.13116267323493958,0.0,0.0,-0.2902391254901886,0.01,0.01,0.0,0.36,1768451529.099805,17.399704
XKF1,20144439,0,0.01,0.0,179.99,0.0010401485487818718,-0.0011302086059004068,-0.06733954697847366,0.13122358918190002,0.0,0.0,-0.2902381420135498,0.01,0.01,0.0,0.36,1768451529.099805,17.399704
XKF1,20184423,1,0.01,0.0,179.98,0.00162033480592072,-0.0019393997499719262,-0.06596950441598892,0.11248470842838287,0.0,0.0,-0.2852835953235626,0.01,0.01,0.0,0.36,1768451529.139789,17.439688
XKF1,20184423,0,0.01,0.0,179.99,0.001079342095181346,-0.0011368159903213382,-0.06602489948272705,0.11265033483505249,0.0,0.0,-0.28528106212615967,0.01,0.01,0.0,0.36,1768451529.139789,17.439688
XKF1,20224407,1,0.01,0.0,179.98,0.0015812107594683766,-0.0019596274942159653,-0.0637332946062088,0.10439612716436386,0.0,0.0,-0.27862662076950073,0.01,0.01,0.0,0.36,1768451529.179773,17.479672
XKF1,20224407,0,0.01,0.0,179.99,0.0010854393476620317,-0.001135211088694632,-0.063881054520607,0.10455962270498276,0.0,0.0,-0.2786228358745575,0.01,0.01,0.0,0.36,1768451529.179773,17.479672
XKF1,20264391,1,0.01,0.0,179.98,0.0015490835066884756,-0.00200632750056684,-0.06195070967078209,0.10869777202606201,0.0,0.0,-0.2731708288192749,0.01,0.01,0.0,0.36,1768451529.219757,17.519656
XKF1,20264391,0,0.01,0.0,179.99,0.0010878517059609294,-0.00114584865514189,-0.06200210750102997,0.10894912481307983,0.0,0.0,-0.27316924929618835,0.01,0.01,0.0,0.36,1768451529.219757,17.519656
XKF1,20304375,1,0.01,0.0,179.98,0.0015422010328620672,-0.0020341617055237293,-0.06056200712919235,0.10131558775901794,0.0,0.0,-0.26931074261665344,0.01,0.01,0.0,0.36,1768451529.259741,17.55964
XKF1,20304375,0,0.01,0.0,179.99,0.0010722780134528875,-0.001111817080527544,-0.06065993010997772,0.10150102525949478,0.0,0.0,-0.26930662989616394,0.01,0.01,0.0,0.36,1768451529.259741,17.55964
XKF1,20344359,1,0.01,0.0,179.98,0.0015287777641788125,-0.0020446977578103542,-0.05964163690805435,0.07447300851345062,0.0,0.0,-0.26681044697761536,0.01,0.01,0.0,0.36,1768451529.299725,17.599624
XKF1,20344359,0,0.01,0.0,179.99,0.001076644053682685,-0.0011383108794689178,-0.05970602110028267,0.07466031610965729,0.0,0.0,-0.2668090760707855,0.01,0.01,0.0,0.36,1768451529.299725,17.599624
XKF1,20384343,1,0.01,0.0,179.98,0.0015297533245757222,-0.0020989859476685524,-0.0588587261736393,0.04746429994702339,0.0,0.0,-0.2650016248226166,0.01,0.01,0.0,0.36,1768451529.339709,17.639608
XKF1,20384343,0,0.01,0.0,179.99,0.0010853542480617762,-0.0011657086433842778,-0.058924466371536255,0.04758019372820854,0.0,0.0,-0.26500147581100464,0.01,0.01,0.0,0.36,1768451529.339709,17.639608
XKF1,20424327,1,0.01,0.0,179.98,0.0014782983344048262,-0.0021093233954161406,-0.05820856988430023,0.02582118846476078,0.0,0.0,-0.2635396420955658,0.01,0.01,0.0,0.36,1768451529.379693,17.679592
XKF1,20424327,0,0.01,0.0,179.99,0.001133969402872026,-0.0011500193504616618,-0.058241382241249084,0.025953665375709534,0.0,0.0,-0.2635403275489807,0.01,0.01,0.0,0.36,1768451529.379693,17.679592
XKF1,20464311,1,0.01,0.0,179.98,0.0015418323455378413,-0.0021392174530774355,-0.05759139731526375,0.009643509984016418,0.0,0.0,-0.26264262199401855,0.01,0.01,0.0,0.36,1768451529.419677,17.719576
XKF1,20464311,0,0.01,0.0,179.99,0.0011321970960125327,-0.001212938572280109,-0.05766106769442558,0.009681759402155876,0.0,0.0,-0.26264628767967224,0.01,0.01,0.0,0.36,1768451529.419677,17.719576
XKF1,20505128,1,0.01,0.0,179.98,-1.2086394235666376e-05,-0.00010770355584099889,-0.0568462498486042,-0.005912545137107372,-5.229998714639805e-05,5.4936146625550464e-05,-0.2616116404533386,0.01,0.01,0.0,0.36,1768451529.460494,17.760393
XKF1,20505128,0,0.01,0.0,179.99,-3.861280220007757e-06,-1.650353988225106e-05,-0.056946590542793274,-0.004383946768939495,-2.3892693207017146e-05,4.362923209555447e-05,-0.26153507828712463,0.01,0.01,0.0,0.36,1768451529.460494,17.760393
XKF1,20545112,1,0.01,0.0,179.98,3.934181222575717e-05,-0.00012825515295844525,-0.05597510561347008,-0.002452773740515113,-9.438857523491606e-05,9.953489643521607e-05,-0.2603314518928528,0.01,0.01,0.0,0.36,1768451529.500478,17.800377
XKF1,20545112,0,0.01,0.0,179.99,-1.8959657609229907e-05,-3.287700019427575e-05,-0.056115902960300446,-0.001258574309758842,-4.4702937884721905e-05,7.967454439494759e-05,-0.2603088319301605,0.01,0.01,0.0,0.36,1768451529.500478,17.800377
XKF1,20585096,1,0.01,0.0,179.98,0.00011401540541555732,-0.0001317122660111636,-0.05527770519256592,-0.0011718712048605084,-0.00012762713595293462,0.00013446397497318685,-0.25957322120666504,0.01,0.01,0.0,0.36,1768451529.540462,17.840361
XKF1,20585096,0,0.01,0.0,179.99,2.390065128565766e-05,-7.02383040334098e-05,-0.05540275573730469,-0.0014354190789163113,-6.114153802627698e-05,0.00010792153625516221,-0.2595568001270294,0.01,0.01,0.0,0.36,1768451529.540462,17.840361
XKF1,20625080,1,0.01,0.0,179.98,0.00017564349400345236,-0.00018120757886208594,-0.05371277034282684,0.009603319689631462,-0.00015059334691613913,0.00015979690942913294,-0.25658246874809265,0.01,0.01,0.0,0.36,1768451529.5804462,17.880345
XKF1,20625080,0,0.01,0.0,179.99,8.334483572980389e-05,-0.0001386609219480306,-0.05380232632160187,0.00922728143632412,-7.221489795483649e-05,0.00012868030171375722,-0.2565701901912689,0.01,0.01,0.0,0.36,1768451529.5804462,17.880345
XKF1,20665064,1,0.01,0.0,179.98,0.00022955845633987337,-0.00025857286527752876,-0.050692442804574966,0.047807276248931885,-0.00016840310127008706,0.00018130849639419466,-0.25105106830596924,0.01,0.01,0.0,0.36,1768451529.6204302,17.920329
XKF1,20665064,0,0.01,0.0,179.99,0.00013086268154438585,-0.0001810144749470055,-0.05073697119951248,0.047545429319143295,-7.993487088242546e-05,0.0001446032983949408,-0.2510368227958679,0.01,0.01,0.0,0.36,1768451529.6204302,17.920329
XKF1,20705048,1,0.01,0.0,179.98,0.00030851716292090714,-0.00023397374025080353,-0.048093512654304504,0.08840169757604599,-0.0001779173908289522,0.00019500766939017922,-0.24679338932037354,0.01,0.01,0.0,0.36,1768451529.6604142,17.960313
XKF1,20705048,0,0.01,0.0,179.99,0.00019686241284944117,-0.00022691264166496694,-0.04820040240883827,0.08813577145338058,-8.274798892671242e-05,0.0001544005936011672,-0.246779665350914,0.01,0.01,0.0,0.36,1768451529.6604142,17.960313
XKF1,20745032,1,0.01,0.0,179.98,0.00032482692040503025,-0.0003598893526941538,-0.04602135717868805,0.0964660719037056,-0.00018107829964719713,0.00020163491717539728,-0.24363049864768982,0.01,0.01,0.01,0.36,1768451529.7003982,18.000297
XKF1,20745032,0,0.01,0.0,179.99,0.00022540357895195484,-0.00027924671303480864,-0.04613254591822624,0.09629248827695847,-8.168642671080306e-05,0.00015749604790471494,-0.24361412227153778,0.01,0.01,0.0,0.36,1768451529.7003982,18.000297
XKF1,20785016,1,0.01,0.0,179.98,0.00032342917984351516,-0.0004103985265828669,-0.044204603880643845,0.08949285745620728,-0.00018035354150924832,0.00020055081404279917,-0.2410832941532135,0.01,0.01,0.01,0.36,1768451529.7403822,18.040281
XKF1,20785016,0,0.01,0.0,179.99,0.0003298395313322544,-0.0003232549934182316,-0.04436231404542923,0.08933869749307632,-7.565596752101555e-05,0.00015479714784305543,-0.24106942117214203,0.01,0.01,0.0,0.36,1768451529.7403822,18.040281
XKF1,20825000,1,0.01,0.0,179.98,0.0004662126593757421,-0.0004703184822574258,-0.04193480312824249,0.08841977268457413,-0.0001724572357488796,0.00019272429926786572,-0.23676039278507233,0.01,0.01,0.01,0.36,1768451529.7803662,18.080265
XKF1,20825000,0,0.01,0.0,179.99,0.0003981225017923862,-0.0003754595818463713,-0.04205072671175003,0.08831837028265,-6.388640031218529e-05,0.0001471553259762004,-0.23674798011779785,0.01,0.01,0.0,0.36,1768451529.7803662,18.080265
XKF1,20864984,0,0.01,0.0,179.99,0.0004474470333661884,-0.0004221473936922848,-0.039122335612773895,0.1061873584985733,-5.323720324668102e-05,0.00014190196816343814,-0.23127993941307068,0.01,0.01,0.0,0.36,1768451529.8203502,18.120249
XKF1,20864984,1,0.01,0.0,179.98,0.0005238704616203904,-0.0004964037798345089,-0.03906751051545143,0.10617128014564514,-0.00016491182032041252,0.00018840169650502503,-0.23129524290561676,0.01,0.01,0.01,0.36,1768451529.8203502,18.120249
XKF1,20904968,1,0.01,0.0,179.98,0.0005706319934688509,-0.0006082088220864534,-0.036278966814279556,0.12210898846387863,-0.0001525420811958611,0.00017821804794948548,-0.22570213675498962,0.01,0.01,0.01,0.36,1768451529.8603342,18.160233
XKF1,20904968,0,0.01,0.0,179.99,0.0004885366652160883,-0.0004785560886375606,-0.036248594522476196,0.12221398949623108,-3.963125345762819e-05,0.00013137300265952945,-0.22568480670452118,0.01,0.01,0.0,0.36,1768451529.8603342,18.160233
XKF1,20944952,1,0.01,0.0,179.98,0.0005802430096082389,-0.0006288589211180806,-0.033506542444229126,0.14233672618865967,-0.00013617536751553416,0.00016211582988034934,-0.22005316615104675,0.01,0.01,0.01,0.36,1768451529.9003181,18.200217
XKF1,20944952,0,0.01,0.0,179.99,0.000515294261276722,-0.0005364579265005887,-0.03349526226520538,0.14243164658546448,-2.313663571840152e-05,0.00011613484821282327,-0.22002707421779633,0.01,0.01,0.0,0.36,1768451529.9003181,18.200217
XKF1,20984936,1,0.01,0.0,179.98,0.0006529262172989547,-0.0007150897290557623,-0.0311470627784729,0.14619627594947815,-0.00011533417273312807,0.00014095324149820954,-0.21524950861930847,0.01,0.01,0.01,0.36,1768451529.9403021,18.240201
XKF1,20984936,0,0.01,0.0,179.99,0.0005658727022819221,-0.0006106322398409247,-0.031101850792765617,0.14634008705615997,-4.0645950321049895e-06,9.585101361153647e-05,-0.2152199000120163,0.01,0.01,0.0,0.36,1768451529.9403021,18.240201
XKF1,21024920,1,0.01,0.0,179.98,0.0006697197677567601,-0.0008510672487318516,-0.028398940339684486,0.14736254513263702,-9.115668945014477e-05,0.00011176636326126754,-0.2091677039861679,0.01,0.01,0.01,0.36,1768451529.9802861,18.280185
XKF1,21024920,0,0.01,0.0,179.99,0.0005857855430804193,-0.0006690414738841355,-0.028383484110236168,0.14744436740875244,1.830595647334121e-05,7.111051672836766e-05,-0.20913228392601013,0.01,0.01,0.0,0.36,1768451529.9802861,18.280185
XKF1,21064904,1,0.01,0.0,179.98,0.0006806538440287113,-0.0008679631282575428,-0.02562185563147068,0.15608130395412445,-7.677387475268915e-05,9.070541273104027e-05,-0.20302064716815948,0.01,0.01,0.01,0.36,1768451530.02027,18.320169
XKF1,21064904,0,0.01,0.0,179.99,0.0006146986852400005,-0.0007235007360577583,-0.02553674206137657,0.15627330541610718,3.271293826401234e-05,5.426837014965713e-05,-0.2029794454574585,0.01,0.01,0.0,0.36,1768451530.02027,18.320169
XKF1,21104888,0,0.01,0.0,179.99,0.0006265627453103662,-0.0007976479246281087,-0.023054230958223343,0.15742117166519165,4.9172555009135976e-05,3.209637361578643e-05,-0.1976338028907776,0.01,0.01,0.0,0.36,1768451530.060254,18.360153
XKF1,21104888,1,0.01,0.0,179.98,0.0007593107293359935,-0.0009913700632750988,-0.023137763142585754,0.1572606861591339,-5.802779196528718e-05,6.415457755792886e-05,-0.19767940044403076,0.01,0.01,0.01,0.36,1768451530.060254,18.360153
XKF1,21144872,0,0.01,0.0,179.99,0.0006845105672255158,-0.0008287894306704402,-0.02087288722395897,0.14799359440803528,6.861994916107506e-05,6.073928943806095e-06,-0.1930007040500641,0.01,0.01,0.0,0.36,1768451530.100238,18.400137
XKF1,21144872,1,0.01,0.0,179.98,0.000766915618441999,-0.0009628274128772318,-0.020923875272274017,0.14786666631698608,-3.569866021280177e-05,3.353017018525861e-05,-0.19305433332920074,0.01,0.01,0.01,0.36,1768451530.100238,18.400137
XKF1,21184856,0,0.01,0.0,179.99,0.0007656976813450456,-0.0008907600422389805,-0.019078005105257034,0.13139237463474274,9.192206198349595e-05,-2.39247310673818e-05,-0.1890610307455063,0.01,0.01,0.0,0.36,1768451530.140222,18.440121
XKF1,21184856,1,0.01,0.0,179.98,0.0007310473010875285,-0.0010565073462203145,-0.019059542566537857,0.1313285231590271,-1.1770365745178424e-05,-1.151551032307907e-06,-0.18911583721637726,0.01,0.01,0.01,0.36,1768451530.140222,18.440121
XKF1,21224840,0,0.01,0.0,179.99,0.0008475331705994904,-0.0009682084782980382,-0.017721235752105713,0.10835989564657211,0.00011949896725127473,-5.823283936479129e-05,-0.18637219071388245,0.01,0.01,0.0,0.36,1768451530.180206,18.480105
XKF1,21224840,1,0.01,0.0,179.98,0.0008405133266933262,-0.0011373159941285849,-0.017628861591219902,0.10839834809303284,1.4732811905560084e-05,-4.2260489863110706e-05,-0.18642762303352356,0.01,0.01,0.01,0.36,1768451530.180206,18.480105
XKF1,21264824,0,0.01,0.0,179.99,0.0008589991484768689,-0.0010292528895661235,-0.016183821484446526,0.08581826090812683,0.00013799405132886022,-8.031497418414801e-05,-0.18341274559497833,0.01,0.01,0.0,0.36,1768451530.22019,18.520089
XKF1,21264824,1,0.01,0.0,179.98,0.0008304272196255624,-0.0011884826235473156,-0.016104545444250107,0.08585669845342636,3.0062141377129592e-05,-6.790443148929626e-05,-0.18346112966537476,0.01,0.01,0.01,0.36,1768451530.22019,18.520089
XKF1,21304808,0,0.01,0.0,179.99,0.0008990129572339356,-0.001052218140102923,-0.014638112857937813,0.07112865895032883,0.00015926190826576203,-0.0001071703591151163,-0.18012095987796783,0.01,0.01,0.0,0.36,1768451530.260174,18.560073
XKF1,21304808,1,0.01,0.0,179.98,0.0009081155294552445,-0.001275747548788786,-0.014565239660441875,0.07122474163770676,4.868874020758085e-05,-9.899758151732385e-05,-0.18016359210014343,0.01,0.01,0.01,0.36,1768451530.260174,18.560073
XKF1,21344792,0,0.01,0.0,179.99,0.0009514283738099039,-0.0010960879735648632,-0.013029000721871853,0.07477668672800064,0.00018422069842927158,-0.00013753236271440983,-0.1765875667333603,0.01,0.01,0.01,0.36,1768451530.300158,18.600057
XKF1,21344792,1,0.01,0.0,179.98,0.0009069244842976332,-0.001281091128475964,-0.012971081770956516,0.07487574219703674,7.204212306533009e-05,-0.00013475120067596436,-0.17662690579891205,0.01,0.01,0.01,0.36,1768451530.300158,18.600057
XKF1,21384776,0,0.01,0.0,179.99,0.0009902806486934423,-0.0011449599405750632,-0.01165297906845808,0.07427673041820526,0.00021278443455230445,-0.00017182492592837662,-0.17361168563365936,0.01,0.01,0.01,0.36,1768451530.3401423,18.640041
XKF1,21384776,1,0.01,0.0,179.98,0.0009576128213666379,-0.0013693379005417228,-0.011644565500319004,0.07434750348329544,9.814621444093063e-05,-0.000174871674971655,-0.17364676296710968,0.01,0.01,0.01,0.36,1768451530.3401423,18.640041
XKF1,21424760,0,0.01,0.0,179.99,0.0010484902886673808,-0.0011925436556339264,-0.010133422911167145,0.07419949024915695,0.00024461798602715135,-0.0002103855658788234,-0.16992560029029846,0.01,0.01,0.01,0.36,1768451530.3801262,18.680025
XKF1,21424760,1,0.01,0.0,179.98,0.0009337006486020982,-0.0014207595959305763,-0.010168839246034622,0.07422863692045212,0.00012714664626400918,-0.000220111760427244,-0.16996252536773682,0.01,0.01,0.01,0.36,1768451530.3801262,18.680025
XKF1,21464744,0,0.01,0.0,179.99,0.0011090277694165707,-0.001209179637953639,-0.00873989425599575,0.07672417163848877,0.0002708650135900825,-0.0002407637657597661,-0.16661560535430908,0.01,0.01,0.01,0.36,1768451530.4201102,18.720009
XKF1,21464744,1,0.01,0.0,179.98,0.0009109743987210095,-0.0015052047092467546,-0.008726976811885834,0.07679042220115662,0.00014689704403281212,-0.00025749256019480526,-0.16665181517601013,0.01,0.01,0.01,0.36,1768451530.4201102,18.720009
XKF1,21504728,1,0.01,0.0,179.98,0.0008873041369952261,-0.0014992037322372198,-0.007337880786508322,0.07656308263540268,0.00015896129480097443,-0.0002859146043192595,-0.1633996069431305,0.01,0.01,0.01,0.36,1768451530.4600942,18.759993
XKF1,21504728,0,0.01,0.0,179.99,0.0011394867906346917,-0.0012134944554418325,-0.007331873755902052,0.0765385553240776,0.0002919052785728127,-0.00026279836311005056,-0.16336174309253693,0.01,0.01,0.01,0.36,1768451530.4600942,18.759993
XKF1,21544712,0,0.01,0.0,179.99,0.0011931222397834063,-0.0012505979975685477,-0.006041757762432098,0.0768018513917923,0.00031780009157955647,-0.0002892013581003994,-0.16034889221191406,0.01,0.01,0.01,0.36,1768451530.5000782,18.799977
XKF1,21544712,1,0.01,0.0,179.98,0.0009303568513132632,-0.0016140779480338097,-0.006071499548852444,0.07674921303987503,0.00017461615789216012,-0.0003204261010978371,-0.1603880524635315,0.01,0.01,0.01,0.36,1768451530.5000782,18.799977
XKF1,21584696,1,0.01,0.0,179.98,0.0010152909671887755,-0.0015744698466733098,-0.004956312011927366,0.07184617966413498,0.00019505848467815667,-0.00036033452488482,-0.1578453779220581,0.01,0.01,0.01,0.36,1768451530.5400622,18.839961
XKF1,21584696,0,0.01,0.0,179.99,0.0012192347785457969,-0.001320822280831635,-0.004952244460582733,0.07186947017908096,0.00034732630592770875,-0.0003212491574231535,-0.15780700743198395,0.01,0.01,0.01,0.36,1768451530.5400622,18.839961
XKF1,21624680,0,0.01,0.0,179.99,0.0012516060378402472,-0.0013872521230950952,-0.0037116415333002806,0.06870260089635849,0.0003803862782660872,-0.00035802501952275634,-0.15463301539421082,0.01,0.01,0.01,0.36,1768451530.5800462,18.879945
XKF1,21624680,1,0.01,0.0,179.98,0.0010874371509999037,-0.00163306575268507,-0.003738460363820195,0.06865888833999634,0.0002218307345174253,-0.00040497625013813376,-0.15467531979084015,0.01,0.01,0.01,0.36,1768451530.5800462,18.879945
XKF1,21664664,0,0.01,0.0,179.99,0.0012479915749281645,-0.0014029459562152624,-0.0026084729470312595,0.06897542625665665,0.000404804915888235,-0.00038666132604703307,-0.15185081958770752,0.01,0.01,0.01,0.36,1768451530.6200302,18.919929
XKF1,21664664,1,0.01,0.0,179.98,0.001080810558050871,-0.0016802470199763775,-0.00264622550457716,0.0689116045832634,0.00024272936570923775,-0.00043828683556057513,-0.15189258754253387,0.01,0.01,0.01,0.36,1768451530.6200302,18.919929
XKF1,21704648,0,0.01,0.0,179.99,0.001278901007026434,-0.0014074642676860094,-0.0015838972758501768,0.06610913574695587,0.0004213721549604088,-0.0004061647050548345,0.12055104225873947,0.01,0.01,0.01,0.09,1768451530.6600142,18.959913
XKF1,21704648,1,0.01,0.0,179.98,0.0011251105461269617,-0.0016993101453408599,-0.0017068040324375033,0.06599154323339462,0.00025740370620042086,-0.0004620362597052008,0.12050563097000122,0.01,0.01,0.01,0.09,1768451530.6600142,18.959913
XKF1,21744632,0,0.01,0.0,179.99,0.0013196057407185435,-0.001424952526576817,-0.0007249908521771431,-0.016860568895936012,0.0004433010471984744,-0.0004307370400056243,0.10834934562444687,0.01,0.01,0.01,0.09,1768451530.6999981,18.999897
XKF1,21744632,1,0.01,0.0,179.98,0.0011913031339645386,-0.0017635445110499859,-0.0008562622242607176,-0.01697385683655739,0.0002781877701636404,-0.0004930791910737753,0.10829988867044449,0.01,0.01,0.01,0.09,1768451530.6999981,18.999897
XKF1,21784616,0,0.01,0.0,179.99,0.0013522893423214555,-0.001447702175937593,3.2568263122811913e-05,-0.16787013411521912,0.00046910339733585715,-0.00045990219223313034,0.09780584275722504,0.01,0.01,0.01,0.09,1768451530.7399821,19.039881
XKF1,21784616,1,0.01,0.0,179.98,0.0012076374841853976,-0.0018347421428188682,-0.00015863159205764532,-0.1680467575788498,0.00030434865038841963,-0.0005308225518092513,0.09775048494338989,0.01,0.01,0.01,0.09,1768451530.7399821,19.039881
XKF1,21824600,1,0.01,0.0,179.98,0.001286530401557684,-0.001918850583024323,0.0002158991264877841,-0.2526252865791321,0.0003350526967551559,-0.0005759589257650077,0.08778288215398788,0.01,0.01,0.01,0.09,1768451530.779966,19.079865
XKF1,21824600,0,0.01,0.0,179.99,0.0014015446649864316,-0.0014935869257897139,0.0004229753103572875,-0.2524453103542328,0.0004994157352484763,-0.0004939927603118122,0.08784335851669312,0.01,0.01,0.01,0.09,1768451530.779966,19.079865
XKF1,21864584,1,0.01,0.0,179.98,0.0013109510764479637,-0.0020396963227540255,0.00051980308489874,-0.2863599956035614,0.00035808607935905457,-0.0006104103522375226,0.0792248472571373,0.01,0.01,0.01,0.09,1768451530.81995,19.119849
XKF1,21864584,0,0.01,0.0,179.99,0.0013997179921716452,-0.0015132747357711196,0.0007982461829669774,-0.2861209213733673,0.0005210104864090681,-0.0005177355487830937,0.07929293811321259,0.01,0.01,0.01,0.09,1768451530.81995,19.119849
XKF1,21904568,1,0.01,0.0,179.98,0.0013146264245733619,-0.0020624136086553335,0.000937571981921792,-0.28171128034591675,0.0003740867832675576,-0.0006361906998790801,0.07241076976060867,0.01,0.01,0.01,0.09,1768451530.859934,19.159833
XKF1,21904568,0,0.01,0.0,179.99,0.001424817950464785,-0.0015677331248298287,0.0012900294968858361,-0.2814386487007141,0.000533968850504607,-0.0005323719815351069,0.07248767465353012,0.01,0.01,0.01,0.09,1768451530.859934,19.159833
XKF1,21944552,1,0.01,0.0,179.98,0.0013221590779721737,-0.002017879392951727,0.001514258561655879,-0.2463572472333908,0.0003940677270293236,-0.0006683762767352164,0.06698905676603317,0.01,0.01,0.01,0.09,1768451530.899918,19.199817
XKF1,21944552,0,0.01,0.0,179.99,0.0014097975799813867,-0.0016097179614007473,0.0018450157949700952,-0.2461332231760025,0.0005519003607332706,-0.0005540638230741024,0.06707493960857391,0.01,0.01,0.01,0.09,1768451530.899918,19.199817
XKF1,21984536,1,0.01,0.0,179.98,0.0014268941013142467,-0.0020565835293382406,0.001920269918628037,-0.20638009905815125,0.00042099240818060935,-0.0007058818591758609,0.062273185700178146,0.01,0.01,0.01,0.09,1768451530.939902,19.239801
XKF1,21984536,0,0.01,0.0,179.99,0.001415877602994442,-0.0016485886881127954,0.0023546547163277864,-0.20605778694152832,0.0005737215396948159,-0.0005824986728839576,0.062369588762521744,0.01,0.01,0.01,0.09,1768451530.939902,19.239801
XKF1,22024520,1,0.01,0.0,179.98,0.0015196077292785048,-0.002048534108325839,0.00228058360517025,-0.17122292518615723,0.00045394807239063084,-0.0007469800766557455,0.058113377541303635,0.01,0.01,0.01,0.09,1768451530.979886,19.279785
XKF1,22024520,0,0.01,0.0,179.99,0.0014567225007340312,-0.0017069908790290356,0.0027796488720923662,-0.16926871240139008,0.0005994215607643127,-0.0006170377018861473,0.05822592228651047,0.01,0.01,0.01,0.09,1768451530.979886,19.279785
XKF1,22064504,1,0.01,0.0,179.98,0.0015206870157271624,-0.002092545386403799,0.002649314235895872,-0.13922636210918427,0.0004785213968716562,-0.000774274580180645,0.0545286200940609,0.01,0.01,0.01,0.09,1768451531.01987,19.319769
XKF1,22064504,0,0.01,0.0,179.99,0.0014619346475228667,-0.001708554569631815,0.003178524784743786,-0.137518048286438,0.0006156378658488393,-0.0006402365397661924,0.05465390533208847,0.01,0.01,0.01,0.09,1768451531.01987,19.319769
XKF1,22104488,1,0.01,0.0,179.98,0.0015051835216581821,-0.002128168474882841,0.003221171209588647,-0.11092458665370941,0.000493994215503335,-0.0007883310900069773,0.052275173366069794,0.01,0.01,0.01,0.09,1768451531.059854,19.359753
XKF1,22104488,0,0.01,0.0,179.99,0.0014421119121834636,-0.0017351199639961123,0.003726679366081953,-0.10983183979988098,0.0006218418129719794,-0.0006527233636006713,0.05241023376584053,0.01,0.01,0.01,0.09,1768451531.059854,19.359753
XKF1,22144472,0,0.01,0.0,179.99,0.001473761978559196,-0.0017632697708904743,0.0044167120940983295,-0.06939153373241425,0.0006334036006592214,-0.00067217304604128,0.05123363062739372,0.01,0.01,0.01,0.09,1768451531.099838,19.399737
XKF1,22144472,1,0.01,0.0,179.98,0.0015639136545360088,-0.002079288475215435,0.0038580363616347313,-0.07013454288244247,0.0005149565986357629,-0.0008098701946437359,0.05108734592795372,0.01,0.01,0.01,0.09,1768451531.099838,19.399737
XKF1,22184456,1,0.01,0.0,179.98,0.0016323772724717855,-0.0020870736334472895,0.004515440668910742,-0.0391337051987648,0.0005429529119282961,-0.0008363303495571017,0.05004679411649704,0.01,0.01,0.01,0.09,1768451531.1398222,19.439721
XKF1,22184456,0,0.01,0.0,179.99,0.0014847425045445561,-0.0017801648937165737,0.005044118966907263,-0.03867162764072418,0.0006500784656964242,-0.0006978625315241516,0.05020518973469734,0.01,0.01,0.01,0.09,1768451531.1398222,19.439721
XKF1,22224440,1,0.01,0.0,179.98,0.001680938177742064,-0.0021655966993421316,0.005667868070304394,-0.007553794886916876,0.0005782183725386858,-0.0008708923123776913,0.05138904228806496,0.01,0.01,0.01,0.09,1768451531.1798062,19.479705
XKF1,22224440,0,0.01,0.0,179.99,0.0015235620085150003,-0.0018229408888146281,0.006150632631033659,-0.007254174444824457,0.0006725446437485516,-0.0007299941498786211,0.05156074836850166,0.01,0.01,0.01,0.09,1768451531.1798062,19.479705
XKF1,22264424,1,0.01,0.0,179.98,0.0017362136859446764,-0.0021074810065329075,0.006571758538484573,0.02680073492228985,0.0006032904493622482,-0.0008897205116227269,0.052511997520923615,0.01,0.01,0.01,0.09,1768451531.2197902,19.519689
XKF1,22264424,0,0.01,0.0,179.99,0.0015428782207891345,-0.0018443054286763072,0.007079693954437971,0.027078384533524513,0.0006851517828181386,-0.0007495275349356234,0.052688729017972946,0.01,0.01,0.01,0.09,1768451531.2197902,19.519689
XKF1,22304408,0,0.01,0.0,179.99,0.001539759454317391,-0.0018160688923671842,0.007886181585490704,0.0440061055123806,0.0006887515191920102,-0.000756900233682245,0.05362272635102272,0.01,0.01,0.01,0.09,1768451531.2597742,19.559673
XKF1,22304408,1,0.01,0.0,179.98,0.0016506733372807503,-0.0020232959650456905,0.007363647688180208,0.04388294741511345,0.0006166203529573977,-0.0008905679569579661,0.05344434082508087,0.01,0.01,0.01,0.09,1768451531.2597742,19.559673
XKF1,22344392,1,0.01,0.0,179.98,0.0017015918856486678,-0.001970779849216342,0.008067320100963116,0.04964078962802887,0.0006353137432597578,-0.0008972751093097031,0.05426605045795441,0.01,0.01,0.01,0.09,1768451531.2997582,19.599657
XKF1,22344392,0,0.01,0.0,179.99,0.0015856582904234529,-0.0018028676277026534,0.008575957268476486,0.04966554418206215,0.0006988334935158491,-0.0007704070303589106,0.05444851890206337,0.01,0.01,0.01,0.09,1768451531.2997582,19.599657
XKF1,22384376,0,0.01,0.0,179.99,0.0016173927579075098,-0.001849776366725564,0.009188822470605373,0.04895143210887909,0.0007156577194109559,-0.0007908691768534482,0.055177174508571625,0.01,0.01,0.01,0.09,1768451531.3397422,19.639641
XKF1,22384376,1,0.01,0.0,179.98,0.0017016619676724076,-0.0019499168265610933,0.008622218854725361,0.04890274628996849,0.0006596998427994549,-0.0009105363278649747,0.054988373070955276,0.01,0.01,0.01,0.09,1768451531.3397422,19.639641
XKF1,22424360,1,0.01,0.0,179.98,0.0016452241688966751,-0.001874804962426424,0.0097050117328763,0.05688253417611122,0.0006876515690237284,-0.000929223489947617,0.057898543775081635,0.01,0.01,0.01,0.09,1768451531.3797262,19.679625
XKF1,22424360,0,0.01,0.0,179.99,0.0016247582389041781,-0.0018640647176653147,0.01024456974118948,0.05693068355321884,0.0007379779126495123,-0.0008180130389519036,0.05809812620282173,0.01,0.01,0.01,0.09,1768451531.3797262,19.679625
XKF1,22464344,0,0.01,0.0,179.99,0.0016272973734885454,-0.0018542346078902483,0.011168763972818851,0.07442881911993027,0.0007489633280783892,-0.0008310808916576207,0.06054418534040451,0.01,0.01,0.01,0.09,1768451531.4197102,19.719609
XKF1,22464344,1,0.01,0.0,179.98,0.0016370982630178332,-0.0018735075136646628,0.01055606734007597,0.07425825297832489,0.0007014155853539705,-0.0009300520177930593,0.06033984199166298,0.01,0.01,0.01,0.09,1768451531.4197102,19.719609
XKF1,22504328,1,0.01,0.0,179.98,0.001612862222827971,-0.0018409978365525603,0.011421251110732555,0.07791917771100998,0.0007028711261227727,-0.0009170701960101724,0.06280314177274704,0.01,0.01,0.01,0.09,1768451531.4596941,19.759593
XKF1,22504328,0,0.01,0.0,179.99,0.001595162320882082,-0.0018328670412302017,0.012020079419016838,0.07798173278570175,0.0007488302071578801,-0.0008311690762639046,0.06300988048315048,0.01,0.01,0.01,0.09,1768451531.4596941,19.759593
XKF1,22544312,1,0.01,0.0,179.98,0.0016003591008484364,-0.0017996527021750808,0.012242412194609642,0.082924023270607,0.0007091392180882394,-0.0009122702176682651,0.06536984443664551,0.01,0.01,0.01,0.09,1768451531.4996781,19.799577
XKF1,22544312,0,0.01,0.0,179.99,0.0015893150120973587,-0.0018248048145323992,0.012858686968684196,0.08297006785869598,0.0007543146493844688,-0.0008379155769944191,0.06558020412921906,0.01,0.01,0.01,0.09,1768451531.4996781,19.799577
XKF1,22585129,1,0.01,0.0,179.98,0.0016429077368229628,-0.0018646464450284839,0.01301221176981926,0.08099590241909027,0.0007255625678226352,-0.0009185003000311553,0.06765560060739517,0.01,0.01,0.01,0.09,1768451531.5404952,19.840394
XKF1,22585129,0,0.01,0.0,179.99,0.0016008502570912242,-0.001790598500519991,0.013615856878459454,0.08193690329790115,0.0007659536204300821,-0.0008506796439178288,0.06784579902887344,0.01,0.01,0.01,0.09,1768451531.5404952,19.840394
XKF1,22625113,0,0.01,0.0,179.99,0.0016108873533084989,-0.0017902496038004756,0.01473196130245924,0.0862639918923378,0.0007841761689633131,-0.0008712529670447111,0.0717577189207077,0.01,0.01,0.01,0.09,1768451531.5804791,19.880378
XKF1,22625113,1,0.01,0.0,179.98,0.0016903441864997149,-0.0018756400095298886,0.014094609767198563,0.08501908928155899,0.0007459962507709861,-0.000930728274397552,0.071550153195858,0.01,0.01,0.01,0.09,1768451531.5804791,19.880378
XKF1,22665097,0,0.01,0.0,179.99,0.0015897355042397976,-0.0017722686752676964,0.015561845153570175,0.09441585838794708,0.0007745837792754173,-0.0008570885402150452,0.0748647153377533,0.01,0.01,0.01,0.09,1768451531.6204631,19.920362
XKF1,22665097,1,0.01,0.0,179.98,0.0016840853495523334,-0.0017904614796862006,0.014940980821847916,0.09436903893947601,0.0007380139431916177,-0.0009093830012716353,0.07465975731611252,0.01,0.01,0.01,0.09,1768451531.6204631,19.920362
XKF1,22705081,1,0.01,0.0,179.98,0.0016834435518831015,-0.0018143744673579931,0.015713755041360855,0.09218335151672363,0.0007378741283901036,-0.0008975071250461042,0.07773633301258087,0.01,0.01,0.01,0.09,1768451531.6604471,19.960346
XKF1,22705081,0,0.01,0.0,179.99,0.0015978144947439432,-0.0017313184216618538,0.01634172536432743,0.09206739068031311,0.0007718986598774791,-0.0008504378492943943,0.07794120162725449,0.01,0.01,0.01,0.09,1768451531.6604471,19.960346
XKF1,22745065,1,0.01,0.0,179.98,0.0017723904456943274,-0.0018267555860802531,0.01646263897418976,0.09170267730951309,0.0007467966061085463,-0.0008956808014772832,0.08076229691505432,0.01,0.01,0.01,0.09,1768451531.700431,20.00033
XKF1,22745065,0,0.01,0.0,179.99,0.001602836069650948,-0.0017564462032169104,0.01711108162999153,0.09162406623363495,0.0007761364686302841,-0.0008518266258761287,0.08097269386053085,0.01,0.01,0.01,0.09,1768451531.700431,20.00033
XKF1,22785049,1,0.01,0.0,179.98,0.0017458549700677395,-0.001821035286411643,0.017178934067487717,0.08696838468313217,0.0007622296107001603,-0.0009014721144922078,0.08343740552663803,0.01,0.01,0.01,0.09,1768451531.740415,20.040314
XKF1,22785049,0,0.01,0.0,179.99,0.00161748006939888,-0.0017466306453570724,0.01780179888010025,0.08693383634090424,0.0007870418485254049,-0.0008608084172010422,0.08365330845117569,0.01,0.01,0.01,0.09,1768451531.740415,20.040314
XKF1,22825033,0,0.01,0.0,179.99,0.0015996007714420557,-0.0017696780851110816,0.01857023313641548,0.08244357258081436,0.0008029387681744993,-0.0008762427605688572,0.08670569956302643,0.01,0.01,0.01,0.09,1768451531.780399,20.080298
XKF1,22825033,1,0.01,0.0,179.98,0.0017612208612263203,-0.0018445441965013742,0.017896229401230812,0.08236324787139893,0.0007846100488677621,-0.000915983400773257,0.08648032695055008,0.01,0.01,0.01,0.09,1768451531.780399,20.080298
XKF1,22865017,0,0.01,0.0,179.99,0.0015621385537087917,-0.0017707812367007136,0.019053157418966293,0.07784063369035721,0.0007897780160419643,-0.0008606211049482226,0.08903821557760239,0.01,0.01,0.01,0.09,1768451531.820383,20.120282
XKF1,22865017,1,0.01,0.0,179.98,0.0017039986560121179,-0.001790658920072019,0.0184470284730196,0.07780463993549347,0.0007756288978271186,-0.0008950523915700614,0.08881533145904541,0.01,0.01,0.01,0.09,1768451531.820383,20.120282
XKF1,22905001,1,0.01,0.0,179.98,0.0016496600583195686,-0.0017701273318380117,0.018972041085362434,0.06811943650245667,0.0007728329510428011,-0.0008837736677378416,0.09133107960224152,0.01,0.01,0.01,0.09,1768451531.860367,20.160266
XKF1,22905001,0,0.01,0.0,179.99,0.0015470229554921389,-0.0017663718899711967,0.019585097208619118,0.06810417026281357,0.0007838016026653349,-0.0008544293814338744,0.09155120700597763,0.01,0.01,0.01,0.09,1768451531.860367,20.160266
XKF1,22944985,0,0.01,0.0,179.99,0.0015676635084673762,-0.0017146465834230185,0.020162146538496017,0.06764762103557587,0.0007847161614336073,-0.0008555648382753134,0.09419714659452438,0.01,0.01,0.01,0.09,1768451531.900351,20.20025
XKF1,22944985,1,0.01,0.0,179.98,0.001653084298595786,-0.0018048605415970087,0.01960526406764984,0.06772927194833755,0.000776244152802974,-0.0008817682391963899,0.09397413581609726,0.01,0.01,0.01,0.09,1768451531.900351,20.20025
XKF1,22984969,0,0.01,0.0,179.99,0.0015724507393315434,-0.0017291340045630932,0.020655013620853424,0.06533431261777878,0.0007928532431833446,-0.000863347202539444,0.09654543548822403,0.01,0.01,0.01,0.09,1768451531.940335,20.240234
XKF1,22984969,1,0.01,0.0,179.98,0.0016933829756453633,-0.0017936875810846686,0.02015199139714241,0.06541461497545242,0.0007875316659919918,-0.0008890231256373227,0.09632246196269989,0.01,0.01,0.01,0.09,1768451531.940335,20.240234
XKF1,23024953,0,0.01,0.0,179.99,0.0015599310863763094,-0.0017422271193936467,0.021380074322223663,0.06616122275590897,0.0008065238362178206,-0.0008790103020146489,0.09973818808794022,0.01,0.01,0.01,0.09,1768451531.980319,20.280218
XKF1,23024953,1,0.01,0.0,179.98,0.0017583495937287807,-0.0018051491351798177,0.02089567668735981,0.06621578335762024,0.0008077817619778216,-0.0009036273113451898,0.09951268881559372,0.01,0.01,0.01,0.09,1768451531.980319,20.280218
XKF1,23064937,0,0.01,0.0,179.99,0.0015688728308305144,-0.0017006272682920098,0.021796835586428642,0.06869316846132278,0.0007910914137028158,-0.000859504216350615,0.1021481603384018,0.01,0.01,0.01,0.09,1768451532.0203032,20.320202
XKF1,23064937,1,0.01,0.0,179.98,0.0017146102618426085,-0.0017456968780606985,0.02130800299346447,0.06872425973415375,0.000796198146417737,-0.0008815001929178834,0.10193025320768356,0.01,0.01,0.01,0.09,1768451532.0203032,20.320202
XKF1,23104921,0,0.01,0.0,179.99,0.0015424498124048114,-0.0016783723840489984,0.022146759554743767,0.063551165163517,0.0007835791329853237,-0.0008487519808113575,0.10431890934705734,0.01,0.01,0.01,0.09,1768451532.0602872,20.360186
XKF1,23104921,1,0.01,0.0,179.98,0.001682958798483014,-0.001659934874624014,0.02175503969192505,0.06373503059148788,0.0007919157505966723,-0.0008669718517921865,0.10410846024751663,0.01,0.01,0.01,0.09,1768451532.0602872,20.360186
XKF1,23144905,1,0.01,0.0,179.98,0.0016161181265488267,-0.0016484454972669482,0.022156018763780594,0.05744372308254242,0.0007933789165690541,-0.0008610149961896241,0.10607660561800003,0.01,0.01,0.01,0.09,1768451532.1002712,20.40017
XKF1,23144905,0,0.01,0.0,179.99,0.0015315889613702893,-0.0016610792372375727,0.022521860897541046,0.05723642185330391,0.0007828944944776595,-0.0008462882833555341,0.10628212243318558,0.01,0.01,0.01,0.09,1768451532.1002712,20.40017
XKF1,23184889,1,0.01,0.0,179.98,0.0015819589607417583,-0.001648225705139339,0.02250446006655693,0.05074002593755722,0.0008006676216609776,-0.0008620927110314369,0.10784338414669037,0.01,0.01,0.01,0.09,1768451532.1402552,20.440154
XKF1,23184889,0,0.01,0.0,179.99,0.001555345836095512,-0.001666096388362348,0.022849157452583313,0.05055456981062889,0.0007890526321716607,-0.0008513851207681,0.10804308950901031,0.01,0.01,0.01,0.09,1768451532.1402552,20.440154
XKF1,23224873,0,0.01,0.0,179.99,0.0015639166813343763,-0.0016643517883494496,0.02340996079146862,0.05072961375117302,0.0008019582601264119,-0.0008637308492325246,0.11088009923696518,0.01,0.01,0.01,0.09,1768451532.1802392,20.480138
XKF1,23224873,1,0.01,0.0,179.98,0.001659632078371942,-0.001598333939909935,0.02305089309811592,0.0508633628487587,0.0008151919464580715,-0.0008708405657671392,0.11068295687437057,0.01,0.01,0.01,0.09,1768451532.1802392,20.480138
XKF1,23264857,1,0.01,0.0,179.98,0.0016258127288892865,-0.0015567222144454718,0.023370740935206413,0.05527232959866524,0.0007967473939061165,-0.0008441683021374047,0.1127723902463913,0.01,0.01,0.01,0.09,1768451532.2202232,20.520122
XKF1,23264857,0,0.01,0.0,179.99,0.0015462551964446902,-0.001627995166927576,0.023703066632151604,0.05513545870780945,0.0007851882255636156,-0.0008424142724834383,0.11296126991510391,0.01,0.01,0.01,0.09,1768451532.2202232,20.520122
XKF1,23304841,1,0.01,0.0,179.98,0.0015551599208265543,-0.001537482487037778,0.023787111043930054,0.05221908167004585,0.0007852248381823301,-0.000825301103759557,0.11525551974773407,0.01,0.01,0.01,0.09,1768451532.2602072,20.560106
XKF1,23304841,0,0.01,0.0,179.99,0.0015232966979965568,-0.0015993517590686679,0.024111147969961166,0.052050065249204636,0.0007763880421407521,-0.0008292921702377498,0.11543643474578857,0.01,0.01,0.01,0.09,1768451532.2602072,20.560106
XKF1,23344825,0,0.01,0.0,179.99,0.001502413535490632,-0.001607180223800242,0.024591296911239624,0.060027942061424255,0.0007744233589619398,-0.0008245409117080271,0.11822210997343063,0.01,0.01,0.01,0.09,1768451532.3001912,20.60009
XKF1,23344825,1,0.01,0.0,179.98,0.0016177940415218472,-0.0015434165252372622,0.02431199513375759,0.060230325907468796,0.0007833102717995644,-0.0008167286869138479,0.11804550886154175,0.01,0.01,0.01,0.09,1768451532.3001912,20.60009
XKF1,23384809,0,0.01,0.0,179.99,0.001520456513389945,-0.0016082384390756488,0.02505623735487461,0.06394143402576447,0.0007797026191838086,-0.0008282647468149662,0.12071462720632553,0.01,0.01,0.01,0.09,1768451532.3401752,20.640074
XKF1,23384809,1,0.01,0.0,179.98,0.001638635410927236,-0.0015208193799480796,0.024811048060655594,0.06413112580776215,0.0007898681797087193,-0.0008160836296156049,0.12054405361413956,0.01,0.01,0.01,0.09,1768451532.3401752,20.640074
XKF1,23424793,0,0.01,0.0,179.99,0.001543492660857737,-0.0015999616589397192,0.025628482922911644,0.06707354635000229,0.0007914925809018314,-0.0008386893314309418,0.12377635389566422,0.01,0.01,0.01,0.09,1768451532.3801591,20.680058
XKF1,23424793,1,0.01,0.0,179.98,0.0015731531893834472,-0.0015354676870629191,0.0254241693764925,0.06726376712322235,0.0008027336443774402,-0.0008239073795266449,0.12361091375350952,0.01,0.01,0.01,0.09,1768451532.3801591,20.680058
XKF1,23464777,1,0.01,0.0,179.98,0.0015389207983389497,-0.0015344463754445314,0.025890877470374107,0.07141867280006409,0.0007986487471498549,-0.0008164502796716988,0.1261041760444641,0.01,0.01,0.01,0.09,1768451532.4201431,20.720042
XKF1,23464777,0,0.01,0.0,179.99,0.0015121042961254716,-0.00160746939945966,0.02605832926928997,0.07125537097454071,0.0007902184152044356,-0.000835155718959868,0.12626180052757263,0.01,0.01,0.01,0.09,1768451532.4201431,20.720042
XKF1,23504761,1,0.01,0.0,179.98,0.0014689336530864239,-0.001511489856056869,0.02630017325282097,0.06486097723245621,0.0007822298794053495,-0.0007967409328557551,0.12890402972698212,0.01,0.01,0.01,0.09,1768451532.460127,20.760026
XKF1,23504761,0,0.01,0.0,179.99,0.0014860612573102117,-0.0015549093950539827,0.026497002691030502,0.06469584256410599,0.0007764744805172086,-0.0008187275379896164,0.12905192375183105,0.01,0.01,0.01,0.09,1768451532.460127,20.760026
XKF1,23544745,0,0.01,0.0,179.99,0.0014539735857397318,-0.0015412851935252547,0.02708030492067337,0.07309668511152267,0.0007698999252170324,-0.0008100336999632418,0.1323016732931137,0.01,0.01,0.01,0.09,1768451532.500111,20.80001
XKF1,23544745,1,0.01,0.0,179.98,0.0014111051568761468,-0.0014593382366001606,0.026874318718910217,0.07325664162635803,0.0007715831743553281,-0.0007853390416130424,0.13215981423854828,0.01,0.01,0.01,0.09,1768451532.500111,20.80001
XKF1,23584729,1,0.01,0.0,179.98,0.001360085909254849,-0.0014145710738375783,0.027412984520196915,0.077451191842556,0.0007671191124245524,-0.0007814404089003801,0.13507983088493347,0.01,0.01,0.01,0.09,1768451532.540095,20.839994
XKF1,23584729,0,0.01,0.0,179.99,0.0014648066135123372,-0.0015048461500555277,0.02760118991136551,0.07729493081569672,0.0007704893941991031,-0.000809390505310148,0.1352156549692154,0.01,0.01,0.01,0.09,1768451532.540095,20.839994
XKF1,23624713,1,0.01,0.0,179.98,0.0013740573776885867,-0.0013662097044289112,0.02778892032802105,0.07447107136249542,0.0007689660415053368,-0.0007833127165213227,0.12835794687271118,0.01,0.01,0.01,0.09,1768451532.580079,20.879978
XKF1,23624713,0,0.01,0.0,179.99,0.001485469052568078,-0.0015126719372346997,0.027987632900476456,0.07434439659118652,0.0007788673974573612,-0.0008153371163643897,0.12848268449306488,0.01,0.01,0.01,0.09,1768451532.580079,20.879978
XKF1,23664697,0,0.01,0.0,179.99,0.0014450033195316792,-0.0015106846112757921,0.028223901987075806,-0.124722920358181,0.0007740675937384367,-0.0008080544648692012,0.11407601088285446,0.01,0.01,0.01,0.09,1768451532.620063,20.919962
XKF1,23664697,1,0.01,0.0,179.98,0.0013297906843945384,-0.0013577528297901154,0.027969224378466606,-0.12455859035253525,0.0007583765545859933,-0.0007701432914473116,0.1139606386423111,0.01,0.01,0.01,0.09,1768451532.620063,20.919962
XKF1,23704681,0,0.01,0.0,179.99,0.001423077890649438,-0.0015004404122009873,0.028452111408114433,-0.27019208669662476,0.000757289060857147,-0.0007884714868851006,0.10209541022777557,0.01,0.01,0.01,0.09,1768451532.660047,20.959946
XKF1,23704681,1,0.01,0.0,179.98,0.0012239859206601977,-0.0013186212163418531,0.028239158913493156,-0.2699366807937622,0.0007335426635108888,-0.0007447072421200573,0.10198928415775299,0.01,0.01,0.01,0.09,1768451532.660047,20.959946
XKF1,23744665,0,0.01,0.0,179.99,0.0013909307308495045,-0.0014960899716243148,0.028753511607646942,-0.3196602165699005,0.0007479653577320278,-0.0007784341578371823,0.0924212858080864,0.01,0.01,0.01,0.09,1768451532.700031,20.99993
XKF1,23744665,1,0.01,0.0,179.98,0.001207155641168356,-0.0012567125959321856,0.028608448803424835,-0.3193172514438629,0.0007159307133406401,-0.0007275518728420138,0.09232637286186218,0.01,0.01,0.01,0.09,1768451532.700031,20.99993
XKF1,23784649,1,0.01,0.0,179.98,0.0011743702925741673,-0.001240551471710205,0.02898331917822361,-0.3166991174221039,0.000704599660821259,-0.0007168381125666201,0.08413929492235184,0.01,0.01,0.01,0.09,1768451532.740015,21.039914
XKF1,23784649,0,0.01,0.0,179.99,0.0014127549948170781,-0.0014984974404796958,0.029049072414636612,-0.31708425283432007,0.0007461295463144779,-0.0007771639502607286,0.08422409743070602,0.01,0.01,0.01,0.09,1768451532.740015,21.039914
XKF1,23824633,1,0.01,0.0,179.98,0.0011603935854509473,-0.0012685556430369616,0.02915124222636223,-0.29075220227241516,0.0006994061404839158,-0.0007151016616262496,0.07679766416549683,0.01,0.01,0.01,0.09,1768451532.779999,21.079898
XKF1,23824633,0,0.01,0.0,179.99,0.0014168184716254473,-0.0015335512580350041,0.02924094907939434,-0.2910744547843933,0.00075180409476161,-0.0007846298976801336,0.07687009871006012,0.01,0.01,0.01,0.09,1768451532.779999,21.079898
XKF1,23864617,1,0.01,0.0,179.98,0.0011508334428071976,-0.001240115030668676,0.0291834007948637,-0.2556627094745636,0.0006842495058663189,-0.0007019335753284395,0.0703362300992012,0.01,0.01,0.01,0.09,1768451532.8199832,21.119882
XKF1,23864617,0,0.01,0.0,179.99,0.001438648789189756,-0.0015200261259451509,0.029300298541784286,-0.25591686367988586,0.0007462005596607924,-0.0007794725825078785,0.07039964944124222,0.01,0.01,0.01,0.09,1768451532.8199832,21.119882
XKF1,23904601,0,0.01,0.0,179.99,0.0014349708799272776,-0.001471571740694344,0.029217088595032692,-0.22157496213912964,0.0007311700028367341,-0.0007622339762747288,0.06478987634181976,0.01,0.01,0.01,0.09,1768451532.8599672,21.159866
XKF1,23904601,1,0.01,0.0,179.98,0.0011138999834656715,-0.0012306378921493888,0.02911599725484848,-0.2213246077299118,0.0006596178282052279,-0.000677169649861753,0.06473655253648758,0.01,0.01,0.01,0.09,1768451532.8599672,21.159866
XKF1,23944585,0,0.01,0.0,179.99,0.0014493482885882258,-0.0014347872929647565,0.029237225651741028,-0.1838691681623459,0.0007249072659760714,-0.000752443796955049,0.06016034260392189,0.01,0.01,0.01,0.09,1768451532.8999512,21.19985
XKF1,23944585,1,0.01,0.0,179.98,0.0011054211063310504,-0.0011829208815470338,0.029046209529042244,-0.1837090104818344,0.0006425096653401852,-0.0006618063198402524,0.06011340767145157,0.01,0.01,0.01,0.09,1768451532.8999512,21.19985
XKF1,23984569,1,0.01,0.0,179.98,0.0011332305148243904,-0.0011480454122647643,0.029039736837148666,-0.1476028859615326,0.0006334623321890831,-0.0006523869815282524,0.056245408952236176,0.01,0.01,0.01,0.09,1768451532.9399352,21.239834
XKF1,23984569,0,0.01,0.0,179.99,0.0014577172696590424,-0.0014316185843199492,0.029283728450536728,-0.1476726531982422,0.0007262531435117126,-0.0007506790570914745,0.05629102513194084,0.01,0.01,0.01,0.09,1768451532.9399352,21.239834
XKF1,24024553,1,0.01,0.0,179.98,0.0010435256408527493,-0.0011036618379876018,0.02906588837504387,-0.11415091156959534,0.00063038693042472,-0.0006496849237009883,0.05327386409044266,0.01,0.01,0.01,0.09,1768451532.9799192,21.279818
XKF1,24024553,0,0.01,0.0,179.99,0.0014762701466679573,-0.001442456734366715,0.029357554391026497,-0.11413730680942535,0.0007349214283749461,-0.0007566882413811982,0.05332058668136597,0.01,0.01,0.01,0.09,1768451532.9799192,21.279818
XKF1,24064537,0,0.01,0.0,179.99,0.0015076398849487305,-0.0014468065928667784,0.029360530897974968,-0.08401964604854584,0.0007334814290516078,-0.0007499465136788785,0.05062505975365639,0.01,0.01,0.01,0.09,1768451533.0199032,21.319802
XKF1,24064537,1,0.01,0.0,179.98,0.0009907742496579885,-0.0011375579051673412,0.02911878563463688,-0.08402805030345917,0.0006135954172350466,-0.0006349080940708518,0.0505758598446846,0.01,0.01,0.01,0.09,1768451533.0199032,21.319802
XKF1,24104521,1,0.01,0.0,179.98,0.0009474700200371444,-0.001088303979486227,0.029067564755678177,-0.06630248576402664,0.0005877105868421495,-0.0006100633181631565,0.04806318134069443,0.01,0.01,0.01,0.09,1768451533.0598872,21.359786
XKF1,24104521,0,0.01,0.0,179.99,0.0014923629350960255,-0.0014242922188714147,0.029253575950860977,-0.06523672491312027,0.0007220468833111227,-0.0007320204167626798,0.048135433346033096,0.01,0.01,0.01,0.09,1768451533.0598872,21.359786
XKF1,24144505,0,0.01,0.0,179.99,0.001475781318731606,-0.0014158433768898249,0.029165174812078476,-0.050896480679512024,0.0007180348038673401,-0.0007228376343846321,0.04606587812304497,0.01,0.01,0.01,0.09,1768451533.0998712,21.39977
XKF1,24144505,1,0.01,0.0,179.98,0.000997967435978353,-0.0010408064117655158,0.028880754485726357,-0.05188268423080444,0.0005702986381947994,-0.0005937805399298668,0.045992411673069,0.01,0.01,0.01,0.09,1768451533.0998712,21.39977
XKF1,24184489,0,0.01,0.0,179.99,0.0014245447237044573,-0.0014047856675460935,0.02909374237060547,-0.03828367963433266,0.0007205103174783289,-0.000721704913303256,0.04439710080623627,0.01,0.01,0.01,0.09,1768451533.1398551,21.439754
XKF1,24184489,1,0.01,0.0,179.98,0.0009609246044419706,-0.0010394122218713164,0.028874006122350693,-0.03884230926632881,0.0005602412857115269,-0.0005842099781148136,0.044319480657577515,0.01,0.01,0.01,0.09,1768451533.1398551,21.439754
XKF1,24224473,1,0.01,0.0,179.98,0.0008511490887030959,-0.0010794848203659058,0.02901872806251049,-0.02438422664999962,0.000553962541744113,-0.0005828476860187948,0.04358058050274849,0.01,0.01,0.01,0.09,1768451533.1798391,21.479738
XKF1,24224473,0,0.01,0.0,179.99,0.0014359202468767762,-0.001424747402779758,0.029193207621574402,-0.024102678522467613,0.0007291492656804621,-0.00072839530184865,0.04366038367152214,0.01,0.01,0.01,0.09,1768451533.1798391,21.479738
XKF1,24264457,1,0.01,0.0,179.98,0.0008740974008105695,-0.0009732237085700035,0.02898600697517395,-0.008895903825759888,0.0005388230783864856,-0.0005696536391042173,0.04281151667237282,0.01,0.01,0.01,0.09,1768451533.2198231,21.519722
XKF1,24264457,0,0.01,0.0,179.99,0.0014051899779587984,-0.0014342672657221556,0.029170125722885132,-0.008749266155064106,0.0007243003929033875,-0.0007230188348330557,0.04289264604449272,0.01,0.01,0.01,0.09,1768451533.2198231,21.519722
XKF1,24304441,1,0.01,0.0,179.98,0.00088400550885126,-0.001006615231744945,0.028846658766269684,-0.0033316502813249826,0.0005160861765034497,-0.00054654706036672,0.041974302381277084,0.01,0.01,0.01,0.09,1768451533.259807,21.559706
XKF1,24304441,0,0.01,0.0,179.99,0.001391807571053505,-0.0014227326028048992,0.029040109366178513,-0.0032888618297874928,0.0007084819953888655,-0.0007072758162394166,0.04205496981739998,0.01,0.01,0.01,0.09,1768451533.259807,21.559706
XKF1,24344425,1,0.01,0.0,179.98,0.000861385022290051,-0.0009019963326863945,0.02876960299909115,-0.0009394265944138169,0.0005007324507459998,-0.0005304298829287291,0.041318465024232864,0.01,0.01,0.01,0.09,1768451533.299791,21.59969
XKF1,24344425,0,0.01,0.0,179.99,0.001377664040774107,-0.0013828958617523313,0.02894713543355465,-0.0009777959203347564,0.0007005885127000511,-0.0006994346622377634,0.04139913618564606,0.01,0.01,0.01,0.09,1768451533.299791,21.59969
XKF1,24384409,1,0.01,0.0,179.98,0.0008764424128457904,-0.0009262626990675926,0.028697626665234566,0.0014475907664746046,0.0004921596846543252,-0.0005207986105233431,0.040868449956178665,0.01,0.01,0.01,0.09,1768451533.339775,21.639674
XKF1,24384409,0,0.01,0.0,179.99,0.001335651846602559,-0.001418443163856864,0.028859728947281837,0.0013797052670270205,0.0006993439747020602,-0.0006996861193329096,0.040949996560811996,0.01,0.01,0.01,0.09,1768451533.339775,21.639674
XKF1,24424393,0,0.01,0.0,179.99,0.0013750920770689845,-0.0014355405000969768,0.02864326909184456,0.00011873814219143242,0.0007048335392028093,-0.0007084663957357407,0.03995132818818092,0.01,0.01,0.01,0.09,1768451533.379759,21.679658
XKF1,24424393,1,0.01,0.0,179.98,0.000899069185834378,-0.0009693925967440009,0.028528256341814995,0.00022572286252398044,0.0004903196822851896,-0.0005195862031541765,0.0398702397942543,0.01,0.01,0.01,0.09,1768451533.379759,21.679658
XKF1,24464377,0,0.01,0.0,179.99,0.0013374235713854432,-0.0013928614789620042,0.028399407863616943,-0.004591514356434345,0.0006986521184444427,-0.000704305013641715,0.038961175829172134,0.01,0.01,0.01,0.09,1768451533.419743,21.719642
XKF1,24464377,1,0.01,0.0,179.98,0.0009866527980193496,-0.000989542226307094,0.028249911963939667,-0.004545122850686312,0.0004823693889193237,-0.0005089713959023356,0.03888261690735817,0.01,0.01,0.01,0.09,1768451533.419743,21.719642
XKF1,24504361,1,0.01,0.0,179.98,0.0009864023886620998,-0.0009333033231087029,0.02796315960586071,-0.01092043612152338,0.0004696711548604071,-0.0004901921493001282,0.03803376480937004,0.01,0.01,0.01,0.09,1768451533.459727,21.759626
XKF1,24504361,0,0.01,0.0,179.99,0.0013036300661042333,-0.001382994931191206,0.028103120625019073,-0.011001171544194221,0.0006809591432102025,-0.0006879063439555466,0.038110628724098206,0.01,0.01,0.01,0.09,1768451533.459727,21.759626
XKF1,24544345,0,0.01,0.0,179.99,0.0012696081539615989,-0.0014075906947255135,0.02789161540567875,-0.010899080894887447,0.0006706654676236212,-0.0006808568723499775,0.037593062967061996,0.01,0.01,0.01,0.09,1768451533.499711,21.79961
XKF1,24544345,1,0.01,0.0,179.98,0.001003942685201764,-0.0009865023894235492,0.027832429856061935,-0.010731782764196396,0.00046396625111810863,-0.00047856447054073215,0.03751801326870918,0.01,0.01,0.01,0.09,1768451533.499711,21.79961
XKF1,24584329,1,0.01,0.0,179.98,0.0010020954068750143,-0.0009991932893171906,0.02766735665500164,-0.008023234084248543,0.00046521530020982027,-0.0004765561898238957,0.037178583443164825,0.01,0.01,0.01,0.09,1768451533.539695,21.839594
XKF1,24584329,0,0.01,0.0,179.99,0.0012725892011076212,-0.0014061680994927883,0.027717437595129013,-0.008175333961844444,0.0006670953589491546,-0.000682317593600601,0.037251219153404236,0.01,0.01,0.01,0.09,1768451533.539695,21.839594
XKF1,24624313,0,0.01,0.0,179.99,0.0012699221260845661,-0.0014144422020763159,0.027458153665065765,-0.008384334854781628,0.0006703298422507942,-0.0006912290118634701,0.03635147586464882,0.01,0.01,0.01,0.09,1768451533.5796793,21.879578
XKF1,24624313,1,0.01,0.0,179.98,0.0010408689267933369,-0.0009490158408880234,0.027433278039097786,-0.008229452185332775,0.00047305264160968363,-0.00048013459309004247,0.03628246486186981,0.01,0.01,0.01,0.09,1768451533.5796793,21.879578
XKF1,24665130,0,0.01,0.0,179.99,0.001286771148443222,-0.001381638110615313,0.02708839625120163,-0.011907043866813183,0.0006631090072914958,-0.0006874879472889006,0.03545214980840683,0.01,0.01,0.01,0.09,1768451533.620496,21.920395
XKF1,24665130,1,0.01,0.0,179.98,0.0010371038224548101,-0.0009465623879805207,0.027067724615335464,-0.011102711781859398,0.0004736151604447514,-0.00047363905468955636,0.035432398319244385,0.01,0.01,0.01,0.09,1768451533.620496,21.920395
XKF1,24705114,1,0.01,0.0,179.98,0.001037782640196383,-0.000946947664488107,0.026591656729578972,-0.015991155058145523,0.00046361060230992734,-0.0004584118432831019,0.03401263430714607,0.01,0.01,0.01,0.09,1768451533.66048,21.960379
XKF1,24705114,0,0.01,0.0,179.99,0.0012864373857155442,-0.0013850657269358635,0.02662655897438526,-0.016909006983041763,0.0006480697193183005,-0.0006739010568708181,0.034050676971673965,0.01,0.01,0.01,0.09,1768451533.66048,21.960379
XKF1,24745098,0,0.01,0.0,179.99,0.0012952034594491124,-0.0013688177568838,0.02612973004579544,-0.02887466736137867,0.0006400995189324021,-0.0006675434415228665,0.03240849822759628,0.01,0.01,0.01,0.09,1768451533.7004642,22.000363
XKF1,24745098,1,0.01,0.0,179.98,0.0011188079370185733,-0.0009509437950327992,0.026056446135044098,-0.028809260576963425,0.0004624562570825219,-0.00045106979086995125,0.0323738232254982,0.01,0.01,0.01,0.09,1768451533.7004642,22.000363
XKF1,24785082,0,0.01,0.0,179.99,0.001279361080378294,-0.0013491931604221463,0.02572392299771309,-0.035078391432762146,0.0006392163340933621,-0.0006685771513730288,0.03107295371592045,0.01,0.01,0.01,0.09,1768451533.7404482,22.040347
XKF1,24785082,1,0.01,0.0,179.98,0.0012061462039127946,-0.0009775423677638173,0.025635022670030594,-0.03511318564414978,0.00047072189045138657,-0.00045135096297599375,0.03103974461555481,0.01,0.01,0.01,0.09,1768451533.7404482,22.040347
XKF1,24825066,0,0.01,0.0,179.99,0.001316144596785307,-0.001346199307590723,0.025140879675745964,-0.039962608367204666,0.0006455028778873384,-0.0006761508411727846,0.029062647372484207,0.01,0.01,0.01,0.09,1768451533.7804322,22.080331
XKF1,24825066,1,0.01,0.0,179.99,0.00125870609190315,-0.0009228814160451293,0.02506551891565323,-0.04000524803996086,0.0004874638398177922,-0.0004565513227134943,0.029026854783296585,0.01,0.01,0.01,0.09,1768451533.7804322,22.080331
XKF1,24865050,1,0.01,0.0,179.99,0.0012803571298718452,-0.0009607156389392912,0.02451469749212265,-0.047486353665590286,0.0004826612421311438,-0.0004380345926620066,0.027005700394511223,0.01,0.01,0.01,0.09,1768451533.8204162,22.120315
XKF1,24865050,0,0.01,0.0,179.99,0.0012922821333631873,-0.0012886764016002417,0.024519527330994606,-0.04748132452368736,0.000626954366452992,-0.0006538376328535378,0.027040347456932068,0.01,0.01,0.01,0.09,1768451533.8204162,22.120315
XKF1,24905034,1,0.01,0.0,179.99,0.0012889404315501451,-0.0009643745142966509,0.024018321186304092,-0.050472524017095566,0.00048577963025309145,-0.00042821341776289046,0.02554382011294365,0.01,0.01,0.01,0.09,1768451533.8604002,22.160299
XKF1,24905034,0,0.01,0.0,179.99,0.0012640387285500765,-0.001272563124075532,0.024041233584284782,-0.050443582236766815,0.000615408003795892,-0.0006391624920070171,0.025576729327440262,0.01,0.01,0.01,0.09,1768451533.8604002,22.160299
XKF1,24945018,0,0.01,0.0,179.99,0.0012680402724072337,-0.0013114602770656347,0.023698139935731888,-0.04306070879101753,0.0006115479045547545,-0.0006332714692689478,0.0245896577835083,0.01,0.01,0.01,0.09,1768451533.9003842,22.200283
XKF1,24945018,1,0.01,0.0,179.99,0.0013453448191285133,-0.0010092364391312003,0.02359725534915924,-0.043152451515197754,0.0004971405141986907,-0.0004270820936653763,0.0245570857077837,0.01,0.01,0.01,0.09,1768451533.9003842,22.200283
XKF1,24985002,0,0.01,0.0,179.99,0.001288569183088839,-0.0013102164957672358,0.023443149402737617,-0.033716361969709396,0.0006147649837657809,-0.0006358357495628297,0.023819422349333763,0.01,0.01,0.01,0.09,1768451533.9403682,22.240267
XKF1,24985002,1,0.01,0.0,179.99,0.0012823353754356503,-0.0010175606003031135,0.023333895951509476,-0.033810634166002274,0.0005144225433468819,-0.0004324385372456163,0.023785248398780823,0.01,0.01,0.01,0.09,1768451533.9403682,22.240267
XKF1,25024986,0,0.01,0.0,179.99,0.0012891186634078622,-0.0013277798425406218,0.023330599069595337,-0.02194967493414879,0.0006244108080863953,-0.0006454380345530808,0.02380264922976494,0.01,0.01,0.01,0.09,1768451533.9803522,22.280251
XKF1,25024986,1,0.01,0.0,179.99,0.001256143325008452,-0.00101070839446038,0.0232985969632864,-0.021970633417367935,0.0005348312552087009,-0.0004442757635843009,0.023767966777086258,0.01,0.01,0.01,0.09,1768451533.9803522,22.280251
XKF1,25064970,0,0.01,0.0,179.99,0.0012734571937471628,-0.0013274335069581866,0.023093314841389656,-0.010471165180206299,0.0006075932760722935,-0.0006273949984461069,0.02351181022822857,0.01,0.01,0.01,0.09,1768451534.0203362,22.320235
XKF1,25064970,1,0.01,0.0,179.99,0.0011800158536061645,-0.0010491021675989032,0.023050857707858086,-0.010501970537006855,0.0005248781526461244,-0.0004329807125031948,0.023477882146835327,0.01,0.01,0.01,0.09,1768451534.0203362,22.320235
XKF1,25104954,0,0.01,0.0,179.99,0.0012637826148420572,-0.0013044774532318115,0.022862937301397324,-0.004624366294592619,0.0005986069445498288,-0.0006179094198159873,0.02305135689675808,0.01,0.01,0.01,0.09,1768451534.0603201,22.360219
XKF1,25104954,1,0.01,0.0,179.99,0.001143736531957984,-0.0010509906569495797,0.02285218983888626,-0.004621217958629131,0.0005197867867536843,-0.0004291821678634733,0.02301747538149357,0.01,0.01,0.01,0.09,1768451534.0603201,22.360219
XKF1,25144938,1,0.01,0.0,179.99,0.0011408813297748566,-0.001028883270919323,0.022587688639760017,-0.006544698029756546,0.0005207177018746734,-0.00043152362923137844,0.022430675104260445,0.01,0.01,0.01,0.09,1768451534.1003041,22.400203
XKF1,25144938,0,0.01,0.0,179.99,0.001250190776772797,-0.001279228599742055,0.022570643573999405,-0.006578144151717424,0.0005972152575850487,-0.0006158942123875022,0.022463519126176834,0.01,0.01,0.01,0.09,1768451534.1003041,22.400203
XKF1,25184922,1,0.01,0.0,179.99,0.0010902038775384426,-0.0010894783772528172,0.022376032546162605,-0.007412228733301163,0.0005269572720862925,-0.00044102733954787254,0.02201390452682972,0.01,0.01,0.01,0.09,1768451534.140288,22.440187
XKF1,25184922,0,0.01,0.0,179.99,0.0012935970444232225,-0.0013140098890289664,0.02234330028295517,-0.0074522546492516994,0.0006026822957210243,-0.0006214909953996539,0.022044461220502853,0.01,0.01,0.01,0.09,1768451534.140288,22.440187
XKF1,25224906,0,0.01,0.0,179.99,0.0013224995927885175,-0.001362673006951809,0.022137043997645378,-0.007630078122019768,0.0006156563758850098,-0.0006349412724375725,0.021523313596844673,0.01,0.01,0.01,0.09,1768451534.180272,22.480171
XKF1,25224906,1,0.01,0.0,179.99,0.0010700271232053638,-0.0011419616639614105,0.022115422412753105,-0.0076426067389547825,0.000536619103513658,-0.0004583944391924888,0.021494006738066673,0.01,0.01,0.01,0.09,1768451534.180272,22.480171
XKF1,25264890,1,0.01,0.0,179.99,0.0010233251377940178,-0.0011242199689149857,0.02178342267870903,-0.009668360464274883,0.0005192270036786795,-0.0004504507523961365,0.020791858434677124,0.01,0.01,0.01,0.09,1768451534.220256,22.520155
XKF1,25264890,0,0.01,0.0,179.99,0.0012980251340195537,-0.0013865447835996747,0.021828897297382355,-0.009647884406149387,0.0006013409583829343,-0.0006203450029715896,0.02082134410738945,0.01,0.01,0.01,0.09,1768451534.220256,22.520155
XKF1,25304874,0,0.01,0.0,179.99,0.0012617104221135378,-0.0013788456562906504,0.021634506061673164,-0.011600608006119728,0.0005941379931755364,-0.0006151641136966646,0.020441459491848946,0.01,0.01,0.01,0.09,1768451534.26024,22.560139
XKF1,25304874,1,0.01,0.0,179.99,0.0010343112517148256,-0.0011378965573385358,0.02157074399292469,-0.011639805510640144,0.0005090571939945221,-0.0004503530799411237,0.020411048084497452,0.01,0.01,0.01,0.09,1768451534.26024,22.560139
XKF1,25344858,0,0.01,0.0,179.99,0.001277156756259501,-0.0013901659986004233,0.02151702716946602,-0.007913267239928246,0.0005937695968896151,-0.0006184066296555102,0.020336566492915154,0.01,0.01,0.01,0.09,1768451534.300224,22.600123
XKF1,25344858,1,0.01,0.0,179.99,0.0010818478185683489,-0.001147502800449729,0.02139771357178688,-0.00800409633666277,0.0005063198623247445,-0.00045694291475228965,0.020304450765252113,0.01,0.01,0.01,0.09,1768451534.300224,22.600123
XKF1,25384842,0,0.01,0.0,179.99,0.001277387491427362,-0.0014106890885159373,0.021398283541202545,-0.003459826111793518,0.0006007503252476454,-0.000629244081210345,0.02033902145922184,0.01,0.01,0.01,0.09,1768451534.340208,22.640107
XKF1,25384842,1,0.01,0.0,179.99,0.0010880803456529975,-0.00119773019105196,0.02129131555557251,-0.003533294191583991,0.0005105903837829828,-0.000471049512270838,0.02030273713171482,0.01,0.01,0.01,0.09,1768451534.340208,22.640107
XKF1,25424826,0,0.01,0.0,179.99,0.0012726731365546584,-0.0014313904102891684,0.02133462205529213,0.0008870032033883035,0.0006135916919447482,-0.0006475260015577078,0.020503010600805283,0.01,0.01,0.01,0.09,1768451534.380192,22.680091
XKF1,25424826,1,0.01,0.0,179.99,0.0011657561408355832,-0.001242422265931964,0.021234305575489998,0.0008066665031947196,0.0005226177745498717,-0.0004921084619127214,0.020463991910219193,0.01,0.01,0.01,0.09,1768451534.380192,22.680091
XKF1,25464810,0,0.01,0.0,179.99,0.0012336875079199672,-0.0014639833243563771,0.02121223695576191,0.004959143232554197,0.000613172713201493,-0.0006529457168653607,0.02056480012834072,0.01,0.01,0.01,0.09,1768451534.420176,22.720075
XKF1,25464810,1,0.01,0.0,179.99,0.0010889883851632476,-0.0013573250034824014,0.021125370636582375,0.0048864553682506084,0.0005242698825895786,-0.0005039681564085186,0.020524317398667336,0.01,0.01,0.01,0.09,1768451534.420176,22.720075
XKF1,25504794,1,0.01,0.0,179.99,0.0010900953784585,-0.0013521527871489525,0.020879210904240608,0.004254997707903385,0.000515656778588891,-0.0005067741149105132,0.02038678713142872,0.01,0.01,0.01,0.09,1768451534.46016,22.760059
XKF1,25504794,0,0.01,0.0,179.99,0.0012259430950507522,-0.0014549274928867817,0.021046511828899384,0.0043915449641644955,0.0006014350219629705,-0.0006464928737841547,0.020431019365787506,0.01,0.01,0.01,0.09,1768451534.46016,22.760059
XKF1,25544778,0,0.01,0.0,179.99,0.0012347872834652662,-0.0014503923011943698,0.02088521234691143,0.0017012652242556214,0.0005975344101898372,-0.0006484418408945203,0.02029997482895851,0.01,0.01,0.01,0.09,1768451534.5001442,22.800043
XKF1,25544778,1,0.01,0.0,179.99,0.0011596366530284286,-0.0012715649791061878,0.02073158323764801,0.001587726641446352,0.0005148062482476234,-0.0005153659149073064,0.020251473411917686,0.01,0.01,0.01,0.09,1768451534.5001442,22.800043
XKF1,25584762,1,0.01,0.0,179.99,0.0010769753716886044,-0.0012707808054983616,0.02068580687046051,0.0006795934750698507,0.000520942616276443,-0.0005287254462018609,0.020228112116456032,0.01,0.01,0.01,0.09,1768451534.5401282,22.840027
XKF1,25584762,0,0.01,0.0,179.99,0.0012278540525585413,-0.001464753644540906,0.02077963575720787,0.0007361412863247097,0.0006009814096614718,-0.0006583729409612715,0.02028064802289009,0.01,0.01,0.01,0.09,1768451534.5401282,22.840027
XKF1,25624746,0,0.01,0.0,179.99,0.0012596887536346912,-0.0014753496507182717,0.02067573368549347,0.0012337139341980219,0.0006107354420237243,-0.0006756256334483624,0.020335523411631584,0.01,0.01,0.01,0.09,1768451534.5801122,22.880011
XKF1,25624746,1,0.01,0.0,179.99,0.0010579000227153301,-0.0013104405952617526,0.0205962136387825,0.0011804068926721811,0.0005306267412379384,-0.0005483218119479716,0.02028076723217964,0.01,0.01,0.01,0.09,1768451534.5801122,22.880011
XKF1,25664730,0,0.01,0.0,179.99,0.0012871382059529424,-0.0014498415403068066,0.020511489361524582,0.002510438673198223,0.000609937880653888,-0.0006785219302400947,0.02030683122575283,0.01,0.01,0.01,0.09,1768451534.6200962,22.919995
XKF1,25664730,1,0.01,0.0,179.99,0.0011174407554790378,-0.0013438297901302576,0.02040671743452549,0.002431584056466818,0.0005299026379361749,-0.0005556224496103823,0.02025114744901657,0.01,0.01,0.01,0.09,1768451534.6200962,22.919995
XKF1,25704714,0,0.01,0.0,179.99,0.0009078135481104255,-0.001442011329345405,0.020386455580592155,0.0007349126972258091,0.000596981612034142,-0.0006690327427349985,0.020196260884404182,0.01,0.01,0.01,0.09,1768451534.6600802,22.959979
XKF1,25704714,1,0.01,0.0,179.99,0.0006819269619882107,-0.0013553042663261294,0.02019602619111538,0.0006012461381033063,0.0005165599868632853,-0.0005526571185328066,0.020138883963227272,0.01,0.01,0.01,0.09,1768451534.6600802,22.959979
XKF1,25744698,0,0.01,0.0,179.99,-0.0037985362578183413,-0.0014288282254710793,0.020249933004379272,-0.00027777280774898827,0.0005032340995967388,-0.000667577376589179,0.020176559686660767,0.01,0.01,0.01,0.09,1768451534.7000642,22.999963
XKF1,25744698,1,0.01,0.0,179.99,-0.004011653829365969,-0.0012760013341903687,0.020000193268060684,-0.0004342663160059601,0.0004207469755783677,-0.0005565661704167724,0.02011287398636341,0.01,0.01,0.01,0.09,1768451534.7000642,22.999963
XKF1,25784682,0,0.02,0.0,179.99,-0.01724388636648655,-0.0013835923746228218,0.020173659548163414,0.00031090856646187603,6.282248796196654e-05,-0.0006741601973772049,0.02025286667048931,0.01,0.01,0.01,0.09,1768451534.7400482,23.039947
XKF1,25784682,1,0.01,0.0,179.99,-0.01747511886060238,-0.0010759365977719426,0.019896740093827248,0.00012726002023555338,-2.0942357878084294e-05,-0.000561558292247355,0.020181387662887573,0.01,0.01,0.01,0.09,1768451534.7400482,23.039947
XKF1,25824666,1,0.01,0.0,179.99,-0.04286433011293411,-0.001020927564240992,0.019812267273664474,0.0020446928683668375,-0.0012296278728172183,-0.0005676336004398763,0.020410459488630295,0.01,0.01,0.01,0.09,1768451534.7800322,23.079931
XKF1,25824666,0,0.02,0.0,179.99,-0.04262671247124672,-0.00136151525657624,0.020095650106668472,0.0022439181338995695,-0.0011413226602599025,-0.0006843516021035612,0.020490683615207672,0.01,0.01,0.01,0.09,1768451534.7800322,23.079931
XKF1,25864650,0,0.02,0.0,179.99,-0.0827631801366806,-0.001521517289802432,0.019989056512713432,0.005018447060137987,-0.0038400546181946993,-0.000683414691593498,0.020617177709937096,0.01,0.01,0.01,0.09,1768451534.8200161,23.119915
XKF1,25864650,1,0.01,0.0,179.99,-0.08276453614234924,-0.0010141285602003336,0.019675739109516144,0.004780000075697899,-0.0039265877567231655,-0.0005569981294684112,0.020528921857476234,0.01,0.01,0.01,0.09,1768451534.8200161,23.119915
XKF1,25904634,1,0.01,0.0,179.99,-0.1396695077419281,-0.0010892014252021909,0.019570743665099144,0.0036119818687438965,-0.008728770539164543,-0.0005382837262004614,0.020625391975045204,0.01,0.01,0.01,0.09,1768451534.8600001,23.159899
XKF1,25904634,0,0.02,0.0,179.99,-0.13949395716190338,-0.0015134188579395413,0.019874433055520058,0.003815746633335948,-0.008644573390483856,-0.0006776514346711338,0.020721320062875748,0.01,0.01,0.01,0.09,1768451534.8600001,23.159899
XKF1,25944618,0,0.02,0.0,179.99,-0.21366263926029205,-0.0015630351845175028,0.019796036183834076,0.00466714333742857,-0.01602974906563759,-0.0006794063956476748,0.02096630074083805,0.01,0.01,0.01,0.09,1768451534.8999841,23.199883
XKF1,25944618,1,0.01,0.0,179.99,-0.21397177875041962,-0.0005766591639257967,0.01949053816497326,0.004475255496799946,-0.016114095225930214,-0.0005176602280698717,0.020862603560090065,0.01,0.01,0.01,0.09,1768451534.8999841,23.199883
XKF1,25984602,0,0.02,0.0,179.99,-0.30587130784988403,-0.002074022777378559,0.020053409039974213,0.006608253810554743,-0.026706257835030556,-0.0007003570208325982,0.021276813000440598,0.01,0.01,0.01,0.09,1768451534.939968,23.239867
XKF1,25984602,1,0.01,0.0,179.99,-0.30615806579589844,-0.0008613282698206604,0.019658632576465607,0.006331133656203747,-0.026792697608470917,-0.0005002778489142656,0.021162673830986023,0.01,0.01,0.01,0.09,1768451534.939968,23.239867
XKF1,26024586,0,0.02,0.0,179.99,-0.41639071702957153,-0.0021264529787003994,0.020828209817409515,0.010385194793343544,-0.04140372574329376,-0.0007425490184687078,0.021921660751104355,0.01,0.01,0.01,0.09,1768451534.979952,23.279851
XKF1,26024586,1,0.01,0.0,179.99,-0.4163052439689636,-0.0005968702607788146,0.020497063174843788,0.010164722800254822,-0.041484590619802475,-0.0004910758580081165,0.021795950829982758,0.01,0.01,0.01,0.09,1768451534.979952,23.279851
XKF1,26064570,0,0.02,0.0,179.99,-0.5470188856124878,-0.0009727114229463041,0.021801313385367393,0.01555632147938013,-0.061618704348802567,-0.000754082459025085,0.022435050457715988,0.01,0.01,0.01,0.09,1768451535.019936,23.319835
XKF1,26064570,1,0.01,0.0,179.99,-0.5475853681564331,0.0006866093026474118,0.02145582251250744,0.01530426274985075,-0.06170279532670975,-0.0004460696945898235,0.022300703451037407,0.01,0.01,0.01,0.09,1768451535.019936,23.319835
XKF1,26104554,0,0.02,0.0,179.99,-0.6977260112762451,-0.0010614405618980527,0.023142948746681213,0.01586039923131466,-0.08808028697967529,-0.0007318630232475698,0.02275661565363407,0.01,0.01,0.01,0.09,1768451535.05992,23.359819
XKF1,26104554,1,0.01,0.0,179.99,-0.6981579065322876,1.8137521692551672e-05,0.022767623886466026,0.015619155019521713,-0.08816675841808319,-0.00037533396971412003,0.022616373375058174,0.01,0.01,0.01,0.09,1768451535.05992,23.359819
XKF1,26144538,1,0.01,0.0,179.98,-0.8691054582595825,-0.0005131856305524707,0.02430862933397293,0.013893982395529747,-0.12092835456132889,-0.00035139822284691036,0.022960307076573372,0.01,0.01,0.01,0.09,1768451535.099904,23.399803
XKF1,26144538,0,0.02,0.0,179.99,-0.8687822222709656,-0.001239377772435546,0.024693196639418602,0.014106176793575287,-0.12084118276834488,-0.0007193922065198421,0.023108670487999916,0.01,0.01,0.01,0.09,1768451535.099904,23.399803
XKF1,26184522,0,0.02,0.0,179.99,-1.0573134422302246,-0.0013175223721191287,0.02660413645207882,0.014219103381037712,-0.16066119074821472,-0.0007262279978021979,0.0236038975417614,0.01,0.01,0.01,0.09,1768451535.139888,23.439787
XKF1,26184522,1,0.01,0.0,179.98,-1.0533455610275269,-0.0006647440022788942,0.02621244266629219,0.013922624289989471,-0.15986749529838562,-0.0003415951505303383,0.023424457758665085,0.01,0.01,0.01,0.09,1768451535.139888,23.439787
XKF1,26224506,1,0.01,0.0,179.98,-1.2616260051727295,-0.001376114902086556,0.028504718095064163,0.016979267820715904,-0.20735704898834229,-0.00034362642327323556,0.02427593618631363,0.01,0.01,0.01,0.09,1768451535.179872,23.479771
XKF1,26224506,0,0.02,0.0,179.99,-1.2649493217468262,-0.0020512391347438097,0.02892233617603779,0.017328178510069847,-0.2083030343055725,-0.0007484652451239526,0.024465862661600113,0.01,0.01,0.01,0.09,1768451535.179872,23.479771
XKF1,26264490,0,0.02,0.0,179.99,-1.4929964542388916,-0.0018661459907889366,0.031450673937797546,0.022655151784420013,-0.26573967933654785,-0.0007685453747399151,0.0252811498939991,0.01,0.01,0.01,0.09,1768451535.219856,23.519755
XKF1,26264490,1,0.01,0.0,179.98,-1.4907636642456055,-0.0008583251037634909,0.031021203845739365,0.022317884489893913,-0.2646681070327759,-0.00033888814505189657,0.025082623586058617,0.01,0.01,0.01,0.09,1768451535.219856,23.519755
XKF1,26304474,0,0.02,0.0,179.99,-1.7434334754943848,-0.0020955365616828203,0.03413664549589157,0.023952297866344452,-0.33371150493621826,-0.0007807238725945354,0.02604522928595543,0.01,0.01,0.01,0.09,1768451535.2598403,23.559739
XKF1,26304474,1,0.01,0.0,179.98,-1.7400233745574951,-0.0010893048020079732,0.03367212787270546,0.02366805449128151,-0.33252325654029846,-0.00034032348776236176,0.0258400309830904,0.01,0.01,0.01,0.09,1768451535.2598403,23.559739
XKF1,26344458,0,0.02,0.0,179.99,-2.0107643604278564,-0.003764873370528221,0.037091441452503204,0.02502075769007206,-0.4117181897163391,-0.0008464010898023844,0.026951825246214867,0.01,0.01,0.01,0.09,1768451535.2998242,23.599723
XKF1,26344458,1,0.01,0.0,179.98,-2.006286859512329,-0.002108694287016988,0.03666536882519722,0.024834509938955307,-0.41035938262939453,-0.00037669402081519365,0.02673874981701374,0.01,0.01,0.01,0.09,1768451535.2998242,23.599723
XKF1,26384442,0,0.02,0.0,179.99,-2.2967474460601807,-0.003608014667406678,0.04034991189837456,0.027679886668920517,-0.5005388855934143,-0.0009426514152437449,0.028047949075698853,0.01,0.01,0.01,0.09,1768451535.3398082,23.639707
XKF1,26384442,1,0.02,0.0,179.98,-2.2911622524261475,-0.002143590245395899,0.039857830852270126,0.027440769597887993,-0.4989510476589203,-0.0004409679677337408,0.027825286611914635,0.01,0.01,0.01,0.09,1768451535.3398082,23.639707
XKF1,26424426,0,0.02,0.0,179.99,-2.5994372367858887,-0.001578325405716896,0.04373443126678467,0.03099668398499489,-0.6008696556091309,-0.0009941351599991322,0.02923893928527832,0.01,0.01,0.01,0.09,1768451535.3797922,23.679691
XKF1,26424426,1,0.02,0.0,179.98,-2.59403657913208,-0.0013096843613311648,0.04322608932852745,0.030741430819034576,-0.5990641713142395,-0.0004948198911733925,0.02900378406047821,0.01,0.01,0.01,0.09,1768451535.3797922,23.679691
XKF1,26464410,1,0.02,0.0,179.98,-2.9132182598114014,-0.0007789147202856839,0.04687948152422905,0.034452710300683975,-0.7129795551300049,-0.000513661652803421,0.03022291697561741,0.01,0.01,0.01,0.09,1768451535.4197762,23.719675
XKF1,26464410,0,0.02,0.0,179.98,-2.9193274974823,-0.0018207260873168707,0.04739097133278847,0.03473348170518875,-0.7149556875228882,-0.00100420112721622,0.030467823147773743,0.01,0.01,0.01,0.09,1768451535.4197762,23.719675
XKF1,26504394,0,0.02,0.0,179.98,-3.2586312294006348,-0.0013428627280518413,0.05138476938009262,0.03600587323307991,-0.8433322906494141,-0.000997787225060165,0.031789783388376236,0.01,0.01,0.01,0.09,1768451535.4597602,23.759659
XKF1,26504394,1,0.02,0.0,179.98,-3.2558369636535645,0.00034604922984726727,0.05080766603350639,0.03572947159409523,-0.8412454724311829,-0.0004883703077211976,0.031537286937236786,0.01,0.01,0.01,0.09,1768451535.4597602,23.759659
XKF1,26544378,1,0.02,0.0,179.98,-3.6139235496520996,-0.0015486468328163028,0.05505544692277908,0.039080988615751266,-0.9830634593963623,-0.00045328406849876046,0.03311629593372345,0.01,0.01,0.01,0.09,1768451535.4997442,23.799643
XKF1,26544378,0,0.02,0.0,179.98,-3.6173555850982666,-0.0017521226545795798,0.05563843250274658,0.03931916132569313,-0.9852160215377808,-0.0009565776563249528,0.033378854393959045,0.01,0.01,0.01,0.09,1768451535.4997442,23.799643
XKF1,26584362,0,0.02,0.0,179.98,-3.991304874420166,0.0006051193340681493,0.06014374643564224,0.04436492919921875,-1.1413363218307495,-0.0009198033367283642,0.03521504998207092,0.01,0.01,0.01,0.09,1768451535.5397282,23.839627
XKF1,26584362,1,0.02,0.0,179.98,-3.9879074096679688,-0.0006850112695246935,0.05958426371216774,0.04414970800280571,-1.139111042022705,-0.00047052823356352746,0.03494024649262428,0.01,0.01,0.01,0.09,1768451535.5397282,23.839627
XKF1,26624346,0,0.02,0.0,179.98,-4.380902290344238,0.00016167042485903949,0.06475149840116501,0.04911376163363457,-1.312337875366211,-0.000846601149532944,0.037068773061037064,0.01,0.01,0.01,0.09,1768451535.5797122,23.879611
XKF1,26624346,1,0.02,0.0,179.98,-4.376420497894287,-0.0008662096806801856,0.06415902078151703,0.048836078494787216,-1.3099955320358276,-0.00048452720511704683,0.036781877279281616,0.01,0.01,0.01,0.09,1768451535.5797122,23.879611
XKF1,26664330,0,0.02,0.0,179.98,-4.783301830291748,-0.00010983130778186023,0.06954611092805862,0.053327858448028564,-1.5005435943603516,-0.0008001677924767137,0.03903205320239067,0.01,0.01,0.01,0.09,1768451535.6196961,23.919595
XKF1,26664330,1,0.02,0.0,179.98,-4.776474952697754,0.0009115751599892974,0.06895025074481964,0.053017616271972656,-1.4980860948562622,-0.00048196734860539436,0.03873588144779205,0.01,0.01,0.01,0.09,1768451535.6196961,23.919595
XKF1,26704314,0,0.02,0.0,179.98,-5.205574035644531,-0.00010548783757258207,0.07471396774053574,0.05562933534383774,-1.706373691558838,-0.0007236875244416296,0.04119180887937546,0.01,0.01,0.01,0.09,1768451535.6596801,23.959579
XKF1,26704314,1,0.02,0.0,179.98,-5.199100494384766,-0.0022697565145790577,0.07412903010845184,0.05541306734085083,-1.7037572860717773,-0.0005130377830937505,0.04089069738984108,0.01,0.01,0.01,0.09,1768451535.6596801,23.959579
XKF1,26745131,0,0.02,0.0,179.98,-5.632312297821045,0.0001548385771457106,0.08021152019500732,0.06111821532249451,-1.9285860061645508,-0.0006418155389837921,0.04371296241879463,0.01,0.01,0.01,0.09,1768451535.7004972,24.000396
XKF1,26745131,1,0.02,0.0,179.98,-5.64506196975708,-0.002744083059951663,0.07985436916351318,0.06142948940396309,-1.935246229171753,-0.0005831433809362352,0.04353584721684456,0.01,0.01,0.01,0.09,1768451535.7004972,24.000396
XKF1,26785115,0,0.02,0.0,179.98,-6.079536437988281,-4.332377648097463e-05,0.08610799163579941,0.0684913620352745,-2.1725962162017822,-0.0005714900908060372,0.04660731554031372,0.01,0.01,0.01,0.09,1768451535.7404811,24.04038
XKF1,26785115,1,0.02,0.0,179.98,-6.0835771560668945,-0.004407280124723911,0.08577258884906769,0.06877972930669785,-2.1748056411743164,-0.0007246852037496865,0.046360552310943604,0.01,0.01,0.01,0.09,1768451535.7404811,24.04038
XKF1,26825099,1,0.02,0.0,179.98,-6.521214485168457,-0.004254043102264404,0.09177882224321365,0.07614580541849136,-2.4314002990722656,-0.0009248660644516349,0.049401573836803436,0.01,0.01,0.01,0.09,1768451535.7804651,24.080364
XKF1,26825099,0,0.02,0.0,179.98,-6.517289638519287,-0.0013615090865641832,0.09206489473581314,0.07602909952402115,-2.4289355278015137,-0.0005689345998689532,0.04964858666062355,0.01,0.01,0.01,0.09,1768451535.7804651,24.080364
XKF1,26865083,0,0.02,0.0,179.98,-6.956902503967285,-5.5976281146286055e-05,0.09818227589130402,0.08186066895723343,-2.7115631103515625,-0.0005490017938427627,0.05276717618107796,0.01,0.01,0.01,0.09,1768451535.820449,24.120348
XKF1,26865083,1,0.02,0.0,179.98,-6.961262226104736,-0.0036509146448224783,0.09791281819343567,0.08198332786560059,-2.71439266204834,-0.0010216329246759415,0.05253240838646889,0.01,0.01,0.01,0.09,1768451535.820449,24.120348
XKF1,26905067,1,0.02,0.0,179.98,-7.402207374572754,-0.004611470270901918,0.10421652346849442,0.08772551268339157,-3.0139946937561035,-0.0011462291004136205,0.05592088773846626,0.01,0.01,0.01,0.09,1768451535.860433,24.160332
XKF1,26905067,0,0.02,0.0,179.98,-7.398176670074463,-0.0015038796700537205,0.1043924018740654,0.08744889497756958,-3.01078462600708,-0.0005199798033572733,0.056144461035728455,0.01,0.01,0.01,0.09,1768451535.860433,24.160332
XKF1,26945051,1,0.02,0.0,179.98,-7.837418079376221,-0.0023593681398779154,0.11059416830539703,0.09263797849416733,-3.329864263534546,-0.0012173776049166918,0.05956067517399788,0.01,0.01,0.01,0.09,1768451535.900417,24.200316
XKF1,26945051,0,0.02,0.0,179.98,-7.831777572631836,-0.00015643010556232184,0.11071716994047165,0.09230391681194305,-3.3262853622436523,-0.0004882447246927768,0.05977204442024231,0.01,0.01,0.01,0.09,1768451535.900417,24.200316
XKF1,26985035,1,0.02,0.0,179.98,-8.263349533081055,-0.005305980797857046,0.11704330146312714,0.0990971103310585,-3.661837100982666,-0.00133288255892694,0.06355126202106476,0.01,0.01,0.01,0.09,1768451535.940401,24.2403
XKF1,26985035,0,0.02,0.0,179.98,-8.257019996643066,-0.004032702650874853,0.11705737560987473,0.09866653382778168,-3.657862663269043,-0.0005543098086491227,0.06375141441822052,0.01,0.01,0.01,0.09,1768451535.940401,24.2403
XKF1,27025019,1,0.02,0.0,179.98,-8.680603981018066,-0.004576308187097311,0.12349752336740494,0.10745460540056229,-4.009742736816406,-0.0014656991697847843,0.0680113434791565,0.01,0.01,0.01,0.09,1768451535.980385,24.280284
XKF1,27025019,0,0.02,0.0,179.98,-8.676262855529785,-0.004209769424051046,0.12346714735031128,0.1070297509431839,-4.005404949188232,-0.0006721899844706059,0.06819844990968704,0.01,0.01,0.01,0.09,1768451535.980385,24.280284
XKF1,27065003,1,0.02,0.0,179.98,-9.096663475036621,-0.0065281507559120655,0.1298338621854782,0.11537901312112808,-4.380091190338135,-0.0015218837652355433,0.07249298691749573,0.01,0.02,0.01,0.09,1768451536.020369,24.320268
XKF1,27065003,0,0.02,0.0,179.98,-9.09252643585205,-0.00436917832121253,0.12976744771003723,0.11494304984807968,-4.375645160675049,-0.000768361147493124,0.07266417145729065,0.01,0.02,0.01,0.09,1768451536.020369,24.320268
XKF1,27104987,0,0.02,0.0,179.98,-9.498026847839355,-0.0031362578738480806,0.13596591353416443,0.12102973461151123,-4.76077938079834,-0.0009183125221170485,0.07747804373502731,0.01,0.02,0.01,0.09,1768451536.060353,24.360252
XKF1,27104987,1,0.02,0.0,179.97,-9.501306533813477,-0.006352867931127548,0.13615600764751434,0.12156062573194504,-4.765338897705078,-0.0016874918946996331,0.07732483744621277,0.01,0.02,0.01,0.09,1768451536.060353,24.360252
XKF1,27144971,1,0.02,0.0,179.97,-9.898760795593262,-0.006215832196176052,0.1421828269958496,0.12853467464447021,-5.1652421951293945,-0.001817147945985198,0.0824873074889183,0.01,0.02,0.01,0.09,1768451536.100337,24.400236
XKF1,27144971,0,0.02,0.0,179.98,-9.894614219665527,-0.0008928385213948786,0.14197638630867004,0.12802256643772125,-5.1605544090271,-0.0009639469208195806,0.08262184262275696,0.01,0.02,0.01,0.09,1768451536.100337,24.400236
XKF1,27184955,0,0.02,0.01,179.98,-10.284028053283691,-0.0013712880900129676,0.14791297912597656,0.1356203258037567,-5.574761390686035,-0.0009693753090687096,0.08807379752397537,0.01,0.02,0.01,0.09,1768451536.140321,24.44022
XKF1,27184955,1,0.02,0.0,179.97,-10.28791618347168,-0.004299965221434832,0.14817285537719727,0.1361427903175354,-5.579563617706299,-0.0018880154239013791,0.0879584550857544,0.01,0.02,0.01,0.09,1768451536.140321,24.44022
XKF1,27224939,1,0.02,0.01,179.97,-10.665191650390625,-0.0066725825890898705,0.1540403515100479,0.14447060227394104,-6.008113861083984,-0.0019778187852352858,0.09384408593177795,0.01,0.02,0.01,0.09,1768451536.1803052,24.480204
XKF1,27224939,0,0.02,0.01,179.98,-10.659725189208984,-0.0037222669925540686,0.15375594794750214,0.14396357536315918,-6.003145694732666,-0.001021093688905239,0.0939406082034111,0.01,0.02,0.01,0.09,1768451536.1803052,24.480204
XKF1,27264923,1,0.02,0.01,179.96,-11.038578987121582,-0.008460710756480694,0.15753470361232758,0.1490694284439087,-6.455830097198486,-0.001992333447560668,0.09959099441766739,0.01,0.02,0.02,0.09,1768451536.2202892,24.520188
XKF1,27264923,0,0.02,0.02,179.97,-11.033329963684082,-0.005531875882297754,0.15723109245300293,0.14859068393707275,-6.450818061828613,-0.001043969765305519,0.09967237710952759,0.01,0.02,0.01,0.09,1768451536.2202892,24.520188
XKF1,27304907,1,0.02,0.02,179.96,-11.398601531982422,-0.00851721502840519,0.15515722334384918,0.14579351246356964,-6.916683673858643,-0.0020578622352331877,0.10530076175928116,0.01,0.02,0.02,0.09,1768451536.2602732,24.560172
XKF1,27304907,0,0.02,0.02,179.97,-11.393377304077148,-0.006319602485746145,0.15456664562225342,0.14510126411914825,-6.911619663238525,-0.0011238593142479658,0.10536389797925949,0.01,0.02,0.01,0.09,1768451536.2602732,24.560172
XKF1,27344891,1,0.02,0.02,179.96,-11.752326011657715,-0.006364855915307999,0.13673058152198792,0.12550383806228638,-7.390439033508301,-0.002108419081196189,0.11058247089385986,0.01,0.02,0.02,0.09,1768451536.3002572,24.600156
XKF1,27344891,0,0.02,0.03,179.97,-11.747774124145508,-0.0041528246365487576,0.13628005981445312,0.12508578598499298,-7.385305881500244,-0.0011948157334700227,0.11061026901006699,0.01,0.02,0.01,0.09,1768451536.3002572,24.600156
XKF1,27384875,1,0.02,0.03,179.95,-12.095494270324707,-0.003235726384446025,0.11101830005645752,0.10129113495349884,-7.876875400543213,-0.002062837593257427,0.11501219123601913,0.01,0.02,0.02,0.09,1768451536.3402412,24.64014
XKF1,27384875,0,0.02,0.03,179.97,-12.091875076293945,-0.0029606116004288197,0.11035119742155075,0.10055068880319595,-7.871700286865234,-0.0012062410824000835,0.11502916365861893,0.01,0.02,0.01,0.09,1768451536.3402412,24.64014
XKF1,27424859,0,0.02,0.04,179.97,-12.424602508544922,-0.0024308781139552593,0.07771918922662735,0.07224154472351074,-8.370498657226562,-0.0011807213304564357,0.1186334639787674,0.01,0.02,0.01,0.09,1768451536.3802252,24.680124
XKF1,27424859,1,0.02,0.04,179.95,-12.428584098815918,-0.0021713008172810078,0.07865522056818008,0.07314993441104889,-8.37569808959961,-0.0019468406680971384,0.11864517629146576,0.01,0.02,0.02,0.09,1768451536.3802252,24.680124
XKF1,27464843,1,0.02,0.04,179.95,-12.753596305847168,0.00011363758676452562,0.04621395468711853,0.03953048214316368,-8.8901948928833,-0.0017033934127539396,0.11950308829545975,0.01,0.02,0.02,0.09,1768451536.4202092,24.720108
XKF1,27464843,0,0.02,0.05,179.97,-12.750532150268555,5.700062683899887e-05,0.04517728462815285,0.038704488426446915,-8.88510799407959,-0.0010352787794545293,0.11943989247083664,0.01,0.02,0.01,0.09,1768451536.4202092,24.720108
XKF1,27504827,0,0.02,0.06,179.96,-13.065324783325195,-0.0005090822814963758,0.02030525729060173,0.0028389582876116037,-9.411179542541504,-0.0008415139745920897,0.11924043297767639,0.01,0.02,0.01,0.09,1768451536.4601932,24.760092
XKF1,27504827,1,0.02,0.05,179.95,-13.06941032409668,0.0013164078118279576,0.021380001679062843,0.0036506480537354946,-9.41617488861084,-0.0013783936155959964,0.1193552315235138,0.01,0.02,0.02,0.09,1768451536.4601932,24.760092
XKF1,27544811,0,0.03,0.07,179.96,-13.371761322021484,0.0001752385578583926,0.004348153714090586,-0.021275250241160393,-9.948543548583984,-0.0007131253369152546,0.1183304488658905,0.01,0.02,0.01,0.09,1768451536.5001771,24.800076
XKF1,27544811,1,0.02,0.07,179.94,-13.376402854919434,-0.00039899753755889833,0.004585538059473038,-0.02108926884829998,-9.953503608703613,-0.00113854615483433,0.1184457316994667,0.01,0.02,0.02,0.09,1768451536.5001771,24.800076
XKF1,27584795,1,0.02,0.08,179.94,-13.672091484069824,0.0036228776443749666,0.00028525321977213025,-0.029710793867707253,-10.501838684082031,-0.0008199478033930063,0.11733394861221313,0.01,0.02,0.02,0.09,1768451536.5401611,24.84006
XKF1,27584795,0,0.03,0.08,179.96,-13.666794776916504,0.002941913204267621,0.0002446532598696649,-0.029720168560743332,-10.496845245361328,-0.0004930135910399258,0.11723688989877701,0.01,0.02,0.01,0.09,1768451536.5401611,24.84006
XKF1,27624779,1,0.02,0.09,179.94,-13.95606517791748,0.0033304193057119846,0.0018998971208930016,-0.027731912210583687,-11.060783386230469,-0.00044499218347482383,0.11657540500164032,0.01,0.02,0.02,0.09,1768451536.5801451,24.880044
XKF1,27624779,0,0.03,0.09,179.96,-13.952065467834473,0.005301165394484997,0.00430549681186676,-0.025242934003472328,-11.055768013000488,-0.00019750581122934818,0.11652249842882156,0.01,0.02,0.01,0.09,1768451536.5801451,24.880044
XKF1,27664763,0,0.03,0.11,179.96,-14.225414276123047,0.006119127850979567,0.011444101110100746,-0.014627010561525822,-11.621779441833496,0.00019161117961630225,0.11611403524875641,0.01,0.01,0.01,0.09,1768451536.620129,24.920028
XKF1,27664763,1,0.02,0.1,179.94,-14.230319023132324,0.006509923376142979,0.013244779780507088,-0.012965722009539604,-11.626758575439453,-6.439223216148093e-05,0.11614048480987549,0.01,0.01,0.02,0.09,1768451536.620129,24.920028
XKF1,27704747,0,0.03,0.12,179.96,-14.491134643554688,0.0038393379654735327,0.019874753430485725,-0.003582666628062725,-12.19503116607666,0.00048620637971907854,0.11621797829866409,0.01,0.01,0.01,0.09,1768451536.660113,24.960012
XKF1,27704747,1,0.02,0.12,179.94,-14.497718811035156,0.010797152295708656,0.025226475670933723,0.0008963932632468641,-12.199983596801758,0.0003899470320902765,0.11636039614677429,0.01,0.01,0.02,0.09,1768451536.660113,24.960012
XKF1,27744731,0,0.03,0.14,179.96,-14.745079040527344,-3.1576130368193844e-06,0.033749502152204514,0.014818592928349972,-12.778642654418945,0.0006782355485484004,0.11687825620174408,0.01,0.01,0.01,0.09,1768451536.700097,24.999996
XKF1,27744731,1,0.02,0.14,179.94,-14.751526832580566,0.006820200476795435,0.037002794444561005,0.016938406974077225,-12.783584594726562,0.0008648552466183901,0.1171838715672493,0.01,0.01,0.02,0.09,1768451536.700097,24.999996
XKF1,27784715,1,0.02,0.15,179.94,-15.000401496887207,0.004865893162786961,0.051247552037239075,0.03454704210162163,-13.377250671386719,0.0012046515475958586,0.11861298978328705,0.01,0.01,0.02,0.09,1768451536.740081,25.03998
XKF1,27784715,0,0.03,0.16,179.96,-14.997611045837402,-0.0008439538069069386,0.04610650986433029,0.030433081090450287,-13.372330665588379,0.0007678308757022023,0.1181335374712944,0.01,0.01,0.01,0.09,1768451536.740081,25.03998
XKF1,27824699,1,0.02,0.17,179.94,-15.240801811218262,0.002718070987612009,0.06655113399028778,0.04763272404670715,-13.980636596679688,0.001492305425927043,0.11971239000558853,0.01,0.01,0.02,0.09,1768451536.780065,25.079964
XKF1,27824699,0,0.03,0.17,179.96,-15.238758087158203,-0.0027309907600283623,0.06110961362719536,0.04317786172032356,-13.97582721710205,0.0008415333577431738,0.11902119219303131,0.01,0.01,0.01,0.09,1768451536.780065,25.079964
XKF1,27864683,0,0.03,0.19,179.96,-15.472410202026367,-0.0019454716239124537,0.07140384614467621,0.04628458619117737,-14.585792541503906,0.0007790433010086417,0.12047184258699417,0.01,0.01,0.01,0.09,1768451536.820049,25.119948
XKF1,27864683,1,0.02,0.19,179.94,-15.474226951599121,0.0054825120605528355,0.07686443626880646,0.05090789124369621,-14.590425491333008,0.0016183966072276235,0.12133228778839111,0.01,0.01,0.01,0.09,1768451536.820049,25.119948
XKF1,27904667,1,0.02,0.21,179.94,-15.696805953979492,0.0016324394382536411,0.08036419749259949,0.04921065643429756,-15.206786155700684,0.0015843742294237018,0.12319979071617126,0.01,0.01,0.01,0.09,1768451536.860033,25.159932
XKF1,27904667,0,0.03,0.21,179.96,-15.695361137390137,-0.0013370681554079056,0.07712552696466446,0.04756395146250725,-15.202370643615723,0.0006584832444787025,0.12229631096124649,0.01,0.01,0.01,0.09,1768451536.860033,25.159932
XKF1,27944651,1,0.02,0.23,179.94,-15.911172866821289,0.0012370889307931066,0.09004992991685867,0.056862905621528625,-15.832502365112305,0.0015052545350044966,0.1254727691411972,0.01,0.01,0.01,0.09,1768451536.900017,25.199916
XKF1,27944651,0,0.03,0.23,179.96,-15.908759117126465,-0.000499460962601006,0.08425532281398773,0.053482603281736374,-15.82827091217041,0.0005817051278427243,0.12448913604021072,0.01,0.01,0.01,0.09,1768451536.900017,25.199916
XKF1,27984635,0,0.03,0.26,179.96,-16.12046241760254,0.0038376469165086746,0.08861386030912399,0.05886104702949524,-16.463134765625,0.0005951310740783811,0.12704579532146454,0.01,0.01,0.01,0.09,1768451536.9400012,25.2399
XKF1,27984635,1,0.02,0.25,179.95,-16.122562408447266,0.005093696992844343,0.09118283540010452,0.058681998401880264,-16.467226028442383,0.0014793244190514088,0.12810474634170532,0.01,0.01,0.01,0.09,1768451536.9400012,25.2399
XKF1,28024619,1,0.03,0.28,179.95,-16.321382522583008,0.004470025654882193,0.09529415518045425,0.06214300915598869,-17.110591888427734,0.0015295767225325108,0.13022421300411224,0.01,0.01,0.01,0.09,1768451536.9799852,25.279884
XKF1,28024619,0,0.03,0.28,179.96,-16.32347869873047,0.001686661853455007,0.09577686339616776,0.06489143520593643,-17.106693267822266,0.0006928727962076664,0.12922663986682892,0.01,0.01,0.01,0.09,1768451536.9799852,25.279884
XKF1,28064603,1,0.03,0.3,179.95,-16.515705108642578,0.004974786192178726,0.09871658682823181,0.06193961203098297,-17.759349822998047,0.0015582325868308544,0.13249367475509644,0.01,0.01,0.01,0.09,1768451537.0199692,25.319868
XKF1,28064603,0,0.03,0.3,179.96,-16.519432067871094,0.0026934754569083452,0.10175421833992004,0.0669352188706398,-17.75581932067871,0.0007849058602005243,0.13167282938957214,0.01,0.01,0.01,0.09,1768451537.0199692,25.319868
XKF1,28104587,0,0.03,0.33,179.96,-16.70528221130371,0.003945452626794577,0.10487627983093262,0.06598537415266037,-18.410602569580078,0.0009356188820675015,0.13465408980846405,0.01,0.01,0.01,0.09,1768451537.0599532,25.359852
XKF1,28104587,1,0.03,0.33,179.95,-16.702980041503906,0.0037490318063646555,0.10063610970973969,0.05934252217411995,-18.413768768310547,0.00162893021479249,0.13521946966648102,0.01,0.01,0.01,0.09,1768451537.0599532,25.359852
XKF1,28144571,0,0.03,0.35,179.96,-16.88726043701172,0.0005524338921532035,0.10459082573652267,0.07234768569469452,-19.073652267456055,0.0010258848778903484,0.13813306391239166,0.01,0.01,0.01,0.09,1768451537.0999372,25.399836
XKF1,28144571,1,0.03,0.35,179.96,-16.886743545532227,-0.00033973410609178245,0.1016266793012619,0.06675077229738235,-19.076541900634766,0.0015755117638036609,0.13842491805553436,0.01,0.01,0.01,0.09,1768451537.0999372,25.399836
XKF1,28184555,0,0.03,0.38,179.96,-17.06216049194336,0.0008845730335451663,0.10584215074777603,0.08076535165309906,-19.744632720947266,0.0010359555017203093,0.14172163605690002,0.01,0.01,0.01,0.09,1768451537.1399212,25.43982
XKF1,28184555,1,0.03,0.38,179.96,-17.063892364501953,0.0005893079214729369,0.10329948365688324,0.07529856264591217,-19.747356414794922,0.0014511054614558816,0.1417943239212036,0.01,0.01,0.01,0.09,1768451537.1399212,25.43982
XKF1,28224539,1,0.03,0.41,179.96,-17.232540130615234,-0.0037276861257851124,0.10405777394771576,0.08253054320812225,-20.425809860229492,0.0012574550928547978,0.1453961580991745,0.01,0.01,0.01,0.09,1768451537.1799052,25.479804
XKF1,28224539,0,0.03,0.41,179.97,-17.234107971191406,0.0003884749603457749,0.10479717701673508,0.08614848554134369,-20.42324447631836,0.0010516230249777436,0.14549872279167175,0.01,0.01,0.01,0.09,1768451537.1799052,25.479804
XKF1,28264523,0,0.03,0.44,179.97,-17.399002075195312,-0.0017033166950568557,0.10706355422735214,0.0943044126033783,-21.106481552124023,0.0009839305421337485,0.14908453822135925,0.01,0.01,0.01,0.09,1768451537.2198892,25.519788
XKF1,28264523,1,0.03,0.44,179.96,-17.395723342895508,-0.007860008627176285,0.1061287596821785,0.09030789881944656,-21.094388961791992,0.0009164409711956978,0.14883500337600708,0.01,0.01,0.01,0.09,1768451537.2198892,25.519788
XKF1,28304507,0,0.04,0.67,179.97,-17.671579360961914,-5.169167707208544e-05,0.070371113717556,0.05615796893835068,-21.79578399658203,0.0008524503209628165,0.1527191549539566,0.01,0.01,0.01,0.09,1768451537.2598732,25.559772
XKF1,28304507,1,0.03,0.67,179.96,-17.664108276367188,-0.005102515686303377,0.0714297667145729,0.05572953447699547,-21.783300399780273,0.0004635594959836453,0.15244919061660767,0.01,0.01,0.01,0.09,1768451537.2598732,25.559772
XKF1,28344491,0,0.05,1.99,179.96,-18.014232635498047,0.004287356045097113,-0.21403560042381287,-0.2042464166879654,-22.499536514282227,0.0008439187658950686,0.15074346959590912,0.01,0.01,0.01,0.09,1768451537.2998571,25.599756
XKF1,28344491,1,0.05,1.95,179.96,-18.01106071472168,-0.002436514711007476,-0.20723137259483337,-0.19861936569213867,-22.486713409423828,0.00016633834457024932,0.15068449079990387,0.01,0.01,0.01,0.09,1768451537.2998571,25.599756
XKF1,28384475,0,0.07,4.29,179.99,-18.312976837158203,0.0010326014598831534,-0.8220652341842651,-0.7591710686683655,-23.217140197753906,0.0008520529954694211,0.13094525039196014,0.01,0.01,0.01,0.09,1768451537.3398411,25.63974
XKF1,28384475,1,0.06,4.29,179.99,-18.311132431030273,-0.005404874216765165,-0.8058555126190186,-0.7439284324645996,-23.204143524169922,-0.00010706041211960837,0.13135157525539398,0.01,0.01,0.01,0.09,1768451537.3398411,25.63974
XKF1,28424459,0,0.12,7.23,180.02,-18.534025192260742,-0.005654058884829283,-1.7205361127853394,-1.589339256286621,-23.946054458618164,0.0006975408759899437,0.07969801127910614,0.01,0.01,0.01,0.09,1768451537.379825,25.679724
XKF1,28424459,1,0.11,7.17,180.02,-18.534671783447266,-0.0069436985068023205,-1.6995753049850464,-1.5695558786392212,-23.932971954345703,-0.0004517421475611627,0.08087009936571121,0.01,0.01,0.01,0.09,1768451537.379825,25.679724
XKF1,28464443,1,0.1,10.46,180.02,-18.663381576538086,-0.013391857035458088,-2.809779644012451,-2.6057684421539307,-24.668376922607422,-0.0009067839710041881,-0.019198263064026833,0.01,0.0,0.02,0.09,1768451537.419809,25.719708
XKF1,28464443,0,0.1,10.46,180.03,-18.665510177612305,-0.011219044215977192,-2.8330814838409424,-2.628453493118286,-24.681358337402344,0.00029761542100459337,-0.021226104348897934,0.01,0.0,0.01,0.09,1768451537.419809,25.719708
XKF1,28504427,1,0.08,13.7,180.02,-18.692306518554688,-0.017500851303339005,-4.018404006958008,-3.943481922149658,-25.406579971313477,-0.001496938057243824,-0.17349641025066376,0.01,0.0,0.02,0.09,1768451537.459793,25.759692
XKF1,28504427,0,0.09,13.7,180.03,-18.693195343017578,-0.014085672795772552,-4.041927337646484,-3.966595411300659,-25.419322967529297,-0.0002625938504934311,-0.1764397770166397,0.01,0.0,0.01,0.09,1768451537.459793,25.759692
XKF1,28544411,0,0.06,16.72,179.99,-18.629924774169922,-0.015194620937108994,-5.238884925842285,-5.257915496826172,-26.157459259033203,-0.0009191908757202327,-0.3778178095817566,0.01,0.0,0.01,0.09,1768451537.499777,25.799676
XKF1,28544411,1,0.06,16.72,179.98,-18.6290225982666,-0.021155336871743202,-5.21759557723999,-5.236620903015137,-26.144947052001953,-0.0022714179940521717,-0.3739839494228363,0.01,0.0,0.02,0.09,1768451537.499777,25.799676
XKF1,28584395,0,0.04,19.34,179.97,-18.50066566467285,-0.016467198729515076,-6.3440141677856445,-6.405598163604736,-26.892507553100586,-0.001630394603125751,-0.6236605644226074,0.01,0.0,0.01,0.09,1768451537.539761,25.83966
XKF1,28584395,1,0.04,19.34,179.96,-18.499835968017578,-0.020845428109169006,-6.325599670410156,-6.386621475219727,-26.880197525024414,-0.00313299847766757,-0.6190522909164429,0.01,0.0,0.02,0.09,1768451537.539761,25.83966
XKF1,28624379,0,0.0,21.4,179.94,-18.344314575195312,-0.01515087392181158,-7.299971580505371,-7.383896827697754,-27.62242889404297,-0.002329356037080288,-0.9102708101272583,0.01,0.0,0.01,0.09,1768451537.579745,25.879644
XKF1,28624379,1,0.0,21.36,179.93,-18.343297958374023,-0.01768309995532036,-7.282901287078857,-7.366204261779785,-27.6103458404541,-0.0039019854739308357,-0.9049388766288757,0.01,0.0,0.02,0.09,1768451537.579745,25.879644
XKF1,28664363,0,-0.04,22.87,179.92,-18.201005935668945,-0.017351090908050537,-8.072646141052246,-8.174196243286133,-28.34273338317871,-0.002931762021034956,-1.2344379425048828,0.01,-0.01,0.02,0.09,1768451537.619729,25.919628
XKF1,28664363,1,-0.05,22.87,179.91,-18.200050354003906,-0.017947109416127205,-8.05663013458252,-8.157439231872559,-28.3309268951416,-0.004478779621422291,-1.2286807298660278,0.01,-0.01,0.02,0.09,1768451537.619729,25.919628
XKF1,28704347,1,-0.08,23.71,179.93,-18.103723526000977,-0.012768271379172802,-8.630427360534668,-8.844947814941406,-29.043689727783203,-0.004840900655835867,-1.5823655128479004,0.01,-0.01,0.02,0.09,1768451537.659713,25.959612
XKF1,28704347,0,-0.08,23.73,179.94,-18.105104446411133,-0.013068669475615025,-8.642060279846191,-8.852469444274902,-29.05514144897461,-0.003373734187334776,-1.5882259607315063,0.01,-0.01,0.02,0.09,1768451537.659713,25.959612
XKF1,28744331,0,-0.13,23.98,179.97,-18.085054397583008,-0.012865923345088959,-9.0086088180542,-9.312490463256836,-29.766408920288086,-0.0037745656445622444,-1.9588866233825684,0.01,-0.01,0.02,0.09,1768451537.699697,25.999596
XKF1,28744331,1,-0.14,23.98,179.96,-18.079605102539062,-0.011632056906819344,-9.002792358398438,-9.314116477966309,-29.75520133972168,-0.005108338315039873,-1.9530664682388306,0.01,-0.01,0.02,0.09,1768451537.699697,25.999596
XKF1,28784315,1,-0.17,23.75,179.99,-18.140525817871094,-0.009775713086128235,-9.187798500061035,-9.557252883911133,-30.46845245361328,-0.005345309153199196,-2.332956552505493,0.01,-0.01,0.02,0.09,1768451537.7396812,26.03958
XKF1,28784315,0,-0.16,23.75,180.0,-18.148502349853516,-0.009000193327665329,-9.190435409545898,-9.5510835647583,-30.479612350463867,-0.0041015855967998505,-2.338576316833496,0.01,-0.01,0.02,0.09,1768451537.7396812,26.03958
XKF1,28825132,1,-0.21,23.08,179.99,-18.288949966430664,-0.0055160182528197765,-9.20490550994873,-9.602967262268066,-31.21702766418457,-0.005512561649084091,-2.73112154006958,0.01,-0.01,0.02,0.09,1768451537.780498,26.080397
XKF1,28825132,0,-0.2,23.1,180.01,-18.29050636291504,-0.00875168852508068,-9.208125114440918,-9.602004051208496,-31.1977596282959,-0.0043785106390714645,-2.721147060394287,0.01,-0.01,0.02,0.09,1768451537.780498,26.080397
XKF1,28865116,1,-0.23,22.07,180.01,-18.515825271606445,-0.004259396344423294,-9.077597618103027,-9.468265533447266,-31.95222282409668,-0.00527810025960207,-3.1043131351470947,0.01,0.0,0.02,0.09,1768451537.820482,26.120381
XKF1,28865116,0,-0.23,22.04,180.03,-18.519105911254883,-0.00788772664964199,-9.079520225524902,-9.463741302490234,-31.947895050048828,-0.0043883672915399075,-3.1015772819519043,0.01,0.0,0.02,0.09,1768451537.820482,26.120381
XKF1,28905100,0,-0.22,20.68,180.02,-18.803913116455078,-0.008073696866631508,-8.826764106750488,-9.155268669128418,-32.69285202026367,-0.004451611079275608,-3.4665470123291016,0.01,0.0,0.02,0.09,1768451537.8604662,26.160365
XKF1,28905100,1,-0.23,20.68,180.0,-18.800336837768555,-0.0052223470993340015,-8.823697090148926,-9.163482666015625,-32.69744110107422,-0.00513260206207633,-3.4696500301361084,0.01,0.0,0.02,0.09,1768451537.8604662,26.160365
XKF1,28945084,1,-0.21,19.17,179.98,-19.13291358947754,-0.004067335743457079,-8.471896171569824,-8.789050102233887,-33.455013275146484,-0.004990626126527786,-3.8224990367889404,0.01,0.0,0.02,0.09,1768451537.9004502,26.200349
XKF1,28945084,0,-0.21,19.14,180.0,-19.13758659362793,-0.00578171806409955,-8.473732948303223,-8.778342247009277,-33.45022964477539,-0.004480606410652399,-3.819075584411621,0.01,0.0,0.02,0.09,1768451537.9004502,26.200349
XKF1,28985068,1,-0.23,17.56,179.95,-19.493318557739258,-0.005428694654256105,-8.051457405090332,-8.35383415222168,-34.226417541503906,-0.004879129119217396,-4.158906936645508,0.01,0.0,0.02,0.09,1768451537.9404342,26.240333
XKF1,28985068,0,-0.22,17.56,179.96,-19.497209548950195,-0.005058014765381813,-8.052230834960938,-8.342422485351562,-34.22151565551758,-0.004484904929995537,-4.155159950256348,0.01,0.0,0.02,0.09,1768451537.9404342,26.240333
XKF1,29025052,0,-0.22,16.01,179.94,-19.86381721496582,0.0004783175536431372,-7.598873138427734,-7.885005474090576,-35.0074348449707,-0.00438564270734787,-4.474849224090576,0.01,0.0,0.02,0.09,1768451537.9804182,26.280317
XKF1,29025052,1,-0.23,16.01,179.93,-19.861387252807617,-0.0009248150163330138,-7.598128318786621,-7.895101547241211,-35.01247787475586,-0.004740257281810045,-4.4788408279418945,0.01,0.0,0.02,0.09,1768451537.9804182,26.280317
XKF1,29065036,1,-0.21,14.58,179.93,-20.225955963134766,-0.0009264816762879491,-7.130314826965332,-7.361133575439453,-35.824066162109375,-0.004381372593343258,-4.764717102050781,0.02,0.01,0.02,0.09,1768451538.0204022,26.320301
XKF1,29065036,0,-0.2,14.56,179.94,-20.228511810302734,0.0009444176102988422,-7.132028102874756,-7.353638648986816,-35.81902313232422,-0.003979567904025316,-4.760521411895752,0.01,0.01,0.02,0.09,1768451538.0204022,26.320301
XKF1,29105020,0,-0.18,13.23,179.93,-20.581804275512695,0.0010323190363124013,-6.680768966674805,-6.747827053070068,-36.64403533935547,-0.0035907765850424767,-5.029487133026123,0.01,0.01,0.02,0.09,1768451538.0603862,26.360285
XKF1,29105020,1,-0.18,13.23,179.91,-20.580516815185547,-0.0006416098331101239,-6.680757522583008,-6.755497455596924,-36.649105072021484,-0.004025989677757025,-5.033866882324219,0.02,0.01,0.02,0.09,1768451538.0603862,26.360285
XKF1,29145004,0,-0.12,12.1,179.97,-20.912494659423828,0.0013217756059020758,-6.277031421661377,-6.262696743011475,-37.48188781738281,-0.003193085780367255,-5.2827372550964355,0.01,0.01,0.02,0.09,1768451538.1003702,26.400269
XKF1,29145004,1,-0.12,12.12,179.95,-20.91086196899414,-0.000254651065915823,-6.276399612426758,-6.268099308013916,-37.48699188232422,-0.0036722661461681128,-5.287278652191162,0.02,0.01,0.02,0.09,1768451538.1003702,26.400269
XKF1,29184988,1,-0.05,11.21,180.0,-21.21413230895996,-3.62193095497787e-05,-5.927854061126709,-5.87451696395874,-38.33686447143555,-0.003318034578114748,-5.525813579559326,0.02,0.01,0.02,0.09,1768451538.1403542,26.440253
XKF1,29184988,0,-0.04,11.21,180.01,-21.21674346923828,0.0028508168179541826,-5.929691791534424,-5.871517181396484,-38.3317756652832,-0.0027630587574094534,-5.521162986755371,0.01,0.01,0.02,0.09,1768451538.1403542,26.440253
XKF1,29224972,1,0.0,10.6,180.01,-21.491750717163086,-0.005364057142287493,-5.657332420349121,-5.58314323425293,-39.197757720947266,-0.003126185853034258,-5.753534317016602,0.02,0.01,0.02,0.09,1768451538.1803381,26.480237
XKF1,29224972,0,0.0,10.6,180.03,-21.49440574645996,-0.0014760902849957347,-5.659773826599121,-5.5817389488220215,-39.19268798828125,-0.0024632452987134457,-5.7488694190979,0.01,0.01,0.02,0.09,1768451538.1803381,26.480237
XKF1,29264956,1,0.02,10.27,180.01,-21.741024017333984,-0.012563285417854786,-5.480075836181641,-5.3687872886657715,-40.075286865234375,-0.00313413143157959,-5.965929985046387,0.02,0.02,0.02,0.09,1768451538.2203221,26.520221
XKF1,29264956,0,0.03,10.27,180.03,-21.743534088134766,-0.0076867626048624516,-5.482690811157227,-5.368672847747803,-40.070377349853516,-0.002295566024258733,-5.961272239685059,0.01,0.02,0.02,0.09,1768451538.2203221,26.520221
XKF1,29304940,1,0.03,10.21,180.0,-21.96228790283203,-0.006478485185652971,-5.401418209075928,-5.215454578399658,-40.96088409423828,-0.0031388187780976295,-6.1740641593933105,0.02,0.02,0.02,0.09,1768451538.2603061,26.560205
XKF1,29304940,0,0.04,10.21,180.02,-21.96441650390625,-0.0031561905052512884,-5.405092716217041,-5.217077732086182,-40.95610809326172,-0.0021652430295944214,-6.169483661651611,0.01,0.02,0.02,0.09,1768451538.2603061,26.560205
XKF1,29344924,1,0.02,10.38,179.99,-22.151182174682617,-0.010437199845910072,-5.420098781585693,-5.18633508682251,-41.8535041809082,-0.003171081654727459,-6.381898880004883,0.02,0.02,0.02,0.09,1768451538.30029,26.600189
XKF1,29344924,0,0.03,10.39,180.0,-22.15403938293457,-0.005071539431810379,-5.423187732696533,-5.188292026519775,-41.848873138427734,-0.0020647500641644,-6.377416610717773,0.01,0.02,0.02,0.09,1768451538.30029,26.600189
XKF1,29384908,0,0.02,10.8,179.98,-22.313936233520508,-0.007976362481713295,-5.532431602478027,-5.270755290985107,-42.74755096435547,-0.002060128841549158,-6.588531017303467,0.01,0.02,0.02,0.09,1768451538.340274,26.640173
XKF1,29384908,1,0.01,10.8,179.97,-22.311729431152344,-0.013384046033024788,-5.529935836791992,-5.268661975860596,-42.752037048339844,-0.003334596287459135,-6.59293794631958,0.02,0.02,0.02,0.09,1768451538.340274,26.640173
XKF1,29424892,1,0.0,11.39,179.92,-22.44084358215332,-0.013154692947864532,-5.729635238647461,-5.45955228805542,-43.655364990234375,-0.003605928272008896,-6.812020778656006,0.02,0.02,0.02,0.09,1768451538.380258,26.680157
XKF1,29424892,0,0.0,11.39,179.94,-22.444528579711914,-0.005914945155382156,-5.73235559463501,-5.462390422821045,-43.651023864746094,-0.0021079734433442354,-6.807714939117432,0.01,0.02,0.02,0.09,1768451538.380258,26.680157
XKF1,29464876,1,-0.01,12.05,179.9,-22.547136306762695,-0.010215772315859795,-5.995373249053955,-5.7544708251953125,-44.565223693847656,-0.0036844576243311167,-7.046084403991699,0.02,0.01,0.02,0.09,1768451538.420242,26.720141
XKF1,29464876,0,0.0,12.07,179.92,-22.549625396728516,-0.0018590320833027363,-5.997781753540039,-5.757014751434326,-44.56110763549805,-0.001976980594918132,-7.041812896728516,0.01,0.01,0.02,0.09,1768451538.420242,26.720141
XKF1,29504860,1,-0.06,12.86,179.88,-22.623865127563477,-0.008653859607875347,-6.308078765869141,-6.124369144439697,-45.47755813598633,-0.003733743214979768,-7.291713237762451,0.02,0.01,0.02,0.09,1768451538.460226,26.760125
XKF1,29504860,0,-0.05,12.86,179.9,-22.625436782836914,0.0006024400354363024,-6.309870719909668,-6.125945091247559,-45.473636627197266,-0.0017729501705616713,-7.287452697753906,0.01,0.01,0.02,0.09,1768451538.460226,26.760125
XKF1,29544844,1,-0.19,13.66,179.83,-22.673755645751953,-0.005290350876748562,-6.654759883880615,-6.509331703186035,-46.391353607177734,-0.0037242283578962088,-7.550539970397949,0.02,0.01,0.02,0.09,1768451538.50021,26.800109
XKF1,29544844,0,-0.18,13.68,179.85,-22.676593780517578,0.0036225123330950737,-6.656514644622803,-6.510665416717529,-46.38761901855469,-0.0014884354313835502,-7.546322345733643,0.01,0.01,0.02,0.09,1768451538.50021,26.800109
XKF1,29584828,1,-0.41,14.47,179.75,-22.710426330566406,-0.0044631329365074635,-7.01160192489624,-6.8862833976745605,-47.30589294433594,-0.0036473972722887993,-7.8234477043151855,0.02,0.01,0.02,0.09,1768451538.540194,26.840093
XKF1,29584828,0,-0.4,14.47,179.77,-22.713640213012695,0.0050925216637551785,-7.012426376342773,-6.886751174926758,-47.302364349365234,-0.0011210585944354534,-7.8192572593688965,0.01,0.01,0.02,0.09,1768451538.540194,26.840093
XKF1,29624812,1,-0.74,15.23,179.67,-22.735445022583008,0.006345976609736681,-7.36519718170166,-7.256162166595459,-48.22081756591797,-0.0033744084648787975,-8.11148452758789,0.02,0.01,0.02,0.09,1768451538.580178,26.880077
XKF1,29624812,0,-0.74,15.23,179.69,-22.736696243286133,0.014731388539075851,-7.366388320922852,-7.257209300994873,-48.217437744140625,-0.0005640290328301489,-8.107329368591309,0.01,0.01,0.02,0.09,1768451538.580178,26.880077
XKF1,29664796,0,-1.21,15.91,179.6,-22.746355056762695,0.030628718435764313,-7.708400249481201,-7.613994598388672,-49.127010345458984,0.0004902838263660669,-8.411819458007812,0.01,0.01,0.02,0.09,1768451538.6201622,26.920061
XKF1,29664796,1,-1.22,15.92,179.58,-22.74542999267578,0.02183644287288189,-7.708150386810303,-7.613588809967041,-49.1302375793457,-0.002517553512006998,-8.415975570678711,0.02,0.01,0.02,0.09,1768451538.6201622,26.920061
XKF1,29704780,1,-1.78,16.52,179.47,-22.750967025756836,0.04904894903302193,-8.022791862487793,-7.993417739868164,-50.034698486328125,-0.0007166946306824684,-8.736166954040527,0.02,0.01,0.02,0.09,1768451538.6601462,26.960045
XKF1,29704780,0,-1.77,16.52,179.49,-22.751605987548828,0.05860798805952072,-8.021723747253418,-7.992198467254639,-50.031612396240234,0.0024440253619104624,-8.731992721557617,0.01,0.01,0.02,0.09,1768451538.6601462,26.960045
XKF1,29744764,0,-2.4,16.96,179.41,-22.765501022338867,0.09167145937681198,-8.287520408630371,-8.316901206970215,-50.93708038330078,0.0055259824730455875,-9.0635404586792,0.01,0.01,0.02,0.09,1768451538.7001302,27.000029
XKF1,29744764,1,-2.39,16.96,179.39,-22.76404571533203,0.07980095595121384,-8.293336868286133,-8.322357177734375,-50.94002151489258,0.0021407618187367916,-9.06787395477295,0.02,0.01,0.02,0.09,1768451538.7001302,27.000029
XKF1,29784748,0,-3.05,17.27,179.34,-22.7873592376709,0.1319591999053955,-8.500438690185547,-8.5656156539917,-51.8436393737793,0.010070106945931911,-9.404045104980469,0.01,0.01,0.02,0.09,1768451538.7401142,27.040013
XKF1,29784748,1,-3.05,17.28,179.32,-22.786518096923828,0.11887037754058838,-8.50912094116211,-8.57353687286377,-51.846435546875,0.006366672459989786,-9.40868854522705,0.02,0.01,0.02,0.09,1768451538.7401142,27.040013
XKF1,29824732,1,-3.64,17.43,179.3,-22.822824478149414,0.16097021102905273,-8.663498878479004,-8.749322891235352,-52.754302978515625,0.012196317315101624,-9.756813049316406,0.02,0.01,0.02,0.09,1768451538.7800982,27.079997
XKF1,29824732,0,-3.65,17.43,179.32,-22.82923698425293,0.17525452375411987,-8.65456771850586,-8.741159439086914,-52.75174331665039,0.016287950798869133,-9.751834869384766,0.01,0.01,0.02,0.09,1768451538.7800982,27.079997
XKF1,29864716,1,-4.23,17.48,179.26,-22.879268646240234,0.21011199057102203,-8.762861251831055,-8.862910270690918,-53.66047668457031,0.02019951120018959,-10.109106063842773,0.02,0.0,0.02,0.09,1768451538.8200822,27.119981
XKF1,29864716,0,-4.23,17.47,179.28,-22.888002395629883,0.22308962047100067,-8.758041381835938,-8.85866641998291,-53.65829086303711,0.024603895843029022,-10.103869438171387,0.02,0.0,0.02,0.09,1768451538.8200822,27.119981
XKF1,29904700,1,-4.8,17.45,179.23,-22.9484806060791,0.26042965054512024,-8.819836616516113,-8.918231010437012,-54.566219329833984,0.030476832762360573,-10.464433670043945,0.02,0.0,0.02,0.09,1768451538.8600662,27.159965
XKF1,29904700,0,-4.79,17.45,179.26,-22.95768165588379,0.27539923787117004,-8.8128080368042,-8.911768913269043,-54.564483642578125,0.035131119191646576,-10.458991050720215,0.02,0.0,0.02,0.09,1768451538.8600662,27.159965
XKF1,29944684,1,-5.28,17.36,179.23,-23.028114318847656,0.30715394020080566,-8.84268569946289,-8.9509916305542,-55.47600173950195,0.042583562433719635,-10.821576118469238,0.02,0.0,0.02,0.09,1768451538.9000502,27.199949
XKF1,29944684,0,-5.28,17.36,179.26,-23.036300659179688,0.322300523519516,-8.834409713745117,-8.943989753723145,-55.474700927734375,0.047614581882953644,-10.815845489501953,0.02,0.0,0.02,0.09,1768451538.9000502,27.199949
XKF1,29984668,1,-5.66,17.18,179.26,-23.122419357299805,0.35342976450920105,-8.834328651428223,-8.948302268981934,-56.39015579223633,0.05648630112409592,-11.178482055664062,0.02,0.0,0.02,0.09,1768451538.9400342,27.239933
XKF1,29984668,0,-5.65,17.18,179.29,-23.12940216064453,0.3657952547073364,-8.82262134552002,-8.937959671020508,-56.38924026489258,0.061833109706640244,-11.172426223754883,0.02,0.0,0.02,0.09,1768451538.9400342,27.239933
XKF1,30024652,1,-5.94,16.96,179.33,-23.226974487304688,0.3920910954475403,-8.797109603881836,-8.919352531433105,-57.30907440185547,0.07205827534198761,-11.535881042480469,0.02,0.0,0.02,0.09,1768451538.9800181,27.279917
XKF1,30024652,0,-5.93,16.95,179.35,-23.230932235717773,0.40496528148651123,-8.784347534179688,-8.908503532409668,-57.30842590332031,0.07765708863735199,-11.529393196105957,0.02,0.0,0.02,0.09,1768451538.9800181,27.279917
XKF1,30064636,0,-6.11,16.69,179.41,-23.341651916503906,0.4348471760749817,-8.718368530273438,-8.857544898986816,-58.22957992553711,0.09489099681377411,-11.882181167602539,0.02,0.0,0.02,0.09,1768451539.0200021,27.319901
XKF1,30064636,1,-6.12,16.69,179.39,-23.337724685668945,0.42112547159194946,-8.72770881652832,-8.86509895324707,-58.230072021484375,0.0890994518995285,-11.888976097106934,0.02,0.0,0.02,0.09,1768451539.0200021,27.319901
XKF1,30104620,0,-6.27,16.42,179.44,-23.454517364501953,0.4569440186023712,-8.641475677490234,-8.7545804977417,-59.15337371826172,0.11318837106227875,-12.230891227722168,0.02,0.0,0.02,0.09,1768451539.059986,27.359885
XKF1,30104620,1,-6.28,16.43,179.42,-23.45229721069336,0.44492265582084656,-8.652135848999023,-8.762144088745117,-59.15375900268555,0.10726918280124664,-12.237853050231934,0.02,0.0,0.02,0.09,1768451539.059986,27.359885
XKF1,30144604,1,-6.43,16.19,179.43,-23.5695743560791,0.4609052836894989,-8.576220512390137,-8.667350769042969,-60.083404541015625,0.12612707912921906,-12.583918571472168,0.02,0.0,0.02,0.09,1768451539.09997,27.399869
XKF1,30144604,0,-6.42,16.18,179.46,-23.568111419677734,0.47017547488212585,-8.565572738647461,-8.661520957946777,-60.08298873901367,0.13211455941200256,-12.576711654663086,0.02,0.0,0.02,0.09,1768451539.09997,27.399869
XKF1,30184588,1,-6.62,15.95,179.4,-23.68306541442871,0.47807466983795166,-8.502397537231445,-8.579298973083496,-61.018775939941406,0.14558488130569458,-12.926730155944824,0.02,0.0,0.02,0.09,1768451539.139954,27.439853
XKF1,30184588,0,-6.61,15.94,179.43,-23.67964744567871,0.48753222823143005,-8.495091438293457,-8.576974868774414,-61.01823806762695,0.15164145827293396,-12.91937255859375,0.02,0.0,0.02,0.09,1768451539.139954,27.439853
XKF1,30224572,0,-6.92,15.72,179.36,-23.785207748413086,0.5062958002090454,-8.425484657287598,-8.499129295349121,-61.95878601074219,0.1718268245458603,-13.259836196899414,0.02,0.0,0.02,0.09,1768451539.179938,27.479837
XKF1,30224572,1,-6.92,15.73,179.33,-23.79050636291504,0.496651828289032,-8.43212604522705,-8.500833511352539,-61.959556579589844,0.1657407134771347,-13.267261505126953,0.02,0.0,0.02,0.09,1768451539.179938,27.479837
XKF1,30264556,1,-7.37,15.52,179.23,-23.889665603637695,0.5157697796821594,-8.373915672302246,-8.439828872680664,-62.902748107910156,0.18659301102161407,-13.603954315185547,0.02,0.0,0.02,0.09,1768451539.219922,27.519821
XKF1,30264556,0,-7.36,15.52,179.26,-23.88683319091797,0.5277529954910278,-8.366133689880371,-8.437142372131348,-62.901832580566406,0.19272735714912415,-13.596513748168945,0.02,0.0,0.02,0.09,1768451539.219922,27.519821
XKF1,30304540,0,-7.92,15.29,179.12,-23.9871768951416,0.553421139717102,-8.302526473999023,-8.349388122558594,-63.847652435302734,0.2144901305437088,-13.930861473083496,0.02,0.0,0.02,0.09,1768451539.259906,27.559805
XKF1,30304540,1,-7.93,15.29,179.08,-23.991899490356445,0.5429012775421143,-8.31017780303955,-8.350217819213867,-63.8487434387207,0.20837122201919556,-13.938237190246582,0.02,0.0,0.02,0.09,1768451539.259906,27.559805
XKF1,30344524,0,-8.61,15.15,178.98,-24.080713272094727,0.5922696590423584,-8.252520561218262,-8.301681518554688,-64.79857635498047,0.23749223351478577,-14.263641357421875,0.02,0.0,0.02,0.09,1768451539.29989,27.599789
XKF1,30344524,1,-8.61,15.15,178.95,-24.087594985961914,0.5773597955703735,-8.257869720458984,-8.29897403717041,-64.77995300292969,0.23078025877475739,-14.264081954956055,0.02,0.0,0.02,0.09,1768451539.29989,27.599789
XKF1,30384508,0,-9.38,15.07,178.83,-24.168975830078125,0.6411525011062622,-8.225905418395996,-8.27547550201416,-65.75430297851562,0.2622072994709015,-14.594595909118652,0.02,0.0,0.02,0.09,1768451539.339874,27.639773
XKF1,30384508,1,-9.39,15.07,178.79,-24.174762725830078,0.626346230506897,-8.2294921875,-8.27107048034668,-65.7359619140625,0.2552748918533325,-14.59493350982666,0.02,0.0,0.02,0.09,1768451539.339874,27.639773
XKF1,30424492,1,-10.25,15.04,178.63,-24.252830505371094,0.6876551508903503,-8.223917007446289,-8.264850616455078,-66.69629669189453,0.28188589215278625,-14.925763130187988,0.02,0.0,0.02,0.09,1768451539.379858,27.679757
XKF1,30424492,0,-10.25,15.04,178.66,-24.248992919921875,0.7044236063957214,-8.219236373901367,-8.26805305480957,-66.71435546875,0.28915512561798096,-14.925540924072266,0.02,0.0,0.02,0.09,1768451539.379858,27.679757
XKF1,30464476,1,-11.21,15.06,178.44,-24.322744369506836,0.7631845474243164,-8.24426555633545,-8.284966468811035,-67.65798950195312,0.31157809495925903,-15.256213188171387,0.02,0.0,0.03,0.09,1768451539.4198422,27.719741
XKF1,30464476,0,-11.19,15.06,178.48,-24.319299697875977,0.7801893949508667,-8.235957145690918,-8.284581184387207,-67.67591094970703,0.3191259503364563,-15.256026268005371,0.02,0.0,0.02,0.09,1768451539.4198422,27.719741
XKF1,30504460,1,-12.24,15.08,178.24,-24.382963180541992,0.8547109961509705,-8.274068832397461,-8.300691604614258,-68.62104797363281,0.3448842763900757,-15.587879180908203,0.02,0.0,0.03,0.09,1768451539.4598262,27.759725
XKF1,30504460,0,-12.22,15.08,178.28,-24.37755012512207,0.870448648929596,-8.265859603881836,-8.300981521606445,-68.63882446289062,0.35260847210884094,-15.587686538696289,0.02,0.0,0.02,0.09,1768451539.4598262,27.759725
XKF1,30544444,0,-13.3,15.12,178.1,-24.432472229003906,0.9660323858261108,-8.298019409179688,-8.33635139465332,-69.60520935058594,0.38978517055511475,-15.921051979064941,0.02,0.0,0.02,0.09,1768451539.4998102,27.799709
XKF1,30544444,1,-13.3,15.12,178.07,-24.440900802612305,0.949958860874176,-8.308746337890625,-8.33863639831543,-69.5876693725586,0.3817981481552124,-15.921350479125977,0.02,0.0,0.02,0.09,1768451539.4998102,27.799709
XKF1,30584428,1,-14.44,15.19,177.93,-24.487327575683594,1.0575454235076904,-8.342720985412598,-8.374388694763184,-70.55752563476562,0.4226382076740265,-16.25590705871582,0.02,0.0,0.02,0.09,1768451539.5397942,27.839693
XKF1,30584428,0,-14.42,15.19,177.96,-24.480113983154297,1.0698115825653076,-8.331282615661621,-8.370899200439453,-70.57477569580078,0.43083614110946655,-16.255409240722656,0.02,0.0,0.02,0.09,1768451539.5397942,27.839693
XKF1,30624412,0,-15.51,15.31,177.86,-24.524192810058594,1.1883379220962524,-8.381038665771484,-8.420802116394043,-71.54718017578125,0.47633567452430725,-16.591955184936523,0.02,0.0,0.02,0.09,1768451539.5797782,27.879677
XKF1,30624412,1,-15.51,15.31,177.82,-24.52970314025879,1.1729766130447388,-8.392346382141113,-8.425066947937012,-71.53014373779297,0.4678920805454254,-16.592708587646484,0.02,0.0,0.02,0.09,1768451539.5797782,27.879677
XKF1,30664396,0,-16.61,15.44,177.71,-24.564105987548828,1.3108291625976562,-8.439840316772461,-8.48016357421875,-72.51983642578125,0.5269023776054382,-16.93002700805664,0.02,0.0,0.02,0.09,1768451539.6197622,27.919661
XKF1,30664396,1,-16.63,15.44,177.67,-24.566638946533203,1.2952936887741089,-8.447417259216309,-8.481866836547852,-72.5031509399414,0.5182547569274902,-16.930932998657227,0.02,0.0,0.03,0.09,1768451539.6197622,27.919661
XKF1,30704380,0,-17.69,15.58,177.55,-24.597522735595703,1.4405819177627563,-8.500887870788574,-8.531416893005371,-73.49290466308594,0.58277428150177,-17.270214080810547,0.02,0.0,0.02,0.09,1768451539.6597462,27.959645
XKF1,30704380,1,-17.71,15.58,177.51,-24.596416473388672,1.4220026731491089,-8.505833625793457,-8.530340194702148,-73.47657012939453,0.5739853978157043,-17.27107048034668,0.02,0.0,0.03,0.09,1768451539.6597462,27.959645
XKF1,30744364,1,-18.75,15.71,177.31,-24.625436782836914,1.5625126361846924,-8.570033073425293,-8.588658332824707,-74.45230865478516,0.634878933429718,-17.613698959350586,0.02,0.0,0.03,0.09,1768451539.6997302,27.999629
XKF1,30744364,0,-18.75,15.71,177.35,-24.6263484954834,1.5771400928497314,-8.560999870300293,-8.586129188537598,-74.46836853027344,0.6438673138618469,-17.612817764282227,0.02,0.0,0.02,0.09,1768451539.6997302,27.999629
XKF1,30784348,1,-19.86,15.87,177.11,-24.64902114868164,1.7065268754959106,-8.627457618713379,-8.640886306762695,-75.43006896972656,0.7013499736785889,-17.958572387695312,0.02,0.0,0.03,0.09,1768451539.7397141,28.039613
XKF1,30784348,0,-19.84,15.87,177.15,-24.65028190612793,1.7217354774475098,-8.625447273254395,-8.645216941833496,-75.44590759277344,0.710501492023468,-17.95769691467285,0.02,0.0,0.02,0.09,1768451539.7397141,28.039613
XKF1,30824332,1,-20.91,15.98,176.89,-24.67354393005371,1.856046199798584,-8.687533378601074,-8.695225715637207,-76.40968322753906,0.7735469937324524,-18.30546760559082,0.02,0.0,0.03,0.09,1768451539.7796981,28.079597
XKF1,30824332,0,-20.91,15.99,176.93,-24.673105239868164,1.8707823753356934,-8.68477725982666,-8.697800636291504,-76.4253158569336,0.7829011678695679,-18.304716110229492,0.02,0.0,0.02,0.09,1768451539.7796981,28.079597
XKF1,30864316,1,-21.97,16.07,176.62,-24.69428253173828,2.008111000061035,-8.738354682922363,-8.740160942077637,-77.38912200927734,0.852332353591919,-18.654062271118164,0.02,0.0,0.03,0.09,1768451539.8196821,28.119581
XKF1,30864316,0,-21.95,16.08,176.67,-24.694473266601562,2.022275447845459,-8.736797332763672,-8.74350643157959,-77.4043960571289,0.861728310585022,-18.65345573425293,0.02,0.0,0.03,0.09,1768451539.8196821,28.119581
XKF1,30905133,0,-22.96,16.2,176.4,-24.712459564208984,2.182964324951172,-8.783110618591309,-8.778493881225586,-78.38328552246094,0.9471308588981628,-19.004308700561523,0.02,0.0,0.03,0.09,1768451539.8604991,28.160398
XKF1,30905133,1,-23.01,16.2,176.34,-24.716176986694336,2.1782164573669434,-8.788833618164062,-8.778122901916504,-78.40971374511719,0.9414752125740051,-19.01942253112793,0.02,0.0,0.03,0.09,1768451539.8604991,28.160398
XKF1,30945117,0,-23.93,16.3,176.17,-24.73426055908203,2.3450241088867188,-8.830079078674316,-8.828974723815918,-79.364013671875,1.038852334022522,-19.357511520385742,0.02,0.0,0.03,0.09,1768451539.9004831,28.200382
XKF1,30945117,1,-23.96,16.3,176.12,-24.735809326171875,2.3406333923339844,-8.83403205871582,-8.826931953430176,-79.39100646972656,1.033575177192688,-19.37258529663086,0.02,0.0,0.03,0.09,1768451539.9004831,28.200382
XKF1,30985101,1,-24.92,16.35,175.88,-24.753049850463867,2.495610475540161,-8.862247467041016,-8.860098838806152,-80.3739242553711,1.1318327188491821,-19.727094650268555,0.02,0.0,0.03,0.09,1768451539.9404671,28.240366
XKF1,30985101,0,-24.89,16.36,175.93,-24.752531051635742,2.504899501800537,-8.861592292785645,-8.864784240722656,-80.36713409423828,1.1389175653457642,-19.7194766998291,0.02,0.0,0.03,0.09,1768451539.9404671,28.240366
XKF1,31025085,1,-25.82,16.39,175.63,-24.776208877563477,2.658257246017456,-8.883793830871582,-8.885747909545898,-81.35843658447266,1.2362475395202637,-20.082489013671875,0.02,0.0,0.03,0.09,1768451539.980451,28.28035
XKF1,31025085,0,-25.79,16.4,175.67,-24.776168823242188,2.666985034942627,-8.88440990447998,-8.890843391418457,-81.35130310058594,1.2432414293289185,-20.075040817260742,0.02,0.0,0.03,0.09,1768451539.980451,28.28035
XKF1,31065069,0,-26.7,16.43,175.37,-24.79813003540039,2.831409454345703,-8.896500587463379,-8.895949363708496,-82.34529876708984,1.3565176725387573,-20.429155349731445,0.02,0.0,0.03,0.09,1768451540.020435,28.320334
XKF1,31065069,1,-26.71,16.42,175.33,-24.797887802124023,2.822746515274048,-8.89669418334961,-8.891995429992676,-82.35203552246094,1.3496893644332886,-20.436433792114258,0.02,0.0,0.04,0.09,1768451540.020435,28.320334
XKF1,31105053,0,-27.63,16.46,175.02,-24.816513061523438,3.0006301403045654,-8.911328315734863,-8.891563415527344,-83.33976745605469,1.4760874509811401,-20.78445816040039,0.02,0.0,0.03,0.09,1768451540.060419,28.360318
XKF1,31105053,1,-27.66,16.45,174.97,-24.815692901611328,2.9929676055908203,-8.910513877868652,-8.886862754821777,-83.34613800048828,1.4693965911865234,-20.791545867919922,0.02,0.0,0.04,0.09,1768451540.060419,28.360318
XKF1,31145037,0,-28.61,16.5,174.68,-24.83696746826172,3.180752754211426,-8.925804138183594,-8.905665397644043,-84.33476257324219,1.6023260354995728,-21.140888214111328,0.02,0.0,0.03,0.09,1768451540.100403,28.400302
XKF1,31145037,1,-28.62,16.49,174.64,-24.83576774597168,3.17570424079895,-8.9249906539917,-8.900683403015137,-84.34081268310547,1.595777153968811,-21.147756576538086,0.02,0.0,0.04,0.09,1768451540.100403,28.400302
XKF1,31185021,0,-29.61,16.54,174.35,-24.85178565979004,3.3708701133728027,-8.942791938781738,-8.924819946289062,-85.3302993774414,1.7357112169265747,-21.497920989990234,0.02,0.0,0.03,0.09,1768451540.140387,28.440286
XKF1,31185021,1,-29.64,16.53,174.3,-24.84952163696289,3.367471933364868,-8.942017555236816,-8.9198579788208,-85.33600616455078,1.7293481826782227,-21.50457763671875,0.02,0.0,0.04,0.09,1768451540.140387,28.440286
XKF1,31225005,1,-30.63,16.55,173.96,-24.85993766784668,3.552931547164917,-8.948440551757812,-8.930182456970215,-86.33150482177734,1.8701215982437134,-21.86227798461914,0.02,0.0,0.04,0.09,1768451540.180371,28.48027
XKF1,31225005,0,-30.59,16.56,174.01,-24.863985061645508,3.557018518447876,-8.949044227600098,-8.935142517089844,-86.32615661621094,1.87632155418396,-21.85580062866211,0.02,0.0,0.03,0.09,1768451540.180371,28.48027
XKF1,31264989,0,-31.54,16.57,173.65,-24.884349822998047,3.750048875808716,-8.950418472290039,-8.934463500976562,-87.32848358154297,2.0269415378570557,-22.211942672729492,0.02,0.0,0.04,0.09,1768451540.220355,28.520254
XKF1,31264989,1,-31.55,16.55,173.61,-24.88140106201172,3.745483636856079,-8.948345184326172,-8.928443908691406,-87.33338928222656,2.0210115909576416,-22.218219757080078,0.02,0.0,0.04,0.09,1768451540.220355,28.520254
XKF1,31304973,1,-32.55,16.55,173.22,-24.89240074157715,3.9449689388275146,-8.949376106262207,-8.915844917297363,-88.33511352539062,2.1791977882385254,-22.57500648498535,0.02,0.0,0.04,0.09,1768451540.260339,28.560238
XKF1,31304973,0,-32.51,16.56,173.28,-24.895185470581055,3.9492239952087402,-8.951876640319824,-8.921744346618652,-88.33055877685547,2.1849045753479004,-22.5689697265625,0.02,0.0,0.04,0.09,1768451540.260339,28.560238
XKF1,31344957,0,-33.53,16.53,172.89,-24.909324645996094,4.150491237640381,-8.942000389099121,-8.918776512145996,-89.3323974609375,2.3504881858825684,-22.926530838012695,0.02,0.0,0.04,0.09,1768451540.3003232,28.600222
XKF1,31344957,1,-33.55,16.52,172.85,-24.904916763305664,4.147826194763184,-8.940638542175293,-8.914067268371582,-89.33659362792969,2.345000982284546,-22.932357788085938,0.02,0.0,0.04,0.09,1768451540.3003232,28.600222
XKF1,31384941,1,-34.58,16.49,172.45,-24.919649124145508,4.354757785797119,-8.924261093139648,-8.906634330749512,-90.33795166015625,2.518521785736084,-23.289121627807617,0.02,0.0,0.04,0.09,1768451540.3403072,28.640206
XKF1,31384941,0,-34.55,16.51,172.5,-24.92493438720703,4.35725212097168,-8.927491188049316,-8.912993431091309,-90.33415985107422,2.523798704147339,-23.283504486083984,0.02,0.0,0.04,0.09,1768451540.3403072,28.640206
XKF1,31424925,1,-35.63,16.5,172.04,-24.924753189086914,4.568721294403076,-8.912717819213867,-8.903809547424316,-91.33920288085938,2.7001051902770996,-23.64583969116211,0.02,0.0,0.04,0.09,1768451540.3802912,28.68019
XKF1,31424925,0,-35.59,16.51,172.09,-24.93218421936035,4.569421768188477,-8.916022300720215,-8.909980773925781,-91.33585357666016,2.70515513420105,-23.640470504760742,0.02,0.0,0.04,0.09,1768451540.3802912,28.68019
XKF1,31464909,1,-36.64,16.54,171.64,-24.93131446838379,4.794334888458252,-8.898163795471191,-8.888087272644043,-92.34451293945312,2.8929641246795654,-23.999889373779297,0.03,0.0,0.05,0.09,1768451540.4202752,28.720174
XKF1,31464909,0,-36.63,16.55,171.69,-24.93834686279297,4.795537948608398,-8.902685165405273,-8.895015716552734,-92.34166717529297,2.8976693153381348,-23.99472999572754,0.02,0.0,0.04,0.09,1768451540.4202752,28.720174
XKF1,31504893,1,-37.71,16.59,171.2,-24.92447280883789,5.028412342071533,-8.896352767944336,-8.86959171295166,-93.3488998413086,3.0943753719329834,-24.353862762451172,0.03,0.0,0.05,0.09,1768451540.4602592,28.760158
XKF1,31504893,0,-37.67,16.6,171.26,-24.932405471801758,5.029258728027344,-8.899964332580566,-8.874845504760742,-93.34654235839844,3.098794460296631,-24.34893035888672,0.02,0.0,0.04,0.09,1768451540.4602592,28.760158
XKF1,31544877,1,-38.72,16.63,170.72,-24.910308837890625,5.270999908447266,-8.897290229797363,-8.860785484313965,-94.35201263427734,3.3047385215759277,-24.708091735839844,0.03,0.0,0.05,0.09,1768451540.5002432,28.800142
XKF1,31544877,0,-38.7,16.65,170.76,-24.918285369873047,5.273348331451416,-8.900431632995605,-8.86543083190918,-94.35012817382812,3.308929681777954,-24.70336151123047,0.02,0.0,0.04,0.09,1768451540.5002432,28.800142
XKF1,31584861,1,-39.8,16.65,170.17,-24.887163162231445,5.524375915527344,-8.901036262512207,-8.860590934753418,-95.35362243652344,3.524545192718506,-25.062490463256836,0.03,0.0,0.05,0.09,1768451540.5402272,28.840126
XKF1,31584861,0,-39.76,16.66,170.23,-24.89535903930664,5.527381420135498,-8.903806686401367,-8.864604949951172,-95.35221099853516,3.5285868644714355,-25.05795669555664,0.02,0.0,0.04,0.09,1768451540.5402272,28.840126
XKF1,31624845,1,-40.87,16.68,169.64,-24.862483978271484,5.788629531860352,-8.90024471282959,-8.866215705871582,-96.35359191894531,3.754279613494873,-25.41835594177246,0.03,0.0,0.05,0.09,1768451540.5802112,28.88011
XKF1,31624845,0,-40.83,16.7,169.7,-24.87067985534668,5.791905879974365,-8.904552459716797,-8.871684074401855,-96.35263061523438,3.758237600326538,-25.41404914855957,0.02,0.0,0.04,0.09,1768451540.5802112,28.88011
XKF1,31664829,1,-41.89,16.68,169.1,-24.838682174682617,6.062597751617432,-8.893953323364258,-8.870001792907715,-97.3545913696289,3.99782657623291,-25.77298355102539,0.03,0.0,0.06,0.09,1768451540.6201952,28.920094
XKF1,31664829,0,-41.87,16.69,169.15,-24.84750747680664,6.0645670890808105,-8.897008895874023,-8.873973846435547,-97.35401153564453,4.001603603363037,-25.768835067749023,0.03,0.0,0.06,0.09,1768451540.6201952,28.920094
XKF1,31704813,0,-42.92,16.72,168.59,-24.818557739257812,6.3392109870910645,-8.885808944702148,-8.862261772155762,-98.35352325439453,4.255197525024414,-26.123371124267578,0.03,0.0,0.06,0.09,1768451540.6601791,28.960078
XKF1,31704813,1,-42.95,16.7,168.53,-24.809947967529297,6.3376383781433105,-8.882430076599121,-8.858283996582031,-98.35372924804688,4.251589298248291,-26.12740707397461,0.03,0.0,0.06,0.09,1768451540.6601791,28.960078
XKF1,31744797,0,-43.95,16.77,168.03,-24.781892776489258,6.625467300415039,-8.877704620361328,-8.856030464172363,-99.35093688964844,4.519376754760742,-26.477649688720703,0.03,0.0,0.05,0.09,1768451540.7001631,29.000062
XKF1,31744797,1,-43.96,16.75,167.98,-24.773038864135742,6.6249542236328125,-8.874390602111816,-8.852550506591797,-99.35076904296875,4.515954494476318,-26.481517791748047,0.03,0.0,0.06,0.09,1768451540.7001631,29.000062
XKF1,31784781,0,-44.95,16.86,167.44,-24.740503311157227,6.925047874450684,-8.874074935913086,-8.854019165039062,-100.34610748291016,4.794715881347656,-26.831680297851562,0.03,0.0,0.05,0.09,1768451540.740147,29.040046
XKF1,31784781,1,-44.99,16.85,167.39,-24.730607986450195,6.928416728973389,-8.870917320251465,-8.850654602050781,-100.3455581665039,4.791522026062012,-26.83540916442871,0.03,0.0,0.06,0.09,1768451540.740147,29.040046
XKF1,31824765,0,-45.94,16.97,166.78,-24.681427001953125,7.237752914428711,-8.877077102661133,-8.856767654418945,-101.33871459960938,5.081766128540039,-27.185693740844727,0.03,0.0,0.05,0.09,1768451540.780131,29.08003
XKF1,31824765,1,-45.98,16.95,166.72,-24.667715072631836,7.241799354553223,-8.87708854675293,-8.856350898742676,-101.33765411376953,5.078916549682617,-27.189327239990234,0.03,0.0,0.06,0.09,1768451540.780131,29.08003
XKF1,31864749,0,-46.93,17.08,166.09,-24.60610580444336,7.5599846839904785,-8.887106895446777,-8.865340232849121,-102.32304382324219,5.380669593811035,-27.53999900817871,0.02,0.0,0.07,0.09,1768451540.820115,29.120014
XKF1,31864749,1,-46.94,17.06,166.05,-24.592700958251953,7.5608954429626465,-8.889287948608398,-8.866731643676758,-102.32147979736328,5.37809419631958,-27.543657302856445,0.03,0.0,0.08,0.09,1768451540.820115,29.120014
XKF1,31904733,0,-47.88,17.18,165.39,-24.519678115844727,7.895295143127441,-8.89880657196045,-8.8753080368042,-103.29942321777344,5.691983222961426,-27.8951358795166,0.02,0.0,0.07,0.09,1768451540.860099,29.159998
XKF1,31904733,1,-47.91,17.16,165.34,-24.50728416442871,7.896823406219482,-8.90427303314209,-8.880298614501953,-103.29740905761719,5.689669609069824,-27.898927688598633,0.03,0.0,0.08,0.09,1768451540.860099,29.159998
XKF1,31944717,0,-48.75,17.28,164.72,-24.434978485107422,8.225988388061523,-8.905149459838867,-8.888086318969727,-104.27298736572266,6.0163140296936035,-28.250974655151367,0.02,0.0,0.07,0.09,1768451540.900083,29.199982
XKF1,31944717,1,-48.77,17.26,164.68,-24.419174194335938,8.228994369506836,-8.911493301391602,-8.89393138885498,-104.27046203613281,6.014278411865234,-28.254987716674805,0.03,0.0,0.08,0.09,1768451540.900083,29.199982
XKF1,31984701,0,-49.51,17.41,164.02,-24.340351104736328,8.559223175048828,-8.907505989074707,-8.897055625915527,-105.24348449707031,6.353623867034912,-28.606922149658203,0.02,0.0,0.07,0.09,1768451540.940067,29.239966
XKF1,31984701,1,-49.54,17.38,163.97,-24.325061798095703,8.56335163116455,-8.913880348205566,-8.903112411499023,-105.24043273925781,6.351874828338623,-28.611181259155273,0.03,0.0,0.08,0.09,1768451540.940067,29.239966
XKF1,32024685,0,-50.19,17.51,163.27,-24.234600067138672,8.897315979003906,-8.915181159973145,-8.905891418457031,-106.2104263305664,6.704085350036621,-28.962526321411133,0.02,0.0,0.07,0.09,1768451540.980051,29.27995
XKF1,32024685,1,-50.23,17.49,163.22,-24.217954635620117,8.901519775390625,-8.919051170349121,-8.909687042236328,-106.20682525634766,6.702671051025391,-28.966964721679688,0.03,0.0,0.08,0.09,1768451540.980051,29.27995
XKF1,32064669,0,-50.78,17.65,162.46,-24.112136840820312,9.246561050415039,-8.93091106414795,-8.917521476745605,-107.16885375976562,7.0677170753479,-29.318483352661133,0.02,0.0,0.09,0.09,1768451541.020035,29.319934
XKF1,32064669,1,-50.82,17.63,162.41,-24.095870971679688,9.24910831451416,-8.93380355834961,-8.920804023742676,-107.16477966308594,7.066561698913574,-29.322921752929688,0.02,0.0,0.09,0.09,1768451541.020035,29.319934
XKF1,32104653,0,-51.25,17.8,161.6,-23.973257064819336,9.609183311462402,-8.9600830078125,-8.93947982788086,-108.11871337890625,7.445059299468994,-29.675382614135742,0.02,0.0,0.09,0.09,1768451541.060019,29.359918
XKF1,32104653,1,-51.29,17.78,161.55,-23.957590103149414,9.616253852844238,-8.960447311401367,-8.938592910766602,-108.11424255371094,7.444266319274902,-29.679767608642578,0.02,0.0,0.09,0.09,1768451541.060019,29.359918
XKF1,32144637,0,-51.58,17.95,160.73,-23.821430206298828,9.98109245300293,-8.993744850158691,-8.970582962036133,-109.06396484375,7.836983680725098,-30.033761978149414,0.02,0.0,0.09,0.09,1768451541.1000032,29.399902
XKF1,32144637,1,-51.61,17.93,160.7,-23.808189392089844,9.988877296447754,-8.992870330810547,-8.967424392700195,-109.05915832519531,7.836630344390869,-30.03803253173828,0.02,0.0,0.09,0.09,1768451541.1000032,29.399902
XKF1,32184621,0,-51.81,18.08,159.83,-23.661401748657227,10.35580825805664,-9.028239250183105,-9.004928588867188,-110.00404357910156,8.243743896484375,-30.393583297729492,0.02,0.0,0.09,0.09,1768451541.1399872,29.439886
XKF1,32184621,1,-51.85,18.06,159.78,-23.647920608520508,10.362568855285645,-9.026336669921875,-9.000389099121094,-109.9989242553711,8.243779182434082,-30.397676467895508,0.02,0.0,0.09,0.09,1768451541.1399872,29.439886
XKF1,32224605,0,-51.97,18.22,158.89,-23.488327026367188,10.733428955078125,-9.071065902709961,-9.05419921875,-110.9383544921875,8.665398597717285,-30.756202697753906,0.02,0.0,0.09,0.09,1768451541.1799712,29.47987
XKF1,32224605,1,-52.0,18.19,158.87,-23.47287940979004,10.741445541381836,-9.068028450012207,-9.048162460327148,-110.932861328125,8.665821075439453,-30.760095596313477,0.02,0.0,0.09,0.09,1768451541.1799712,29.47987
XKF1,32264589,0,-52.02,18.36,157.98,-23.305761337280273,11.110736846923828,-9.12039852142334,-9.115227699279785,-111.86245727539062,9.102185249328613,-31.120691299438477,0.02,0.0,0.11,0.09,1768451541.2199552,29.519854
XKF1,32264589,1,-52.06,18.34,157.94,-23.28962516784668,11.120027542114258,-9.115508079528809,-9.107453346252441,-111.85665130615234,9.102988243103027,-31.124300003051758,0.02,0.0,0.11,0.09,1768451541.2199552,29.519854
XKF1,32304573,0,-51.96,18.49,157.06,-23.11758041381836,11.481973648071289,-9.168126106262207,-9.171531677246094,-112.77653503417969,9.553940773010254,-31.487136840820312,0.02,0.0,0.11,0.09,1768451541.2599392,29.559838
XKF1,32304573,1,-51.99,18.47,157.03,-23.099727630615234,11.490497589111328,-9.162814140319824,-9.163142204284668,-112.7704849243164,9.555091857910156,-31.49040412902832,0.02,0.0,0.11,0.09,1768451541.2599392,29.559838
XKF1,32344557,0,-51.79,18.62,156.2,-22.92150115966797,11.838425636291504,-9.211929321289062,-9.219992637634277,-113.68441009521484,10.02017879486084,-31.855327606201172,0.02,0.0,0.11,0.09,1768451541.2999232,29.599822
XKF1,32344557,1,-51.83,18.59,156.18,-22.904977798461914,11.848993301391602,-9.207173347473145,-9.211918830871582,-113.67807006835938,10.021697044372559,-31.85824966430664,0.02,0.0,0.11,0.09,1768451541.2999232,29.599822
XKF1,32384541,0,-51.55,18.72,155.34,-22.723983764648438,12.18488883972168,-9.253765106201172,-9.263873100280762,-114.58570861816406,10.500273704528809,-32.22512435913086,0.02,0.0,0.11,0.09,1768451541.3399072,29.639806
XKF1,32384541,1,-51.59,18.69,155.31,-22.705774307250977,12.192869186401367,-9.24728012084961,-9.254003524780273,-114.57904815673828,10.50217342376709,-32.22771072387695,0.02,0.0,0.11,0.09,1768451541.3399072,29.639806
XKF1,32424525,0,-51.25,18.8,154.49,-22.529281616210938,12.520004272460938,-9.297000885009766,-9.313045501708984,-115.48036193847656,10.99398422241211,-32.5976448059082,0.02,0.0,0.11,0.09,1768451541.3798912,29.67979
XKF1,32424525,1,-51.29,18.78,154.48,-22.515649795532227,12.519323348999023,-9.286189079284668,-9.299424171447754,-115.45455932617188,10.985684394836426,-32.59205627441406,0.02,0.0,0.11,0.09,1768451541.3798912,29.67979
XKF1,32464509,0,-50.84,18.88,153.69,-22.3331298828125,12.845017433166504,-9.33466625213623,-9.360457420349121,-116.36526489257812,11.500547409057617,-32.97140884399414,0.02,0.0,0.11,0.09,1768451541.4198751,29.719774
XKF1,32464509,1,-50.87,18.85,153.66,-22.320446014404297,12.844772338867188,-9.325907707214355,-9.349120140075684,-116.33942413330078,11.492164611816406,-32.96535873413086,0.02,0.0,0.12,0.09,1768451541.4198751,29.719774
XKF1,32504493,0,-50.34,18.98,152.9,-22.134634017944336,13.149764060974121,-9.374482154846191,-9.399580955505371,-117.24082946777344,12.019380569458008,-33.346744537353516,0.02,0.0,0.11,0.09,1768451541.4598591,29.759758
XKF1,32504493,1,-50.37,18.95,152.87,-22.123489379882812,13.147818565368652,-9.365220069885254,-9.388260841369629,-117.21504974365234,12.010832786560059,-33.34029769897461,0.02,0.0,0.12,0.09,1768451541.4598591,29.759758
XKF1,32544477,0,-49.77,19.08,152.13,-21.93589210510254,13.446785926818848,-9.414281845092773,-9.444997787475586,-118.10987091064453,12.550192832946777,-33.723968505859375,0.02,0.0,0.11,0.09,1768451541.4998431,29.799742
XKF1,32544477,1,-49.82,19.05,152.12,-21.926424026489258,13.443448066711426,-9.406266212463379,-9.435333251953125,-118.0842056274414,12.541418075561523,-33.7171516418457,0.02,0.0,0.12,0.09,1768451541.4998431,29.799742
XKF1,32584461,0,-49.15,19.14,151.37,-21.737035751342773,13.730096817016602,-9.461021423339844,-9.493754386901855,-118.9722900390625,13.092597007751465,-34.10275650024414,0.02,0.0,0.11,0.09,1768451541.539827,29.839726
XKF1,32584461,1,-49.18,19.11,151.35,-21.7297306060791,13.730670928955078,-9.454517364501953,-9.48582649230957,-118.94671630859375,13.083690643310547,-34.095638275146484,0.02,0.0,0.12,0.09,1768451541.539827,29.839726
XKF1,32624445,0,-48.46,19.18,150.65,-21.548980712890625,13.99749755859375,-9.50098991394043,-9.532890319824219,-119.82809448242188,13.646018028259277,-34.483219146728516,0.02,0.0,0.11,0.09,1768451541.579811,29.87971
XKF1,32624445,1,-48.51,19.15,150.64,-21.541309356689453,13.999629020690918,-9.49730110168457,-9.52805233001709,-119.80268096923828,13.637068748474121,-34.475914001464844,0.02,0.0,0.12,0.09,1768451541.579811,29.87971
XKF1,32664429,0,-47.68,19.15,149.97,-21.366178512573242,14.248693466186523,-9.533995628356934,-9.564247131347656,-120.67546081542969,14.209534645080566,-34.86469268798828,0.02,0.0,0.12,0.09,1768451541.619795,29.919694
XKF1,32664429,1,-47.71,19.12,149.95,-21.361583709716797,14.251006126403809,-9.53208065032959,-9.561614036560059,-120.65052032470703,14.200724601745605,-34.857330322265625,0.02,0.0,0.12,0.09,1768451541.619795,29.919694
XKF1,32704413,1,-46.86,19.07,149.34,-21.19989776611328,14.480595588684082,-9.547118186950684,-9.56977653503418,-121.49103546142578,14.773900985717773,-35.239051818847656,0.02,0.0,0.12,0.09,1768451541.659779,29.959678
XKF1,32704413,0,-46.83,19.1,149.35,-21.202957153320312,14.476624488830566,-9.555404663085938,-9.57685375213623,-121.51515197753906,14.78243350982666,-35.246517181396484,0.02,0.0,0.12,0.09,1768451541.659779,29.959678
XKF1,32744397,1,-45.96,19.04,148.77,-21.04506492614746,14.694353103637695,-9.556921005249023,-9.56815242767334,-122.32646942138672,15.355950355529785,-35.6209831237793,0.02,0.0,0.12,0.09,1768451541.699763,29.999662
XKF1,32744397,0,-45.91,19.07,148.78,-21.04627227783203,14.689109802246094,-9.571737289428711,-9.579595565795898,-122.34979248046875,15.364114761352539,-35.628814697265625,0.02,0.0,0.12,0.09,1768451541.699763,29.999662
XKF1,32784381,1,-44.98,18.96,148.22,-20.904111862182617,14.893669128417969,-9.567593574523926,-9.570685386657715,-123.15706634521484,15.946317672729492,-36.00332260131836,0.02,0.0,0.12,0.09,1768451541.739747,30.039646
XKF1,32784381,0,-44.94,18.99,148.23,-20.906396865844727,14.88926887512207,-9.580684661865234,-9.579675674438477,-123.17965698242188,15.95414924621582,-36.011634826660156,0.02,0.0,0.12,0.09,1768451541.739747,30.039646
XKF1,32824365,1,-44.01,18.87,147.7,-20.77264976501465,15.079758644104004,-9.566010475158691,-9.570589065551758,-123.98318481445312,16.544370651245117,-36.38694763183594,0.02,0.0,0.12,0.09,1768451541.779731,30.07963
XKF1,32824365,0,-43.95,18.9,147.7,-20.777746200561523,15.074117660522461,-9.57815933227539,-9.579050064086914,-124.00518798828125,16.551897048950195,-36.3956413269043,0.02,0.0,0.12,0.09,1768451541.779731,30.07963
XKF1,32864349,1,-42.97,18.79,147.15,-20.641347885131836,15.263623237609863,-9.568685531616211,-9.583189010620117,-124.80415344238281,17.149436950683594,-36.76961898803711,0.02,0.0,0.11,0.09,1768451541.819715,30.119614
XKF1,32864349,0,-42.94,18.82,147.16,-20.646520614624023,15.254919052124023,-9.581960678100586,-9.592905044555664,-124.82550048828125,17.156509399414062,-36.77865982055664,0.02,0.0,0.11,0.09,1768451541.819715,30.119614
XKF1,32904333,1,-41.93,18.7,146.66,-20.517528533935547,15.435698509216309,-9.568758964538574,-9.571170806884766,-125.6201171875,17.761301040649414,-37.15180587768555,0.02,0.0,0.11,0.09,1768451541.8596992,30.159598
XKF1,32904333,0,-41.9,18.73,146.66,-20.521181106567383,15.42776107788086,-9.57990837097168,-9.577959060668945,-125.64068603515625,17.767807006835938,-37.16114044189453,0.02,0.0,0.11,0.09,1768451541.8596992,30.159598
XKF1,32944317,1,-40.85,18.57,146.24,-20.40644073486328,15.59361457824707,-9.564780235290527,-9.5615873336792,-126.43231201171875,18.379968643188477,-37.534210205078125,0.02,0.0,0.11,0.09,1768451541.8996832,30.199582
XKF1,32944317,0,-40.79,18.6,146.24,-20.411802291870117,15.58488941192627,-9.573225021362305,-9.565174102783203,-126.45219421386719,18.385910034179688,-37.54376983642578,0.02,0.0,0.11,0.09,1768451541.8996832,30.199582
XKF1,32985134,1,-39.67,18.42,145.84,-20.308134078979492,15.745588302612305,-9.547472953796387,-9.543559074401855,-127.27510833740234,19.031070709228516,-37.932071685791016,0.02,0.0,0.11,0.09,1768451541.9405,30.240399
XKF1,32985134,0,-39.66,18.46,145.84,-20.316362380981445,15.726128578186035,-9.555022239685059,-9.546171188354492,-127.26057434082031,19.010147094726562,-37.92588424682617,0.02,0.0,0.11,0.09,1768451541.9405,30.240399
XKF1,33025118,1,-38.49,18.28,145.46,-20.223445892333984,15.87977409362793,-9.525806427001953,-9.520444869995117,-128.08103942871094,19.661922454833984,-38.31279754638672,0.02,0.0,0.11,0.09,1768451541.9804842,30.280383
XKF1,33025118,0,-38.48,18.31,145.46,-20.230125427246094,15.859399795532227,-9.53239631652832,-9.522225379943848,-128.06617736816406,19.640039443969727,-38.30672073364258,0.02,0.0,0.11,0.09,1768451541.9804842,30.280383
XKF1,33065102,1,-37.28,18.12,145.11,-20.15454864501953,16.011335372924805,-9.498124122619629,-9.47960376739502,-128.89373779296875,20.305713653564453,-38.690250396728516,0.02,0.0,0.1,0.09,1768451542.0204682,30.320367
XKF1,33065102,0,-37.22,18.15,145.1,-20.158084869384766,15.992594718933105,-9.50510025024414,-9.48137378692627,-128.89492797851562,20.296159744262695,-38.69205856323242,0.02,0.0,0.1,0.09,1768451542.0204682,30.320367
XKF1,33105086,1,-35.94,17.94,144.78,-20.090744018554688,16.132829666137695,-9.466704368591309,-9.424474716186523,-129.70335388183594,20.953840255737305,-39.06736373901367,0.02,0.0,0.1,0.09,1768451542.0604522,30.360351
XKF1,33105086,0,-35.91,17.97,144.78,-20.093854904174805,16.114295959472656,-9.47384262084961,-9.425164222717285,-129.70382690429688,20.943429946899414,-39.06915283203125,0.02,0.0,0.1,0.09,1768451542.0604522,30.360351
XKF1,33145070,1,-34.58,17.77,144.47,-20.035755157470703,16.246492385864258,-9.437064170837402,-9.394266128540039,-130.5103302001953,21.606019973754883,-39.44391632080078,0.02,0.0,0.1,0.09,1768451542.1004362,30.400335
XKF1,33145070,0,-34.55,17.8,144.46,-20.038423538208008,16.226917266845703,-9.445195198059082,-9.395008087158203,-130.51014709472656,21.594758987426758,-39.44575881958008,0.02,0.0,0.1,0.09,1768451542.1004362,30.400335
XKF1,33185054,1,-33.21,17.58,144.16,-19.989173889160156,16.351831436157227,-9.406338691711426,-9.367706298828125,-131.31491088867188,22.262157440185547,-39.819393157958984,0.02,0.0,0.1,0.09,1768451542.1404202,30.440319
XKF1,33185054,0,-33.18,17.61,144.16,-19.989295959472656,16.330759048461914,-9.414999961853027,-9.368966102600098,-131.31411743164062,22.249977111816406,-39.82134246826172,0.02,0.0,0.1,0.09,1768451542.1404202,30.440319
XKF1,33225038,1,-31.83,17.35,143.88,-19.948850631713867,16.446067810058594,-9.370870590209961,-9.342117309570312,-132.11752319335938,22.921886444091797,-40.19460678100586,0.02,0.0,0.1,0.09,1768451542.1804042,30.480303
XKF1,33225038,0,-31.79,17.38,143.88,-19.947582244873047,16.424959182739258,-9.379106521606445,-9.343450546264648,-132.11614990234375,22.908790588378906,-40.19668960571289,0.02,0.0,0.1,0.09,1768451542.1804042,30.480303
XKF1,33265022,1,-30.5,17.15,143.64,-19.91911506652832,16.537755966186523,-9.32695484161377,-9.30233383178711,-132.92547607421875,23.589263916015625,-40.565818786621094,0.03,0.0,0.09,0.09,1768451542.2203882,30.520287
XKF1,33265022,0,-30.44,17.18,143.62,-19.918149948120117,16.517160415649414,-9.3346586227417,-9.303657531738281,-132.92364501953125,23.57573890686035,-40.567962646484375,0.02,0.0,0.09,0.09,1768451542.2203882,30.520287
XKF1,33305006,1,-29.08,16.97,143.36,-19.888635635375977,16.625690460205078,-9.288165092468262,-9.250397682189941,-133.73121643066406,24.259368896484375,-40.935218811035156,0.03,0.0,0.09,0.09,1768451542.2603722,30.560271
XKF1,33305006,0,-29.05,17.0,143.35,-19.88604164123535,16.604236602783203,-9.296473503112793,-9.2523832321167,-133.72898864746094,24.24537467956543,-40.93745803833008,0.02,0.0,0.09,0.09,1768451542.2603722,30.560271
XKF1,33344990,1,-27.65,16.78,143.11,-19.85938835144043,16.71241569519043,-9.253443717956543,-9.200249671936035,-134.5348663330078,24.932207107543945,-41.303138732910156,0.03,0.0,0.09,0.09,1768451542.3003561,30.600255
XKF1,33344990,0,-27.59,16.8,143.1,-19.85760498046875,16.689279556274414,-9.260176658630371,-9.200971603393555,-134.53225708007812,24.917678833007812,-41.30548858642578,0.02,0.0,0.09,0.09,1768451542.3003561,30.600255
XKF1,33384974,1,-26.12,16.57,142.85,-19.834922790527344,16.78882598876953,-9.213702201843262,-9.153562545776367,-135.33665466308594,25.607528686523438,-41.669837951660156,0.03,0.0,0.09,0.09,1768451542.3403401,30.640239
XKF1,33384974,0,-26.09,16.6,142.85,-19.83379364013672,16.76634979248047,-9.222493171691895,-9.156954765319824,-135.33372497558594,25.592416763305664,-41.672298431396484,0.02,0.0,0.09,0.09,1768451542.3403401,30.640239
XKF1,33424958,1,-24.6,16.39,142.6,-19.814176559448242,16.860572814941406,-9.179391860961914,-9.123834609985352,-136.1367950439453,26.28530502319336,-42.03618621826172,0.03,0.0,0.09,0.09,1768451542.3803241,30.680223
XKF1,33424958,0,-24.57,16.42,142.6,-19.813922882080078,16.839290618896484,-9.187175750732422,-9.126559257507324,-136.1336212158203,26.269624710083008,-42.038814544677734,0.02,0.0,0.09,0.09,1768451542.3803241,30.680223
XKF1,33464942,1,-23.09,16.24,142.39,-19.792766571044922,16.932292938232422,-9.150582313537598,-9.096938133239746,-136.94091796875,26.968358993530273,-42.399288177490234,0.03,0.0,0.08,0.09,1768451542.420308,30.720207
XKF1,33464942,0,-23.03,16.27,142.38,-19.794456481933594,16.91093635559082,-9.157424926757812,-9.099005699157715,-136.93775939941406,26.95261573791504,-42.40195083618164,0.02,0.0,0.08,0.09,1768451542.420308,30.720207
XKF1,33504926,1,-21.48,16.11,142.21,-19.77759552001953,16.996654510498047,-9.124785423278809,-9.05958366394043,-137.74310302734375,27.653322219848633,-42.7616081237793,0.03,0.0,0.08,0.09,1768451542.460292,30.760191
XKF1,33504926,0,-21.46,16.13,142.21,-19.779680252075195,16.97477149963379,-9.130931854248047,-9.060490608215332,-137.74000549316406,27.637420654296875,-42.76430892944336,0.02,0.0,0.08,0.09,1768451542.460292,30.760191
XKF1,33544910,1,-19.89,15.96,142.05,-19.768489837646484,17.049028396606445,-9.10086727142334,-9.030311584472656,-138.54364013671875,28.339818954467773,-43.123260498046875,0.03,0.0,0.08,0.09,1768451542.500276,30.800175
XKF1,33544910,0,-19.84,15.99,142.04,-19.77018165588379,17.029354095458984,-9.106778144836426,-9.030954360961914,-138.54061889648438,28.323734283447266,-43.12598419189453,0.02,0.0,0.08,0.09,1768451542.500276,30.800175
XKF1,33584894,1,-18.19,15.86,141.9,-19.764480590820312,17.093425750732422,-9.078386306762695,-9.009224891662598,-139.34295654296875,29.027563095092773,-43.484230041503906,0.03,0.0,0.08,0.09,1768451542.54026,30.840159
XKF1,33584894,0,-18.17,15.89,141.9,-19.7679500579834,17.074302673339844,-9.084649085998535,-9.01034164428711,-139.34005737304688,29.01130485534668,-43.486995697021484,0.02,0.0,0.08,0.09,1768451542.54026,30.840159
XKF1,33624878,1,-16.44,15.8,141.77,-19.76243019104004,17.12675666809082,-9.077017784118652,-9.015097618103027,-140.14129638671875,29.71625328063965,-43.84563064575195,0.03,0.0,0.08,0.09,1768451542.580244,30.880143
XKF1,33624878,0,-16.42,15.83,141.77,-19.766643524169922,17.108051300048828,-9.081975936889648,-9.01513957977295,-140.1385955810547,29.699777603149414,-43.84844207763672,0.02,0.0,0.08,0.09,1768451542.580244,30.880143
XKF1,33664862,1,-14.68,15.74,141.66,-19.764747619628906,17.15411949157715,-9.082680702209473,-9.022639274597168,-140.94337463378906,30.40666961669922,-44.20555877685547,0.03,0.0,0.07,0.09,1768451542.620228,30.920127
XKF1,33664862,0,-14.63,15.77,141.66,-19.767019271850586,17.136178970336914,-9.0872163772583,-9.022406578063965,-140.94088745117188,30.390422821044922,-44.20833206176758,0.02,0.0,0.08,0.09,1768451542.620228,30.920127
XKF1,33704846,1,-12.78,15.68,141.53,-19.76919937133789,17.16935920715332,-9.09665298461914,-9.027421951293945,-141.7443084716797,31.097244262695312,-44.56589126586914,0.03,0.0,0.07,0.09,1768451542.660212,30.960111
XKF1,33704846,0,-12.76,15.71,141.54,-19.772310256958008,17.151554107666016,-9.10011100769043,-9.025918960571289,-141.74203491210938,31.081178665161133,-44.568603515625,0.02,0.0,0.08,0.09,1768451542.660212,30.960111
XKF1,33744830,1,-10.92,15.61,141.38,-19.779170989990234,17.176639556884766,-9.105116844177246,-9.025883674621582,-142.54443359375,31.787729263305664,-44.92671203613281,0.03,0.0,0.07,0.09,1768451542.700196,31.000095
XKF1,33744830,0,-10.87,15.64,141.38,-19.781524658203125,17.157611846923828,-9.108861923217773,-9.024598121643066,-142.54232788085938,31.771718978881836,-44.92937469482422,0.02,0.0,0.07,0.09,1768451542.700196,31.000095
XKF1,33784814,1,-8.98,15.51,141.2,-19.79481315612793,17.17700958251953,-9.110342025756836,-9.029052734375,-143.3440399169922,32.477760314941406,-45.288238525390625,0.03,0.0,0.07,0.09,1768451542.74018,31.040079
XKF1,33784814,0,-8.97,15.54,141.21,-19.795616149902344,17.160017013549805,-9.11380386352539,-9.027593612670898,-143.3420867919922,32.461761474609375,-45.29086685180664,0.02,0.0,0.07,0.09,1768451542.74018,31.040079
XKF1,33824798,1,-7.01,15.4,141.05,-19.82162857055664,17.17461395263672,-9.112381935119629,-9.039922714233398,-144.1435546875,33.167362213134766,-45.651031494140625,0.03,0.0,0.07,0.09,1768451542.7801642,31.080063
XKF1,33824798,0,-6.99,15.43,141.05,-19.820985794067383,17.156885147094727,-9.113937377929688,-9.036986351013184,-144.1417236328125,33.151309967041016,-45.653587341308594,0.02,0.0,0.07,0.09,1768451542.7801642,31.080063
XKF1,33864782,1,-5.05,15.29,140.9,-19.852943420410156,17.16445541381836,-9.103533744812012,-9.047469139099121,-144.94041442871094,33.851654052734375,-46.01335906982422,0.02,0.0,0.08,0.09,1768451542.8201482,31.120047
XKF1,33864782,0,-4.99,15.31,140.9,-19.850454330444336,17.145177841186523,-9.104196548461914,-9.044017791748047,-144.93861389160156,33.83567428588867,-46.01581954956055,0.02,0.0,0.08,0.09,1768451542.8201482,31.120047
XKF1,33904766,1,-2.98,15.14,140.77,-19.888195037841797,17.145185470581055,-9.083377838134766,-9.031576156616211,-145.7353973388672,34.531105041503906,-46.374610900878906,0.02,0.0,0.08,0.09,1768451542.8601322,31.160031
XKF1,33904766,0,-2.96,15.17,140.78,-19.887765884399414,17.12712860107422,-9.08260440826416,-9.027111053466797,-145.7335968017578,34.51531982421875,-46.376895904541016,0.02,0.0,0.08,0.09,1768451542.8601322,31.160031
XKF1,33944750,0,-0.96,15.03,140.68,-19.935787200927734,17.104454040527344,-9.047586441040039,-8.99195671081543,-146.5303192138672,35.194618225097656,-46.736915588378906,0.02,0.0,0.08,0.09,1768451542.9001162,31.200015
XKF1,33944750,1,-1.01,15.0,140.67,-19.934240341186523,17.1213321685791,-9.050591468811035,-8.998384475708008,-146.53201293945312,35.210269927978516,-46.73487091064453,0.02,0.0,0.08,0.09,1768451542.9001162,31.200015
XKF1,33984734,1,1.03,14.83,140.58,-19.991134643554688,17.097551345825195,-9.00968074798584,-8.96155834197998,-147.3306427001953,35.88897705078125,-47.09400939941406,0.02,0.0,0.08,0.09,1768451542.9401002,31.239999
XKF1,33984734,0,1.04,14.86,140.59,-19.99135971069336,17.079160690307617,-9.006178855895996,-8.954999923706055,-147.32907104492188,35.873390197753906,-47.09575653076172,0.02,0.0,0.08,0.09,1768451542.9401002,31.239999
XKF1,34024718,1,3.04,14.64,140.53,-20.056358337402344,17.068552017211914,-8.953495979309082,-8.916958808898926,-148.13165283203125,36.56709289550781,-47.452232360839844,0.02,0.0,0.08,0.09,1768451542.9800842,31.279983
XKF1,34024718,0,3.05,14.66,140.54,-20.05691909790039,17.047882080078125,-8.948590278625488,-8.908987998962402,-148.1302032470703,36.55141830444336,-47.45368957519531,0.02,0.0,0.08,0.09,1768451542.9800842,31.279983
XKF1,34064702,1,4.99,14.4,140.49,-20.133220672607422,17.037099838256836,-8.875245094299316,-8.856954574584961,-148.9336700439453,37.24048614501953,-47.80689239501953,0.02,0.0,0.08,0.09,1768451543.0200682,31.319967
XKF1,34064702,0,5.03,14.42,140.49,-20.13367462158203,17.01223373413086,-8.87036418914795,-8.849292755126953,-148.9322967529297,37.22474670410156,-47.80804443359375,0.02,0.0,0.08,0.09,1768451543.0200682,31.319967
XKF1,34104686,1,6.99,14.16,140.45,-20.214874267578125,16.998132705688477,-8.785560607910156,-8.761504173278809,-149.73733520507812,37.90959930419922,-48.15768051147461,0.02,0.0,0.08,0.09,1768451543.0600522,31.359951
XKF1,34104686,0,6.99,14.19,140.46,-20.21573257446289,16.97539710998535,-8.779511451721191,-8.753215789794922,-149.73609924316406,37.89384841918945,-48.158538818359375,0.02,0.0,0.08,0.09,1768451543.0600522,31.359951
XKF1,34144670,1,8.86,13.91,140.42,-20.307151794433594,16.953561782836914,-8.6835355758667,-8.660730361938477,-150.54478454589844,38.578147888183594,-48.50515365600586,0.02,0.0,0.08,0.09,1768451543.1000361,31.399935
XKF1,34144670,0,8.91,13.93,140.43,-20.308568954467773,16.93182373046875,-8.678081512451172,-8.653366088867188,-150.54371643066406,38.56237030029297,-48.50572204589844,0.02,0.0,0.08,0.09,1768451543.1000361,31.399935
XKF1,34184654,1,10.8,13.7,140.38,-20.40680503845215,16.909442901611328,-8.577973365783691,-8.561615943908691,-151.35646057128906,39.24602508544922,-48.84868621826172,0.02,0.0,0.08,0.09,1768451543.1400201,31.439919
XKF1,34184654,0,10.8,13.73,140.38,-20.408212661743164,16.88765525817871,-8.574376106262207,-8.556214332580566,-151.35549926757812,39.230140686035156,-48.84902572631836,0.02,0.0,0.08,0.09,1768451543.1400201,31.439919
XKF1,34224638,1,12.66,13.49,140.33,-20.504404067993164,16.860652923583984,-8.478611946105957,-8.464959144592285,-152.17233276367188,39.912845611572266,-49.18766403198242,0.02,0.0,0.08,0.09,1768451543.1800041,31.479903
XKF1,34224638,0,12.66,13.51,140.33,-20.50641441345215,16.83819007873535,-8.474422454833984,-8.459245681762695,-152.1715545654297,39.896759033203125,-49.187774658203125,0.02,0.0,0.08,0.09,1768451543.1800041,31.479903
XKF1,34264622,1,14.41,13.26,140.26,-20.603519439697266,16.809812545776367,-8.367704391479492,-8.353801727294922,-152.9912109375,40.574989318847656,-49.521549224853516,0.02,0.01,0.08,0.09,1768451543.219988,31.519887
XKF1,34264622,0,14.44,13.29,140.26,-20.606157302856445,16.789426803588867,-8.366148948669434,-8.35063362121582,-152.9906005859375,40.55888748168945,-49.521568298339844,0.01,0.0,0.08,0.09,1768451543.219988,31.519887
XKF1,34304606,1,16.13,13.06,140.21,-20.701557159423828,16.75632667541504,-8.255650520324707,-8.220453262329102,-153.81324768066406,41.232887268066406,-49.85001754760742,0.02,0.01,0.08,0.09,1768451543.259972,31.559871
XKF1,34304606,0,16.14,13.08,140.22,-20.70374298095703,16.73793601989746,-8.251084327697754,-8.215852737426758,-153.81280517578125,41.21701431274414,-49.84996032714844,0.01,0.0,0.08,0.09,1768451543.259972,31.559871
XKF1,34344590,1,17.72,12.85,140.2,-20.799423217773438,16.70271873474121,-8.142276763916016,-8.089407920837402,-154.6396942138672,41.89003372192383,-50.17436218261719,0.02,0.01,0.08,0.09,1768451543.299956,31.599855
XKF1,34344590,0,17.75,12.87,140.21,-20.803176879882812,16.68415641784668,-8.138893127441406,-8.087366104125977,-154.63941955566406,41.87431716918945,-50.17414093017578,0.01,0.0,0.08,0.09,1768451543.299956,31.599855
XKF1,34384574,1,19.29,12.6,140.17,-20.898578643798828,16.656230926513672,-8.015511512756348,-7.958606243133545,-155.4705352783203,42.54631042480469,-50.49437713623047,0.02,0.01,0.08,0.09,1768451543.33994,31.639839
XKF1,34384574,0,19.29,12.62,140.18,-20.905488967895508,16.635408401489258,-8.012982368469238,-7.95745325088501,-155.47055053710938,42.53058624267578,-50.494075775146484,0.01,0.0,0.08,0.09,1768451543.33994,31.639839
XKF1,34424558,1,20.78,12.32,140.19,-20.996931076049805,16.612764358520508,-7.884023189544678,-7.828272342681885,-156.30564880371094,43.20197677612305,-50.808815002441406,0.02,0.01,0.08,0.09,1768451543.379924,31.679823
XKF1,34424558,0,20.78,12.35,140.2,-21.005508422851562,16.591609954833984,-7.878512859344482,-7.824375152587891,-156.3060760498047,43.18608093261719,-50.80837631225586,0.01,0.0,0.08,0.09,1768451543.379924,31.679823
XKF1,34464542,1,22.24,12.01,140.22,-21.088743209838867,16.568872451782227,-7.733529090881348,-7.680471420288086,-157.1439971923828,43.853919982910156,-51.11695098876953,0.01,0.01,0.08,0.09,1768451543.419908,31.719807
XKF1,34464542,0,22.24,12.03,140.22,-21.102148056030273,16.546016693115234,-7.726298809051514,-7.675079345703125,-157.14492797851562,43.83797836303711,-51.116310119628906,0.01,0.01,0.08,0.09,1768451543.419908,31.719807
XKF1,34504526,1,23.63,11.66,140.23,-21.180952072143555,16.530521392822266,-7.5641703605651855,-7.497254371643066,-157.96804809570312,44.48881530761719,-51.4119987487793,0.01,0.01,0.08,0.09,1768451543.459892,31.759791
XKF1,34504526,0,23.63,11.68,140.23,-21.19826889038086,16.508092880249023,-7.556487560272217,-7.491706848144531,-157.9872283935547,44.4867057800293,-51.41751480102539,0.01,0.01,0.08,0.09,1768451543.459892,31.759791
XKF1,34544510,1,24.96,11.27,140.22,-21.276145935058594,16.499855041503906,-7.373638153076172,-7.3065056800842285,-158.8139190673828,45.13754653930664,-51.707027435302734,0.01,0.01,0.08,0.09,1768451543.499876,31.799775
XKF1,34544510,0,24.98,11.29,140.22,-21.292978286743164,16.47886085510254,-7.363253116607666,-7.299943447113037,-158.83383178710938,45.13540267944336,-51.712303161621094,0.01,0.01,0.08,0.09,1768451543.499876,31.799775
XKF1,34584494,1,26.29,10.85,140.17,-21.367162704467773,16.478416442871094,-7.166510581970215,-7.111601829528809,-159.6638946533203,45.7864990234375,-51.99457550048828,0.01,0.01,0.08,0.09,1768451543.5398602,31.839759
XKF1,34584494,0,26.28,10.88,140.18,-21.385005950927734,16.45697784423828,-7.153701305389404,-7.102741241455078,-159.68453979492188,45.784278869628906,-51.99946594238281,0.01,0.01,0.08,0.09,1768451543.5398602,31.839759
XKF1,34624478,0,27.57,10.39,140.16,-21.470773696899414,16.447465896606445,-6.922351360321045,-6.88970422744751,-160.53916931152344,46.43355178833008,-52.27861404418945,0.01,0.01,0.08,0.09,1768451543.5798442,31.879743
XKF1,34624478,1,27.55,10.38,140.16,-21.451148986816406,16.464033126831055,-6.9370646476745605,-6.900781154632568,-160.51773071289062,46.435882568359375,-52.274227142333984,0.01,0.01,0.08,0.09,1768451543.5798442,31.879743
XKF1,34664462,0,28.83,9.86,140.13,-21.553207397460938,16.446693420410156,-6.6623663902282715,-6.652870178222656,-161.39669799804688,47.081459045410156,-52.54649353027344,0.01,0.01,0.08,0.09,1768451543.6198282,31.919727
XKF1,34664462,1,28.84,9.83,140.12,-21.533641815185547,16.461551666259766,-6.680283069610596,-6.6675190925598145,-161.37477111816406,47.083736419677734,-52.54264831542969,0.01,0.01,0.08,0.09,1768451543.6198282,31.919727
XKF1,34704446,1,30.06,9.31,140.06,-21.614206314086914,16.46640968322754,-6.407002925872803,-6.3777313232421875,-162.23507690429688,47.730770111083984,-52.799110412597656,0.01,0.01,0.08,0.09,1768451543.6598122,31.959711
XKF1,34704446,0,30.05,9.33,140.07,-21.6309814453125,16.451509475708008,-6.387826442718506,-6.363126277923584,-162.2571563720703,47.72855758666992,-52.80240249633789,0.01,0.01,0.08,0.09,1768451543.6598122,31.959711
XKF1,34744430,0,31.23,8.82,140.0,-21.706769943237305,16.45958137512207,-6.108858108520508,-6.072256088256836,-163.1210479736328,48.37713623046875,-53.04779052734375,0.01,0.01,0.08,0.09,1768451543.6997962,31.999695
XKF1,34744430,1,31.21,8.8,140.0,-21.689144134521484,16.473005294799805,-6.126822471618652,-6.085498809814453,-163.0988006591797,48.37931823730469,-53.04505920410156,0.01,0.01,0.08,0.09,1768451543.6997962,31.999695
XKF1,34784414,1,32.42,8.33,139.97,-21.76140022277832,16.481090545654297,-5.854811191558838,-5.813288688659668,-163.9657745361328,49.029361724853516,-53.28055953979492,0.01,0.01,0.08,0.09,1768451543.7397802,32.039679
XKF1,34784414,0,32.41,8.35,139.98,-21.777238845825195,16.46615219116211,-5.834980010986328,-5.798205375671387,-163.98825073242188,49.027122497558594,-53.28266525268555,0.01,0.01,0.08,0.09,1768451543.7397802,32.039679
XKF1,34824398,1,33.61,7.96,140.0,-21.83339500427246,16.46486473083496,-5.607807636260986,-5.572392463684082,-164.83590698242188,49.68029022216797,-53.50606155395508,0.01,0.01,0.08,0.09,1768451543.7797642,32.079663
XKF1,34824398,0,33.62,7.98,140.01,-21.85002899169922,16.45121955871582,-5.5883965492248535,-5.557138442993164,-164.85861206054688,49.67795181274414,-53.50749206542969,0.01,0.01,0.08,0.09,1768451543.7797642,32.079663
XKF1,34864382,1,34.86,7.65,140.12,-21.91743278503418,16.423643112182617,-5.394418239593506,-5.365480422973633,-165.70899963378906,50.32911682128906,-53.72124481201172,0.01,0.01,0.08,0.09,1768451543.8197482,32.119647
XKF1,34864382,0,34.85,7.68,140.12,-21.933305740356445,16.406465530395508,-5.376586437225342,-5.350991725921631,-165.73170471191406,50.32664108276367,-53.72217559814453,0.01,0.01,0.08,0.09,1768451543.8197482,32.119647
XKF1,34904366,1,36.07,7.41,140.3,-22.00897789001465,16.351755142211914,-5.218174934387207,-5.160606384277344,-166.58551025390625,50.97496795654297,-53.927669525146484,0.01,0.01,0.08,0.09,1768451543.8597322,32.159631
XKF1,34904366,0,36.06,7.44,140.31,-22.022069931030273,16.33333969116211,-5.199753284454346,-5.148135185241699,-166.60789489746094,50.97227478027344,-53.928287506103516,0.01,0.01,0.08,0.09,1768451543.8597322,32.159631
XKF1,34944350,1,37.25,7.25,140.56,-22.110782623291016,16.251482009887695,-5.0734710693359375,-4.994317054748535,-167.4661407470703,51.61851119995117,-54.12843704223633,0.01,0.01,0.08,0.09,1768451543.8997161,32.199615
XKF1,34944350,0,37.26,7.28,140.57,-22.123151779174805,16.233797073364258,-5.053457736968994,-4.982297420501709,-167.48829650878906,51.6154899597168,-54.12861251831055,0.01,0.01,0.08,0.09,1768451543.8997161,32.199615
XKF1,34984334,1,38.44,7.17,140.87,-22.22520637512207,16.11831283569336,-4.959954261779785,-4.872568607330322,-168.3512725830078,52.25838088989258,-54.324649810791016,0.01,0.01,0.08,0.09,1768451543.9397001,32.239599
XKF1,34984334,0,38.43,7.2,140.87,-22.237810134887695,16.098567962646484,-4.939432621002197,-4.860692977905273,-168.37326049804688,52.254981994628906,-54.32429885864258,0.01,0.01,0.08,0.09,1768451543.9397001,32.239599
XKF1,35024318,1,39.58,7.13,141.23,-22.349016189575195,15.958444595336914,-4.87528133392334,-4.780178070068359,-169.2414093017578,52.893306732177734,-54.51599884033203,0.01,0.01,0.08,0.09,1768451543.979684,32.279583
XKF1,35024318,0,39.6,7.17,141.24,-22.36381721496582,15.933354377746582,-4.855664253234863,-4.768799781799316,-169.26333618164062,52.889339447021484,-54.515071868896484,0.01,0.01,0.08,0.09,1768451543.979684,32.279583
XKF1,35065135,0,40.72,7.18,141.69,-22.496959686279297,15.741500854492188,-4.794677734375,-4.696582317352295,-170.15869140625,53.51476287841797,-54.7034912109375,0.01,0.01,0.07,0.09,1768451544.0205011,32.3204
XKF1,35065135,1,40.73,7.14,141.68,-22.4882755279541,15.756513595581055,-4.812071323394775,-4.7063422203063965,-170.17445373535156,53.54556655883789,-54.7128791809082,0.01,0.01,0.07,0.09,1768451544.0205011,32.3204
XKF1,35105119,1,41.84,7.17,142.19,-22.627208709716797,15.536285400390625,-4.769145965576172,-4.659331798553467,-171.07598876953125,54.161373138427734,-54.89948654174805,0.01,0.01,0.07,0.09,1768451544.0604851,32.360384
XKF1,35105119,0,41.81,7.21,142.18,-22.633939743041992,15.520914077758789,-4.753481388092041,-4.650668621063232,-171.05958557128906,54.13045120239258,-54.88990783691406,0.01,0.01,0.07,0.09,1768451544.0604851,32.360384
XKF1,35145103,0,42.88,7.28,142.7,-22.78302764892578,15.27396297454834,-4.723965644836426,-4.614698886871338,-171.98533630371094,54.75071334838867,-55.0789680480957,0.01,0.01,0.07,0.09,1768451544.100469,32.400368
XKF1,35145103,1,42.88,7.24,142.7,-22.772205352783203,15.29320240020752,-4.739131927490234,-4.620182037353516,-171.98330688476562,54.769081115722656,-55.08481979370117,0.01,0.01,0.07,0.09,1768451544.100469,32.400368
XKF1,35185087,0,43.86,7.38,143.26,-22.931528091430664,15.007018089294434,-4.701521873474121,-4.5932087898254395,-172.89825439453125,55.34883499145508,-55.263614654541016,0.01,0.01,0.07,0.09,1768451544.140453,32.440352
XKF1,35185087,1,43.84,7.33,143.25,-22.92158317565918,15.026796340942383,-4.716251850128174,-4.597566604614258,-172.89654541015625,55.367637634277344,-55.26970672607422,0.01,0.01,0.07,0.09,1768451544.140453,32.440352
XKF1,35225071,0,44.75,7.48,143.83,-23.080699920654297,14.725340843200684,-4.687227249145508,-4.581989288330078,-173.81735229492188,55.93686294555664,-55.44717788696289,0.01,0.01,0.07,0.09,1768451544.180437,32.480336
XKF1,35225071,1,44.76,7.44,143.84,-23.070798873901367,14.745192527770996,-4.701592445373535,-4.586522102355957,-173.8158721923828,55.956153869628906,-55.45354461669922,0.01,0.01,0.07,0.09,1768451544.180437,32.480336
XKF1,35265055,0,45.54,7.58,144.42,-23.234081268310547,14.433603286743164,-4.673638820648193,-4.566415309906006,-174.75332641601562,56.51487350463867,-55.629844665527344,0.01,0.01,0.06,0.09,1768451544.220421,32.52032
XKF1,35265055,1,45.53,7.53,144.41,-23.2238712310791,14.451665878295898,-4.68603515625,-4.568930625915527,-174.75161743164062,56.53382110595703,-55.636253356933594,0.01,0.02,0.06,0.09,1768451544.220421,32.52032
XKF1,35305039,0,46.23,7.67,145.01,-23.381046295166016,14.136870384216309,-4.660868167877197,-4.552779197692871,-175.69415283203125,57.08163833618164,-55.81168746948242,0.01,0.01,0.06,0.09,1768451544.260405,32.560304
XKF1,35305039,1,46.23,7.63,145.02,-23.36996078491211,14.154614448547363,-4.673670768737793,-4.5547685623168945,-175.6921844482422,57.10034942626953,-55.81814956665039,0.01,0.02,0.06,0.09,1768451544.260405,32.560304
XKF1,35345023,0,46.82,7.74,145.6,-23.519393920898438,13.837878227233887,-4.643187046051025,-4.522862434387207,-176.63970947265625,57.63690948486328,-55.99269485473633,0.01,0.01,0.06,0.09,1768451544.300389,32.600288
XKF1,35345023,1,46.83,7.7,145.6,-23.507888793945312,13.855563163757324,-4.655161380767822,-4.523710250854492,-176.6374053955078,57.655487060546875,-55.99925994873047,0.01,0.02,0.06,0.09,1768451544.300389,32.600288
XKF1,35385007,1,47.31,7.7,146.12,-23.634084701538086,13.568963050842285,-4.624192237854004,-4.492064476013184,-177.5870361328125,58.19930648803711,-56.180110931396484,0.01,0.02,0.06,0.09,1768451544.340373,32.640272
XKF1,35385007,0,47.31,7.74,146.13,-23.64595603942871,13.551788330078125,-4.6121602058410645,-4.490602016448975,-177.58970642089844,58.180782318115234,-56.173397064208984,0.01,0.01,0.06,0.09,1768451544.340373,32.640272
XKF1,35424991,0,47.69,7.68,146.62,-23.75969123840332,13.286233901977539,-4.56157922744751,-4.444800853729248,-178.54371643066406,58.71411895751953,-56.352054595947266,0.01,0.01,0.06,0.09,1768451544.380357,32.680256
XKF1,35424991,1,47.7,7.64,146.63,-23.74818229675293,13.303820610046387,-4.573369979858398,-4.446940898895264,-178.54066467285156,58.73268127441406,-56.358924865722656,0.01,0.02,0.06,0.09,1768451544.380357,32.680256
XKF1,35464975,1,47.97,7.51,147.08,-23.847196578979492,13.060365676879883,-4.498796463012695,-4.373839378356934,-179.50587463378906,59.25494384765625,-56.53459548950195,0.01,0.02,0.05,0.09,1768451544.4203413,32.72024
XKF1,35464975,0,47.96,7.55,147.09,-23.859561920166016,13.041352272033691,-4.48711633682251,-4.37163782119751,-179.50917053222656,59.23674011230469,-56.527706146240234,0.01,0.02,0.05,0.09,1768451544.4203413,32.72024
XKF1,35504959,0,48.16,7.33,147.5,-23.945789337158203,12.820978164672852,-4.388049125671387,-4.2762451171875,-180.47674560546875,59.75041198730469,-56.70050811767578,0.01,0.02,0.05,0.09,1768451544.4603252,32.760224
XKF1,35504959,1,48.17,7.29,147.5,-23.93389129638672,12.84018325805664,-4.399607181549072,-4.277678966522217,-180.47315979003906,59.76841354370117,-56.707462310791016,0.01,0.02,0.05,0.09,1768451544.4603252,32.760224
XKF1,35544943,0,48.29,7.06,147.84,-24.01796531677246,12.629488945007324,-4.257778644561768,-4.158492565155029,-181.44610595703125,60.25618362426758,-56.86928176879883,0.01,0.02,0.05,0.09,1768451544.5003092,32.800208
XKF1,35544943,1,48.3,7.01,147.84,-24.006919860839844,12.647553443908691,-4.269050121307373,-4.159701347351074,-181.44224548339844,60.27409744262695,-56.87632369995117,0.01,0.02,0.05,0.09,1768451544.5003092,32.800208
XKF1,35584927,0,48.35,6.74,148.11,-24.07147979736328,12.4669828414917,-4.103164196014404,-4.023016929626465,-182.41676330566406,60.75518035888672,-57.03291320800781,0.01,0.02,0.05,0.09,1768451544.5402932,32.840192
XKF1,35584927,1,48.36,6.69,148.11,-24.060710906982422,12.484895706176758,-4.114017486572266,-4.024443626403809,-182.41259765625,60.7730827331543,-57.040069580078125,0.01,0.02,0.05,0.09,1768451544.5402932,32.840192
XKF1,35624911,0,48.36,6.35,148.35,-24.114686965942383,12.332499504089355,-3.9277381896972656,-3.864755868911743,-183.3882598876953,61.24851608276367,-57.18950271606445,0.01,0.02,0.05,0.09,1768451544.5802772,32.880176
XKF1,35624911,1,48.37,6.3,148.36,-24.103721618652344,12.348649978637695,-3.9392828941345215,-3.8676512241363525,-183.3837890625,61.26645278930664,-57.196800231933594,0.01,0.02,0.05,0.09,1768451544.5802772,32.880176
XKF1,35664895,0,48.34,5.93,148.57,-24.151010513305664,12.216904640197754,-3.733978748321533,-3.66847562789917,-184.36587524414062,61.73753356933594,-57.336204528808594,0.01,0.02,0.05,0.09,1768451544.6202612,32.92016
XKF1,35664895,1,48.36,5.89,148.57,-24.139892578125,12.234077453613281,-3.7444961071014404,-3.6703083515167236,-184.36126708984375,61.755069732666016,-57.343509674072266,0.02,0.02,0.04,0.09,1768451544.6202612,32.92016
XKF1,35704879,1,48.34,5.42,148.77,-24.1678409576416,12.133626937866211,-3.536515951156616,-3.4468586444854736,-185.3384246826172,62.23967742919922,-57.482181549072266,0.02,0.02,0.04,0.09,1768451544.6602452,32.960144
XKF1,35704879,0,48.33,5.47,148.77,-24.17882537841797,12.118033409118652,-3.526362419128418,-3.4460504055023193,-185.3431854248047,62.22243118286133,-57.47486877441406,0.01,0.02,0.05,0.09,1768451544.6602452,32.960144
XKF1,35744863,0,48.28,4.98,148.93,-24.199039459228516,12.033700942993164,-3.302208423614502,-3.204878330230713,-186.32008361816406,62.70382308959961,-57.605010986328125,0.01,0.02,0.05,0.09,1768451544.7002292,33.000128
XKF1,35744863,1,48.3,4.94,148.93,-24.188514709472656,12.04899787902832,-3.3120577335357666,-3.205195426940918,-186.3151092529297,62.72087860107422,-57.61235809326172,0.02,0.02,0.04,0.09,1768451544.7002292,33.000128
XKF1,35784847,1,48.27,4.44,149.09,-24.198549270629883,11.974282264709473,-3.083989381790161,-2.976492166519165,-187.2911834716797,63.199153900146484,-57.73435592651367,0.02,0.02,0.04,0.09,1768451544.7402132,33.040112
XKF1,35784847,0,48.26,4.49,149.09,-24.207509994506836,11.959980964660645,-3.07484769821167,-2.9763665199279785,-187.29635620117188,63.182220458984375,-57.726959228515625,0.01,0.02,0.05,0.09,1768451544.7402132,33.040112
XKF1,35824831,0,48.26,4.01,149.26,-24.216175079345703,11.884892463684082,-2.842273712158203,-2.7495956420898438,-188.2718505859375,63.657814025878906,-57.83951187133789,0.01,0.02,0.05,0.09,1768451544.7801971,33.080096
XKF1,35824831,1,48.27,3.95,149.27,-24.207347869873047,11.89889907836914,-2.8510942459106445,-2.7501208782196045,-188.2664794921875,63.674678802490234,-57.846946716308594,0.02,0.02,0.04,0.09,1768451544.7801971,33.080096
XKF1,35864815,1,48.31,3.48,149.43,-24.212604522705078,11.81753158569336,-2.6211233139038086,-2.5282833576202393,-189.2376708984375,64.1447982788086,-57.95014572143555,0.01,0.02,0.03,0.09,1768451544.8201811,33.12008
XKF1,35864815,0,48.3,3.53,149.43,-24.221498489379883,11.804506301879883,-2.6112489700317383,-2.5260584354400635,-189.24313354492188,64.12818145751953,-57.942684173583984,0.01,0.01,0.03,0.09,1768451544.8201811,33.12008
XKF1,35904799,1,48.4,3.03,149.66,-24.21571159362793,11.730565071105957,-2.3967747688293457,-2.2984726428985596,-190.2052459716797,64.60969543457031,-58.04337692260742,0.01,0.02,0.03,0.09,1768451544.860165,33.160064
XKF1,35904799,0,48.39,3.08,149.66,-24.225317001342773,11.717949867248535,-2.388221025466919,-2.2982842922210693,-190.21075439453125,64.59349822998047,-58.03593826293945,0.01,0.01,0.03,0.09,1768451544.860165,33.160064
XKF1,35944783,1,48.53,2.65,149.92,-24.22706413269043,11.62614631652832,-2.1888487339019775,-2.075723886489868,-191.17303466796875,65.07150268554688,-58.12815475463867,0.01,0.02,0.03,0.09,1768451544.900149,33.200048
XKF1,35944783,0,48.52,2.7,149.93,-24.236194610595703,11.615156173706055,-2.181286096572876,-2.076869249343872,-191.1786346435547,65.0556411743164,-58.1207389831543,0.01,0.01,0.03,0.09,1768451544.900149,33.200048
XKF1,35984767,1,48.71,2.3,150.25,-24.24114418029785,11.500787734985352,-2.0010838508605957,-1.8855493068695068,-192.14125061035156,65.52935791015625,-58.205928802490234,0.01,0.02,0.03,0.09,1768451544.940133,33.240032
XKF1,35984767,0,48.7,2.36,150.25,-24.24957275390625,11.489730834960938,-1.993683099746704,-1.8865162134170532,-192.14694213867188,65.51374816894531,-58.19853591918945,0.01,0.01,0.03,0.09,1768451544.940133,33.240032
XKF1,36024751,0,48.94,2.04,150.61,-24.272066116333008,11.341046333312988,-1.8236035108566284,-1.7177397012710571,-193.11593627929688,65.96683502197266,-58.26885986328125,0.01,0.01,0.03,0.09,1768451544.980117,33.280016
XKF1,36024751,1,48.95,1.98,150.61,-24.263288497924805,11.351792335510254,-1.8317538499832153,-1.7179535627365112,-193.11013793945312,65.98226165771484,-58.27625274658203,0.01,0.02,0.03,0.09,1768451544.980117,33.280016
XKF1,36064735,1,49.21,1.69,150.99,-24.287439346313477,11.18900203704834,-1.6725990772247314,-1.560826063156128,-194.07705688476562,66.42698669433594,-58.34064865112305,0.01,0.02,0.02,0.09,1768451545.020101,33.32
XKF1,36064735,0,49.2,1.74,151.0,-24.295909881591797,11.177877426147461,-1.6641108989715576,-1.5600042343139648,-194.08291625976562,66.41187286376953,-58.33319854736328,0.01,0.01,0.02,0.09,1768451545.020101,33.32
XKF1,36104719,0,49.48,1.47,151.42,-24.323698043823242,10.995685577392578,-1.5140775442123413,-1.4152735471725464,-195.04843139648438,66.84854125976562,-58.39101028442383,0.01,0.01,0.02,0.09,1768451545.060085,33.359984
XKF1,36104719,1,49.49,1.41,151.43,-24.314273834228516,11.007695198059082,-1.5217976570129395,-1.4150923490524292,-195.04258728027344,66.8632583618164,-58.398433685302734,0.01,0.02,0.02,0.09,1768451545.060085,33.359984
XKF1,36144703,1,49.79,1.19,151.87,-24.346446990966797,10.810826301574707,-1.3834871053695679,-1.2685294151306152,-196.00985717773438,67.29289245605469,-58.45041275024414,0.01,0.02,0.02,0.09,1768451545.100069,33.399968
XKF1,36144703,0,49.79,1.24,151.88,-24.355587005615234,10.799148559570312,-1.3747596740722656,-1.2679380178451538,-196.01573181152344,67.27847290039062,-58.4429931640625,0.01,0.01,0.02,0.09,1768451545.100069,33.399968
XKF1,36184687,1,50.1,0.97,152.38,-24.381147384643555,10.596578598022461,-1.257887840270996,-1.1436457633972168,-196.9789276123047,67.7151107788086,-58.49797821044922,0.01,0.02,0.02,0.09,1768451545.140053,33.439952
XKF1,36184687,0,50.09,1.03,152.37,-24.390745162963867,10.5870361328125,-1.2488539218902588,-1.1425323486328125,-196.98489379882812,67.70095825195312,-58.49049758911133,0.01,0.01,0.02,0.09,1768451545.140053,33.439952
XKF1,36224671,1,50.41,0.78,152.91,-24.420297622680664,10.36571979522705,-1.1453138589859009,-1.038791298866272,-197.9499053955078,68.12916564941406,-58.54119873046875,0.01,0.02,0.02,0.09,1768451545.180037,33.479936
XKF1,36224671,0,50.4,0.84,152.91,-24.429452896118164,10.358221054077148,-1.135756492614746,-1.0367927551269531,-197.95599365234375,68.115234375,-58.53361129760742,0.01,0.01,0.02,0.09,1768451545.180037,33.479936
XKF1,36264655,1,50.71,0.63,153.45,-24.46094512939453,10.11540699005127,-1.0419939756393433,-0.9461156129837036,-198.92047119140625,68.53186798095703,-58.58073425292969,0.01,0.02,0.01,0.09,1768451545.2200212,33.51992
XKF1,36264655,0,50.71,0.69,153.46,-24.471179962158203,10.10943603515625,-1.032509684562683,-0.9435261487960815,-198.9266357421875,68.51834106445312,-58.573055267333984,0.01,0.01,0.01,0.09,1768451545.2200212,33.51992
XKF1,36304639,1,51.0,0.48,154.03,-24.500261306762695,9.85413646697998,-0.942763090133667,-0.8593442440032959,-199.89105224609375,68.92291259765625,-58.616455078125,0.01,0.02,0.01,0.09,1768451545.2600052,33.559904
XKF1,36304639,0,50.99,0.54,154.03,-24.510190963745117,9.848466873168945,-0.9343094825744629,-0.8581624627113342,-199.89724731445312,68.90994262695312,-58.60873031616211,0.01,0.01,0.01,0.09,1768451545.2600052,33.559904
XKF1,36344623,0,51.23,0.42,154.61,-24.548818588256836,9.57951831817627,-0.8426646590232849,-0.7741111516952515,-200.87025451660156,69.29187774658203,-58.64086151123047,0.01,0.01,0.01,0.09,1768451545.2999892,33.599888
XKF1,36344623,1,51.24,0.35,154.59,-24.53852653503418,9.584811210632324,-0.8520950675010681,-0.7760912775993347,-200.86399841308594,69.30437469482422,-58.64864730834961,0.01,0.02,0.01,0.09,1768451545.2999892,33.599888
XKF1,36384607,1,51.45,0.22,155.18,-24.573965072631836,9.311057090759277,-0.76377272605896,-0.6972957253456116,-201.8391571044922,69.6758041381836,-58.677799224853516,0.01,0.02,0.01,0.09,1768451545.3399732,33.639872
XKF1,36384607,0,51.44,0.29,155.18,-24.58492660522461,9.303892135620117,-0.7549777030944824,-0.6957029104232788,-201.84555053710938,69.66365051269531,-58.66991424560547,0.01,0.01,0.01,0.09,1768451545.3399732,33.639872
XKF1,36424591,0,51.62,0.14,155.74,-24.617109298706055,9.030304908752441,-0.6652821898460388,-0.612872302532196,-202.8229217529297,70.02517700195312,-58.69502258300781,0.01,0.01,0.01,0.09,1768451545.3799572,33.679856
XKF1,36424591,1,51.63,0.07,155.74,-24.605478286743164,9.037548065185547,-0.6749964356422424,-0.6157479286193848,-202.81629943847656,70.037109375,-58.703033447265625,0.01,0.02,0.01,0.09,1768451545.3799572,33.679856
XKF1,36464575,0,51.77,-0.01,156.3,-24.640554428100586,8.760873794555664,-0.5725390315055847,-0.5237668752670288,-203.7998046875,70.37452697753906,-58.717044830322266,0.01,0.01,0.0,0.09,1768451545.4199412,33.71984
XKF1,36464575,1,51.78,-0.08,156.29,-24.630605697631836,8.765838623046875,-0.5842317342758179,-0.5290613174438477,-203.79310607910156,70.38611602783203,-58.72520065307617,0.01,0.02,0.0,0.09,1768451545.4199412,33.71984
XKF1,36504559,1,51.9,-0.25,156.87,-24.650867462158203,8.49272346496582,-0.49144020676612854,-0.44412583112716675,-204.7696075439453,70.72310638427734,-58.743309020996094,0.01,0.02,0.0,0.09,1768451545.4599252,33.759824
XKF1,36504559,0,51.89,-0.18,156.87,-24.660295486450195,8.48844051361084,-0.4788139760494232,-0.43859240412712097,-204.7762908935547,70.71199798583984,-58.7349853515625,0.01,0.01,0.0,0.09,1768451545.4599252,33.759824
XKF1,36544543,1,51.97,-0.43,157.4,-24.665700912475586,8.226494789123535,-0.39553457498550415,-0.34106147289276123,-205.74774169921875,71.05033874511719,-58.75736999511719,0.01,0.02,0.0,0.09,1768451545.4999092,33.799808
XKF1,36544543,0,51.97,-0.36,157.41,-24.67617416381836,8.22291374206543,-0.3837384283542633,-0.33672142028808594,-205.7544708251953,71.03961944580078,-58.74884796142578,0.01,0.01,0.0,0.09,1768451545.4999092,33.799808
XKF1,36584527,1,52.02,-0.63,157.94,-24.67503547668457,7.972637176513672,-0.2981007695198059,-0.24238860607147217,-206.70660400390625,71.36133575439453,-58.76783752441406,0.01,0.02,0.0,0.09,1768451545.5398932,33.839792
XKF1,36584527,0,52.01,-0.55,157.95,-24.684505462646484,7.963533878326416,-0.2835780680179596,-0.23507791757583618,-206.73397827148438,71.35755920410156,-58.75932312011719,0.01,0.01,0.0,0.09,1768451545.5398932,33.839792
XKF1,36624511,1,52.04,-0.82,158.48,-24.680797576904297,7.715489387512207,-0.19815289974212646,-0.1396261304616928,-207.6870574951172,71.66960906982422,-58.77360916137695,0.01,0.02,0.0,0.09,1768451545.5798771,33.879776
XKF1,36624511,0,52.04,-0.75,158.48,-24.690292358398438,7.7063140869140625,-0.18330715596675873,-0.1326272189617157,-207.7145233154297,71.66587829589844,-58.76474380493164,0.01,0.01,0.0,0.09,1768451545.5798771,33.879776
XKF1,36664495,0,52.04,-0.97,159.0,-24.689807891845703,7.454014301300049,-0.07911719381809235,-0.022437207400798798,-208.69403076171875,71.96324920654297,-58.76666259765625,0.01,0.01,0.0,0.09,1768451545.6198611,33.91976
XKF1,36664495,1,52.05,-1.04,158.98,-24.68232536315918,7.461080074310303,-0.09257802367210388,-0.029042311012744904,-208.66661071777344,71.9668197631836,-58.775794982910156,0.01,0.02,0.0,0.09,1768451545.6198611,33.91976
XKF1,36704479,1,52.03,-1.27,159.51,-24.677001953125,7.2123122215271,0.016123583540320396,0.077769435942173,-209.64515686035156,72.25334930419922,-58.773651123046875,0.01,0.02,0.0,0.09,1768451545.659845,33.959744
XKF1,36704479,0,52.02,-1.2,159.52,-24.683746337890625,7.205060005187988,0.028682997450232506,0.0827232301235199,-209.6724395751953,72.25003051757812,-58.76435470581055,0.01,0.01,0.0,0.09,1768451545.659845,33.959744
XKF1,36744463,0,51.99,-1.43,160.02,-24.67157745361328,6.959349632263184,0.13885371387004852,0.19441530108451843,-210.65142822265625,72.52774047851562,-58.75776290893555,0.01,0.01,0.0,0.09,1768451545.699829,33.999728
XKF1,36744463,1,52.0,-1.5,160.01,-24.66570472717285,6.96670389175415,0.12853498756885529,0.19217437505722046,-210.62428283691406,72.53087615966797,-58.767181396484375,0.01,0.02,0.0,0.09,1768451545.699829,33.999728
XKF1,36784447,1,51.93,-1.75,160.52,-24.65387535095215,6.727416515350342,0.23982928693294525,0.2993515431880951,-211.60374450683594,72.79949188232422,-58.756778717041016,0.01,0.02,0.0,0.09,1768451545.739813,34.039712
XKF1,36784447,0,51.93,-1.67,160.53,-24.65586280822754,6.720241546630859,0.24948561191558838,0.3010646402835846,-211.63070678710938,72.79647064208984,-58.747249603271484,0.01,0.01,0.0,0.09,1768451545.739813,34.039712
XKF1,36824431,0,51.87,-1.94,161.0,-24.637697219848633,6.489405632019043,0.3630293607711792,0.41080254316329956,-212.6100616455078,73.05642700195312,-58.7318000793457,0.01,0.01,0.0,0.09,1768451545.779797,34.079696
XKF1,36824431,1,51.87,-2.02,161.0,-24.635234832763672,6.495593547821045,0.35480523109436035,0.41008609533309937,-212.58331298828125,73.05939483642578,-58.741397857666016,0.01,0.02,0.0,0.09,1768451545.779797,34.079696
XKF1,36864415,0,51.8,-2.22,161.47,-24.61219596862793,6.264824390411377,0.48317950963974,0.5287784934043884,-213.5874481201172,73.30683135986328,-58.712120056152344,0.01,0.01,0.0,0.09,1768451545.819781,34.11968
XKF1,36864415,1,51.8,-2.29,161.47,-24.60981559753418,6.269654750823975,0.473859965801239,0.5263996720314026,-213.56121826171875,73.3096923828125,-58.72172164916992,0.01,0.02,0.0,0.09,1768451545.819781,34.11968
XKF1,36904399,0,51.72,-2.49,161.96,-24.582204818725586,6.041636943817139,0.6033964157104492,0.6422640681266785,-214.5628662109375,73.54798126220703,-58.68781661987305,0.01,0.01,0.0,0.09,1768451545.859765,34.159664
XKF1,36904399,1,51.72,-2.56,161.95,-24.580398559570312,6.0459208488464355,0.594106137752533,0.6414034366607666,-214.5373992919922,73.55065155029297,-58.69740676879883,0.01,0.02,0.0,0.09,1768451545.859765,34.159664
XKF1,36944383,0,51.64,-2.77,162.44,-24.550724029541016,5.820008754730225,0.7256801724433899,0.7598758935928345,-215.5379638671875,73.78087615966797,-58.65890121459961,0.01,0.01,0.0,0.09,1768451545.899749,34.199648
XKF1,36944383,1,51.65,-2.84,162.42,-24.550500869750977,5.8232741355896,0.714870810508728,0.7583472728729248,-215.51321411132812,73.78340148925781,-58.66852569580078,0.01,0.02,0.0,0.09,1768451545.899749,34.199648
XKF1,36984367,1,51.56,-3.12,162.9,-24.515214920043945,5.6012067794799805,0.8340728878974915,0.8704327344894409,-216.4884490966797,74.00791931152344,-58.63525390625,0.01,0.02,0.0,0.09,1768451545.939733,34.239632
XKF1,36984367,0,51.56,-3.04,162.91,-24.51589012145996,5.5989227294921875,0.8448197841644287,0.8718109726905823,-216.51254272460938,74.00553894042969,-58.62551498413086,0.01,0.01,0.0,0.09,1768451545.939733,34.239632
XKF1,37024351,0,51.47,-3.31,163.39,-24.478574752807617,5.379689693450928,0.9635502696037292,0.9899172186851501,-217.4864044189453,74.22193145751953,-58.58620071411133,0.01,0.01,0.0,0.09,1768451545.979717,34.279616
XKF1,37024351,1,51.48,-3.39,163.37,-24.480175018310547,5.381939888000488,0.9537585377693176,0.9888188242912292,-217.46292114257812,74.22419738769531,-58.59602737426758,0.01,0.02,0.0,0.09,1768451545.979717,34.279616
XKF1,37064335,1,51.41,-3.66,163.86,-24.441381454467773,5.160060405731201,1.0710073709487915,1.1116352081298828,-218.43536376953125,74.43130493164062,-58.55254364013672,0.01,0.01,-0.01,0.09,1768451546.0197012,34.3196
XKF1,37064335,0,51.41,-3.58,163.87,-24.438026428222656,5.158812046051025,1.0806621313095093,1.1133326292037964,-218.4579620361328,74.42919158935547,-58.54267120361328,0.01,0.01,0.0,0.09,1768451546.0197012,34.3196
XKF1,37104319,1,51.37,-3.96,164.36,-24.398792266845703,4.939147472381592,1.1875865459442139,1.2277846336364746,-219.40574645996094,74.62928771972656,-58.503990173339844,0.01,0.01,-0.01,0.09,1768451546.0596852,34.359584
XKF1,37104319,0,51.37,-3.88,164.37,-24.393699645996094,4.93859338760376,1.1979418992996216,1.2295933961868286,-219.42723083496094,74.62738800048828,-58.49409484863281,0.01,0.01,0.0,0.09,1768451546.0596852,34.359584
XKF1,37145136,1,51.33,-4.25,164.85,-24.353118896484375,4.710702896118164,1.309544324874878,1.36166512966156,-220.41566467285156,74.82693481445312,-58.44834899902344,0.01,0.01,-0.01,0.09,1768451546.1005023,34.400401
XKF1,37145136,0,51.33,-4.16,164.86,-24.34858512878418,4.719056129455566,1.3161648511886597,1.3587250709533691,-220.39553833007812,74.81736755371094,-58.44053649902344,0.01,0.01,0.0,0.09,1768451546.1005023,34.400401
XKF1,37185120,1,51.29,-4.51,165.35,-24.30680274963379,4.487668991088867,1.4244776964187622,1.4774763584136963,-221.38377380371094,75.008056640625,-58.39060974121094,0.01,0.01,-0.01,0.09,1768451546.1404862,34.440385
XKF1,37185120,0,51.29,-4.43,165.36,-24.30043601989746,4.498510360717773,1.4319080114364624,1.4781653881072998,-221.36270141601562,74.9990463256836,-58.3828010559082,0.01,0.01,0.0,0.09,1768451546.1404862,34.440385
XKF1,37225104,1,51.26,-4.78,165.87,-24.257984161376953,4.2613630294799805,1.5368283987045288,1.5944856405258179,-222.35052490234375,75.18063354492188,-58.327125549316406,0.01,0.01,-0.01,0.09,1768451546.1804702,34.480369
XKF1,37225104,0,51.26,-4.7,165.88,-24.249465942382812,4.268041133880615,1.5472545623779297,1.597308874130249,-222.34873962402344,75.1757583618164,-58.318016052246094,0.01,0.01,0.0,0.09,1768451546.1804702,34.480369
XKF1,37265088,0,51.23,-4.95,166.38,-24.202491760253906,4.039511680603027,1.6572167873382568,1.7196605205535889,-223.32205200195312,75.34032440185547,-58.249755859375,0.01,0.01,0.0,0.09,1768451546.2204542,34.520353
XKF1,37265088,1,51.22,-5.03,166.36,-24.211347579956055,4.032289981842041,1.6472806930541992,1.7179151773452759,-223.32504272460938,75.34471130371094,-58.25889587402344,0.01,0.02,0.0,0.09,1768451546.2204542,34.520353
XKF1,37305072,1,51.2,-5.3,166.86,-24.163665771484375,3.805086851119995,1.757087230682373,1.8352937698364258,-224.2970733642578,75.5,-58.18603515625,0.01,0.02,0.0,0.09,1768451546.2604382,34.560337
XKF1,37305072,0,51.2,-5.21,166.88,-24.15353012084961,3.8116016387939453,1.7667027711868286,1.8363434076309204,-224.29293823242188,75.49604034423828,-58.176856994628906,0.01,0.01,0.0,0.09,1768451546.2604382,34.560337
XKF1,37345056,0,51.19,-5.47,167.39,-24.10263442993164,3.582717180252075,1.8729885816574097,1.957816243171692,-225.2613983154297,75.64290618896484,-58.09946823120117,0.01,0.01,0.0,0.09,1768451546.3004222,34.600321
XKF1,37345056,1,51.19,-5.55,167.38,-24.113588333129883,3.5754270553588867,1.8633228540420532,1.9568127393722534,-225.26661682128906,75.64646911621094,-58.10871887207031,0.01,0.02,0.0,0.09,1768451546.3004222,34.600321
XKF1,37385040,0,51.19,-5.7,167.93,-24.05002212524414,3.347785711288452,1.9742989540100098,2.0633552074432373,-226.22744750976562,75.78075408935547,-58.018585205078125,0.01,0.01,0.0,0.09,1768451546.3404062,34.640305
XKF1,37385040,1,51.18,-5.78,167.9,-24.061458587646484,3.3408055305480957,1.9647942781448364,2.061955690383911,-226.23367309570312,75.78392791748047,-58.02794647216797,0.01,0.02,0.0,0.09,1768451546.3404062,34.640305
XKF1,37425024,0,51.19,-5.93,168.47,-23.994869232177734,3.1083080768585205,2.070020914077759,2.157855987548828,-227.1910400390625,75.90929412841797,-57.933467864990234,0.01,0.01,0.0,0.09,1768451546.3803902,34.680289
XKF1,37425024,1,51.18,-6.02,168.46,-24.00632095336914,3.100905418395996,2.0604593753814697,2.15571928024292,-227.19822692871094,75.912109375,-57.94295120239258,0.01,0.02,0.0,0.09,1768451546.3803902,34.680289
XKF1,37465008,0,51.19,-6.16,169.03,-23.943843841552734,2.864762544631958,2.1642158031463623,2.251356840133667,-228.1584014892578,76.02808380126953,-57.84482192993164,0.01,0.01,0.0,0.09,1768451546.4203742,34.720273
XKF1,37465008,1,51.19,-6.24,169.0,-23.95588493347168,2.8569304943084717,2.154763698577881,2.249232053756714,-228.16619873046875,76.03044891357422,-57.85434341430664,0.01,0.02,0.0,0.09,1768451546.4203742,34.720273
XKF1,37504992,0,51.2,-6.38,169.59,-23.892614364624023,2.6196744441986084,2.2541160583496094,2.3358571529388428,-229.1227569580078,76.13728332519531,-57.75209045410156,0.01,0.01,0.0,0.09,1768451546.4603581,34.760257
XKF1,37504992,1,51.19,-6.47,169.58,-23.904539108276367,2.6120617389678955,2.2453033924102783,2.3346049785614014,-229.13113403320312,76.13922119140625,-57.76166915893555,0.01,0.02,0.0,0.09,1768451546.4603581,34.760257
XKF1,37544976,0,51.2,-6.6,170.16,-23.841217041015625,2.3723537921905518,2.341439723968506,2.433472156524658,-230.08419799804688,76.23680877685547,-57.6555290222168,0.01,0.01,0.0,0.09,1768451546.5003421,34.800241
XKF1,37544976,1,51.19,-6.69,170.15,-23.853052139282227,2.364600419998169,2.333029270172119,2.4326276779174805,-230.09310913085938,76.23834228515625,-57.665164947509766,0.01,0.02,0.0,0.09,1768451546.5003421,34.800241
XKF1,37584960,1,51.19,-6.88,170.72,-23.801761627197266,2.112398386001587,2.416893243789673,2.5179295539855957,-231.05227661132812,76.32765197753906,-57.56594467163086,0.01,0.02,0.0,0.09,1768451546.540326,34.840225
XKF1,37584960,0,51.2,-6.8,170.74,-23.789255142211914,2.1205692291259766,2.424839735031128,2.518791437149048,-231.04283142089844,76.32649230957031,-57.55622863769531,0.01,0.01,0.0,0.09,1768451546.540326,34.840225
XKF1,37624944,0,51.2,-6.98,171.35,-23.739425659179688,1.864854097366333,2.503666400909424,2.592832326889038,-231.998779296875,76.40614318847656,-57.45381164550781,0.01,0.01,0.0,0.09,1768451546.58031,34.880209
XKF1,37624944,1,51.18,-7.06,171.33,-23.751577377319336,1.8564176559448242,2.4954960346221924,2.591169834136963,-232.00875854492188,76.40692138671875,-57.46360778808594,0.01,0.02,0.0,0.09,1768451546.58031,34.880209
XKF1,37664928,1,51.17,-7.22,171.95,-23.704296112060547,1.593632459640503,2.567861795425415,2.6563119888305664,-232.9669952392578,76.47517395019531,-57.35873031616211,0.01,0.02,0.0,0.09,1768451546.620294,34.920193
XKF1,37664928,0,51.19,-7.14,171.98,-23.69235610961914,1.601947546005249,2.575939178466797,2.6578381061553955,-232.9568328857422,76.47480010986328,-57.348934173583984,0.01,0.01,0.0,0.09,1768451546.620294,34.920193
XKF1,37704912,1,51.15,-7.39,172.61,-23.657039642333984,1.3233423233032227,2.6342647075653076,2.7124407291412354,-233.92225646972656,76.53294372558594,-57.250797271728516,0.01,0.02,0.0,0.09,1768451546.660278,34.960177
XKF1,37704912,0,51.17,-7.3,172.62,-23.645742416381836,1.3315980434417725,2.6425375938415527,2.7137627601623535,-233.9119110107422,76.53294372558594,-57.24097442626953,0.01,0.01,0.0,0.09,1768451546.660278,34.960177
XKF1,37744896,1,51.13,-7.53,173.27,-23.611364364624023,1.0497801303863525,2.6958529949188232,2.7792375087738037,-234.87474060058594,76.58002471923828,-57.140098571777344,0.01,0.02,0.0,0.09,1768451546.700262,35.000161
XKF1,37744896,0,51.15,-7.45,173.28,-23.600093841552734,1.0578886270523071,2.704679489135742,2.7808985710144043,-234.86419677734375,76.58038330078125,-57.13020324707031,0.01,0.01,0.0,0.09,1768451546.700262,35.000161
XKF1,37784880,1,51.1,-7.68,173.94,-23.564428329467773,0.7711380124092102,2.7514684200286865,2.8345823287963867,-235.82452392578125,76.61622619628906,-57.02766418457031,0.01,0.02,0.0,0.09,1768451546.740246,35.040145
XKF1,37784880,0,51.12,-7.6,173.96,-23.553789138793945,0.7796838283538818,2.7606863975524902,2.836921453475952,-235.81381225585938,76.61692810058594,-57.01763916015625,0.01,0.01,0.0,0.09,1768451546.740246,35.040145
XKF1,37824864,0,51.1,-7.73,174.65,-23.508689880371094,0.4982583224773407,2.816312551498413,2.893007516860962,-236.7608642578125,76.64237213134766,-56.90204620361328,0.01,0.01,0.0,0.09,1768451546.78023,35.080129
XKF1,37824864,1,51.08,-7.82,174.64,-23.518993377685547,0.4896671175956726,2.80725359916687,2.890270948410034,-236.77174377441406,76.6413345336914,-56.912200927734375,0.01,0.02,0.0,0.09,1768451546.78023,35.080129
XKF1,37864848,0,51.08,-7.85,175.36,-23.463159561157227,0.21086770296096802,2.865400791168213,2.942805767059326,-237.7088165283203,76.65522003173828,-56.785423278808594,0.01,0.01,0.0,0.09,1768451546.820214,35.120113
XKF1,37864848,1,51.05,-7.94,175.34,-23.472862243652344,0.20236387848854065,2.85640287399292,2.940135955810547,-237.71957397460938,76.65384674072266,-56.7956428527832,0.01,0.02,0.0,0.09,1768451546.820214,35.120113
XKF1,37904832,0,51.05,-7.96,176.11,-23.41788101196289,-0.08467994630336761,2.908369779586792,2.9770407676696777,-238.6539306640625,76.6566390991211,-56.666709899902344,0.01,0.01,0.0,0.09,1768451546.860198,35.160097
XKF1,37904832,1,51.02,-8.04,176.11,-23.426706314086914,-0.09255202859640121,2.8999521732330322,2.9751813411712646,-238.66458129882812,76.65496063232422,-56.677001953125,0.01,0.02,0.0,0.09,1768451546.860198,35.160097
XKF1,37944816,0,51.02,-8.03,176.88,-23.37264633178711,-0.38953307271003723,2.943837881088257,3.0164663791656494,-239.59632873535156,76.64628601074219,-56.5462646484375,0.01,0.01,0.0,0.09,1768451546.9001822,35.200081
XKF1,37944816,1,51.0,-8.11,176.88,-23.381547927856445,-0.39759933948516846,2.935497522354126,3.014775514602661,-239.60690307617188,76.64432525634766,-56.556636810302734,0.01,0.02,0.0,0.09,1768451546.9001822,35.200081
XKF1,37984800,0,51.0,-8.07,177.67,-23.326702117919922,-0.7035541534423828,2.970189094543457,3.0426928997039795,-240.53611755371094,76.62374877929688,-56.425106048583984,0.01,0.01,0.0,0.09,1768451546.9401662,35.240065
XKF1,37984800,1,50.98,-8.16,177.67,-23.335840225219727,-0.711491048336029,2.961169958114624,3.040081262588501,-240.54664611816406,76.62151336669922,-56.43562316894531,0.01,0.02,0.0,0.09,1768451546.9401662,35.240065
XKF1,38024784,0,50.97,-8.09,178.5,-23.278486251831055,-1.0288009643554688,2.98565936088562,3.057307004928589,-241.47332763671875,76.58858489990234,-56.30275344848633,0.01,0.01,0.0,0.09,1768451546.9801502,35.280049
XKF1,38024784,1,50.95,-8.17,178.5,-23.28742790222168,-1.037305474281311,2.976407289505005,3.0539839267730713,-241.48382568359375,76.5860824584961,-56.31340789794922,0.01,0.02,0.0,0.09,1768451546.9801502,35.280049
XKF1,38064768,0,50.95,-8.1,179.33,-23.225847244262695,-1.362748146057129,2.9923956394195557,3.065103769302368,-242.40350341796875,76.53996276855469,-56.18121337890625,0.01,0.01,0.0,0.09,1768451547.0201342,35.320033
XKF1,38064768,1,50.92,-8.18,179.32,-23.234272003173828,-1.3709131479263306,2.9834907054901123,3.061640977859497,-242.4138946533203,76.53719329833984,-56.19198226928711,0.01,0.02,-0.01,0.09,1768451547.0201342,35.320033
XKF1,38104752,0,50.92,-8.09,180.19,-23.167848587036133,-1.7008172273635864,2.9960720539093018,3.0488429069519043,-243.32725524902344,76.47770690917969,-56.059539794921875,0.01,0.01,0.0,0.09,1768451547.0601182,35.360017
XKF1,38104752,1,50.89,-8.17,180.19,-23.176204681396484,-1.70753812789917,2.9871726036071777,3.045898914337158,-243.33741760253906,76.47472381591797,-56.070396423339844,0.01,0.02,-0.01,0.09,1768451547.0601182,35.360017
XKF1,38144736,0,50.89,-8.07,181.08,-23.10816192626953,-2.04400372505188,2.993778944015503,3.0476765632629395,-244.2490692138672,76.40205383300781,-55.93730163574219,0.01,0.01,0.0,0.09,1768451547.1001022,35.400001
XKF1,38144736,1,50.86,-8.15,181.07,-23.11589813232422,-2.0500400066375732,2.983598470687866,3.0439577102661133,-244.25906372070312,76.39891815185547,-55.94827651977539,0.01,0.02,-0.01,0.09,1768451547.1001022,35.400001
XKF1,38184720,0,50.87,-8.02,182.0,-23.045076370239258,-2.3974528312683105,2.9832892417907715,3.037809133529663,-245.1687469482422,76.31269073486328,-55.81572723388672,0.01,0.01,0.0,0.09,1768451547.1400862,35.439985
XKF1,38184720,1,50.83,-8.1,182.01,-23.054489135742188,-2.4027013778686523,2.971910238265991,3.0329320430755615,-245.17861938476562,76.3094253540039,-55.82691955566406,0.01,0.02,-0.01,0.09,1768451547.1400862,35.439985
XKF1,38224704,0,50.84,-7.97,182.93,-22.979534149169922,-2.7567155361175537,2.966515064239502,3.0199577808380127,-246.0861358642578,76.209228515625,-55.694671630859375,0.01,0.01,0.0,0.09,1768451547.1800702,35.479969
XKF1,38224704,1,50.8,-8.05,182.94,-22.990039825439453,-2.7622087001800537,2.9549567699432373,3.014587879180908,-246.0959930419922,76.20584869384766,-55.70609664916992,0.01,0.02,-0.01,0.09,1768451547.1800702,35.479969
XKF1,38264688,1,50.78,-7.99,183.87,-22.91912078857422,-3.1285204887390137,2.932767629623413,2.990821361541748,-247.00735473632812,76.08770751953125,-55.58723831176758,0.02,0.02,-0.01,0.09,1768451547.2200541,35.519953
XKF1,38264688,0,50.81,-7.91,183.88,-22.908727645874023,-3.1217799186706543,2.9441394805908203,2.9964370727539062,-246.99757385253906,76.09119415283203,-55.575599670410156,0.01,0.01,-0.01,0.09,1768451547.2200541,35.519953
XKF1,38304672,0,50.79,-7.84,184.86,-22.83017921447754,-3.4913322925567627,2.9156386852264404,2.94630765914917,-247.90338134765625,75.95842742919922,-55.458255767822266,0.01,0.01,-0.01,0.09,1768451547.2600381,35.559937
XKF1,38304672,1,50.75,-7.92,184.87,-22.83905601501465,-3.4984140396118164,2.905463218688965,2.9422969818115234,-247.91299438476562,75.95481872558594,-55.470027923583984,0.02,0.02,-0.01,0.09,1768451547.2600381,35.559937
XKF1,38344656,1,50.71,-7.86,185.83,-22.7579402923584,-3.8718667030334473,2.874485969543457,2.899892807006836,-248.8163604736328,75.80724334716797,-55.35386657714844,0.02,0.02,-0.01,0.09,1768451547.3000221,35.599921
XKF1,38344656,0,50.75,-7.78,185.84,-22.747596740722656,-3.8648605346679688,2.8860554695129395,2.904712438583374,-248.806884765625,75.81098175048828,-55.341915130615234,0.01,0.01,-0.01,0.09,1768451547.3000221,35.599921
XKF1,38384640,0,50.71,-7.72,186.82,-22.659149169921875,-4.237105846405029,2.8553626537323,2.8665738105773926,-249.70777893066406,75.6487808227539,-55.2269401550293,0.01,0.01,-0.01,0.09,1768451547.340006,35.639905
XKF1,38384640,1,50.67,-7.79,186.83,-22.67064666748047,-4.244144916534424,2.8440446853637695,2.861945152282715,-249.7172393798828,75.64488983154297,-55.23911666870117,0.02,0.02,-0.01,0.09,1768451547.340006,35.639905
XKF1,38424624,0,50.68,-7.65,187.78,-22.56715965270996,-4.609326362609863,2.826352834701538,2.8397490978240967,-250.60577392578125,75.4719467163086,-55.11181640625,0.01,0.01,-0.01,0.09,1768451547.37999,35.679889
XKF1,38424624,1,50.64,-7.72,187.79,-22.57999038696289,-4.617002010345459,2.8135502338409424,2.833383321762085,-250.61529541015625,75.4678955078125,-55.124244689941406,0.02,0.02,-0.01,0.09,1768451547.37999,35.679889
XKF1,38464608,0,50.64,-7.55,188.75,-22.468965530395508,-4.982035160064697,2.7948198318481445,2.8191347122192383,-251.4979248046875,75.27999877929688,-54.999019622802734,0.02,0.01,-0.01,0.09,1768451547.419974,35.719873
XKF1,38464608,1,50.6,-7.63,188.74,-22.48229217529297,-4.988637924194336,2.7815654277801514,2.8119728565216064,-251.50747680664062,75.27583312988281,-55.01169204711914,0.02,0.02,-0.02,0.09,1768451547.419974,35.719873
XKF1,38504592,0,50.59,-7.45,189.72,-22.364858627319336,-5.354140281677246,2.7592685222625732,2.77107834815979,-252.38438415527344,75.07310485839844,-54.88771057128906,0.02,0.01,-0.01,0.09,1768451547.459958,35.759857
XKF1,38504592,1,50.54,-7.53,189.74,-22.37948989868164,-5.360974311828613,2.746500253677368,2.7651402950286865,-252.39395141601562,75.06884765625,-54.90058898925781,0.02,0.02,-0.02,0.09,1768451547.459958,35.759857
XKF1,38544576,0,50.52,-7.36,190.69,-22.25706672668457,-5.724675178527832,2.723663091659546,2.7403616905212402,-253.2677001953125,74.85150146484375,-54.77720642089844,0.02,0.01,-0.01,0.09,1768451547.499942,35.799841
XKF1,38544576,1,50.47,-7.44,190.68,-22.271360397338867,-5.730005264282227,2.711615800857544,2.7356605529785156,-253.27734375,74.84717559814453,-54.790279388427734,0.02,0.02,-0.02,0.09,1768451547.499942,35.799841
XKF1,38584560,1,50.4,-7.35,191.66,-22.16049575805664,-6.09696626663208,2.6771609783172607,2.705211877822876,-254.15733337402344,74.61092376708984,-54.681644439697266,0.02,0.02,-0.02,0.09,1768451547.539926,35.839825
XKF1,38584560,0,50.45,-7.28,191.64,-22.145023345947266,-6.092751979827881,2.6888744831085205,2.7096774578094482,-254.14755249023438,74.61526489257812,-54.6683464050293,0.02,0.01,-0.01,0.09,1768451547.539926,35.839825
XKF1,38624544,0,50.38,-7.2,192.61,-22.029870986938477,-6.457196235656738,2.6546454429626465,2.680997848510742,-255.0237274169922,74.36451721191406,-54.55997848510742,0.02,0.01,-0.01,0.09,1768451547.57991,35.879809
XKF1,38624544,1,50.32,-7.27,192.63,-22.04460906982422,-6.462287902832031,2.642451047897339,2.675752639770508,-255.03369140625,74.36014556884766,-54.57349395751953,0.02,0.02,-0.02,0.09,1768451547.57991,35.879809
XKF1,38664528,1,50.25,-7.19,193.59,-21.92560386657715,-6.816859245300293,2.606501579284668,2.6482510566711426,-255.88560485839844,74.1004867553711,-54.47004699707031,0.02,0.02,-0.02,0.09,1768451547.619894,35.919793
XKF1,38664528,0,50.3,-7.12,193.59,-21.907323837280273,-6.821295261383057,2.6173360347747803,2.6527154445648193,-255.8938446044922,74.09915161132812,-54.454200744628906,0.02,0.01,-0.01,0.09,1768451547.619894,35.919793
XKF1,38704512,0,50.21,-7.03,194.56,-21.780914306640625,-7.1852498054504395,2.5784082412719727,2.5988481044769287,-256.7579345703125,73.8191909790039,-54.35102081298828,0.02,0.01,-0.01,0.09,1768451547.659878,35.959777
XKF1,38704512,1,50.16,-7.1,194.58,-21.79878807067871,-7.180283546447754,2.5675644874572754,2.5958378314971924,-256.749755859375,73.8209228515625,-54.36692810058594,0.02,0.02,-0.02,0.09,1768451547.659878,35.959777
XKF1,38744496,0,50.13,-6.92,195.52,-21.65129280090332,-7.546455383300781,2.5398409366607666,2.543550729751587,-257.6179504394531,73.52485656738281,-54.24949645996094,0.02,0.01,-0.01,0.09,1768451547.6998622,35.999761
XKF1,38744496,1,50.07,-7.0,195.52,-21.668039321899414,-7.5399603843688965,2.528386354446411,2.5408806800842285,-257.6098937988281,73.52701568603516,-54.2655143737793,0.02,0.02,-0.02,0.09,1768451547.6998622,35.999761
XKF1,38784480,0,50.02,-6.82,196.46,-21.51523780822754,-7.905710697174072,2.500690221786499,2.4934070110321045,-258.4736328125,73.21622467041016,-54.14956283569336,0.02,0.01,-0.01,0.09,1768451547.7398462,36.039745
XKF1,38784480,1,49.97,-6.89,196.49,-21.53200912475586,-7.898797035217285,2.489448070526123,2.490941286087036,-258.4657287597656,73.21884155273438,-54.165740966796875,0.02,0.02,-0.02,0.09,1768451547.7398462,36.039745
XKF1,38824464,0,49.92,-6.72,197.39,-21.376358032226562,-8.258556365966797,2.4607911109924316,2.446234941482544,-259.32464599609375,72.89344024658203,-54.05134201049805,0.02,0.01,-0.01,0.09,1768451547.7798302,36.079729
XKF1,38824464,1,49.86,-6.79,197.42,-21.39335823059082,-8.251175880432129,2.448470115661621,2.4423468112945557,-259.31695556640625,72.8965072631836,-54.06769561767578,0.02,0.02,-0.02,0.09,1768451547.7798302,36.079729
XKF1,38864448,0,49.83,-6.65,198.3,-21.234363555908203,-8.602428436279297,2.422856092453003,2.4042084217071533,-260.169189453125,72.55669403076172,-53.95552444458008,0.02,0.01,-0.02,0.09,1768451547.8198142,36.119713
XKF1,38864448,1,49.77,-6.72,198.31,-21.24932098388672,-8.59439754486084,2.4116973876953125,2.4008560180664062,-260.1617431640625,72.5601577758789,-53.97199249267578,0.02,0.02,-0.02,0.09,1768451547.8198142,36.119713
XKF1,38904432,1,49.67,-6.66,199.24,-21.10523796081543,-8.928933143615723,2.3797767162323,2.3497824668884277,-261.0001525878906,72.21018981933594,-53.8781623840332,0.02,0.02,-0.02,0.09,1768451547.8597982,36.159697
XKF1,38904432,0,49.73,-6.6,199.21,-21.09002113342285,-8.937877655029297,2.391221284866333,2.3527278900146484,-261.0072937011719,72.20637512207031,-53.86164093017578,0.02,0.01,-0.02,0.09,1768451547.8597982,36.159697
XKF1,38944416,0,49.63,-6.55,200.12,-20.941421508789062,-9.26770305633545,2.361355781555176,2.311823606491089,-261.840576171875,71.84288024902344,-53.76865005493164,0.02,0.01,-0.02,0.09,1768451547.8997822,36.199681
XKF1,38944416,1,49.57,-6.61,200.13,-20.95461082458496,-9.259105682373047,2.3512778282165527,2.3111095428466797,-261.833740234375,71.8470458984375,-53.785240173339844,0.02,0.02,-0.02,0.09,1768451547.8997822,36.199681
XKF1,38984400,1,49.48,-6.57,201.05,-20.802515029907227,-9.584516525268555,2.324587345123291,2.2808477878570557,-262.662109375,71.4708480834961,-53.69333267211914,0.02,0.02,-0.02,0.09,1768451547.9397662,36.239665
XKF1,38984400,0,49.54,-6.5,201.02,-20.790306091308594,-9.5914306640625,2.334718942642212,2.281827211380005,-262.668701171875,71.46636199951172,-53.676666259765625,0.02,0.01,-0.02,0.09,1768451547.9397662,36.239665
XKF1,39024384,0,49.46,-6.46,201.9,-20.635705947875977,-9.912684440612793,2.31085467338562,2.2634005546569824,-263.4914855957031,71.07697296142578,-53.58457946777344,0.02,0.01,-0.02,0.09,1768451547.9797502,36.279649
XKF1,39024384,1,49.39,-6.53,201.93,-20.64923667907715,-9.904916763305664,2.3003053665161133,2.2617154121398926,-263.48516845703125,71.0817642211914,-53.60131072998047,0.02,0.02,-0.02,0.09,1768451547.9797502,36.279649
XKF1,39064368,1,49.31,-6.49,202.77,-20.49346923828125,-10.215587615966797,2.280721664428711,2.2545218467712402,-264.3015441894531,70.68022155761719,-53.510868072509766,0.02,0.02,-0.02,0.09,1768451548.0197341,36.319633
XKF1,39064368,0,49.37,-6.43,202.76,-20.479557037353516,-10.22379207611084,2.291923761367798,2.257204532623291,-264.3075256347656,70.67520904541016,-53.49408721923828,0.02,0.01,-0.02,0.09,1768451548.0197341,36.319633
XKF1,39104352,1,49.2,-6.43,203.65,-20.33429718017578,-10.523591995239258,2.2585439682006836,2.226670026779175,-265.1112976074219,70.26641845703125,-53.42171859741211,0.02,0.02,-0.02,0.09,1768451548.0597181,36.359617
XKF1,39104352,0,49.27,-6.37,203.62,-20.322498321533203,-10.53222370147705,2.269428253173828,2.2281758785247803,-265.11688232421875,70.26124572753906,-53.404945373535156,0.02,0.01,-0.02,0.09,1768451548.0597181,36.359617
XKF1,39144336,1,49.1,-6.38,204.47,-20.172138214111328,-10.827181816101074,2.2390124797821045,2.2047574520111084,-265.9154357910156,69.8404312133789,-53.333221435546875,0.02,0.02,-0.02,0.09,1768451548.0997021,36.399601
XKF1,39144336,0,49.16,-6.32,204.46,-20.159780502319336,-10.834667205810547,2.2500572204589844,2.2054316997528076,-265.9206848144531,69.8350830078125,-53.316402435302734,0.02,0.01,-0.02,0.09,1768451548.0997021,36.399601
XKF1,39184320,1,48.99,-6.34,205.34,-20.00770378112793,-11.125262260437012,2.2192349433898926,2.184873342514038,-266.7137756347656,69.40241241455078,-53.24543762207031,0.02,0.02,-0.02,0.09,1768451548.139686,36.439585
XKF1,39184320,0,49.06,-6.28,205.31,-19.99433135986328,-11.132020950317383,2.2303597927093506,2.1857426166534424,-266.7186584472656,69.39691925048828,-53.228538513183594,0.02,0.01,-0.02,0.09,1768451548.139686,36.439585
XKF1,39225137,0,48.93,-6.24,206.15,-19.827449798583984,-11.426311492919922,2.2108538150787354,2.1695752143859863,-267.5106201171875,68.94692993164062,-53.14097213745117,0.02,0.01,-0.02,0.09,1768451548.1805031,36.480402
XKF1,39225137,1,48.86,-6.3,206.2,-19.83538055419922,-11.432049751281738,2.1981759071350098,2.16703200340271,-267.5392150878906,68.93353271484375,-53.154293060302734,0.02,0.02,-0.02,0.09,1768451548.1805031,36.480402
XKF1,39265121,1,48.73,-6.25,207.05,-19.67047691345215,-11.728608131408691,2.175170421600342,2.1441543102264404,-268.332763671875,68.46542358398438,-53.06892013549805,0.02,0.02,-0.02,0.09,1768451548.220487,36.520386
XKF1,39265121,0,48.8,-6.19,207.02,-19.662248611450195,-11.723854064941406,2.187500476837158,2.145679235458374,-268.3039245605469,68.47930908203125,-53.05557632446289,0.02,0.01,-0.01,0.09,1768451548.220487,36.520386
XKF1,39305105,0,48.66,-6.16,207.9,-19.488319396972656,-12.025952339172363,2.161214590072632,2.11183500289917,-269.1064453125,67.99046325683594,-52.969173431396484,0.02,0.01,-0.01,0.09,1768451548.260471,36.56037
XKF1,39305105,1,48.6,-6.21,207.93,-19.49970054626465,-12.025250434875488,2.149224281311035,2.1105871200561523,-269.1192321777344,67.98613739013672,-52.984375,0.02,0.02,-0.02,0.09,1768451548.260471,36.56037
XKF1,39345089,0,48.55,-6.12,208.76,-19.313190460205078,-12.3201265335083,2.135899066925049,2.08262038230896,-269.8853759765625,67.50012969970703,-52.885475158691406,0.02,0.01,-0.01,0.09,1768451548.300455,36.600354
XKF1,39345089,1,48.49,-6.17,208.8,-19.324321746826172,-12.318543434143066,2.123565912246704,2.0811824798583984,-269.8985595703125,67.49563598632812,-52.90074920654297,0.02,0.02,-0.02,0.09,1768451548.300455,36.600354
XKF1,39385073,0,48.46,-6.09,209.62,-19.133682250976562,-12.609724998474121,2.1111111640930176,2.058224678039551,-270.6570129394531,66.99856567382812,-52.802555084228516,0.02,0.01,-0.01,0.09,1768451548.340439,36.640338
XKF1,39385073,1,48.4,-6.15,209.63,-19.144304275512695,-12.607975959777832,2.098931074142456,2.0566022396087646,-270.6705322265625,66.99394989013672,-52.81795883178711,0.02,0.02,-0.02,0.09,1768451548.340439,36.640338
XKF1,39425057,0,48.38,-6.07,210.47,-18.952022552490234,-12.89553165435791,2.0895333290100098,2.043870210647583,-271.4212646484375,66.48609161376953,-52.719566345214844,0.02,0.01,-0.01,0.09,1768451548.380423,36.680322
XKF1,39425057,1,48.31,-6.12,210.51,-18.962995529174805,-12.893960952758789,2.0772621631622314,2.0415456295013428,-271.43511962890625,66.48137664794922,-52.7350959777832,0.02,0.02,-0.02,0.09,1768451548.380423,36.680322
XKF1,39465041,0,48.31,-6.04,211.33,-18.7688045501709,-13.182694435119629,2.066847085952759,2.0262863636016846,-272.18316650390625,65.95763397216797,-52.63882064819336,0.01,0.02,-0.01,0.09,1768451548.420407,36.720306
XKF1,39465041,1,48.24,-6.1,211.34,-18.77984619140625,-13.181639671325684,2.054194211959839,2.023651599884033,-272.1968994140625,65.95294189453125,-52.65436553955078,0.01,0.02,-0.01,0.09,1768451548.420407,36.720306
XKF1,39505025,0,48.23,-6.02,212.17,-18.581132888793945,-13.464527130126953,2.0461368560791016,2.0005741119384766,-272.9368591308594,65.41864776611328,-52.55848693847656,0.01,0.02,-0.01,0.09,1768451548.460391,36.76029
XKF1,39505025,1,48.17,-6.08,212.2,-18.592153549194336,-13.463587760925293,2.0336759090423584,1.9987475872039795,-272.9505920410156,65.41397094726562,-52.57407760620117,0.01,0.02,-0.01,0.09,1768451548.460391,36.76029
XKF1,39545009,1,48.1,-6.05,213.04,-18.399991989135742,-13.742658615112305,2.0160372257232666,1.9847807884216309,-273.696044921875,64.86453247070312,-52.49418640136719,0.02,0.02,-0.01,0.09,1768451548.500375,36.800274
XKF1,39545009,0,48.17,-5.99,213.01,-18.388809204101562,-13.743366241455078,2.027891159057617,1.9856547117233276,-273.68231201171875,64.86919403076172,-52.478519439697266,0.01,0.02,-0.01,0.09,1768451548.500375,36.800274
XKF1,39584993,0,48.11,-5.94,213.86,-18.19366455078125,-14.021513938903809,2.005638360977173,1.9688301086425781,-274.41943359375,64.30927276611328,-52.399200439453125,0.01,0.02,-0.01,0.09,1768451548.540359,36.840258
XKF1,39584993,1,48.04,-5.99,213.88,-18.204818725585938,-14.019558906555176,1.9932893514633179,1.9670647382736206,-274.4332580566406,64.30465698242188,-52.41498565673828,0.02,0.02,-0.01,0.09,1768451548.540359,36.840258
XKF1,39624977,1,47.97,-5.91,214.76,-17.99972152709961,-14.297046661376953,1.9634919166564941,1.9409903287887573,-275.16192626953125,63.734275817871094,-52.337059020996094,0.02,0.02,-0.01,0.09,1768451548.5803432,36.880242
XKF1,39624977,0,48.04,-5.86,214.73,-17.98869514465332,-14.299861907958984,1.9757379293441772,1.9432328939437866,-275.1480407714844,63.738807678222656,-52.32114791870117,0.01,0.02,-0.01,0.09,1768451548.5803432,36.880242
XKF1,39664961,0,47.98,-5.77,215.59,-17.780956268310547,-14.582340240478516,1.943686842918396,1.9064651727676392,-275.87139892578125,63.15371322631836,-52.24559783935547,0.01,0.02,0.0,0.09,1768451548.6203272,36.920226
XKF1,39664961,1,47.91,-5.82,215.61,-17.790891647338867,-14.579146385192871,1.9304757118225098,1.90347158908844,-275.8850402832031,63.14936065673828,-52.26152420043945,0.01,0.02,-0.01,0.09,1768451548.6203272,36.920226
XKF1,39704945,0,47.92,-5.67,216.47,-17.566347122192383,-14.861916542053223,1.9057273864746094,1.8580526113510132,-276.5854797363281,62.558311462402344,-52.171409606933594,0.01,0.02,0.0,0.09,1768451548.6603112,36.96021
XKF1,39704945,1,47.84,-5.72,216.5,-17.57526969909668,-14.858445167541504,1.891847014427185,1.8552064895629883,-276.598876953125,62.554161071777344,-52.187416076660156,0.01,0.02,-0.01,0.09,1768451548.6603112,36.96021
XKF1,39744929,0,47.86,-5.56,217.34,-17.345544815063477,-15.13924789428711,1.8653244972229004,1.8087652921676636,-277.29010009765625,61.95260238647461,-52.09873962402344,0.01,0.02,0.0,0.09,1768451548.7002952,37.000194
XKF1,39744929,1,47.78,-5.61,217.38,-17.355100631713867,-15.135771751403809,1.851521372795105,1.806409478187561,-277.30328369140625,61.94865798950195,-52.114871978759766,0.01,0.02,-0.01,0.09,1768451548.7002952,37.000194
XKF1,39784913,0,47.8,-5.46,218.22,-17.119916915893555,-15.414189338684082,1.8223440647125244,1.764045000076294,-277.985107421875,61.3365592956543,-52.027408599853516,0.01,0.02,0.0,0.09,1768451548.7402792,37.040178
XKF1,39784913,1,47.72,-5.51,218.24,-17.128616333007812,-15.410841941833496,1.8091572523117065,1.7617671489715576,-277.9981689453125,61.332820892333984,-52.04369354248047,0.01,0.02,-0.01,0.09,1768451548.7402792,37.040178
XKF1,39824897,0,47.71,-5.36,219.09,-16.889225006103516,-15.683072090148926,1.7812917232513428,1.725845456123352,-278.67041015625,60.71028518676758,-51.957637786865234,0.01,0.02,0.0,0.09,1768451548.7802632,37.080162
XKF1,39824897,1,47.63,-5.41,219.13,-16.898399353027344,-15.679527282714844,1.7675895690917969,1.7224618196487427,-278.683349609375,60.706756591796875,-51.97407913208008,0.01,0.02,-0.01,0.09,1768451548.7802632,37.080162
XKF1,39864881,1,47.53,-5.32,219.99,-16.666439056396484,-15.945175170898438,1.7245755195617676,1.675848126411438,-279.3603210449219,60.0673828125,-51.907413482666016,0.01,0.02,-0.01,0.09,1768451548.8202472,37.120146
XKF1,39864881,0,47.61,-5.27,219.97,-16.65755844116211,-15.949609756469727,1.7376853227615356,1.6783502101898193,-279.34771728515625,60.0706672668457,-51.89097213745117,0.01,0.02,0.0,0.09,1768451548.8202472,37.120146
XKF1,39904865,0,47.51,-5.19,220.85,-16.42269515991211,-16.212093353271484,1.6938873529434204,1.6244301795959473,-280.0149841308594,59.42136764526367,-51.82579803466797,0.01,0.02,0.0,0.09,1768451548.8602312,37.16013
XKF1,39904865,1,47.44,-5.23,220.89,-16.431137084960938,-16.207691192626953,1.6806856393814087,1.6227855682373047,-280.0272521972656,59.418331146240234,-51.84226608276367,0.01,0.02,-0.01,0.09,1768451548.8602312,37.16013
XKF1,39944849,1,47.34,-5.16,221.77,-16.19282341003418,-16.463275909423828,1.6419365406036377,1.579011082649231,-280.6841735839844,58.759735107421875,-51.77853012084961,0.01,0.02,-0.01,0.09,1768451548.9002151,37.200114
XKF1,39944849,0,47.42,-5.12,221.72,-16.184505462646484,-16.468223571777344,1.6545437574386597,1.5795315504074097,-280.6721496582031,58.762516021728516,-51.76201629638672,0.01,0.02,0.0,0.09,1768451548.9002151,37.200114
XKF1,39984833,1,47.25,-5.08,222.61,-15.95004653930664,-16.714448928833008,1.6039719581604004,1.54220449924469,-281.3309326171875,58.09171676635742,-51.716033935546875,0.01,0.02,-0.01,0.09,1768451548.9401991,37.240098
XKF1,39984833,0,47.33,-5.04,222.58,-15.941997528076172,-16.719642639160156,1.6173460483551025,1.5437767505645752,-281.319091796875,58.0942268371582,-51.69940948486328,0.01,0.02,0.0,0.09,1768451548.9401991,37.240098
XKF1,40024817,0,47.22,-4.94,223.43,-15.698416709899902,-16.964107513427734,1.5785155296325684,1.511765480041504,-281.9558410644531,57.416656494140625,-51.63778305053711,0.01,0.02,0.0,0.09,1768451548.9801831,37.280082
XKF1,40024817,1,47.15,-4.98,223.47,-15.706391334533691,-16.958660125732422,1.564976692199707,1.5094720125198364,-281.967529296875,57.41441345214844,-51.654537200927734,0.01,0.02,-0.01,0.09,1768451548.9801831,37.280082
XKF1,40064801,0,47.11,-4.86,224.29,-15.44909381866455,-17.19939613342285,1.5398274660110474,1.4844071865081787,-282.5790100097656,56.73324203491211,-51.578453063964844,0.02,0.02,-0.01,0.09,1768451549.020167,37.320066
XKF1,40064801,1,47.04,-4.89,224.31,-15.456610679626465,-17.193143844604492,1.5272929668426514,1.4822388887405396,-282.5904235839844,56.73128128051758,-51.59524917602539,0.02,0.02,-0.02,0.09,1768451549.020167,37.320066
XKF1,40104785,0,46.98,-4.78,225.15,-15.195570945739746,-17.429134368896484,1.501711368560791,1.4357777833938599,-283.1889953613281,56.0437126159668,-51.52086639404297,0.02,0.02,-0.01,0.09,1768451549.060151,37.36005
XKF1,40104785,1,46.9,-4.81,225.2,-15.202789306640625,-17.422983169555664,1.488709568977356,1.4342890977859497,-283.2000427246094,56.04203414916992,-51.537628173828125,0.02,0.02,-0.02,0.09,1768451549.060151,37.36005
XKF1,40144769,0,46.85,-4.7,226.01,-14.938499450683594,-17.6533145904541,1.4622117280960083,1.3992377519607544,-283.7890625,55.344970703125,-51.464073181152344,0.02,0.02,-0.01,0.09,1768451549.100135,37.400034
XKF1,40144769,1,46.77,-4.73,226.06,-14.945343971252441,-17.645732879638672,1.4478741884231567,1.397557020187378,-283.7998352050781,55.34359359741211,-51.48087692260742,0.02,0.02,-0.02,0.09,1768451549.100135,37.400034
XKF1,40184753,1,46.65,-4.66,226.88,-14.688448905944824,-17.86446189880371,1.4116734266281128,1.3683346509933472,-284.3896789550781,54.63619613647461,-51.42550277709961,0.02,0.02,-0.02,0.09,1768451549.140119,37.440018
XKF1,40184753,0,46.72,-4.62,226.85,-14.681543350219727,-17.87001609802246,1.4269176721572876,1.3707871437072754,-284.37908935546875,54.637271881103516,-51.40853500366211,0.02,0.02,-0.01,0.09,1768451549.140119,37.440018
XKF1,40224737,0,46.58,-4.56,227.68,-14.424836158752441,-18.082509994506836,1.3930128812789917,1.345789909362793,-284.9590759277344,53.920928955078125,-51.35378646850586,0.02,0.02,-0.01,0.09,1768451549.180103,37.480002
XKF1,40224737,1,46.5,-4.59,227.73,-14.432307243347168,-18.077102661132812,1.3783878087997437,1.3433281183242798,-284.969482421875,53.920082092285156,-51.370906829833984,0.02,0.02,-0.02,0.09,1768451549.180103,37.480002
XKF1,40264721,1,46.37,-4.52,228.53,-14.173604965209961,-18.280170440673828,1.346339225769043,1.3216379880905151,-285.5367736816406,53.198341369628906,-51.318397521972656,0.02,0.02,-0.02,0.09,1768451549.220087,37.519986
XKF1,40264721,0,46.44,-4.49,228.5,-14.166596412658691,-18.285133361816406,1.3606594800949097,1.3246945142745972,-285.5266418457031,53.19898223876953,-51.30120849609375,0.02,0.02,-0.01,0.09,1768451549.220087,37.519986
XKF1,40304705,1,46.22,-4.44,229.35,-13.915016174316406,-18.473966598510742,1.3158560991287231,1.2803515195846558,-286.0919494628906,52.470882415771484,-51.26801681518555,0.02,0.02,-0.02,0.09,1768451549.260071,37.55997
XKF1,40304705,0,46.29,-4.41,229.3,-13.90695571899414,-18.47991180419922,1.329222321510315,1.281341791152954,-286.08209228515625,52.47134017944336,-51.25084686279297,0.02,0.02,-0.01,0.09,1768451549.260071,37.55997
XKF1,40344689,1,46.07,-4.37,230.15,-13.658403396606445,-18.662212371826172,1.2848680019378662,1.2363770008087158,-286.63751220703125,51.73516845703125,-51.21879959106445,0.02,0.02,-0.02,0.09,1768451549.300055,37.599954
XKF1,40344689,0,46.15,-4.34,230.1,-13.650864601135254,-18.66808319091797,1.298540472984314,1.2366433143615723,-286.62786865234375,51.73542785644531,-51.20161437988281,0.02,0.02,-0.01,0.09,1768451549.300055,37.599954
XKF1,40384673,0,45.98,-4.29,230.9,-13.3937349319458,-18.853042602539062,1.2698229551315308,1.2014738321304321,-287.1639404296875,50.99150085449219,-51.15325164794922,0.02,0.02,-0.01,0.09,1768451549.3400393,37.639938
XKF1,40384673,1,45.91,-4.32,230.94,-13.401276588439941,-18.846914291381836,1.2569314241409302,1.2017741203308105,-287.1734313964844,50.99147033691406,-51.17048645019531,0.02,0.02,-0.02,0.09,1768451549.3400393,37.639938
XKF1,40424657,0,45.83,-4.25,231.69,-13.138105392456055,-19.02925682067871,1.243730902671814,1.177648901939392,-287.69024658203125,50.2402229309082,-51.105224609375,0.02,0.02,-0.01,0.09,1768451549.3800232,37.679922
XKF1,40424657,1,45.76,-4.28,231.74,-13.143302917480469,-19.024581909179688,1.2300398349761963,1.1766111850738525,-287.6995544433594,50.24037551879883,-51.12251281738281,0.02,0.02,-0.02,0.09,1768451549.3800232,37.679922
XKF1,40464641,0,45.69,-4.22,232.48,-12.881086349487305,-19.199981689453125,1.218894124031067,1.1617432832717896,-288.2051086425781,49.4835319519043,-51.05884552001953,0.02,0.02,-0.02,0.09,1768451549.4200072,37.719906
XKF1,40464641,1,45.62,-4.25,232.51,-12.885614395141602,-19.194509506225586,1.2057247161865234,1.1606141328811646,-288.2141418457031,49.483829498291016,-51.07615661621094,0.02,0.02,-0.03,0.09,1768451549.4200072,37.719906
XKF1,40504625,0,45.54,-4.2,233.27,-12.621642112731934,-19.362995147705078,1.1966050863265991,1.1304092407226562,-288.70867919921875,48.72171401977539,-51.013702392578125,0.02,0.02,-0.02,0.09,1768451549.4599912,37.75989
XKF1,40504625,1,45.46,-4.22,233.31,-12.625710487365723,-19.359020233154297,1.1835395097732544,1.13048255443573,-288.71728515625,48.72210693359375,-51.030921936035156,0.02,0.02,-0.03,0.09,1768451549.4599912,37.75989
XKF1,40544609,0,45.39,-4.17,234.03,-12.363327980041504,-19.52165412902832,1.1761962175369263,1.1094223260879517,-289.20263671875,47.952606201171875,-50.96885681152344,0.02,0.02,-0.02,0.09,1768451549.4999752,37.799874
XKF1,40544609,1,45.32,-4.2,234.06,-12.366710662841797,-19.51896095275879,1.1645163297653198,1.1119450330734253,-289.21087646484375,47.95305633544922,-50.98601150512695,0.02,0.02,-0.03,0.09,1768451549.4999752,37.799874
XKF1,40584593,0,45.24,-4.15,234.77,-12.107303619384766,-19.675498962402344,1.1604262590408325,1.097005009651184,-289.6869201660156,47.1765022277832,-50.92451858520508,0.02,0.02,-0.02,0.09,1768451549.5399592,37.839858
XKF1,40584593,1,45.17,-4.17,234.82,-12.1109037399292,-19.67150115966797,1.1480265855789185,1.0986629724502563,-289.6948547363281,47.17699432373047,-50.94165802001953,0.02,0.02,-0.03,0.09,1768451549.5399592,37.839858
XKF1,40624577,0,45.09,-4.14,235.5,-11.855976104736328,-19.82408905029297,1.148634672164917,1.0904877185821533,-290.1616516113281,46.393653869628906,-50.88038635253906,0.02,0.02,-0.02,0.09,1768451549.5799432,37.879842
XKF1,40624577,1,45.02,-4.16,235.55,-11.860466957092285,-19.817991256713867,1.1369954347610474,1.092306137084961,-290.16937255859375,46.3942756652832,-50.89751052856445,0.02,0.02,-0.02,0.09,1768451549.5799432,37.879842
XKF1,40664561,0,44.94,-4.12,236.23,-11.603922843933105,-19.965253829956055,1.1376887559890747,1.0865000486373901,-290.6256103515625,45.60633087158203,-50.8371467590332,0.02,0.02,-0.02,0.09,1768451549.6199272,37.919826
XKF1,40664561,1,44.87,-4.15,236.26,-11.607291221618652,-19.957382202148438,1.1253048181533813,1.0866979360580444,-290.633056640625,45.607147216796875,-50.85419845581055,0.02,0.02,-0.03,0.09,1768451549.6199272,37.919826
XKF1,40704545,1,44.7,-4.12,237.02,-11.351517677307129,-20.0943546295166,1.1122604608535767,1.0685417652130127,-291.0859680175781,44.81554412841797,-50.81199264526367,0.02,0.02,-0.03,0.09,1768451549.6599112,37.95981
XKF1,40704545,0,44.77,-4.1,236.97,-11.350671768188477,-20.10232162475586,1.1252334117889404,1.0677533149719238,-291.0788879394531,44.81452941894531,-50.795047760009766,0.02,0.02,-0.02,0.09,1768451549.6599112,37.95981
XKF1,40744529,0,44.6,-4.08,237.7,-11.095582008361816,-20.23649787902832,1.1088370084762573,1.0418888330459595,-291.522705078125,44.01640701293945,-50.75342559814453,0.02,0.02,-0.02,0.09,1768451549.6998951,37.999794
XKF1,40744529,1,44.53,-4.1,237.73,-11.10162353515625,-20.225297927856445,1.0972427129745483,1.0452361106872559,-291.5201416015625,44.03450393676758,-50.77123260498047,0.02,0.02,-0.03,0.09,1768451549.6998951,37.999794
XKF1,40784513,0,44.43,-4.07,238.4,-10.841876029968262,-20.363765716552734,1.0965474843978882,1.0266530513763428,-291.95697021484375,43.21223449707031,-50.71210861206055,0.02,0.02,-0.02,0.09,1768451549.7398791,38.039778
XKF1,40784513,1,44.35,-4.09,238.45,-10.848102569580078,-20.353822708129883,1.0852214097976685,1.0289735794067383,-291.95428466796875,43.230648040771484,-50.7298698425293,0.02,0.02,-0.03,0.09,1768451549.7398791,38.039778
XKF1,40824497,0,44.27,-4.05,239.1,-10.591145515441895,-20.485984802246094,1.0858606100082397,1.0157169103622437,-292.3816833496094,42.40232849121094,-50.67127990722656,0.02,0.02,-0.02,0.09,1768451549.779863,38.079762
XKF1,40824497,1,44.2,-4.07,239.15,-10.596261024475098,-20.47808837890625,1.0749728679656982,1.01790189743042,-292.3789367675781,42.421024322509766,-50.68899917602539,0.02,0.02,-0.03,0.09,1768451549.779863,38.079762
XKF1,40864481,1,44.05,-4.06,239.84,-10.345406532287598,-20.595914840698242,1.0645452737808228,1.0085082054138184,-292.7931823730469,41.60746765136719,-50.64874267578125,0.03,0.02,-0.03,0.09,1768451549.819847,38.119746
XKF1,40864481,0,44.12,-4.04,239.81,-10.33907413482666,-20.604642868041992,1.0748993158340454,1.0066967010498047,-292.7960510253906,41.588592529296875,-50.63116455078125,0.02,0.02,-0.02,0.09,1768451549.819847,38.119746
XKF1,40904465,0,43.98,-4.03,240.52,-10.085434913635254,-20.71929931640625,1.0637714862823486,0.9887473583221436,-293.2000427246094,40.77092742919922,-50.591522216796875,0.02,0.02,-0.02,0.09,1768451549.859831,38.15973
XKF1,40904465,1,43.91,-4.05,240.57,-10.093745231628418,-20.711538314819336,1.0533947944641113,0.9919000267982483,-293.19708251953125,40.78993606567383,-50.6088981628418,0.03,0.02,-0.03,0.09,1768451549.859831,38.15973
XKF1,40944449,1,43.77,-4.04,241.27,-9.840590476989746,-20.823972702026367,1.0410540103912354,0.9816814661026001,-293.5915222167969,39.96697998046875,-50.56911849975586,0.03,0.02,-0.03,0.09,1768451549.899815,38.199714
XKF1,40944449,0,43.84,-4.03,241.23,-9.833205223083496,-20.832897186279297,1.0526117086410522,0.9785851240158081,-293.594482421875,39.947818756103516,-50.551876068115234,0.02,0.02,-0.02,0.09,1768451549.899815,38.199714
XKF1,40984433,1,43.61,-4.04,242.0,-9.588092803955078,-20.9332275390625,1.0292582511901855,0.9749237298965454,-293.9764099121094,39.13880920410156,-50.529605865478516,0.03,0.02,-0.03,0.09,1768451549.939799,38.239698
XKF1,40984433,0,43.68,-4.03,241.95,-9.578980445861816,-20.94251251220703,1.0412284135818481,0.9722726345062256,-293.97930908203125,39.119441986083984,-50.51239013671875,0.02,0.02,-0.02,0.09,1768451549.939799,38.239698
XKF1,41024417,1,43.49,-4.07,242.72,-9.333282470703125,-21.03856086730957,1.0190151929855347,0.9706788063049316,-294.35162353515625,38.3056640625,-50.49028015136719,0.03,0.02,-0.03,0.09,1768451549.979783,38.279682
XKF1,41024417,0,43.56,-4.05,242.67,-9.324618339538574,-21.049285888671875,1.0300078392028809,0.9679164886474609,-294.35443115234375,38.286033630371094,-50.47311782836914,0.02,0.02,-0.02,0.09,1768451549.979783,38.279682
XKF1,41064401,0,43.44,-4.07,243.4,-9.06914234161377,-21.150794982910156,1.0231541395187378,0.9684951901435852,-294.7193298339844,37.449012756347656,-50.434356689453125,0.02,0.02,-0.02,0.09,1768451550.019767,38.319666
XKF1,41064401,1,43.37,-4.08,243.43,-9.077191352844238,-21.13877296447754,1.012969970703125,0.9710432291030884,-294.7166748046875,37.46868896484375,-50.45138168334961,0.03,0.02,-0.03,0.09,1768451550.019767,38.319666
XKF1,41104385,0,43.34,-4.06,244.12,-8.811238288879395,-21.251483917236328,1.0147972106933594,0.9591386914253235,-295.073974609375,36.608402252197266,-50.396331787109375,0.02,0.02,-0.02,0.09,1768451550.059751,38.35965
XKF1,41104385,1,43.27,-4.08,244.17,-8.817681312561035,-21.239931106567383,1.0051496028900146,0.9634349346160889,-295.07147216796875,36.6279296875,-50.41311264038086,0.03,0.02,-0.03,0.09,1768451550.059751,38.35965
XKF1,41144369,0,43.26,-4.07,244.83,-8.549914360046387,-21.350576400756836,1.0077459812164307,0.9464907050132751,-295.418701171875,35.76298904418945,-50.35858154296875,0.03,0.02,-0.02,0.09,1768451550.099735,38.399634
XKF1,41144369,1,43.19,-4.08,244.86,-8.557663917541504,-21.338468551635742,0.9976545572280884,0.9513044953346252,-295.4163513183594,35.782447814941406,-50.375144958496094,0.03,0.02,-0.03,0.09,1768451550.099735,38.399634
XKF1,41184353,1,43.09,-4.04,245.57,-8.297094345092773,-21.433692932128906,0.9908025860786438,0.9431890845298767,-295.75115966796875,34.93247985839844,-50.337223052978516,0.03,0.02,-0.03,0.09,1768451550.1397192,38.439618
XKF1,41184353,0,43.16,-4.03,245.52,-8.290336608886719,-21.44544792175293,0.9990086555480957,0.9366949796676636,-295.7533264160156,34.91301727294922,-50.32083511352539,0.03,0.02,-0.02,0.09,1768451550.1397192,38.439618
XKF1,41224337,0,43.05,-4.0,246.21,-8.028077125549316,-21.536928176879883,0.9871192574501038,0.9261781573295593,-296.0778503417969,34.05870819091797,-50.28362274169922,0.03,0.02,-0.02,0.09,1768451550.1797032,38.479602
XKF1,41224337,1,42.98,-4.01,246.26,-8.036200523376465,-21.524810791015625,0.9780654907226562,0.9311607480049133,-296.07586669921875,34.07820129394531,-50.29984664916992,0.03,0.02,-0.03,0.09,1768451550.1797032,38.479602
XKF1,41264321,0,42.94,-3.97,246.91,-7.7655487060546875,-21.62568473815918,0.9718678593635559,0.9133944511413574,-296.3919677734375,33.20116424560547,-50.246910095214844,0.03,0.02,-0.02,0.09,1768451550.2196872,38.519586
XKF1,41264321,1,42.88,-3.98,246.95,-7.772928237915039,-21.614866256713867,0.9644441604614258,0.9189703464508057,-296.39019775390625,33.220458984375,-50.26287841796875,0.03,0.02,-0.03,0.09,1768451550.2196872,38.519586
XKF1,41305138,1,42.77,-3.94,247.68,-7.495774269104004,-21.702917098999023,0.9475593566894531,0.9033890962600708,-296.70660400390625,32.323177337646484,-50.22503662109375,0.03,0.02,-0.03,0.09,1768451550.2605042,38.560403
XKF1,41305138,0,42.83,-3.93,247.63,-7.500767230987549,-21.710037231445312,0.956535279750824,0.8982046842575073,-296.6956481933594,32.34044647216797,-50.21099090576172,0.03,0.02,-0.02,0.09,1768451550.2605042,38.560403
XKF1,41345122,1,42.66,-3.91,248.4,-7.228622913360596,-21.78920555114746,0.9304752349853516,0.8862035274505615,-296.9996337890625,31.45794105529785,-50.189430236816406,0.03,0.02,-0.03,0.09,1768451550.3004882,38.600387
XKF1,41345122,0,42.72,-3.9,248.34,-7.234424591064453,-21.793066024780273,0.9387114644050598,0.8783173561096191,-296.98895263671875,31.47572135925293,-50.17564392089844,0.03,0.02,-0.02,0.09,1768451550.3004882,38.600387
XKF1,41385106,0,42.6,-3.86,249.05,-6.962009906768799,-21.873321533203125,0.9207393527030945,0.8627322912216187,-297.27764892578125,30.58894920349121,-50.13991928100586,0.03,0.02,-0.02,0.09,1768451550.3404722,38.640371
XKF1,41385106,1,42.54,-3.87,249.08,-6.962069988250732,-21.867877960205078,0.9137966632843018,0.8707200288772583,-297.2822265625,30.58889389038086,-50.154258728027344,0.03,0.02,-0.03,0.09,1768451550.3404722,38.640371
XKF1,41425090,0,42.47,-3.84,249.74,-6.698535919189453,-21.950153350830078,0.9048836827278137,0.853295087814331,-297.5498962402344,29.717130661010742,-50.1050910949707,0.03,0.02,-0.02,0.09,1768451550.3804562,38.680355
XKF1,41425090,1,42.4,-3.85,249.78,-6.699193954467773,-21.94440460205078,0.897549569606781,0.8598393797874451,-297.5544738769531,29.716711044311523,-50.11920166015625,0.03,0.02,-0.03,0.09,1768451550.3804562,38.680355
XKF1,41465074,1,42.26,-3.81,250.46,-6.436715602874756,-22.021034240722656,0.8832151889801025,0.8587517142295837,-297.8187255859375,28.83104705810547,-50.08327102661133,0.02,0.02,-0.03,0.09,1768451550.4204402,38.720339
XKF1,41465074,0,42.32,-3.8,250.42,-6.43672513961792,-22.02691650390625,0.8897321224212646,0.8514569401741028,-297.814208984375,28.832183837890625,-50.06952667236328,0.02,0.02,-0.02,0.09,1768451550.4204402,38.720339
XKF1,41505058,1,42.12,-3.77,251.15,-6.17275333404541,-22.096315383911133,0.8662703037261963,0.8616397380828857,-298.0722961425781,27.943092346191406,-50.04768371582031,0.02,0.02,-0.03,0.09,1768451550.4604242,38.760323
XKF1,41505058,0,42.18,-3.77,251.1,-6.1731977462768555,-22.101694107055664,0.8729416728019714,0.853888988494873,-298.06787109375,27.944849014282227,-50.034263610839844,0.02,0.02,-0.02,0.09,1768451550.4604242,38.760323
XKF1,41545042,1,41.98,-3.74,251.83,-5.911145210266113,-22.167333602905273,0.8496707677841187,0.8643227219581604,-298.3152770996094,27.052854537963867,-50.01251220703125,0.02,0.02,-0.02,0.09,1768451550.5004082,38.800307
XKF1,41545042,0,42.04,-3.73,251.78,-5.910699844360352,-22.17223358154297,0.8560412526130676,0.8561664819717407,-298.3108825683594,27.055152893066406,-49.999366760253906,0.02,0.02,-0.02,0.09,1768451550.5004082,38.800307
XKF1,41585026,0,41.9,-3.72,252.45,-5.648593425750732,-22.237667083740234,0.8404377102851868,0.8533840775489807,-298.54327392578125,26.16316032409668,-49.965091705322266,0.02,0.02,-0.02,0.09,1768451550.5403922,38.840291
XKF1,41585026,1,41.84,-3.72,252.48,-5.648935317993164,-22.233299255371094,0.8334332704544067,0.8601185083389282,-298.5476379394531,26.16039276123047,-49.97804260253906,0.02,0.02,-0.02,0.09,1768451550.5403922,38.840291
XKF1,41625010,1,41.7,-3.72,253.16,-5.390700817108154,-22.29507827758789,0.8196372985839844,0.8509668707847595,-298.76953125,25.265823364257812,-49.944427490234375,0.02,0.02,-0.02,0.09,1768451550.5803761,38.880275
XKF1,41625010,0,41.76,-3.71,253.11,-5.390865802764893,-22.299341201782227,0.8271393179893494,0.8457736968994141,-298.76519775390625,25.269006729125977,-49.9316520690918,0.02,0.02,-0.02,0.09,1768451550.5803761,38.880275
XKF1,41664994,1,41.59,-3.7,253.8,-5.133905410766602,-22.35711669921875,0.8107894062995911,0.8453375101089478,-298.9820861816406,24.362382888793945,-49.91032028198242,0.02,0.02,-0.02,0.09,1768451550.6203601,38.920259
XKF1,41664994,0,41.65,-3.69,253.76,-5.134722709655762,-22.361528396606445,0.8180553913116455,0.8404370546340942,-298.9779357910156,24.365808486938477,-49.89773941040039,0.02,0.02,-0.01,0.09,1768451550.6203601,38.920259
XKF1,41704978,0,41.52,-3.67,254.41,-4.879520416259766,-22.419954299926758,0.8049092888832092,0.8353109955787659,-299.18017578125,23.461318969726562,-49.86479187011719,0.02,0.02,-0.01,0.09,1768451550.6603441,38.960243
XKF1,41704978,1,41.46,-3.67,254.46,-4.879059791564941,-22.415691375732422,0.7980485558509827,0.8401603698730469,-299.1841735839844,23.457685470581055,-49.877193450927734,0.02,0.02,-0.02,0.09,1768451550.6603441,38.960243
XKF1,41744962,0,41.4,-3.66,255.06,-4.625439643859863,-22.476408004760742,0.7940335869789124,0.8189029693603516,-299.3720703125,22.555543899536133,-49.83272933959961,0.02,0.02,-0.01,0.09,1768451550.700328,39.000227
XKF1,41744962,1,41.34,-3.66,255.11,-4.625380992889404,-22.4715576171875,0.7862330079078674,0.8224325180053711,-299.3759460449219,22.5517520904541,-49.845008850097656,0.02,0.02,-0.02,0.09,1768451550.700328,39.000227
XKF1,41784946,1,41.21,-3.65,255.74,-4.37102746963501,-22.522851943969727,0.7761737704277039,0.8059335350990295,-299.5573425292969,21.644580841064453,-49.813228607177734,0.02,0.02,-0.02,0.09,1768451550.740312,39.040211
XKF1,41784946,0,41.26,-3.65,255.71,-4.371833324432373,-22.528091430664062,0.7838958501815796,0.803226888179779,-299.5536193847656,21.64845848083496,-49.80100631713867,0.02,0.02,-0.01,0.09,1768451550.740312,39.040211
XKF1,41824930,1,41.06,-3.65,256.4,-4.120016574859619,-22.568601608276367,0.7669714093208313,0.7877241373062134,-299.728515625,20.736297607421875,-49.782718658447266,0.02,0.02,-0.02,0.09,1768451550.780296,39.080195
XKF1,41824930,0,41.12,-3.64,256.35,-4.120785713195801,-22.574350357055664,0.7747806906700134,0.78609299659729,-299.72491455078125,20.740209579467773,-49.77054977416992,0.02,0.02,-0.01,0.09,1768451550.780296,39.080195
XKF1,41864914,0,40.97,-3.62,257.0,-3.8674824237823486,-22.62168312072754,0.7634671926498413,0.7671329975128174,-299.8867492675781,19.825149536132812,-49.739532470703125,0.02,0.02,-0.01,0.09,1768451550.82028,39.120179
XKF1,41864914,1,40.92,-3.62,257.03,-3.8668911457061768,-22.61611557006836,0.755862832069397,0.7686918377876282,-299.8901672363281,19.821300506591797,-49.751583099365234,0.02,0.02,-0.02,0.09,1768451550.82028,39.120179
XKF1,41904898,0,40.83,-3.59,257.65,-3.6137540340423584,-22.665006637573242,0.7474749684333801,0.7539871335029602,-300.0382385253906,18.909557342529297,-49.70949172973633,0.02,0.02,-0.01,0.09,1768451550.860264,39.160163
XKF1,41904898,1,40.77,-3.6,257.7,-3.6133480072021484,-22.658544540405273,0.7396132349967957,0.7553707957267761,-300.0414733886719,18.905813217163086,-49.721458435058594,0.02,0.02,-0.02,0.09,1768451550.860264,39.160163
XKF1,41944882,1,40.63,-3.56,258.35,-3.3584306240081787,-22.69572639465332,0.7243325710296631,0.7333437204360962,-300.18243408203125,17.98988914489746,-49.692352294921875,0.02,0.02,-0.02,0.09,1768451550.900248,39.200147
XKF1,41944882,0,40.69,-3.56,258.3,-3.359466314315796,-22.703258514404297,0.7326607704162598,0.73236083984375,-300.1793518066406,17.99347496032715,-49.68041229248047,0.02,0.02,-0.01,0.09,1768451550.900248,39.200147
XKF1,41984866,1,40.51,-3.52,259.0,-3.1023993492126465,-22.729507446289062,0.7029719352722168,0.7074143886566162,-300.3130187988281,17.073562622070312,-49.66386413574219,0.02,0.02,-0.02,0.09,1768451550.940232,39.240131
XKF1,41984866,0,40.56,-3.52,258.97,-3.1027214527130127,-22.737699508666992,0.7112991213798523,0.7070786356925964,-300.3100280761719,17.076940536499023,-49.65189743041992,0.02,0.02,-0.01,0.09,1768451550.940232,39.240131
XKF1,42024850,0,40.45,-3.49,259.65,-2.8435111045837402,-22.77117347717285,0.6904089450836182,0.6873987913131714,-300.43023681640625,16.15991973876953,-49.62385177612305,0.02,0.02,-0.01,0.09,1768451550.980216,39.280115
XKF1,42024850,1,40.39,-3.5,259.69,-2.843031883239746,-22.76220703125,0.6820258498191833,0.6869198083877563,-300.43310546875,16.15680694580078,-49.63583755493164,0.02,0.02,-0.02,0.09,1768451550.980216,39.280115
XKF1,42064834,0,40.32,-3.47,260.29,-2.5857162475585938,-22.80021858215332,0.6719425320625305,0.6751630902290344,-300.53997802734375,15.238215446472168,-49.59601593017578,0.02,0.02,-0.01,0.09,1768451551.0202003,39.320099
XKF1,42064834,1,40.26,-3.47,260.33,-2.5850565433502197,-22.79088020324707,0.6635704040527344,0.6747779250144958,-300.5426330566406,15.235386848449707,-49.60791778564453,0.02,0.02,-0.02,0.09,1768451551.0202003,39.320099
XKF1,42104818,1,40.14,-3.43,260.99,-2.330207109451294,-22.818172454833984,0.646027147769928,0.6664590835571289,-300.641845703125,14.314111709594727,-49.58100891113281,0.02,0.02,-0.02,0.09,1768451551.0601842,39.360083
XKF1,42104818,0,40.2,-3.43,260.94,-2.330204486846924,-22.827672958374023,0.6545665264129639,0.666404128074646,-300.6393127441406,14.31663703918457,-49.569156646728516,0.02,0.02,-0.01,0.09,1768451551.0601842,39.360083
XKF1,42144802,1,40.03,-3.4,261.64,-2.0734126567840576,-22.84256362915039,0.6272335648536682,0.6480258703231812,-300.73065185546875,13.392906188964844,-49.55508804321289,0.02,0.02,-0.02,0.09,1768451551.1001682,39.400067
XKF1,42144802,0,40.09,-3.4,261.59,-2.0729799270629883,-22.85232162475586,0.6364440321922302,0.6482469439506531,-300.728271484375,13.395106315612793,-49.5432243347168,0.02,0.02,-0.01,0.09,1768451551.1001682,39.400067
XKF1,42184786,1,39.94,-3.38,262.26,-1.8172147274017334,-22.861976623535156,0.6110227108001709,0.630864679813385,-300.8091125488281,12.471783638000488,-49.529850006103516,0.02,0.02,-0.02,0.09,1768451551.1401522,39.440051
XKF1,42184786,0,39.99,-3.38,262.23,-1.8178308010101318,-22.872922897338867,0.6187406778335571,0.6300911903381348,-300.8068542480469,12.473610877990723,-49.517948150634766,0.02,0.02,-0.01,0.09,1768451551.1401522,39.440051
XKF1,42224770,0,39.9,-3.36,262.84,-1.5688228607177734,-22.889238357543945,0.6068744659423828,0.620761513710022,-300.8752136230469,11.552210807800293,-49.49272155761719,0.02,0.02,-0.01,0.09,1768451551.1801362,39.480035
XKF1,42224770,1,39.84,-3.36,262.89,-1.5684912204742432,-22.87761878967285,0.5989430546760559,0.6206216812133789,-300.8774108886719,11.550814628601074,-49.504634857177734,0.02,0.02,-0.02,0.09,1768451551.1801362,39.480035
XKF1,42264754,1,39.74,-3.34,263.47,-1.3236796855926514,-22.887468338012695,0.5895603895187378,0.6160560250282288,-300.935546875,10.633856773376465,-49.48037338256836,0.02,0.02,-0.02,0.09,1768451551.2201202,39.520019
XKF1,42264754,0,39.79,-3.34,263.44,-1.3244051933288574,-22.900550842285156,0.5965806841850281,0.616041362285614,-300.9334716796875,10.634842872619629,-49.46852111816406,0.02,0.02,-0.01,0.09,1768451551.2201202,39.520019
XKF1,42304738,1,39.62,-3.32,264.09,-1.0811418294906616,-22.894418716430664,0.5817082524299622,0.600574791431427,-300.9837646484375,9.720410346984863,-49.457149505615234,0.02,0.02,-0.02,0.09,1768451551.2601042,39.560003
XKF1,42304738,0,39.67,-3.32,264.04,-1.0820420980453491,-22.907032012939453,0.5870022177696228,0.597784161567688,-300.9818420410156,9.721001625061035,-49.445465087890625,0.02,0.02,-0.01,0.09,1768451551.2601042,39.560003
XKF1,42344722,0,39.54,-3.29,264.66,-0.8405213356018066,-22.911333084106445,0.5762660503387451,0.5745247602462769,-301.0205078125,8.806760787963867,-49.42290115356445,0.02,0.02,-0.01,0.09,1768451551.3000882,39.599987
XKF1,42344722,1,39.49,-3.29,264.7,-0.8397699594497681,-22.899967193603516,0.5709599256515503,0.5781737565994263,-301.02227783203125,8.806541442871094,-49.434425354003906,0.02,0.02,-0.02,0.09,1768451551.3000882,39.599987
XKF1,42384706,0,39.42,-3.26,265.27,-0.5991562008857727,-22.912952423095703,0.5635033845901489,0.554527759552002,-301.0495300292969,7.892261505126953,-49.40072250366211,0.02,0.02,-0.01,0.09,1768451551.3400722,39.639971
XKF1,42384706,1,39.36,-3.26,265.3,-0.5976175665855408,-22.90125274658203,0.5590536594390869,0.5590276718139648,-301.0511474609375,7.8924174308776855,-49.4121208190918,0.02,0.02,-0.02,0.09,1768451551.3400722,39.639971
XKF1,42424690,1,39.24,-3.24,265.9,-0.3593340218067169,-22.900632858276367,0.5498719811439514,0.5464242696762085,-301.0704345703125,6.978175640106201,-49.3901481628418,0.02,0.02,-0.02,0.09,1768451551.3800561,39.679955
XKF1,42424690,0,39.3,-3.24,265.86,-0.35929128527641296,-22.91209602355957,0.554694414138794,0.5427075028419495,-301.06890869140625,6.977611541748047,-49.37887954711914,0.02,0.02,-0.01,0.09,1768451551.3800561,39.679955
XKF1,42464674,1,39.13,-3.22,266.48,-0.12496628612279892,-22.894811630249023,0.5399667024612427,0.53572678565979,-301.0802001953125,6.067450046539307,-49.36875534057617,0.02,0.02,-0.02,0.09,1768451551.4200401,39.719939
XKF1,42464674,0,39.18,-3.23,266.45,-0.12416614592075348,-22.90728187561035,0.5431494116783142,0.5310916304588318,-301.0787048339844,6.066527843475342,-49.35768508911133,0.02,0.02,-0.01,0.09,1768451551.4200401,39.719939
XKF1,42504658,0,39.04,-3.22,267.04,0.10852029919624329,-22.899473190307617,0.5340417623519897,0.5168262124061584,-301.07916259765625,5.157773017883301,-49.33734130859375,0.02,0.02,-0.01,0.09,1768451551.460024,39.759923
XKF1,42504658,1,38.98,-3.21,267.09,0.10751809179782867,-22.885387420654297,0.530109167098999,0.5213314294815063,-301.0805969238281,5.159030437469482,-49.34818649291992,0.02,0.02,-0.02,0.09,1768451551.460024,39.759923
XKF1,42544642,0,38.92,-3.21,267.64,0.3385842740535736,-22.889881134033203,0.5279225707054138,0.5022674202919006,-301.0704040527344,4.248642444610596,-49.31736755371094,0.02,0.02,-0.01,0.09,1768451551.500008,39.799907
XKF1,42544642,1,38.87,-3.21,267.68,0.3373960554599762,-22.874971389770508,0.5243344306945801,0.5075379014015198,-301.0718078613281,4.250298500061035,-49.32801055908203,0.02,0.02,-0.02,0.09,1768451551.500008,39.799907
XKF1,42584626,1,38.77,-3.2,268.26,0.5642868876457214,-22.86421775817871,0.5186904668807983,0.4973539710044861,-301.05389404296875,3.3413636684417725,-49.307987213134766,0.02,0.02,-0.02,0.09,1768451551.539992,39.839891
XKF1,42584626,0,38.83,-3.2,268.23,0.5662611126899719,-22.87934112548828,0.5206438302993774,0.49069321155548096,-301.052490234375,3.339256763458252,-49.297508239746094,0.02,0.02,-0.01,0.09,1768451551.539992,39.839891
XKF1,42624610,1,38.67,-3.2,268.86,0.792708694934845,-22.849369049072266,0.5102390050888062,0.4844924807548523,-301.0269470214844,2.432389736175537,-49.288780212402344,0.02,0.02,-0.02,0.09,1768451551.579976,39.879875
XKF1,42624610,0,38.73,-3.2,268.82,0.79557204246521,-22.86501121520996,0.511993408203125,0.47837159037590027,-301.0254821777344,2.4297916889190674,-49.27851104736328,0.02,0.02,-0.01,0.09,1768451551.579976,39.879875
XKF1,42664594,0,38.64,-3.2,269.41,1.0230584144592285,-22.847745895385742,0.5065646767616272,0.4682994484901428,-300.989501953125,1.5228137969970703,-49.259620666503906,0.02,0.02,-0.02,0.09,1768451551.61996,39.919859
XKF1,42664594,1,38.58,-3.19,269.44,1.0182815790176392,-22.832866668701172,0.5062479972839355,0.4751909375190735,-300.9910583496094,1.525806188583374,-49.269630432128906,0.02,0.02,-0.02,0.09,1768451551.61996,39.919859
XKF1,42704578,0,38.55,-3.18,270.0,1.250968337059021,-22.827415466308594,0.49973592162132263,0.4601448178291321,-300.944580078125,0.6180482506752014,-49.24054718017578,0.02,0.02,-0.02,0.09,1768451551.659944,39.959843
XKF1,42704578,1,38.5,-3.18,270.05,1.246517539024353,-22.813398361206055,0.498943030834198,0.46687638759613037,-300.94622802734375,0.6213380098342896,-49.2502326965332,0.02,0.02,-0.02,0.09,1768451551.659944,39.959843
XKF1,42744562,1,38.4,-3.15,270.65,1.4730548858642578,-22.793237686157227,0.49043405055999756,0.4669509530067444,-300.8923034667969,-0.2832545042037964,-49.230770111083984,0.02,0.02,-0.02,0.09,1768451551.699928,39.999827
XKF1,42744562,0,38.45,-3.15,270.61,1.478263258934021,-22.805526733398438,0.4909741282463074,0.4594448208808899,-300.89056396484375,-0.2868053913116455,-49.221378326416016,0.02,0.02,-0.02,0.09,1768451551.699928,39.999827
XKF1,42784546,1,38.29,-3.11,271.25,1.7041786909103394,-22.767597198486328,0.47539398074150085,0.46010491251945496,-300.8292541503906,-1.1877110004425049,-49.21176528930664,0.02,0.02,-0.02,0.09,1768451551.739912,40.039811
XKF1,42784546,0,38.35,-3.11,271.21,1.7101329565048218,-22.78005027770996,0.47702741622924805,0.45386937260627747,-300.82733154296875,-1.191524863243103,-49.20259475708008,0.02,0.02,-0.02,0.09,1768451551.739912,40.039811
XKF1,42824530,0,38.26,-3.09,271.79,1.9411934614181519,-22.75439453125,0.4622698426246643,0.44701045751571655,-300.7547912597656,-2.095945358276367,-49.184139251708984,0.02,0.02,-0.02,0.09,1768451551.779896,40.079795
XKF1,42824530,1,38.2,-3.09,271.83,1.9277936220169067,-22.742042541503906,0.45992088317871094,0.4518584907054901,-300.7585754394531,-2.0728883743286133,-49.1934928894043,0.02,0.02,-0.02,0.09,1768451551.779896,40.079795
XKF1,42864514,0,38.18,-3.09,272.36,2.1657259464263916,-22.726055145263672,0.4527752697467804,0.44427645206451416,-300.6732482910156,-2.9981439113616943,-49.166072845458984,0.02,0.02,-0.02,0.09,1768451551.8198802,40.119779
XKF1,42864514,1,38.13,-3.08,272.39,2.152547836303711,-22.71428680419922,0.45176437497138977,0.44999903440475464,-300.6774597167969,-2.974926471710205,-49.17523193359375,0.03,0.02,-0.02,0.09,1768451551.8198802,40.119779
XKF1,42904498,0,38.1,-3.08,272.92,2.3859846591949463,-22.695030212402344,0.4471760094165802,0.44373631477355957,-300.5828552246094,-3.898231267929077,-49.14852523803711,0.02,0.02,-0.02,0.09,1768451551.8598642,40.159763
XKF1,42904498,1,38.05,-3.07,272.96,2.373929977416992,-22.68244743347168,0.44603201746940613,0.44922593235969543,-300.58746337890625,-3.8749067783355713,-49.15742111206055,0.03,0.02,-0.02,0.09,1768451551.8598642,40.159763
XKF1,42944482,0,38.02,-3.07,273.5,2.6071927547454834,-22.663164138793945,0.4411390721797943,0.43447691202163696,-300.483642578125,-4.797983169555664,-49.13143539428711,0.02,0.02,-0.02,0.09,1768451551.8998482,40.199747
XKF1,42944482,1,37.97,-3.06,273.53,2.5957932472229004,-22.6481876373291,0.4393622875213623,0.43956488370895386,-300.48858642578125,-4.774439811706543,-49.140106201171875,0.03,0.02,-0.02,0.09,1768451551.8998482,40.199747
XKF1,42984466,1,37.89,-3.04,274.13,2.8175406455993652,-22.61211395263672,0.4315275251865387,0.4288106858730316,-300.380859375,-5.673341274261475,-49.12303924560547,0.03,0.02,-0.02,0.09,1768451551.9398322,40.239731
XKF1,42984466,0,37.95,-3.05,274.09,2.83014178276062,-22.628053665161133,0.4321143925189972,0.42275649309158325,-300.3755187988281,-5.697207927703857,-49.114540100097656,0.02,0.02,-0.02,0.09,1768451551.9398322,40.239731
XKF1,43024450,1,37.82,-3.04,274.69,3.0380184650421143,-22.574504852294922,0.4230012893676758,0.4196958839893341,-300.2642517089844,-6.57145357131958,-49.10612106323242,0.03,0.02,-0.02,0.09,1768451551.9798162,40.279715
XKF1,43024450,0,37.87,-3.04,274.65,3.0515222549438477,-22.593341827392578,0.42352086305618286,0.41418448090553284,-300.2584228515625,-6.595738887786865,-49.09782791137695,0.02,0.02,-0.02,0.09,1768451551.9798162,40.279715
XKF1,43064434,0,37.77,-3.03,275.21,3.270372152328491,-22.555152893066406,0.4174659550189972,0.4096444547176361,-300.1328125,-7.4921674728393555,-49.081138610839844,0.02,0.02,-0.02,0.09,1768451552.0198002,40.319699
XKF1,43064434,1,37.72,-3.02,275.24,3.2570903301239014,-22.53521156311035,0.41722458600997925,0.41478195786476135,-300.13897705078125,-7.467689514160156,-49.08914566040039,0.03,0.02,-0.02,0.09,1768451552.0198002,40.319699
XKF1,43104418,0,37.7,-3.02,275.78,3.486607789993286,-22.514577865600586,0.41013896465301514,0.4085744619369507,-299.998779296875,-8.386533737182617,-49.0646858215332,0.02,0.02,-0.02,0.09,1768451552.0597842,40.359683
XKF1,43104418,1,37.65,-3.01,275.82,3.4732537269592285,-22.494733810424805,0.411215603351593,0.4162291884422302,-300.00518798828125,-8.362090110778809,-49.07231140136719,0.03,0.02,-0.02,0.09,1768451552.0597842,40.359683
XKF1,43144402,1,37.58,-3.01,276.38,3.6919546127319336,-22.45522689819336,0.40524110198020935,0.4111858606338501,-299.8626403808594,-9.255610466003418,-49.05598068237305,0.03,0.02,-0.02,0.09,1768451552.0997682,40.399667
XKF1,43144402,0,37.63,-3.01,276.35,3.703253984451294,-22.474090576171875,0.4033541679382324,0.4018150269985199,-299.85595703125,-9.280094146728516,-49.04875564575195,0.02,0.02,-0.02,0.09,1768451552.0997682,40.399667
XKF1,43184386,1,37.51,-3.0,276.96,3.9075369834899902,-22.414897918701172,0.4000414311885834,0.40519872307777405,-299.71136474609375,-10.148127555847168,-49.03987503051758,0.03,0.02,-0.02,0.09,1768451552.1397521,40.439651
XKF1,43184386,0,37.55,-3.01,276.92,3.9193999767303467,-22.43143653869629,0.3978978991508484,0.3953101933002472,-299.70440673828125,-10.172694206237793,-49.03299331665039,0.02,0.02,-0.02,0.09,1768451552.1397521,40.439651
XKF1,43224370,0,37.48,-2.99,277.49,4.1354146003723145,-22.38950538635254,0.3898538649082184,0.3848302662372589,-299.5441589355469,-11.06420612335205,-49.017879486083984,0.02,0.02,-0.02,0.09,1768451552.1797361,40.479635
XKF1,43224370,1,37.44,-2.98,277.53,4.1241960525512695,-22.372644424438477,0.39240920543670654,0.39475584030151367,-299.5513916015625,-11.039558410644531,-49.024391174316406,0.03,0.02,-0.02,0.09,1768451552.1797361,40.479635
XKF1,43264354,1,37.36,-2.96,278.09,4.342885971069336,-22.325963973999023,0.3828539550304413,0.380808562040329,-299.3829650878906,-11.92920970916748,-49.00874710083008,0.03,0.02,-0.02,0.09,1768451552.2197201,40.519619
XKF1,43264354,0,37.41,-2.97,278.06,4.351552963256836,-22.343154907226562,0.37955716252326965,0.37081992626190186,-299.3756408691406,-11.953667640686035,-49.002681732177734,0.03,0.02,-0.02,0.09,1768451552.2197201,40.519619
XKF1,43304338,1,37.3,-2.94,278.68,4.5603485107421875,-22.27686309814453,0.37268689274787903,0.37766897678375244,-299.2060241699219,-12.816995620727539,-48.99292755126953,0.03,0.02,-0.02,0.09,1768451552.259704,40.559603
XKF1,43304338,0,37.34,-2.94,278.64,4.569084644317627,-22.294452667236328,0.3689434230327606,0.3662770986557007,-299.19873046875,-12.841048240661621,-48.987342834472656,0.03,0.02,-0.02,0.09,1768451552.259704,40.559603
XKF1,43344322,1,37.24,-2.93,279.24,4.779586315155029,-22.229263305664062,0.36312559247016907,0.3780709505081177,-299.0202331542969,-13.703364372253418,-48.9774169921875,0.03,0.02,-0.02,0.09,1768451552.299688,40.599587
XKF1,43344322,0,37.28,-2.93,279.21,4.787053108215332,-22.24359130859375,0.36008062958717346,0.3668025732040405,-299.012939453125,-13.727080345153809,-48.9722785949707,0.03,0.02,-0.02,0.09,1768451552.299688,40.599587
XKF1,43385139,0,37.22,-2.91,279.78,5.001083850860596,-22.190181732177734,0.3497195541858673,0.3624160587787628,-298.8183898925781,-14.611590385437012,-48.95766067504883,0.03,0.02,-0.02,0.09,1768451552.3405051,40.640404
XKF1,43385139,1,37.18,-2.91,279.82,5.001157283782959,-22.17463493347168,0.3542264699935913,0.3751503825187683,-298.8174133300781,-14.625131607055664,-48.96177291870117,0.03,0.02,-0.02,0.09,1768451552.3405051,40.640404
XKF1,43425123,0,37.15,-2.88,280.35,5.217208385467529,-22.133678436279297,0.33703863620758057,0.34889358282089233,-298.6151428222656,-15.494405746459961,-48.94419860839844,0.03,0.02,-0.02,0.09,1768451552.380489,40.680388
XKF1,43425123,1,37.11,-2.88,280.4,5.2155609130859375,-22.1186580657959,0.341647744178772,0.3605746030807495,-298.6139221191406,-15.50808048248291,-48.9478645324707,0.03,0.02,-0.02,0.09,1768451552.380489,40.680388
XKF1,43465107,0,37.09,-2.86,280.92,5.440034866333008,-22.080581665039062,0.3263484537601471,0.34442275762557983,-298.39617919921875,-16.402450561523438,-48.92827606201172,0.02,0.02,-0.01,0.09,1768451552.420473,40.720372
XKF1,43465107,1,37.04,-2.85,280.96,5.434310436248779,-22.067501068115234,0.3313891291618347,0.35629794001579285,-298.399169921875,-16.398420333862305,-48.93171691894531,0.02,0.02,-0.02,0.09,1768451552.420473,40.720372
XKF1,43505091,0,37.03,-2.83,281.51,5.655371189117432,-22.025455474853516,0.3153773248195648,0.355406790971756,-298.1730651855469,-17.289661407470703,-48.913021087646484,0.02,0.02,-0.01,0.09,1768451552.460457,40.760356
XKF1,43505091,1,36.99,-2.83,281.53,5.649738788604736,-22.012319564819336,0.3204396367073059,0.3673211634159088,-298.1759033203125,-17.28622817993164,-48.91600036621094,0.02,0.02,-0.02,0.09,1768451552.460457,40.760356
XKF1,43545075,0,36.99,-2.8,282.1,5.873226165771484,-21.96746063232422,0.300570011138916,0.35868045687675476,-297.94140625,-18.17401885986328,-48.89826965332031,0.02,0.02,-0.01,0.09,1768451552.500441,40.80034
XKF1,43545075,1,36.94,-2.79,282.14,5.86767578125,-21.954504013061523,0.30617445707321167,0.37092125415802,-297.94415283203125,-18.171062469482422,-48.90080261230469,0.02,0.02,-0.02,0.09,1768451552.500441,40.80034
XKF1,43585059,0,36.93,-2.75,282.68,6.096579551696777,-21.90696907043457,0.2817939519882202,0.34886282682418823,-297.7010192871094,-19.055553436279297,-48.88442611694336,0.02,0.02,-0.01,0.09,1768451552.540425,40.840324
XKF1,43585059,1,36.89,-2.75,282.71,6.091379642486572,-21.894420623779297,0.2876478135585785,0.3607528507709503,-297.7037048339844,-19.052980422973633,-48.88651657104492,0.02,0.02,-0.02,0.09,1768451552.540425,40.840324
XKF1,43625043,0,36.88,-2.72,283.25,6.315403461456299,-21.845212936401367,0.26465094089508057,0.3361271619796753,-297.45184326171875,-19.934215545654297,-48.871070861816406,0.02,0.02,-0.01,0.09,1768451552.580409,40.880308
XKF1,43625043,1,36.84,-2.72,283.28,6.310369491577148,-21.833375930786133,0.271377831697464,0.34820857644081116,-297.4544677734375,-19.931934356689453,-48.87272262573242,0.02,0.02,-0.02,0.09,1768451552.580409,40.880308
XKF1,43665027,0,36.83,-2.69,283.81,6.534353733062744,-21.783504486083984,0.2519260346889496,0.3345092236995697,-297.1915588378906,-20.81714630126953,-48.85647201538086,0.02,0.02,-0.01,0.09,1768451552.620393,40.920292
XKF1,43665027,1,36.79,-2.69,283.84,6.52946662902832,-21.772504806518555,0.2594059109687805,0.3463992476463318,-297.194091796875,-20.81517219543457,-48.85771942138672,0.02,0.02,-0.01,0.09,1768451552.620393,40.920292
XKF1,43705011,0,36.79,-2.68,284.37,6.749499320983887,-21.722272872924805,0.24258816242218018,0.3424159586429596,-296.9229431152344,-21.696426391601562,-48.84242630004883,0.02,0.02,-0.01,0.09,1768451552.660377,40.960276
XKF1,43705011,1,36.75,-2.68,284.39,6.745467185974121,-21.71200180053711,0.25053972005844116,0.3535993695259094,-296.9253845214844,-21.69469451904297,-48.843257904052734,0.02,0.02,-0.01,0.09,1768451552.660377,40.960276
XKF1,43744995,0,36.74,-2.67,284.92,6.96126651763916,-21.65764045715332,0.23521815240383148,0.34752777218818665,-296.64605712890625,-22.572147369384766,-48.82884216308594,0.02,0.02,-0.01,0.09,1768451552.7003613,41.00026
XKF1,43744995,1,36.7,-2.67,284.95,6.956719875335693,-21.6462345123291,0.24277545511722565,0.3575224280357361,-296.6484680175781,-22.57056427001953,-48.82926559448242,0.02,0.02,-0.01,0.09,1768451552.7003613,41.00026
XKF1,43784979,0,36.67,-2.64,285.46,7.172038555145264,-21.591169357299805,0.22639834880828857,0.3405347764492035,-296.3609619140625,-23.4443416595459,-48.81597900390625,0.02,0.02,-0.01,0.09,1768451552.7403452,41.040244
XKF1,43784979,1,36.63,-2.64,285.48,7.167670249938965,-21.580244064331055,0.2341158390045166,0.3501827120780945,-296.3633728027344,-23.44281768798828,-48.81603240966797,0.02,0.02,-0.01,0.09,1768451552.7403452,41.040244
XKF1,43824963,0,36.57,-2.62,286.01,7.380240440368652,-21.522705078125,0.2158762663602829,0.3213938772678375,-296.0677795410156,-24.313005447387695,-48.80458450317383,0.02,0.02,-0.01,0.09,1768451552.7803292,41.080228
XKF1,43824963,1,36.54,-2.62,286.04,7.3753743171691895,-21.511369705200195,0.22329823672771454,0.3302367627620697,-296.0701904296875,-24.311479568481445,-48.80427169799805,0.02,0.02,-0.01,0.09,1768451552.7803292,41.080228
XKF1,43864947,1,36.44,-2.63,286.58,7.581593990325928,-21.443937301635742,0.21735219657421112,0.3164318799972534,-295.76666259765625,-25.182619094848633,-48.7912712097168,0.02,0.02,-0.01,0.09,1768451552.8203132,41.120212
XKF1,43864947,0,36.48,-2.63,286.55,7.586548805236816,-21.454877853393555,0.2100355476140976,0.30844947695732117,-295.7642822265625,-25.184097290039062,-48.791847229003906,0.02,0.02,-0.01,0.09,1768451552.8203132,41.120212
XKF1,43904931,0,36.41,-2.65,287.09,7.789668560028076,-21.3863468170166,0.20811344683170319,0.3108285069465637,-295.4530334472656,-26.05109214782715,-48.780128479003906,0.02,0.02,-0.01,0.09,1768451552.8602972,41.160196
XKF1,43904931,1,36.37,-2.64,287.12,7.785114288330078,-21.37581443786621,0.21524451673030853,0.31750306487083435,-295.4554443359375,-26.049612045288086,-48.779300689697266,0.02,0.02,-0.01,0.09,1768451552.8602972,41.160196
XKF1,43944915,0,36.36,-2.66,287.62,7.989887714385986,-21.317646026611328,0.20951050519943237,0.301391065120697,-295.1341247558594,-26.914155960083008,-48.769161224365234,0.02,0.02,-0.01,0.09,1768451552.9002812,41.20018
XKF1,43944915,1,36.32,-2.66,287.66,7.985700607299805,-21.307531356811523,0.21653330326080322,0.30729609727859497,-295.13653564453125,-26.91263771057129,-48.76808166503906,0.02,0.02,-0.01,0.09,1768451552.9002812,41.20018
XKF1,43984899,0,36.29,-2.67,288.16,8.188262939453125,-21.244953155517578,0.21010887622833252,0.28881293535232544,-294.8076171875,-27.77334213256836,-48.75838851928711,0.02,0.02,-0.01,0.09,1768451552.9402652,41.240164
XKF1,43984899,1,36.26,-2.66,288.18,8.18347454071045,-21.235933303833008,0.21696628630161285,0.2941594123840332,-294.8100891113281,-27.771747589111328,-48.7570686340332,0.02,0.02,-0.01,0.09,1768451552.9402652,41.240164
XKF1,44024883,0,36.21,-2.67,288.68,8.385000228881836,-21.168516159057617,0.21113157272338867,0.28135019540786743,-294.4735107421875,-28.628610610961914,-48.7472038269043,0.02,0.02,-0.01,0.09,1768451552.9802492,41.280148
XKF1,44024883,1,36.18,-2.67,288.72,8.38103199005127,-21.159421920776367,0.21851947903633118,0.2870487570762634,-294.47601318359375,-28.626922607421875,-48.74563980102539,0.02,0.02,-0.01,0.09,1768451552.9802492,41.280148
XKF1,44064867,0,36.14,-2.68,289.2,8.580209732055664,-21.093637466430664,0.2139202505350113,0.28879764676094055,-294.1297912597656,-29.48467254638672,-48.73442840576172,0.02,0.02,0.0,0.09,1768451553.0202332,41.320132
XKF1,44064867,1,36.11,-2.67,289.22,8.576373100280762,-21.083845138549805,0.22163286805152893,0.29443109035491943,-294.13226318359375,-29.482982635498047,-48.7326545715332,0.02,0.02,-0.01,0.09,1768451553.0202332,41.320132
XKF1,44104851,0,36.08,-2.67,289.72,8.773382186889648,-21.016422271728516,0.21489684283733368,0.302358478307724,-293.77880859375,-30.336410522460938,-48.721839904785156,0.02,0.02,0.0,0.09,1768451553.0602171,41.360116
XKF1,44104851,1,36.05,-2.67,289.75,8.770777702331543,-21.007076263427734,0.22264835238456726,0.3074462413787842,-293.78125,-30.33465576171875,-48.7198371887207,0.02,0.02,-0.01,0.09,1768451553.0602171,41.360116
XKF1,44144835,0,36.02,-2.66,290.25,8.967534065246582,-20.93771743774414,0.21405668556690216,0.30936652421951294,-293.4205017089844,-31.183853149414062,-48.70950698852539,0.02,0.02,0.0,0.09,1768451553.1002011,41.4001
XKF1,44144835,1,35.98,-2.66,290.28,8.965672492980957,-20.928022384643555,0.2210780531167984,0.31357061862945557,-293.42291259765625,-31.181995391845703,-48.7072868347168,0.02,0.02,-0.01,0.09,1768451553.1002011,41.4001
XKF1,44184819,1,35.93,-2.64,290.8,9.159845352172852,-20.846914291381836,0.2144552767276764,0.30721044540405273,-293.05718994140625,-32.02506637573242,-48.695316314697266,0.02,0.02,-0.01,0.09,1768451553.140185,41.440084
XKF1,44184819,0,35.96,-2.64,290.78,9.1618013381958,-20.856670379638672,0.20758207142353058,0.30309954285621643,-293.0548095703125,-32.02707290649414,-48.69773483276367,0.02,0.02,0.0,0.09,1768451553.140185,41.440084
XKF1,44224803,0,35.91,-2.62,291.33,9.356133460998535,-20.771923065185547,0.19848638772964478,0.2937670648097992,-292.6816711425781,-32.8660888671875,-48.685733795166016,0.02,0.02,0.0,0.09,1768451553.180169,41.480068
XKF1,44224803,1,35.88,-2.61,291.36,9.355042457580566,-20.76285171508789,0.2063562273979187,0.2989087998867035,-292.68402099609375,-32.86391067504883,-48.68309783935547,0.02,0.02,-0.01,0.09,1768451553.180169,41.480068
XKF1,44264787,0,35.88,-2.59,291.89,9.550786018371582,-20.68062400817871,0.18739919364452362,0.28442034125328064,-292.302490234375,-33.697998046875,-48.67481231689453,0.02,0.02,-0.01,0.09,1768451553.220153,41.520052
XKF1,44264787,1,35.84,-2.59,291.91,9.550053596496582,-20.67283058166504,0.19574806094169617,0.29004576802253723,-292.3047790527344,-33.69572448730469,-48.67196273803711,0.02,0.02,-0.01,0.09,1768451553.220153,41.520052
XKF1,44304771,0,35.86,-2.54,292.46,9.746684074401855,-20.585697174072266,0.17170865833759308,0.26045462489128113,-291.91705322265625,-34.523162841796875,-48.66494369506836,0.02,0.02,-0.01,0.09,1768451553.260137,41.560036
XKF1,44304771,1,35.82,-2.54,292.49,9.747757911682129,-20.579158782958984,0.18105897307395935,0.26653486490249634,-291.919189453125,-34.520904541015625,-48.66191101074219,0.02,0.02,-0.01,0.09,1768451553.260137,41.560036
XKF1,44344755,0,35.85,-2.48,293.04,9.945415496826172,-20.485984802246094,0.1497129499912262,0.2289704531431198,-291.5236511230469,-35.34439468383789,-48.65613555908203,0.02,0.02,-0.01,0.09,1768451553.300121,41.60002
XKF1,44344755,1,35.82,-2.47,293.07,9.946842193603516,-20.480484008789062,0.15887174010276794,0.23438121378421783,-291.525634765625,-35.34214782714844,-48.65288162231445,0.02,0.02,-0.01,0.09,1768451553.300121,41.60002
XKF1,44384739,0,35.85,-2.43,293.62,10.144712448120117,-20.38256072998047,0.12544435262680054,0.19536691904067993,-291.12225341796875,-36.161521911621094,-48.648582458496094,0.02,0.02,-0.01,0.09,1768451553.340105,41.640004
XKF1,44384739,1,35.82,-2.42,293.64,10.146533966064453,-20.377803802490234,0.1343781054019928,0.20044025778770447,-291.12408447265625,-36.15927505493164,-48.64509582519531,0.02,0.02,-0.01,0.09,1768451553.340105,41.640004
XKF1,44424723,0,35.84,-2.38,294.22,10.344908714294434,-20.27796745300293,0.1023854911327362,0.16496118903160095,-290.712890625,-36.97441482543945,-48.641807556152344,0.02,0.02,-0.01,0.09,1768451553.380089,41.679988
XKF1,44424723,1,35.81,-2.38,294.25,10.347588539123535,-20.27298355102539,0.11029605567455292,0.169237419962883,-290.71453857421875,-36.97215270996094,-48.63811492919922,0.02,0.02,-0.01,0.09,1768451553.380089,41.679988
XKF1,44464707,0,35.82,-2.32,294.81,10.545496940612793,-20.168006896972656,0.07966513931751251,0.1376175880432129,-290.2964782714844,-37.78038787841797,-48.63630676269531,0.02,0.02,-0.01,0.09,1768451553.420073,41.719972
XKF1,44464707,1,35.79,-2.32,294.83,10.549007415771484,-20.16427993774414,0.08612032979726791,0.14065885543823242,-290.2979431152344,-37.778160095214844,-48.63248825073242,0.02,0.02,-0.01,0.09,1768451553.420073,41.719972
XKF1,44504691,1,35.75,-2.26,295.42,10.746987342834473,-20.051700592041016,0.06204535439610481,0.10886959731578827,-289.8741760253906,-38.578372955322266,-48.62835693359375,0.02,0.02,-0.01,0.09,1768451553.460057,41.759956
XKF1,44504691,0,35.78,-2.27,295.39,10.745023727416992,-20.057098388671875,0.0553002692759037,0.10643373429775238,-289.87286376953125,-38.58053970336914,-48.63222122192383,0.02,0.02,-0.01,0.09,1768451553.460057,41.759956
XKF1,44544675,0,35.76,-2.21,295.95,10.93832015991211,-19.94452667236328,0.03423522412776947,0.07443585991859436,-289.44122314453125,-39.376678466796875,-48.62943649291992,0.02,0.02,-0.01,0.09,1768451553.5000412,41.79994
XKF1,44544675,1,35.72,-2.21,295.98,10.939831733703613,-19.939523696899414,0.04152512177824974,0.07660779356956482,-289.4423828125,-39.374507904052734,-48.62548828125,0.02,0.02,-0.01,0.09,1768451553.5000412,41.79994
XKF1,44584659,0,35.74,-2.17,296.49,11.130654335021973,-19.83171844482422,0.014143201522529125,0.0444847010076046,-289.0016784667969,-40.16866683959961,-48.62761306762695,0.02,0.02,-0.01,0.09,1768451553.5400252,41.839924
XKF1,44584659,1,35.71,-2.16,296.51,11.132379531860352,-19.826942443847656,0.022045163437724113,0.04697200655937195,-289.00274658203125,-40.1664924621582,-48.6235466003418,0.02,0.02,-0.01,0.09,1768451553.5400252,41.839924
XKF1,44624643,1,35.69,-2.12,297.08,11.319984436035156,-19.712427139282227,0.004776067566126585,0.021976863965392113,-288.55535888671875,-40.95420455932617,-48.62247848510742,0.02,0.02,-0.01,0.09,1768451553.5800092,41.879908
XKF1,44624643,0,35.72,-2.12,297.05,11.319270133972168,-19.717267990112305,-0.0024540999438613653,0.020075950771570206,-288.55438232421875,-40.9564208984375,-48.62668228149414,0.02,0.02,-0.01,0.09,1768451553.5800092,41.879908
XKF1,44664627,0,35.7,-2.09,297.59,11.506339073181152,-19.602516174316406,-0.016645455732941628,-0.00031246579601429403,-288.1002197265625,-41.738399505615234,-48.626285552978516,0.02,0.02,-0.01,0.09,1768451553.6199932,41.919892
XKF1,44664627,1,35.67,-2.09,297.61,11.506049156188965,-19.597976684570312,-0.009335576556622982,0.0021087797358632088,-288.1011657714844,-41.7361946105957,-48.62200164794922,0.02,0.02,-0.01,0.09,1768451553.6199932,41.919892
XKF1,44704611,1,35.65,-2.07,298.14,11.685070037841797,-19.483182907104492,-0.019187085330486298,-0.008530083112418652,-287.6402282714844,-42.512657165527344,-48.62187576293945,0.02,0.02,-0.01,0.09,1768451553.6599772,41.959876
XKF1,44704611,0,35.68,-2.08,298.11,11.685118675231934,-19.487455368041992,-0.0252505075186491,-0.009192061610519886,-287.6392822265625,-42.51481628417969,-48.6262092590332,0.02,0.02,-0.01,0.09,1768451553.6599772,41.959876
XKF1,44744595,1,35.62,-2.07,298.66,11.861198425292969,-19.36886978149414,-0.02220296487212181,-0.011612038128077984,-287.1719055175781,-43.28506088256836,-48.62208557128906,0.02,0.02,-0.01,0.09,1768451553.6999612,41.99986
XKF1,44744595,0,35.66,-2.07,298.62,11.861079216003418,-19.37350082397461,-0.027809420600533485,-0.01169833354651928,-287.1709899902344,-43.287208557128906,-48.62644958496094,0.02,0.02,-0.01,0.09,1768451553.6999612,41.99986
XKF1,44784579,1,35.59,-2.07,299.16,12.034038543701172,-19.253902435302734,-0.020127607509493828,-0.011108098551630974,-286.69635009765625,-44.053375244140625,-48.6224250793457,0.02,0.02,-0.01,0.09,1768451553.7399452,42.039844
XKF1,44784579,0,35.63,-2.08,299.14,12.034111976623535,-19.259586334228516,-0.02747630886733532,-0.012918619439005852,-286.6954650878906,-44.0555534362793,-48.62685775756836,0.02,0.02,-0.01,0.09,1768451553.7399452,42.039844
XKF1,44824563,0,35.58,-2.08,299.65,12.201460838317871,-19.143692016601562,-0.0250686202198267,-0.010408680886030197,-286.212890625,-44.81976318359375,-48.62687301635742,0.02,0.02,-0.01,0.09,1768451553.7799292,42.079828
XKF1,44824563,1,35.55,-2.07,299.68,12.199687957763672,-19.139406204223633,-0.01829645410180092,-0.009028675965964794,-286.21380615234375,-44.8174934387207,-48.62233352661133,0.02,0.02,-0.01,0.09,1768451553.7799292,42.079828
XKF1,44864547,0,35.51,-2.07,300.18,12.371084213256836,-19.027156829833984,-0.02622286044061184,-0.009685065597295761,-285.7240905761719,-45.57880783081055,-48.62654113769531,0.02,0.02,-0.01,0.09,1768451553.8199131,42.119812
XKF1,44864547,1,35.48,-2.07,300.2,12.370208740234375,-19.02286148071289,-0.020794661715626717,-0.009142809547483921,-285.7250671386719,-45.57651901245117,-48.621952056884766,0.02,0.02,-0.01,0.09,1768451553.8199131,42.119812
XKF1,44904531,0,35.45,-2.06,300.7,12.539542198181152,-18.908462524414062,-0.031064964830875397,-0.004609489347785711,-285.2289733886719,-46.33277893066406,-48.62651443481445,0.02,0.02,-0.01,0.09,1768451553.8598971,42.159796
XKF1,44904531,1,35.41,-2.05,300.73,12.533759117126465,-18.907733917236328,-0.023158669471740723,-0.0021442207507789135,-285.24041748046875,-46.314796447753906,-48.62184143066406,0.02,0.02,-0.01,0.09,1768451553.8598971,42.159796
XKF1,44944515,0,35.38,-2.03,301.21,12.706506729125977,-18.786334991455078,-0.0361347422003746,-0.01198237482458353,-284.726806640625,-47.082481384277344,-48.627201080322266,0.02,0.02,-0.01,0.09,1768451553.8998811,42.19978
XKF1,44944515,1,35.34,-2.02,301.25,12.700542449951172,-18.78508949279785,-0.02808772400021553,-0.009085212834179401,-284.7384948730469,-47.064613342285156,-48.62242889404297,0.02,0.02,-0.01,0.09,1768451553.8998811,42.19978
XKF1,44984499,0,35.3,-2.01,301.71,12.869606018066406,-18.664155960083008,-0.04268966615200043,-0.02309110201895237,-284.2178039550781,-47.82772445678711,-48.62823486328125,0.02,0.02,-0.01,0.09,1768451553.939865,42.239764
XKF1,44984499,1,35.26,-2.01,301.73,12.864577293395996,-18.662151336669922,-0.034281980246305466,-0.01981721632182598,-284.22967529296875,-47.8099250793457,-48.62331771850586,0.02,0.02,-0.01,0.09,1768451553.939865,42.239764
XKF1,45024483,0,35.21,-2.01,302.2,13.02962589263916,-18.543121337890625,-0.04563918337225914,-0.031598567962646484,-283.70208740234375,-48.56851577758789,-48.629798889160156,0.02,0.02,-0.01,0.09,1768451553.979849,42.279748
XKF1,45024483,1,35.18,-2.0,302.23,13.024221420288086,-18.54374122619629,-0.03675229102373123,-0.027660295367240906,-283.7141418457031,-48.55078887939453,-48.62471008300781,0.02,0.02,-0.01,0.09,1768451553.979849,42.279748
XKF1,45064467,1,35.11,-2.01,302.71,13.180817604064941,-18.427703857421875,-0.03889276087284088,-0.036014094948768616,-283.1923828125,-49.28695297241211,-48.62580871582031,0.02,0.02,-0.01,0.09,1768451554.019833,42.319732
XKF1,45064467,0,35.14,-2.02,302.69,13.1849365234375,-18.425683975219727,-0.0473698228597641,-0.03981848433613777,-283.1802673339844,-49.3043098449707,-48.631080627441406,0.02,0.02,-0.01,0.09,1768451554.019833,42.319732
XKF1,45104451,1,35.03,-2.05,303.22,13.333653450012207,-18.308568954467773,-0.03538917750120163,-0.028176577761769295,-282.6644287109375,-50.01847457885742,-48.62636947631836,0.02,0.02,-0.01,0.09,1768451554.059817,42.359716
XKF1,45104451,0,35.07,-2.05,303.19,13.33723258972168,-18.305051803588867,-0.043972376734018326,-0.03238481283187866,-282.6524658203125,-50.03522872924805,-48.631813049316406,0.02,0.02,-0.01,0.09,1768451554.059817,42.359716
XKF1,45144435,1,34.96,-2.07,303.71,13.481410026550293,-18.188095092773438,-0.02901817299425602,-0.01496512908488512,-282.1302185058594,-50.74556350708008,-48.62668991088867,0.02,0.02,-0.01,0.09,1768451554.099801,42.3997
XKF1,45144435,0,34.99,-2.08,303.68,13.483993530273438,-18.18526840209961,-0.03819561377167702,-0.019810974597930908,-282.1183776855469,-50.76176834106445,-48.63235092163086,0.02,0.02,-0.01,0.09,1768451554.099801,42.3997
XKF1,45184419,0,34.93,-2.09,304.17,13.631560325622559,-18.065303802490234,-0.03306083753705025,-0.01169715728610754,-281.57818603515625,-51.483863830566406,-48.6328125,0.02,0.02,-0.01,0.09,1768451554.139785,42.439684
XKF1,45184419,1,34.9,-2.09,304.2,13.630319595336914,-18.069007873535156,-0.023298120126128197,-0.005912003573030233,-281.5898742675781,-51.46815490722656,-48.626922607421875,0.02,0.02,-0.01,0.09,1768451554.139785,42.439684
XKF1,45224403,0,34.87,-2.1,304.65,13.777679443359375,-17.943801879882812,-0.029116155579686165,-0.010143384337425232,-281.0318908691406,-52.20146179199219,-48.63373947143555,0.02,0.02,-0.01,0.09,1768451554.179769,42.479668
XKF1,45224403,1,34.84,-2.1,304.69,13.777519226074219,-17.947479248046875,-0.0192270390689373,-0.004087126813828945,-281.0434265136719,-52.18621826171875,-48.62758255004883,0.02,0.02,-0.01,0.09,1768451554.179769,42.479668
XKF1,45264387,0,34.83,-2.11,305.16,13.923571586608887,-17.823041915893555,-0.026094689965248108,-0.013930662535130978,-280.47998046875,-52.91431427001953,-48.633995056152344,0.02,0.02,-0.01,0.09,1768451554.219753,42.519652
XKF1,45264387,1,34.8,-2.11,305.18,13.923837661743164,-17.826574325561523,-0.0162888765335083,-0.007668080274015665,-280.4912109375,-52.89965057373047,-48.62759780883789,0.02,0.02,-0.01,0.09,1768451554.219753,42.519652
XKF1,45304371,0,34.81,-2.12,305.68,14.071023941040039,-17.699480056762695,-0.024599505588412285,-0.005495311692357063,-279.9223327636719,-53.62239074707031,-48.63343811035156,0.02,0.02,-0.01,0.09,1768451554.2597373,42.559636
XKF1,45304371,1,34.78,-2.12,305.71,14.07338809967041,-17.702983856201172,-0.014973070472478867,0.0004290168290026486,-279.93310546875,-53.608394622802734,-48.6268424987793,0.02,0.02,-0.01,0.09,1768451554.2597373,42.559636
XKF1,45344355,0,34.79,-2.13,306.2,14.220211029052734,-17.571611404418945,-0.025604402646422386,0.005144682712852955,-279.35845947265625,-54.325714111328125,-48.632816314697266,0.02,0.02,-0.01,0.09,1768451554.2997212,42.59962
XKF1,45344355,1,34.76,-2.12,306.22,14.22219467163086,-17.574682235717773,-0.01685764268040657,0.009916119277477264,-279.3688049316406,-54.31229782104492,-48.62602615356445,0.02,0.02,-0.01,0.09,1768451554.2997212,42.59962
XKF1,45384339,0,34.78,-2.15,306.72,14.366683006286621,-17.441804885864258,-0.025629373267292976,0.011008134111762047,-278.7884826660156,-55.02414321899414,-48.63243865966797,0.02,0.02,-0.01,0.09,1768451554.3397052,42.639604
XKF1,45384339,1,34.75,-2.15,306.75,14.368922233581543,-17.44569206237793,-0.017723333090543747,0.015032061375677586,-278.7984313964844,-55.01124572753906,-48.62547302246094,0.02,0.02,-0.01,0.09,1768451554.3397052,42.639604
XKF1,45424323,1,34.77,-2.18,307.26,14.5131254196167,-17.31460189819336,-0.01350798737257719,0.02242283709347248,-278.2220764160156,-55.705135345458984,-48.624534606933594,0.02,0.02,-0.01,0.09,1768451554.3796892,42.679588
XKF1,45424323,0,34.8,-2.19,307.23,14.512117385864258,-17.311277389526367,-0.02151777222752571,0.018154028803110123,-278.21246337890625,-55.71756362915039,-48.63165283203125,0.02,0.02,-0.01,0.09,1768451554.3796892,42.679588
XKF1,45465140,0,34.84,-2.22,307.74,14.654233932495117,-17.17982292175293,-0.01528035756200552,0.026376893743872643,-277.6306457519531,-56.40557861328125,-48.63032150268555,0.02,0.02,-0.01,0.09,1768451554.4205062,42.720405
XKF1,45465140,1,34.81,-2.22,307.78,14.662440299987793,-17.176746368408203,-0.006639103405177593,0.03136740252375603,-277.6154479980469,-56.42227554321289,-48.62308120727539,0.02,0.02,-0.01,0.09,1768451554.4205062,42.720405
XKF1,45505124,0,34.87,-2.25,308.22,14.795465469360352,-17.050514221191406,-0.002935629105195403,0.048748478293418884,-277.0430603027344,-57.08891677856445,-48.62784194946289,0.02,0.02,-0.01,0.09,1768451554.4604902,42.760389
XKF1,45505124,1,34.83,-2.25,308.25,14.803553581237793,-17.047042846679688,0.004626097157597542,0.05101212114095688,-277.02716064453125,-57.10597610473633,-48.620513916015625,0.02,0.02,-0.01,0.09,1768451554.4604902,42.760389
XKF1,45545108,0,34.9,-2.27,308.72,14.941974639892578,-16.917858123779297,0.00886156689375639,0.07406266778707504,-276.4371337890625,-57.781333923339844,-48.62480163574219,0.02,0.02,-0.01,0.09,1768451554.5004742,42.800373
XKF1,45545108,1,34.87,-2.26,308.75,14.947389602661133,-16.916446685791016,0.01584380306303501,0.07572156935930252,-276.43304443359375,-57.78456115722656,-48.61739730834961,0.02,0.02,-0.01,0.09,1768451554.5004742,42.800373
XKF1,45585092,0,34.95,-2.28,309.21,15.084296226501465,-16.783506393432617,0.01944444142282009,0.08981853723526001,-275.83770751953125,-58.45440673828125,-48.6216926574707,0.02,0.02,-0.01,0.09,1768451554.5404582,42.840357
XKF1,45585092,1,34.92,-2.28,309.23,15.089462280273438,-16.7812557220459,0.026007667183876038,0.09128526598215103,-275.8331298828125,-58.45791244506836,-48.614219665527344,0.02,0.02,-0.01,0.09,1768451554.5404582,42.840357
XKF1,45625076,0,34.98,-2.29,309.72,15.226505279541016,-16.647693634033203,0.025807036086916924,0.09373926371335983,-275.23248291015625,-59.1221809387207,-48.6187629699707,0.02,0.02,-0.01,0.09,1768451554.5804422,42.880341
XKF1,45625076,1,34.95,-2.28,309.74,15.232475280761719,-16.645980834960938,0.03272460401058197,0.09557349979877472,-275.2274475097656,-59.12590408325195,-48.61122131347656,0.02,0.02,-0.01,0.09,1768451554.5804422,42.880341
XKF1,45665060,0,35.01,-2.28,310.23,15.375572204589844,-16.51214027404785,0.031243808567523956,0.10546141117811203,-274.61383056640625,-59.792152404785156,-48.612937927246094,0.02,0.02,-0.01,0.09,1768451554.6204262,42.920325
XKF1,45665060,1,34.98,-2.28,310.26,15.381271362304688,-16.509693145751953,0.03734174743294716,0.1055961400270462,-274.6088562011719,-59.795677185058594,-48.605525970458984,0.02,0.02,-0.01,0.09,1768451554.6204262,42.920325
XKF1,45705044,1,35.0,-2.28,310.75,15.528593063354492,-16.37247657775879,0.03882037475705147,0.1259065866470337,-273.985107421875,-60.45915603637695,-48.600059509277344,0.02,0.02,-0.01,0.09,1768451554.6604102,42.960309
XKF1,45705044,0,35.03,-2.28,310.74,15.523231506347656,-16.37482452392578,0.03266415745019913,0.12745711207389832,-273.99005126953125,-60.455841064453125,-48.60734939575195,0.02,0.02,-0.01,0.09,1768451554.6604102,42.960309
XKF1,45745028,1,35.03,-2.29,311.27,15.673294067382812,-16.23371696472168,0.04336347058415413,0.14122267067432404,-273.3561096191406,-61.11639404296875,-48.594764709472656,0.02,0.02,-0.01,0.09,1768451554.7003942,43.000293
XKF1,45745028,0,35.06,-2.3,311.24,15.668697357177734,-16.236572265625,0.03635747358202934,0.14295798540115356,-273.36102294921875,-61.11330032348633,-48.601993560791016,0.02,0.02,-0.01,0.09,1768451554.7003942,43.000293
XKF1,45785012,1,35.07,-2.3,311.77,15.818595886230469,-16.093219757080078,0.04644813761115074,0.14465966820716858,-272.7218933105469,-61.76744079589844,-48.58978271484375,0.02,0.02,-0.01,0.09,1768451554.7403781,43.040277
XKF1,45785012,0,35.1,-2.3,311.75,15.813361167907715,-16.09683609008789,0.03980504721403122,0.14683939516544342,-272.7267761230469,-61.76458740234375,-48.596988677978516,0.02,0.02,-0.01,0.09,1768451554.7403781,43.040277
XKF1,45824996,0,35.15,-2.29,312.26,15.957213401794434,-15.954204559326172,0.04203891009092331,0.1402350217103958,-272.0872802734375,-62.40969467163086,-48.59266662597656,0.02,0.02,0.0,0.09,1768451554.7803621,43.080261
XKF1,45824996,1,35.12,-2.29,312.29,15.961982727050781,-15.951004981994629,0.04823960363864899,0.13803093135356903,-272.0823974609375,-62.41230773925781,-48.585487365722656,0.02,0.02,-0.01,0.09,1768451554.7803621,43.080261
XKF1,45864980,0,35.17,-2.26,312.78,16.10711097717285,-15.810027122497559,0.03754924610257149,0.1325412541627884,-271.43609619140625,-63.054500579833984,-48.58641052246094,0.02,0.02,0.0,0.09,1768451554.820346,43.120245
XKF1,45864980,1,35.14,-2.26,312.81,16.112092971801758,-15.807808876037598,0.04378955066204071,0.1305040717124939,-271.4312744140625,-63.05693817138672,-48.57932662963867,0.02,0.02,-0.01,0.09,1768451554.820346,43.120245
XKF1,45904964,0,35.18,-2.21,313.31,16.256685256958008,-15.660727500915527,0.028428582474589348,0.13339558243751526,-270.7800598144531,-63.692291259765625,-48.58097839355469,0.02,0.02,0.0,0.09,1768451554.86033,43.160229
XKF1,45904964,1,35.15,-2.21,313.33,16.260576248168945,-15.658058166503906,0.03451574221253395,0.13104216754436493,-270.77532958984375,-63.69453811645508,-48.573970794677734,0.02,0.02,-0.01,0.09,1768451554.86033,43.160229
XKF1,45944948,0,35.18,-2.18,313.84,16.40622329711914,-15.508962631225586,0.014797577634453773,0.1213119700551033,-270.1190185546875,-64.32305145263672,-48.576515197753906,0.02,0.02,0.0,0.09,1768451554.900314,43.200213
XKF1,45944948,1,35.15,-2.17,313.87,16.4099178314209,-15.507318496704102,0.0209136251360178,0.11910925805568695,-270.1143798828125,-64.32512664794922,-48.56956100463867,0.02,0.02,-0.01,0.09,1768451554.900314,43.200213
XKF1,45984932,0,35.2,-2.12,314.38,16.554040908813477,-15.35377025604248,-0.0014703738270327449,0.09981054067611694,-269.45294189453125,-64.9468002319336,-48.57307052612305,0.02,0.02,0.0,0.09,1768451554.940298,43.240197
XKF1,45984932,1,35.17,-2.11,314.4,16.557235717773438,-15.352432250976562,0.005252068862318993,0.09870585054159164,-269.4483642578125,-64.94873809814453,-48.566131591796875,0.02,0.02,-0.01,0.09,1768451554.940298,43.240197
XKF1,46024916,0,35.21,-2.06,314.93,16.69923210144043,-15.193817138671875,-0.02095216140151024,0.07114949822425842,-268.7817077636719,-65.56343841552734,-48.57081604003906,0.02,0.02,0.0,0.09,1768451554.980282,43.280181
XKF1,46024916,1,35.18,-2.06,314.96,16.701745986938477,-15.192225456237793,-0.013587201945483685,0.07117234170436859,-268.7772521972656,-65.56523895263672,-48.56385040283203,0.02,0.02,-0.01,0.09,1768451554.980282,43.280181
XKF1,46064900,1,35.19,-2.02,315.49,16.850648880004883,-15.035140991210938,-0.031883057206869125,0.04947543889284134,-268.0952453613281,-66.17964935302734,-48.561092376708984,0.02,0.02,0.0,0.09,1768451555.020266,43.320165
XKF1,46064900,0,35.22,-2.02,315.46,16.847713470458984,-15.036580085754395,-0.039635542780160904,0.049007851630449295,-268.09954833984375,-66.17794799804688,-48.56804275512695,0.02,0.02,0.0,0.09,1768451555.020266,43.320165
XKF1,46104884,1,35.2,-1.99,316.03,16.994123458862305,-14.876496315002441,-0.04884566366672516,0.03720950707793236,-267.40869140625,-66.78655242919922,-48.559871673583984,0.02,0.02,0.0,0.09,1768451555.06025,43.360149
XKF1,46104884,0,35.23,-1.99,316.01,16.992115020751953,-14.877172470092773,-0.05648164823651314,0.037028901278972626,-267.412841796875,-66.7849349975586,-48.566829681396484,0.02,0.02,0.0,0.09,1768451555.06025,43.360149
XKF1,46144868,1,35.21,-1.94,316.58,17.1386661529541,-14.713586807250977,-0.0643736869096756,0.011816862039268017,-266.7174987792969,-67.38592529296875,-48.56000900268555,0.02,0.02,0.0,0.09,1768451555.100234,43.400133
XKF1,46144868,0,35.24,-1.95,316.55,17.136404037475586,-14.714971542358398,-0.07178075611591339,0.011813828721642494,-266.7215270996094,-67.38439178466797,-48.566986083984375,0.02,0.02,0.0,0.09,1768451555.100234,43.400133
XKF1,46184852,1,35.22,-1.91,317.12,17.28133201599121,-14.54824447631836,-0.08160047978162766,-0.017059093341231346,-266.0216064453125,-67.97779846191406,-48.56106185913086,0.02,0.02,0.0,0.09,1768451555.140218,43.440117
XKF1,46184852,0,35.25,-1.91,317.1,17.27907943725586,-14.549358367919922,-0.08875137567520142,-0.01723019964993,-266.0255126953125,-67.97636413574219,-48.56808090209961,0.02,0.02,0.0,0.09,1768451555.140218,43.440117
XKF1,46224836,1,35.21,-1.86,317.67,17.422019958496094,-14.38118839263916,-0.09617174416780472,-0.04056485742330551,-265.32086181640625,-68.56217956542969,-48.56270980834961,0.02,0.02,0.0,0.09,1768451555.1802022,43.480101
XKF1,46224836,0,35.24,-1.87,317.64,17.41961669921875,-14.382575035095215,-0.103499636054039,-0.041416797786951065,-265.3246765136719,-68.56085205078125,-48.56978225708008,0.02,0.02,0.0,0.09,1768451555.1802022,43.480101
XKF1,46264820,1,35.2,-1.82,318.23,17.563297271728516,-14.213822364807129,-0.11242547631263733,-0.05656618997454643,-264.6103515625,-69.14302062988281,-48.563819885253906,0.02,0.02,0.0,0.09,1768451555.2201862,43.520085
XKF1,46264820,0,35.23,-1.83,318.19,17.561460494995117,-14.215779304504395,-0.11929849535226822,-0.05692105367779732,-264.614013671875,-69.14177703857422,-48.57085418701172,0.02,0.02,0.0,0.09,1768451555.2201862,43.520085
XKF1,46304804,1,35.2,-1.78,318.79,17.7010498046875,-14.044417381286621,-0.13037359714508057,-0.06663012504577637,-263.89556884765625,-69.71599578857422,-48.56608581542969,0.02,0.02,0.0,0.09,1768451555.2601702,43.560069
XKF1,46304804,0,35.23,-1.79,318.75,17.699926376342773,-14.046773910522461,-0.1369398832321167,-0.06624449789524078,-263.8990478515625,-69.71485900878906,-48.573089599609375,0.02,0.02,0.0,0.09,1768451555.2601702,43.560069
XKF1,46344788,0,35.23,-1.78,319.3,17.8343505859375,-13.876473426818848,-0.15219920873641968,-0.08163821697235107,-263.1797790527344,-70.2801513671875,-48.57642364501953,0.02,0.02,0.0,0.09,1768451555.3001542,43.600053
XKF1,46344788,1,35.2,-1.77,319.33,17.83555030822754,-13.873931884765625,-0.14633086323738098,-0.08282071352005005,-263.17645263671875,-70.2811508178711,-48.569454193115234,0.02,0.02,0.0,0.09,1768451555.3001542,43.600053
XKF1,46384772,0,35.22,-1.78,319.83,17.96746063232422,-13.707106590270996,-0.1612447202205658,-0.09580592066049576,-262.4561767578125,-70.83775329589844,-48.58054733276367,0.02,0.02,0.0,0.09,1768451555.3401382,43.640037
XKF1,46384772,1,35.19,-1.77,319.86,17.969175338745117,-13.704063415527344,-0.15596850216388702,-0.09734203666448593,-262.4529724121094,-70.83861541748047,-48.573585510253906,0.02,0.02,0.0,0.09,1768451555.3401382,43.640037
XKF1,46424756,0,35.22,-1.78,320.34,18.09457778930664,-13.538444519042969,-0.1629391759634018,-0.1062193438410759,-261.7283020019531,-71.38784790039062,-48.58536911010742,0.02,0.02,0.0,0.09,1768451555.3801222,43.680021
XKF1,46424756,1,35.18,-1.78,320.37,18.096542358398438,-13.536006927490234,-0.15823301672935486,-0.10777775198221207,-261.72515869140625,-71.38855743408203,-48.57844161987305,0.02,0.02,0.0,0.09,1768451555.3801222,43.680021
XKF1,46464740,1,35.18,-1.77,320.84,18.216787338256836,-13.368850708007812,-0.15370047092437744,-0.11358768492937088,-260.9954833984375,-71.9299545288086,-48.583412170410156,0.02,0.02,0.0,0.09,1768451555.4201062,43.720005
XKF1,46464740,0,35.22,-1.78,320.82,18.21385383605957,-13.372955322265625,-0.15933935344219208,-0.11337606608867645,-260.9985656738281,-71.92937469482422,-48.59029006958008,0.02,0.02,0.0,0.09,1768451555.4201062,43.720005
XKF1,46504724,1,35.17,-1.74,321.35,18.33643913269043,-13.202754974365234,-0.15426091849803925,-0.12263556569814682,-260.2635803222656,-72.46281433105469,-48.588104248046875,0.02,0.02,0.0,0.09,1768451555.4600902,43.759989
XKF1,46504724,0,35.2,-1.75,321.31,18.332849502563477,-13.207406044006348,-0.16025111079216003,-0.1222500130534172,-260.2666015625,-72.46240997314453,-48.59492111206055,0.02,0.02,0.0,0.09,1768451555.4600902,43.759989
XKF1,46544708,1,35.14,-1.71,321.85,18.452857971191406,-13.034502983093262,-0.15755094587802887,-0.12479320168495178,-259.527099609375,-72.989013671875,-48.592742919921875,0.02,0.02,0.0,0.09,1768451555.5000741,43.799973
XKF1,46544708,0,35.17,-1.72,321.82,18.450204849243164,-13.039709091186523,-0.1634114533662796,-0.12392671406269073,-259.5301208496094,-72.98882293701172,-48.59953308105469,0.02,0.02,0.0,0.09,1768451555.5000741,43.799973
XKF1,46584692,1,35.1,-1.72,322.36,18.56626319885254,-12.86800765991211,-0.16147257387638092,-0.12857750058174133,-258.78619384765625,-73.50828552246094,-48.5977668762207,0.02,0.02,0.0,0.09,1768451555.5400581,43.839957
XKF1,46584692,0,35.13,-1.72,322.33,18.56402015686035,-12.872103691101074,-0.16646867990493774,-0.1270134299993515,-258.7891540527344,-73.50830078125,-48.60455322265625,0.02,0.02,0.0,0.09,1768451555.5400581,43.839957
XKF1,46624676,1,35.07,-1.74,322.89,18.67661476135254,-12.701404571533203,-0.1627637892961502,-0.1358720362186432,-258.041015625,-74.02066802978516,-48.603816986083984,0.02,0.02,0.0,0.09,1768451555.5800421,43.879941
XKF1,46624676,0,35.1,-1.75,322.86,18.675172805786133,-12.705641746520996,-0.1675748974084854,-0.1346995085477829,-258.04388427734375,-74.0208740234375,-48.61056137084961,0.02,0.02,0.0,0.09,1768451555.5800421,43.879941
XKF1,46664660,1,35.06,-1.78,323.4,18.783689498901367,-12.534026145935059,-0.15782693028450012,-0.14221417903900146,-257.29327392578125,-74.52550506591797,-48.60980987548828,0.02,0.02,0.0,0.09,1768451555.620026,43.919925
XKF1,46664660,0,35.1,-1.79,323.38,18.782947540283203,-12.539891242980957,-0.16238433122634888,-0.14120040833950043,-257.2960510253906,-74.5259017944336,-48.616485595703125,0.02,0.02,0.0,0.09,1768451555.620026,43.919925
XKF1,46704644,0,35.09,-1.82,323.9,18.888154983520508,-12.375266075134277,-0.15410733222961426,-0.13956670463085175,-256.54541015625,-75.02359771728516,-48.6220703125,0.02,0.02,0.0,0.09,1768451555.66001,43.959909
XKF1,46704644,1,35.06,-1.81,323.93,18.887619018554688,-12.369285583496094,-0.151508167386055,-0.14296405017375946,-256.5428161621094,-75.02302551269531,-48.615535736083984,0.02,0.02,0.0,0.09,1768451555.66001,43.959909
XKF1,46744628,0,35.08,-1.85,324.4,18.991348266601562,-12.208038330078125,-0.14325334131717682,-0.13229887187480927,-255.79037475585938,-75.51464080810547,-48.627342224121094,0.02,0.02,0.0,0.09,1768451555.699994,43.999893
XKF1,46744628,1,35.05,-1.85,324.43,18.98874855041504,-12.201763153076172,-0.14248239994049072,-0.13770577311515808,-255.7880096435547,-75.51386260986328,-48.621002197265625,0.02,0.02,0.0,0.09,1768451555.699994,43.999893
XKF1,46784612,1,35.04,-1.87,324.91,19.08859634399414,-12.035767555236816,-0.13188813626766205,-0.1300908923149109,-255.0289764404297,-75.99803161621094,-48.626190185546875,0.02,0.02,0.0,0.09,1768451555.739978,44.039877
XKF1,46784612,0,35.07,-1.88,324.89,19.09318733215332,-12.040151596069336,-0.13346749544143677,-0.12559252977371216,-255.03106689453125,-75.99898529052734,-48.63235092163086,0.02,0.02,0.0,0.09,1768451555.739978,44.039877
XKF1,46824596,1,35.03,-1.87,325.43,19.188461303710938,-11.86772346496582,-0.12323664873838425,-0.1270306408405304,-254.2657928466797,-76.47551727294922,-48.631675720214844,0.02,0.02,0.0,0.09,1768451555.779962,44.079861
XKF1,46824596,0,35.06,-1.88,325.39,19.1927433013916,-11.871535301208496,-0.12460281699895859,-0.12251574546098709,-254.26756286621094,-76.47663116455078,-48.63766860961914,0.02,0.02,0.0,0.09,1768451555.779962,44.079861
XKF1,46864580,1,35.02,-1.86,325.92,19.286874771118164,-11.696648597717285,-0.11793921142816544,-0.12958285212516785,-253.49966430664062,-76.9458236694336,-48.63655090332031,0.02,0.02,0.0,0.09,1768451555.819946,44.119845
XKF1,46864580,0,35.05,-1.87,325.89,19.290876388549805,-11.701386451721191,-0.11898425221443176,-0.12506771087646484,-253.50115966796875,-76.947021484375,-48.64238739013672,0.02,0.02,0.0,0.09,1768451555.819946,44.119845
XKF1,46904564,1,35.02,-1.86,326.43,19.384056091308594,-11.522551536560059,-0.11740685254335403,-0.12637610733509064,-252.7304229736328,-77.40888977050781,-48.641082763671875,0.02,0.02,0.0,0.09,1768451555.85993,44.159829
XKF1,46904564,0,35.05,-1.87,326.4,19.389387130737305,-11.527461051940918,-0.11927280575037003,-0.12290143966674805,-252.73162841796875,-77.41016387939453,-48.6467399597168,0.02,0.02,0.0,0.09,1768451555.85993,44.159829
XKF1,46944548,1,35.03,-1.85,326.93,19.481502532958984,-11.347583770751953,-0.11721011251211166,-0.12307549268007278,-251.95692443847656,-77.86506652832031,-48.645633697509766,0.02,0.02,0.0,0.09,1768451555.899914,44.199813
XKF1,46944548,0,35.06,-1.86,326.89,19.48844337463379,-11.354838371276855,-0.11747932434082031,-0.11791834980249405,-251.95774841308594,-77.86649322509766,-48.651153564453125,0.02,0.02,0.0,0.09,1768451555.899914,44.199813
XKF1,46984532,1,35.04,-1.83,327.42,19.573389053344727,-11.177411079406738,-0.11862340569496155,-0.12260323762893677,-251.19554138183594,-78.3050308227539,-48.650184631347656,0.02,0.02,0.0,0.09,1768451555.9398983,44.239797
XKF1,46984532,0,35.07,-1.84,327.4,19.58281898498535,-11.18012809753418,-0.11691968888044357,-0.1160198301076889,-251.1796875,-78.31597900390625,-48.65560531616211,0.02,0.02,0.0,0.09,1768451555.9398983,44.239797
XKF1,47024516,1,35.06,-1.82,327.94,19.667705535888672,-10.999284744262695,-0.11919661611318588,-0.12377197295427322,-250.4138946533203,-78.74748229980469,-48.65526580810547,0.02,0.02,0.0,0.09,1768451555.9798822,44.279781
XKF1,47024516,0,35.09,-1.83,327.91,19.67873764038086,-11.002714157104492,-0.1185903251171112,-0.11883175373077393,-250.3975372314453,-78.75849914550781,-48.66045379638672,0.02,0.02,0.0,0.09,1768451555.9798822,44.279781
XKF1,47064500,1,35.11,-1.81,328.45,19.758134841918945,-10.82139778137207,-0.12139514833688736,-0.1291957050561905,-249.62905883789062,-79.18276977539062,-48.66007995605469,0.02,0.02,0.0,0.09,1768451556.0198662,44.319765
XKF1,47064500,0,35.14,-1.82,328.43,19.769298553466797,-10.824125289916992,-0.12135878205299377,-0.1249249130487442,-249.61221313476562,-79.1938247680664,-48.66509246826172,0.02,0.02,0.0,0.09,1768451556.0198662,44.319765
XKF1,47104484,1,35.15,-1.82,328.99,19.849428176879883,-10.64383316040039,-0.12505203485488892,-0.12824030220508575,-248.84103393554688,-79.61094665527344,-48.664772033691406,0.02,0.02,0.0,0.09,1768451556.0598502,44.359749
XKF1,47104484,0,35.19,-1.83,328.95,19.859233856201172,-10.6461181640625,-0.12370406836271286,-0.12285961210727692,-248.82374572753906,-79.62195587158203,-48.66960525512695,0.02,0.02,0.0,0.09,1768451556.0598502,44.359749
XKF1,47144468,1,35.2,-1.81,329.52,19.93764877319336,-10.4641752243042,-0.126146599650383,-0.12562763690948486,-248.0489959716797,-80.03203582763672,-48.669654846191406,0.02,0.02,0.0,0.09,1768451556.0998342,44.399733
XKF1,47144468,0,35.24,-1.82,329.48,19.949413299560547,-10.467497825622559,-0.1264851987361908,-0.12223514169454575,-248.03125,-80.04306030273438,-48.6743049621582,0.02,0.02,0.0,0.09,1768451556.0998342,44.399733
XKF1,47184452,1,35.25,-1.8,330.05,20.027156829833984,-10.280245780944824,-0.13037556409835815,-0.12835723161697388,-247.2530517578125,-80.44595336914062,-48.674713134765625,0.02,0.02,0.0,0.09,1768451556.1398182,44.439717
XKF1,47184452,0,35.28,-1.81,330.03,20.039913177490234,-10.284210205078125,-0.1322907954454422,-0.12653246521949768,-247.23480224609375,-80.45703125,-48.67927932739258,0.02,0.02,0.0,0.09,1768451556.1398182,44.439717
XKF1,47224436,1,35.3,-1.79,330.59,20.1163330078125,-10.092899322509766,-0.13661324977874756,-0.1289137601852417,-246.45321655273438,-80.85249328613281,-48.678985595703125,0.02,0.02,0.0,0.09,1768451556.1798022,44.479701
XKF1,47224436,0,35.33,-1.8,330.55,20.127948760986328,-10.09782886505127,-0.1376652717590332,-0.12649309635162354,-246.4344482421875,-80.8636703491211,-48.68347930908203,0.02,0.02,0.0,0.09,1768451556.1798022,44.479701
XKF1,47264420,1,35.34,-1.8,331.09,20.20198631286621,-9.91016674041748,-0.13745999336242676,-0.12001675367355347,-245.64984130859375,-81.25187683105469,-48.6832275390625,0.02,0.02,0.0,0.09,1768451556.2197862,44.519685
XKF1,47264420,0,35.38,-1.81,331.06,20.215900421142578,-9.91352367401123,-0.13839299976825714,-0.11784067004919052,-245.63082885742188,-81.26300048828125,-48.687686920166016,0.02,0.02,0.0,0.09,1768451556.2197862,44.519685
XKF1,47304404,0,35.41,-1.82,331.57,20.30234718322754,-9.729327201843262,-0.13445021212100983,-0.10390219837427139,-244.8239288330078,-81.65508270263672,-48.69140625,0.02,0.02,0.0,0.09,1768451556.2597702,44.559669
XKF1,47304404,1,35.38,-1.81,331.61,20.2864990234375,-9.725049018859863,-0.1339513063430786,-0.10522949695587158,-244.8430633544922,-81.64413452148438,-48.686946868896484,0.02,0.02,0.0,0.09,1768451556.2597702,44.559669
XKF1,47344388,0,35.45,-1.81,332.08,20.385751724243164,-9.546269416809082,-0.1310109943151474,-0.09017335623502731,-244.0132598876953,-82.03986358642578,-48.694976806640625,0.02,0.02,0.0,0.09,1768451556.2997541,44.599653
XKF1,47344388,1,35.42,-1.8,332.11,20.37144660949707,-9.541537284851074,-0.13155372440814972,-0.09159974008798599,-244.0325927734375,-82.02902221679688,-48.6905517578125,0.02,0.02,0.0,0.09,1768451556.2997541,44.599653
XKF1,47384372,1,35.47,-1.8,332.62,20.455041885375977,-9.355170249938965,-0.12704454362392426,-0.08288035541772842,-243.218505859375,-82.40653991699219,-48.69429397583008,0.02,0.02,0.0,0.09,1768451556.3397381,44.639637
XKF1,47384372,0,35.5,-1.81,332.6,20.46812629699707,-9.360414505004883,-0.12784360349178314,-0.08333319425582886,-243.19898986816406,-82.41734313964844,-48.69868469238281,0.02,0.02,0.0,0.09,1768451556.3397381,44.639637
XKF1,47424356,0,35.55,-1.81,333.12,20.54729652404785,-9.172859191894531,-0.12662598490715027,-0.07779060304164886,-242.38119506835938,-82.78736114501953,-48.70142364501953,0.02,0.02,0.0,0.09,1768451556.379722,44.679621
XKF1,47424356,1,35.52,-1.8,333.16,20.53590202331543,-9.167781829833984,-0.12523813545703888,-0.07674121856689453,-242.40086364746094,-82.77653503417969,-48.69703674316406,0.02,0.02,0.0,0.09,1768451556.379722,44.679621
XKF1,47464340,0,35.58,-1.8,333.66,20.62860107421875,-8.980732917785645,-0.1274312287569046,-0.07193462550640106,-241.5601806640625,-83.15003204345703,-48.704071044921875,0.02,0.02,0.0,0.09,1768451556.419706,44.719605
XKF1,47464340,1,35.55,-1.79,333.69,20.617082595825195,-8.976354598999023,-0.12468624860048294,-0.06968214362859726,-241.57972717285156,-83.13934326171875,-48.699607849121094,0.02,0.02,0.0,0.09,1768451556.419706,44.719605
XKF1,47504324,1,35.55,-1.75,334.24,20.69648551940918,-8.782987594604492,-0.12900479137897491,-0.06469637900590897,-240.7552032470703,-83.49451446533203,-48.701961517333984,0.02,0.02,0.0,0.09,1768451556.45969,44.759589
XKF1,47504324,0,35.58,-1.76,334.2,20.707002639770508,-8.786151885986328,-0.1320258229970932,-0.0677822157740593,-240.73594665527344,-83.50492858886719,-48.70655059814453,0.02,0.02,0.0,0.09,1768451556.45969,44.759589
XKF1,47545141,0,35.55,-1.74,334.74,20.787982940673828,-8.589911460876465,-0.13911370933055878,-0.06757152825593948,-239.90826416015625,-83.85222625732422,-48.709434509277344,0.02,0.02,0.0,0.09,1768451556.500507,44.800406
XKF1,47545141,1,35.52,-1.73,334.79,20.780029296875,-8.578293800354004,-0.1356535106897354,-0.06351618468761444,-239.8926544189453,-83.85636138916016,-48.70492935180664,0.02,0.02,0.0,0.09,1768451556.500507,44.800406
XKF1,47585125,1,35.51,-1.71,335.31,20.856826782226562,-8.381117820739746,-0.14476920664310455,-0.0737590566277504,-239.06134033203125,-84.1956558227539,-48.70835876464844,0.02,0.02,0.0,0.09,1768451556.540491,44.84039
XKF1,47585125,0,35.54,-1.72,335.28,20.86473846435547,-8.392483711242676,-0.14772644639015198,-0.07611177861690521,-239.0772247314453,-84.19168090820312,-48.71299362182617,0.02,0.02,0.0,0.09,1768451556.540491,44.84039
XKF1,47625109,1,35.51,-1.68,335.85,20.932788848876953,-8.183319091796875,-0.15504196286201477,-0.08816108852624893,-238.22683715820312,-84.52700805664062,-48.71240234375,0.02,0.02,0.0,0.09,1768451556.580475,44.880374
XKF1,47625109,0,35.53,-1.68,335.82,20.942440032958984,-8.190814018249512,-0.15753810107707977,-0.09051845222711563,-238.22549438476562,-84.53004455566406,-48.71725845336914,0.02,0.02,0.0,0.09,1768451556.580475,44.880374
XKF1,47665093,1,35.51,-1.65,336.39,21.012821197509766,-7.987071990966797,-0.1655188649892807,-0.09674187004566193,-237.379150390625,-84.85423278808594,-48.71536636352539,0.02,0.02,0.0,0.09,1768451556.620459,44.920358
XKF1,47665093,0,35.53,-1.66,336.35,21.021591186523438,-7.994004726409912,-0.16741487383842468,-0.09905688464641571,-237.37832641601562,-84.85710144042969,-48.72030258178711,0.02,0.02,0.0,0.09,1768451556.620459,44.920358
XKF1,47705077,0,35.54,-1.63,336.87,21.09893035888672,-7.795978546142578,-0.17757290601730347,-0.09950265288352966,-236.5290069580078,-85.17578887939453,-48.724266052246094,0.02,0.02,0.0,0.09,1768451556.660443,44.960342
XKF1,47705077,1,35.52,-1.63,336.89,21.09067153930664,-7.789380073547363,-0.17595909535884857,-0.09746649116277695,-236.52938842773438,-85.17305755615234,-48.71928024291992,0.02,0.02,0.0,0.09,1768451556.660443,44.960342
XKF1,47745061,1,35.51,-1.61,337.42,21.161590576171875,-7.594437122344971,-0.18264169991016388,-0.10470330715179443,-235.6775665283203,-85.48358917236328,-48.7239875793457,0.02,0.02,0.0,0.09,1768451556.700427,45.000326
XKF1,47745061,0,35.54,-1.62,337.38,21.16946792602539,-7.602088451385498,-0.18440881371498108,-0.10657961666584015,-235.67758178710938,-85.48625183105469,-48.729026794433594,0.02,0.02,0.0,0.09,1768451556.700427,45.000326
XKF1,47785045,1,35.53,-1.62,337.92,21.23206901550293,-7.399237632751465,-0.18743684887886047,-0.115662582218647,-234.82373046875,-85.78590393066406,-48.72926712036133,0.02,0.02,0.0,0.09,1768451556.740411,45.04031
XKF1,47785045,0,35.56,-1.62,337.9,21.23971176147461,-7.40696907043457,-0.1894555389881134,-0.11754683405160904,-234.8240509033203,-85.78856658935547,-48.734371185302734,0.02,0.02,0.0,0.09,1768451556.740411,45.04031
XKF1,47825029,1,35.56,-1.62,338.44,21.298513412475586,-7.20737361907959,-0.18688808381557465,-0.12393197417259216,-233.96783447265625,-86.08016967773438,-48.7348747253418,0.02,0.02,0.0,0.09,1768451556.780395,45.080294
XKF1,47825029,0,35.59,-1.63,338.41,21.30613136291504,-7.2144083976745605,-0.18897603452205658,-0.12567049264907837,-233.9683837890625,-86.08287048339844,-48.740028381347656,0.02,0.02,0.0,0.09,1768451556.780395,45.080294
XKF1,47865013,1,35.57,-1.63,338.93,21.368942260742188,-7.018101692199707,-0.18291790783405304,-0.12196188420057297,-233.1020050048828,-86.36935424804688,-48.739051818847656,0.02,0.02,0.0,0.09,1768451556.820379,45.120278
XKF1,47865013,0,35.6,-1.64,338.9,21.37567901611328,-7.0234694480896,-0.1860278993844986,-0.1242930069565773,-233.1027374267578,-86.37195587158203,-48.74424362182617,0.02,0.02,0.0,0.09,1768451556.820379,45.120278
XKF1,47904997,1,35.57,-1.64,339.43,21.434932708740234,-6.826373100280762,-0.1784815788269043,-0.11114569008350372,-232.2349395751953,-86.6502685546875,-48.743690490722656,0.02,0.02,0.0,0.09,1768451556.8603632,45.160262
XKF1,47904997,0,35.6,-1.65,339.41,21.441070556640625,-6.832294940948486,-0.1822364330291748,-0.11355207115411758,-232.23580932617188,-86.65280151367188,-48.74895095825195,0.02,0.02,0.0,0.09,1768451556.8603632,45.160262
XKF1,47944981,1,35.55,-1.66,339.94,21.497915267944336,-6.633110523223877,-0.17665435373783112,-0.11408555507659912,-231.36660766601562,-86.92292022705078,-48.74882888793945,0.02,0.02,0.0,0.09,1768451556.9003472,45.200246
XKF1,47944981,0,35.58,-1.67,339.91,21.50421905517578,-6.639614582061768,-0.1795504093170166,-0.11528916656970978,-231.3675994873047,-86.92546081542969,-48.754150390625,0.02,0.02,0.0,0.09,1768451556.9003472,45.200246
XKF1,47984965,1,35.55,-1.69,340.41,21.558441162109375,-6.443166732788086,-0.1696978062391281,-0.11542519927024841,-230.49696350097656,-87.18746948242188,-48.75402069091797,0.02,0.02,0.0,0.09,1768451556.9403312,45.24023
XKF1,47984965,0,35.58,-1.7,340.39,21.564193725585938,-6.449185848236084,-0.1732914298772812,-0.11722616106271744,-230.49803161621094,-87.1900405883789,-48.75941467285156,0.02,0.02,0.0,0.09,1768451556.9403312,45.24023
XKF1,48024949,0,35.58,-1.72,340.88,21.62275505065918,-6.261697769165039,-0.16475355625152588,-0.11596029996871948,-229.62705993652344,-87.44666290283203,-48.76429748535156,0.02,0.02,0.0,0.09,1768451556.9803152,45.280214
XKF1,48024949,1,35.55,-1.71,340.91,21.616743087768555,-6.255040168762207,-0.16210411489009857,-0.1151617243885994,-229.6259307861328,-87.44401550292969,-48.75885009765625,0.02,0.02,0.0,0.09,1768451556.9803152,45.280214
XKF1,48064933,1,35.55,-1.72,341.41,21.674257278442383,-6.067744731903076,-0.15328343212604523,-0.10464538633823395,-228.746826171875,-87.69497680664062,-48.76214599609375,0.02,0.02,0.0,0.09,1768451557.0202992,45.320198
XKF1,48064933,0,35.58,-1.73,341.38,21.681493759155273,-6.074066638946533,-0.1561296433210373,-0.10538278520107269,-228.7479248046875,-87.69762420654297,-48.76757049560547,0.02,0.02,0.0,0.09,1768451557.0202992,45.320198
XKF1,48104917,0,35.59,-1.74,341.89,21.738780975341797,-5.882010459899902,-0.15143859386444092,-0.09131889045238495,-227.86805725097656,-87.94042205810547,-48.77055740356445,0.02,0.02,0.0,0.09,1768451557.0602832,45.360182
XKF1,48104917,1,35.56,-1.73,341.91,21.732236862182617,-5.875483989715576,-0.14890174567699432,-0.0914311632514,-227.86705017089844,-87.93775177001953,-48.76514434814453,0.02,0.02,0.0,0.09,1768451557.0602832,45.360182
XKF1,48144901,1,35.59,-1.74,342.45,21.786176681518555,-5.681977272033691,-0.1463596671819687,-0.07776057720184326,-226.98641967773438,-88.1722412109375,-48.768001556396484,0.02,0.02,0.0,0.09,1768451557.1002672,45.400166
XKF1,48144901,0,35.61,-1.74,342.42,21.792966842651367,-5.688042163848877,-0.14869974553585052,-0.07710753381252289,-226.9873504638672,-88.17497253417969,-48.77339553833008,0.02,0.02,0.0,0.09,1768451557.1002672,45.400166
XKF1,48184885,0,35.63,-1.74,342.96,21.846721649169922,-5.491504192352295,-0.15034092962741852,-0.07486584782600403,-226.10568237304688,-88.40127563476562,-48.77662658691406,0.02,0.02,0.0,0.09,1768451557.1402512,45.44015
XKF1,48184885,1,35.6,-1.73,342.98,21.839628219604492,-5.485426425933838,-0.1476464420557022,-0.07524672895669937,-226.1048583984375,-88.3984603881836,-48.77123260498047,0.02,0.02,0.0,0.09,1768451557.1402512,45.44015
XKF1,48224869,0,35.67,-1.71,343.52,21.897994995117188,-5.286837577819824,-0.15794120728969574,-0.08113116025924683,-225.22299194335938,-88.61917877197266,-48.779693603515625,0.02,0.02,0.0,0.09,1768451557.1802351,45.480134
XKF1,48224869,1,35.64,-1.7,343.55,21.88981056213379,-5.281371593475342,-0.15548326075077057,-0.08171074092388153,-225.2223358154297,-88.61627197265625,-48.77429962158203,0.02,0.02,0.0,0.09,1768451557.1802351,45.480134
XKF1,48264853,0,35.71,-1.7,344.07,21.950149536132812,-5.078240394592285,-0.1656695455312729,-0.08236618340015411,-224.33367919921875,-88.83002471923828,-48.782379150390625,0.02,0.02,0.0,0.09,1768451557.2202191,45.520118
XKF1,48264853,1,35.69,-1.69,344.1,21.941905975341797,-5.073455333709717,-0.16277332603931427,-0.08262179046869278,-224.33319091796875,-88.82715606689453,-48.77701187133789,0.02,0.02,0.0,0.09,1768451557.2202191,45.520118
XKF1,48304837,1,35.73,-1.69,344.63,21.991201400756836,-4.864178657531738,-0.17101261019706726,-0.08431029319763184,-223.44357299804688,-89.02914428710938,-48.780616760253906,0.02,0.02,0.0,0.09,1768451557.2602031,45.560102
XKF1,48304837,0,35.76,-1.7,344.61,22.00017738342285,-4.869015693664551,-0.17297106981277466,-0.08298514783382416,-223.44386291503906,-89.03199005126953,-48.785945892333984,0.02,0.02,0.0,0.09,1768451557.2602031,45.560102
XKF1,48344821,1,35.77,-1.69,345.18,22.03834342956543,-4.655362606048584,-0.17421570420265198,-0.0915081799030304,-222.5533905029297,-89.22229766845703,-48.78496551513672,0.02,0.02,0.0,0.09,1768451557.300187,45.600086
XKF1,48344821,0,35.8,-1.7,345.15,22.04706382751465,-4.6605706214904785,-0.17568780481815338,-0.08961109817028046,-222.55343627929688,-89.22517395019531,-48.790245056152344,0.02,0.02,0.0,0.09,1768451557.300187,45.600086
XKF1,48384805,0,35.83,-1.7,345.68,22.09133529663086,-4.4534149169921875,-0.1773562729358673,-0.10027727484703064,-221.6623992919922,-89.40967559814453,-48.79498291015625,0.02,0.02,0.0,0.09,1768451557.340171,45.64007
XKF1,48384805,1,35.81,-1.7,345.7,22.082643508911133,-4.447874069213867,-0.17621521651744843,-0.10234326869249344,-221.66259765625,-89.40673828125,-48.78976058959961,0.02,0.02,0.0,0.09,1768451557.340171,45.64007
XKF1,48424789,1,35.86,-1.69,346.24,22.124591827392578,-4.24250602722168,-0.17565369606018066,-0.10825151950120926,-220.77110290527344,-89.58252716064453,-48.79408645629883,0.02,0.02,0.0,0.09,1768451557.380155,45.680054
XKF1,48424789,0,35.89,-1.7,346.21,22.13295555114746,-4.247219562530518,-0.17701494693756104,-0.10652147978544235,-220.77064514160156,-89.58554077148438,-48.79924774169922,0.02,0.02,0.0,0.09,1768451557.380155,45.680054
XKF1,48464773,0,35.96,-1.69,346.74,22.171733856201172,-4.038930892944336,-0.17762120068073273,-0.10964430868625641,-219.880859375,-89.7527847290039,-48.80386734008789,0.02,0.02,0.0,0.09,1768451557.420139,45.720038
XKF1,48464773,1,35.94,-1.68,346.77,22.16377067565918,-4.035160541534424,-0.17734220623970032,-0.11224336177110672,-219.8815155029297,-89.74976348876953,-48.79879379272461,0.02,0.02,0.0,0.09,1768451557.420139,45.720038
XKF1,48504757,0,36.04,-1.66,347.28,22.206783294677734,-3.828644037246704,-0.18036691844463348,-0.1167244240641594,-218.9926300048828,-89.91111755371094,-48.80918884277344,0.02,0.02,0.0,0.09,1768451557.460123,45.760022
XKF1,48504757,1,36.01,-1.65,347.3,22.19785499572754,-3.8237154483795166,-0.18070538341999054,-0.11981867253780365,-218.99346923828125,-89.90814208984375,-48.80425262451172,0.02,0.02,0.0,0.09,1768451557.460123,45.760022
XKF1,48544741,0,36.09,-1.63,347.81,22.23801040649414,-3.616870403289795,-0.18422377109527588,-0.13380877673625946,-218.10324096679688,-90.06105041503906,-48.81515121459961,0.02,0.02,0.0,0.09,1768451557.500107,45.800006
XKF1,48544741,1,36.07,-1.63,347.84,22.228681564331055,-3.612384557723999,-0.18737617135047913,-0.13969786465168,-218.10430908203125,-90.05805969238281,-48.8104133605957,0.02,0.02,0.0,0.09,1768451557.500107,45.800006
XKF1,48584725,1,36.1,-1.6,348.36,22.26051139831543,-3.398285388946533,-0.19481290876865387,-0.15905432403087616,-217.214111328125,-90.19927215576172,-48.81705093383789,0.02,0.02,0.0,0.09,1768451557.540091,45.83999
XKF1,48584725,0,36.13,-1.6,348.34,22.27104377746582,-3.4050745964050293,-0.19056925177574158,-0.1522817462682724,-217.2127227783203,-90.20233917236328,-48.82154083251953,0.02,0.02,0.0,0.09,1768451557.540091,45.83999
XKF1,48624709,1,36.14,-1.58,348.91,22.289329528808594,-3.1878600120544434,-0.19787678122520447,-0.16718588769435883,-216.32286071777344,-90.33180236816406,-48.823211669921875,0.02,0.02,0.0,0.09,1768451557.580075,45.879974
XKF1,48624709,0,36.16,-1.58,348.88,22.300596237182617,-3.1946656703948975,-0.19394922256469727,-0.16074423491954803,-216.32113647460938,-90.33500671386719,-48.82744216918945,0.02,0.02,0.0,0.09,1768451557.580075,45.879974
XKF1,48664693,0,36.19,-1.58,349.43,22.326950073242188,-2.9824624061584473,-0.19868937134742737,-0.16438962519168854,-215.43060302734375,-90.4592056274414,-48.833736419677734,0.02,0.02,0.0,0.09,1768451557.6200593,45.919958
XKF1,48664693,1,36.17,-1.57,349.45,22.315038681030273,-2.9763476848602295,-0.2029448002576828,-0.17113938927650452,-215.43264770507812,-90.45591735839844,-48.82975769042969,0.02,0.02,0.0,0.09,1768451557.6200593,45.919958
XKF1,48704677,0,36.22,-1.58,349.98,22.348146438598633,-2.7683773040771484,-0.20213350653648376,-0.16836243867874146,-214.54086303710938,-90.57488250732422,-48.84001922607422,0.02,0.02,0.0,0.09,1768451557.6600432,45.959942
XKF1,48704677,1,36.19,-1.57,350.01,22.336288452148438,-2.7630178928375244,-0.20380747318267822,-0.17237772047519684,-214.543212890625,-90.57158660888672,-48.836246490478516,0.02,0.02,0.0,0.09,1768451557.6600432,45.959942
XKF1,48744661,1,36.2,-1.56,350.57,22.35637855529785,-2.5505454540252686,-0.20663714408874512,-0.17052483558654785,-213.6526641845703,-90.67857360839844,-48.84270095825195,0.02,0.02,0.0,0.09,1768451557.7000272,45.999926
XKF1,48744661,0,36.22,-1.57,350.54,22.367835998535156,-2.5558829307556152,-0.20279456675052643,-0.16437320411205292,-213.65000915527344,-90.6819076538086,-48.846282958984375,0.02,0.02,0.0,0.09,1768451557.7000272,45.999926
XKF1,48784645,0,36.25,-1.56,351.09,22.387332916259766,-2.3421573638916016,-0.20647266507148743,-0.16687051951885223,-212.75808715820312,-90.78030395507812,-48.852970123291016,0.02,0.02,0.0,0.09,1768451557.7400112,46.03991
XKF1,48784645,1,36.22,-1.55,351.11,22.375253677368164,-2.3369991779327393,-0.21012316644191742,-0.17255187034606934,-212.76109313964844,-90.77689361572266,-48.84959411621094,0.02,0.02,0.0,0.09,1768451557.7400112,46.03991
XKF1,48824629,0,36.27,-1.53,351.64,22.40374183654785,-2.127105712890625,-0.21301841735839844,-0.17804813385009766,-211.86524963378906,-90.87003326416016,-48.860477447509766,0.02,0.02,0.0,0.09,1768451557.7799952,46.079894
XKF1,48824629,1,36.25,-1.53,351.67,22.391897201538086,-2.122398614883423,-0.21568967401981354,-0.18255458772182465,-211.86862182617188,-90.86653900146484,-48.85731506347656,0.02,0.02,0.0,0.09,1768451557.7799952,46.079894
XKF1,48864613,0,36.3,-1.51,352.19,22.417524337768555,-1.912008285522461,-0.21707843244075775,-0.1905420571565628,-210.97305297851562,-90.9512710571289,-48.86821746826172,0.02,0.02,0.0,0.09,1768451557.8199792,46.119878
XKF1,48864613,1,36.27,-1.5,352.21,22.406301498413086,-1.9076802730560303,-0.21998271346092224,-0.19530513882637024,-210.9766845703125,-90.94776153564453,-48.865211486816406,0.02,0.02,0.0,0.09,1768451557.8199792,46.119878
XKF1,48904597,0,36.31,-1.51,352.74,22.428794860839844,-1.6976263523101807,-0.221834197640419,-0.19954350590705872,-210.08132934570312,-91.02401733398438,-48.875999450683594,0.02,0.02,0.0,0.09,1768451557.8599632,46.159862
XKF1,48904597,1,36.29,-1.5,352.77,22.41685676574707,-1.6933691501617432,-0.2239840030670166,-0.20302924513816833,-210.08518981933594,-91.02055358886719,-48.873146057128906,0.02,0.02,0.0,0.09,1768451557.8599632,46.159862
XKF1,48944581,1,36.29,-1.51,353.31,22.42664909362793,-1.481871247291565,-0.22489143908023834,-0.20413853228092194,-209.1928253173828,-91.08468627929688,-48.88120651245117,0.02,0.02,0.0,0.09,1768451557.8999472,46.199846
XKF1,48944581,0,36.31,-1.52,353.28,22.438093185424805,-1.4854274988174438,-0.22155462205410004,-0.199763223528862,-209.188720703125,-91.08811950683594,-48.8838996887207,0.02,0.02,0.0,0.09,1768451557.8999472,46.199846
XKF1,48984565,1,36.3,-1.51,353.82,22.435983657836914,-1.2727984189987183,-0.2230638712644577,-0.20404477417469025,-208.2996826171875,-91.14032745361328,-48.88945007324219,0.02,0.02,0.0,0.09,1768451557.9399312,46.23983
XKF1,48984565,0,36.32,-1.52,353.81,22.44728660583496,-1.2758581638336182,-0.2203299105167389,-0.20055431127548218,-208.29531860351562,-91.14373016357422,-48.891963958740234,0.02,0.02,0.0,0.09,1768451557.9399312,46.23983
XKF1,49024549,0,36.34,-1.52,354.33,22.45427703857422,-1.0679004192352295,-0.21734771132469177,-0.19912447035312653,-207.4011993408203,-91.19091033935547,-48.89973068237305,0.02,0.02,0.0,0.09,1768451557.9799151,46.279814
XKF1,49024549,1,36.31,-1.51,354.36,22.44251251220703,-1.0641683340072632,-0.22052350640296936,-0.2031237632036209,-207.40585327148438,-91.1874771118164,-48.89736557006836,0.02,0.02,0.0,0.09,1768451557.9799151,46.279814
XKF1,49064533,1,36.32,-1.5,354.88,22.444297790527344,-0.8576648235321045,-0.21930882334709167,-0.20194987952709198,-206.53123474121094,-91.22589111328125,-48.90496063232422,0.02,0.02,0.0,0.09,1768451558.0198991,46.319798
XKF1,49064533,0,36.35,-1.51,354.86,22.457958221435547,-0.8574243783950806,-0.21413420140743256,-0.19616073369979858,-206.5076446533203,-91.23001098632812,-48.907318115234375,0.02,0.02,0.0,0.09,1768451558.0198991,46.319798
XKF1,49104517,0,36.36,-1.49,355.4,22.4606990814209,-0.6465495824813843,-0.21477028727531433,-0.19345204532146454,-205.61456298828125,-91.26092529296875,-48.91495895385742,0.02,0.02,0.0,0.09,1768451558.059883,46.359782
XKF1,49104517,1,36.34,-1.48,355.42,22.446792602539062,-0.648506760597229,-0.2202688753604889,-0.19882699847221375,-205.6383819580078,-91.25704956054688,-48.9128303527832,0.02,0.02,0.0,0.09,1768451558.059883,46.359782
XKF1,49144501,0,36.38,-1.48,355.94,22.460432052612305,-0.4369804859161377,-0.2167738974094391,-0.19760629534721375,-204.72088623046875,-91.28329467773438,-48.92299270629883,0.02,0.02,0.0,0.09,1768451558.099867,46.399766
XKF1,49144501,1,36.35,-1.48,355.96,22.446380615234375,-0.43914854526519775,-0.22074081003665924,-0.20152708888053894,-204.7449951171875,-91.27967834472656,-48.92104721069336,0.02,0.02,0.0,0.09,1768451558.099867,46.399766
XKF1,49184485,0,36.39,-1.48,356.47,22.45823097229004,-0.22650615870952606,-0.21888723969459534,-0.20346982777118683,-203.82679748535156,-91.29714965820312,-48.931251525878906,0.02,0.02,0.0,0.09,1768451558.139851,46.43975
XKF1,49184485,1,36.37,-1.47,356.48,22.443756103515625,-0.22845184803009033,-0.22133560478687286,-0.20602379739284515,-203.85122680664062,-91.29376983642578,-48.9294319152832,0.02,0.02,0.0,0.09,1768451558.139851,46.43975
XKF1,49224469,1,36.37,-1.48,357.01,22.44045639038086,-0.02011718414723873,-0.22094844281673431,-0.20840735733509064,-202.95726013183594,-91.29935455322266,-48.937740325927734,0.02,0.02,0.0,0.09,1768451558.179835,46.479734
XKF1,49224469,0,36.4,-1.48,356.98,22.45736312866211,-0.01969243958592415,-0.21777310967445374,-0.20519505441188812,-202.93240356445312,-91.30255889892578,-48.939414978027344,0.02,0.02,0.0,0.09,1768451558.179835,46.479734
XKF1,49264453,1,36.36,-1.48,357.52,22.435190200805664,0.18560414016246796,-0.21924085915088654,-0.20854181051254272,-202.06358337402344,-91.29696655273438,-48.945823669433594,0.02,0.02,0.0,0.09,1768451558.219819,46.519718
XKF1,49264453,0,36.39,-1.48,357.51,22.452138900756836,0.18677856028079987,-0.21438075602054596,-0.20368187129497528,-202.0386199951172,-91.29999542236328,-48.947383880615234,0.02,0.02,0.0,0.09,1768451558.219819,46.519718
XKF1,49304437,0,36.37,-1.5,358.04,22.443862915039062,0.39238160848617554,-0.21153508126735687,-0.19857540726661682,-201.14547729492188,-91.28944396972656,-48.95527267456055,0.02,0.02,0.0,0.09,1768451558.259803,46.559702
XKF1,49304437,1,36.34,-1.5,358.07,22.426652908325195,0.3924335539340973,-0.2158261090517044,-0.20150364935398102,-201.17034912109375,-91.28658294677734,-48.95378494262695,0.02,0.02,0.0,0.09,1768451558.259803,46.559702
XKF1,49344421,0,36.35,-1.53,358.58,22.435413360595703,0.5975854396820068,-0.20602013170719147,-0.19468601047992706,-200.25216674804688,-91.27051544189453,-48.96323776245117,0.02,0.02,0.0,0.09,1768451558.299787,46.599686
XKF1,49344421,1,36.32,-1.52,358.6,22.41836929321289,0.598558247089386,-0.21197092533111572,-0.19840747117996216,-200.27703857421875,-91.26776885986328,-48.96186065673828,0.02,0.02,0.0,0.09,1768451558.299787,46.599686
XKF1,49384405,1,36.31,-1.54,359.12,22.408409118652344,0.8027282357215881,-0.2061777263879776,-0.19524534046649933,-199.3837127685547,-91.24059295654297,-48.96985626220703,0.02,0.02,0.0,0.09,1768451558.339771,46.63967
XKF1,49384405,0,36.33,-1.55,359.11,22.424684524536133,0.8018898963928223,-0.20010219514369965,-0.19195491075515747,-199.35879516601562,-91.24327087402344,-48.97106170654297,0.02,0.02,0.0,0.09,1768451558.339771,46.63967
XKF1,49424389,0,36.34,-1.56,359.63,22.411148071289062,1.0075589418411255,-0.19133685529232025,-0.1839834451675415,-198.46554565429688,-91.20770263671875,-48.97818374633789,0.02,0.02,0.0,0.09,1768451558.379755,46.679654
XKF1,49424389,1,36.32,-1.55,359.65,22.393381118774414,1.0077965259552002,-0.19926294684410095,-0.18909095227718353,-198.4906005859375,-91.20508575439453,-48.97720718383789,0.02,0.02,0.0,0.09,1768451558.379755,46.679654
XKF1,49464373,0,36.35,-1.57,0.16,22.39549446105957,1.2124470472335815,-0.1877625584602356,-0.1784447580575943,-197.57296752929688,-91.16423797607422,-48.9848747253418,0.02,0.02,0.0,0.09,1768451558.4197392,46.719638
XKF1,49464373,1,36.32,-1.56,0.17,22.379398345947266,1.2106657028198242,-0.19524788856506348,-0.18347030878067017,-197.597900390625,-91.16178894042969,-48.984092712402344,0.02,0.02,0.0,0.09,1768451558.4197392,46.719638
XKF1,49504357,0,36.35,-1.58,0.7,22.37571907043457,1.4181746244430542,-0.18655627965927124,-0.16979043185710907,-196.68115234375,-91.11267852783203,-48.991554260253906,0.02,0.02,0.0,0.09,1768451558.4597232,46.759622
XKF1,49504357,1,36.32,-1.57,0.73,22.36241912841797,1.4166914224624634,-0.19426856935024261,-0.1743258684873581,-196.70565795898438,-91.11041259765625,-48.990943908691406,0.02,0.02,0.0,0.09,1768451558.4597232,46.759622
XKF1,49544341,0,36.35,-1.58,1.24,22.356678009033203,1.6244624853134155,-0.18355810642242432,-0.16770800948143005,-195.7897186279297,-91.05284881591797,-48.99850845336914,0.02,0.02,0.0,0.09,1768451558.4997072,46.799606
XKF1,49544341,1,36.33,-1.58,1.26,22.343996047973633,1.6214218139648438,-0.19012333452701569,-0.17080585658550262,-195.8138427734375,-91.05076599121094,-48.99807357788086,0.02,0.02,0.0,0.09,1768451558.4997072,46.799606
XKF1,49584325,1,36.33,-1.58,1.77,22.32337760925293,1.828203558921814,-0.18742342293262482,-0.17147104442119598,-194.92262268066406,-90.98271942138672,-49.005184173583984,0.02,0.02,0.0,0.09,1768451558.5396912,46.83959
XKF1,49584325,0,36.35,-1.58,1.77,22.33487892150879,1.830600380897522,-0.18058384954929352,-0.16790801286697388,-194.8988037109375,-90.98462677001953,-49.00546646118164,0.02,0.02,0.0,0.09,1768451558.5396912,46.83959
XKF1,49625142,1,36.32,-1.6,2.31,22.299129486083984,2.043290376663208,-0.18417267501354218,-0.1697622835636139,-193.9949188232422,-90.9028549194336,-49.012210845947266,0.02,0.02,0.0,0.09,1768451558.5805082,46.880407
XKF1,49625142,0,36.34,-1.6,2.29,22.312301635742188,2.035806655883789,-0.17703182995319366,-0.16584794223308563,-194.0084686279297,-90.90801239013672,-49.01198959350586,0.02,0.02,0.0,0.09,1768451558.5805082,46.880407
XKF1,49665126,0,36.35,-1.62,2.8,22.292137145996094,2.240478754043579,-0.1706862896680832,-0.15147490799427032,-193.1091766357422,-90.82225036621094,-49.016788482666016,0.02,0.02,0.0,0.09,1768451558.6204922,46.920391
XKF1,49665126,1,36.32,-1.62,2.83,22.27830696105957,2.2474706172943115,-0.17584949731826782,-0.15347620844841003,-193.094970703125,-90.81690979003906,-49.01704406738281,0.02,0.03,0.0,0.09,1768451558.6204922,46.920391
XKF1,49705110,1,36.33,-1.64,3.33,22.25722312927246,2.4509100914001465,-0.16719231009483337,-0.12888148427009583,-192.19691467285156,-90.7228012084961,-49.02167510986328,0.02,0.03,0.0,0.09,1768451558.6604762,46.960375
XKF1,49705110,0,36.35,-1.64,3.32,22.271221160888672,2.4481537342071533,-0.16100408136844635,-0.12660662829875946,-192.1930389404297,-90.72630310058594,-49.021507263183594,0.02,0.02,0.0,0.09,1768451558.6604762,46.960375
XKF1,49745094,0,36.38,-1.65,3.85,22.246381759643555,2.6531574726104736,-0.15367624163627625,-0.10940979421138763,-191.29718017578125,-90.62401580810547,-49.02586364746094,0.02,0.02,0.0,0.09,1768451558.7004602,47.000359
XKF1,49745094,1,36.35,-1.65,3.87,22.232221603393555,2.6561295986175537,-0.1597890406847,-0.11049498617649078,-191.30068969726562,-90.6204605102539,-49.02611541748047,0.02,0.03,0.0,0.09,1768451558.7004602,47.000359
XKF1,49785078,0,36.4,-1.66,4.39,22.217586517333984,2.8586924076080322,-0.14974592626094818,-0.10179506242275238,-190.40304565429688,-90.51350402832031,-49.03025817871094,0.02,0.02,0.0,0.09,1768451558.7404442,47.040343
XKF1,49785078,1,36.38,-1.66,4.41,22.204151153564453,2.86190128326416,-0.15594251453876495,-0.10316065698862076,-190.40631103515625,-90.50988006591797,-49.030601501464844,0.02,0.03,0.0,0.09,1768451558.7404442,47.040343
XKF1,49825062,0,36.43,-1.68,4.93,22.1883602142334,3.064634323120117,-0.14558707177639008,-0.09298577159643173,-189.51065063476562,-90.3946762084961,-49.03357696533203,0.02,0.02,0.0,0.09,1768451558.7804282,47.080327
XKF1,49825062,1,36.41,-1.68,4.95,22.176158905029297,3.068328380584717,-0.15168985724449158,-0.0946517214179039,-189.5137176513672,-90.39096069335938,-49.03403854370117,0.02,0.03,0.0,0.09,1768451558.7804282,47.080327
XKF1,49865046,1,36.45,-1.71,5.47,22.151628494262695,3.276343584060669,-0.14509354531764984,-0.07492367178201675,-188.61505126953125,-90.26294708251953,-49.03620910644531,0.02,0.03,0.0,0.09,1768451558.8204122,47.120311
XKF1,49865046,0,36.47,-1.71,5.46,22.163177490234375,3.2722339630126953,-0.13916167616844177,-0.073033407330513,-188.61184692382812,-90.26659393310547,-49.035648345947266,0.02,0.02,0.0,0.09,1768451558.8204122,47.120311
XKF1,49905030,1,36.49,-1.71,6.0,22.12026023864746,3.484654426574707,-0.13961860537528992,-0.05595866218209267,-187.718994140625,-90.12666320800781,-49.0380744934082,0.02,0.03,0.0,0.09,1768451558.8603961,47.160295
XKF1,49905030,0,36.51,-1.71,5.99,22.132709503173828,3.4804232120513916,-0.13377434015274048,-0.05389421060681343,-187.71560668945312,-90.13027954101562,-49.03739547729492,0.02,0.02,0.0,0.09,1768451558.8603961,47.160295
XKF1,49945014,1,36.53,-1.69,6.54,22.088159561157227,3.6947381496429443,-0.1384536474943161,-0.040321845561265945,-186.8254852294922,-89.98206329345703,-49.039756774902344,0.02,0.03,0.0,0.09,1768451558.9003801,47.200279
XKF1,49945014,0,36.55,-1.69,6.52,22.100341796875,3.6906638145446777,-0.1329629272222519,-0.038174819201231,-186.8218536376953,-89.98566436767578,-49.03894805908203,0.02,0.02,0.0,0.09,1768451558.9003801,47.200279
XKF1,49984998,0,36.59,-1.67,7.05,22.063203811645508,3.902956485748291,-0.13532009720802307,-0.03564372658729553,-185.9306182861328,-89.83267211914062,-49.041053771972656,0.02,0.02,0.0,0.09,1768451558.9403641,47.240263
XKF1,49984998,1,36.57,-1.67,7.06,22.051172256469727,3.9074318408966064,-0.1413343995809555,-0.03873421624302864,-185.93450927734375,-89.82903289794922,-49.042015075683594,0.02,0.03,0.0,0.09,1768451558.9403641,47.240263
XKF1,50024982,1,36.63,-1.67,7.61,22.01432991027832,4.119925498962402,-0.1411055624485016,-0.04085450619459152,-185.04598999023438,-89.66752624511719,-49.044281005859375,0.02,0.03,0.0,0.09,1768451558.980348,47.280247
XKF1,50024982,0,36.65,-1.67,7.59,22.025463104248047,4.115537166595459,-0.13544945418834686,-0.03765112906694412,-185.0418243408203,-89.67122650146484,-49.04315948486328,0.02,0.02,0.0,0.09,1768451558.980348,47.280247
XKF1,50064966,0,36.7,-1.69,8.14,21.99076271057129,4.326643943786621,-0.13422152400016785,-0.03635989874601364,-184.14906311035156,-89.50040435791016,-49.044708251953125,0.02,0.02,0.0,0.09,1768451559.020332,47.320231
XKF1,50064966,1,36.68,-1.69,8.15,21.979232788085938,4.331672191619873,-0.14059185981750488,-0.04031270742416382,-184.15333557128906,-89.49673461914062,-49.045928955078125,0.02,0.03,0.0,0.09,1768451559.020332,47.320231
XKF1,50104950,0,36.76,-1.7,8.68,21.952512741088867,4.537024021148682,-0.1300256997346878,-0.03150065615773201,-183.2593231201172,-89.32134246826172,-49.046756744384766,0.02,0.02,0.0,0.09,1768451559.060316,47.360215
XKF1,50104950,1,36.73,-1.7,8.68,21.940937042236328,4.541794776916504,-0.13687992095947266,-0.03544072061777115,-183.2637481689453,-89.31765747070312,-49.04812240600586,0.02,0.03,0.0,0.09,1768451559.060316,47.360215
XKF1,50144934,1,36.77,-1.71,9.24,21.897884368896484,4.752527236938477,-0.13490882515907288,-0.04168182238936424,-182.37713623046875,-89.1302719116211,-49.05072784423828,0.02,0.03,0.0,0.09,1768451559.1003,47.400199
XKF1,50144934,0,36.79,-1.71,9.22,21.908859252929688,4.747518539428711,-0.12742482125759125,-0.037168119102716446,-182.37252807617188,-89.13399505615234,-49.0491828918457,0.02,0.02,0.0,0.09,1768451559.1003,47.400199
XKF1,50184918,0,36.82,-1.7,9.77,21.864274978637695,4.957937240600586,-0.12704122066497803,-0.047933418303728104,-181.4886932373047,-88.93836212158203,-49.051902770996094,0.02,0.02,0.0,0.09,1768451559.140284,47.440183
XKF1,50184918,1,36.79,-1.69,9.77,21.852998733520508,4.962376117706299,-0.1346656233072281,-0.05270647257566452,-181.49351501464844,-88.93457794189453,-49.05365753173828,0.02,0.03,0.0,0.09,1768451559.140284,47.440183
XKF1,50224902,0,36.84,-1.66,10.3,21.816909790039062,5.171727657318115,-0.12854792177677155,-0.05539789795875549,-180.60772705078125,-88.7343521118164,-49.05388259887695,0.02,0.02,0.0,0.09,1768451559.180268,47.480167
XKF1,50224902,1,36.82,-1.66,10.32,21.805295944213867,5.1760993003845215,-0.1356675922870636,-0.05995553359389305,-180.61280822753906,-88.73050689697266,-49.05586242675781,0.02,0.03,0.0,0.09,1768451559.180268,47.480167
XKF1,50264886,0,36.85,-1.63,10.84,21.769222259521484,5.384254455566406,-0.13313065469264984,-0.05558187514543533,-179.724365234375,-88.52080535888672,-49.05551528930664,0.02,0.03,0.0,0.09,1768451559.220252,47.520151
XKF1,50264886,1,36.83,-1.63,10.85,21.758678436279297,5.388144016265869,-0.13974471390247345,-0.059645671397447586,-179.72950744628906,-88.51701354980469,-49.05760955810547,0.02,0.03,0.0,0.09,1768451559.220252,47.520151
XKF1,50304870,1,36.83,-1.62,11.38,21.707250595092773,5.60159969329834,-0.14255455136299133,-0.05716120824217796,-178.8497314453125,-88.29521942138672,-49.059844970703125,0.02,0.03,0.0,0.09,1768451559.260236,47.560135
XKF1,50304870,0,36.85,-1.62,11.38,21.71791648864746,5.597140312194824,-0.13670431077480316,-0.054336223751306534,-178.844482421875,-88.29899597167969,-49.057640075683594,0.02,0.03,0.0,0.09,1768451559.260236,47.560135
XKF1,50344854,1,36.82,-1.6,11.93,21.65602684020996,5.810566425323486,-0.1450793445110321,-0.059050820767879486,-177.97329711914062,-88.06513977050781,-49.06249237060547,0.02,0.03,0.0,0.09,1768451559.3002203,47.600119
XKF1,50344854,0,36.84,-1.6,11.91,21.6667423248291,5.807062149047852,-0.13925926387310028,-0.05640500411391258,-177.96792602539062,-88.06892395019531,-49.0601806640625,0.02,0.03,0.0,0.09,1768451559.3002203,47.600119
XKF1,50384838,1,36.81,-1.59,12.45,21.60362434387207,6.020271301269531,-0.15093258023262024,-0.06962133198976517,-177.10015869140625,-87.82685089111328,-49.06573486328125,0.02,0.03,0.0,0.09,1768451559.3402042,47.640103
XKF1,50384838,0,36.83,-1.59,12.45,21.614282608032227,6.017065048217773,-0.1453857570886612,-0.06715128570795059,-177.0946044921875,-87.83062744140625,-49.06330108642578,0.02,0.03,0.0,0.09,1768451559.3402042,47.640103
XKF1,50424822,1,36.83,-1.6,13.0,21.549034118652344,6.225587844848633,-0.15163518488407135,-0.07737910002470016,-176.23020935058594,-87.58037567138672,-49.06924057006836,0.02,0.03,0.0,0.09,1768451559.3801882,47.680087
XKF1,50424822,0,36.85,-1.6,12.98,21.559499740600586,6.222896575927734,-0.14611731469631195,-0.07471819221973419,-176.22442626953125,-87.58416748046875,-49.06667709350586,0.02,0.03,0.0,0.09,1768451559.3801882,47.680087
XKF1,50464806,1,36.84,-1.59,13.54,21.490327835083008,6.4289727210998535,-0.15276378393173218,-0.08605527877807617,-175.36595153808594,-87.32726287841797,-49.073219299316406,0.02,0.03,0.0,0.09,1768451559.4201722,47.720071
XKF1,50464806,0,36.86,-1.6,13.53,21.50059700012207,6.426699638366699,-0.14689402282238007,-0.08275000005960464,-175.3600616455078,-87.33100128173828,-49.07054901123047,0.02,0.02,0.0,0.09,1768451559.4201722,47.720071
XKF1,50504790,1,36.84,-1.61,14.1,21.427812576293945,6.6348419189453125,-0.1546948105096817,-0.09864187240600586,-174.507080078125,-87.0671615600586,-49.077388763427734,0.02,0.03,0.0,0.09,1768451559.4601562,47.760055
XKF1,50504790,0,36.86,-1.61,14.09,21.4376163482666,6.631565570831299,-0.14877228438854218,-0.09574658423662186,-174.5011444091797,-87.07080841064453,-49.074623107910156,0.02,0.02,0.0,0.09,1768451559.4601562,47.760055
XKF1,50544774,0,36.88,-1.62,14.66,21.37340545654297,6.835216045379639,-0.14944367110729218,-0.101704441010952,-173.64491271972656,-86.8023681640625,-49.07878494262695,0.02,0.02,0.0,0.09,1768451559.5001402,47.800039
XKF1,50544774,1,36.85,-1.61,14.67,21.364408493041992,6.839010715484619,-0.15518063306808472,-0.10416562110185623,-173.65090942382812,-86.79875183105469,-49.081661224365234,0.02,0.03,0.0,0.09,1768451559.5001402,47.800039
XKF1,50584758,1,36.87,-1.62,15.24,21.29742431640625,7.043208122253418,-0.15528717637062073,-0.11003956943750381,-172.79751586914062,-86.52202606201172,-49.08623504638672,0.02,0.03,0.0,0.09,1768451559.5401242,47.840023
XKF1,50584758,0,36.9,-1.62,15.24,21.305530548095703,7.03988790512085,-0.15150140225887299,-0.10938756912946701,-172.79144287109375,-86.52564239501953,-49.08327102661133,0.02,0.02,0.0,0.09,1768451559.5401242,47.840023
XKF1,50624742,1,36.9,-1.61,15.83,21.22547721862793,7.249312877655029,-0.15702591836452484,-0.11789460480213165,-171.94705200195312,-86.23698425292969,-49.090980529785156,0.02,0.03,0.0,0.09,1768451559.5801082,47.880007
XKF1,50624742,0,36.93,-1.62,15.82,21.23482322692871,7.246028423309326,-0.15306711196899414,-0.11665734648704529,-171.9408721923828,-86.24061584472656,-49.08797073364258,0.02,0.02,0.0,0.09,1768451559.5801082,47.880007
XKF1,50664726,0,36.97,-1.6,16.39,21.160608291625977,7.452925205230713,-0.1579512059688568,-0.12652438879013062,-171.09530639648438,-85.94834899902344,-49.093082427978516,0.02,0.02,0.0,0.09,1768451559.6200922,47.919991
XKF1,50664726,1,36.94,-1.59,16.41,21.152111053466797,7.456469535827637,-0.16283756494522095,-0.12877221405506134,-171.10153198242188,-85.9447250366211,-49.09614944458008,0.02,0.03,0.0,0.09,1768451559.6200922,47.919991
XKF1,50704710,0,37.0,-1.58,16.96,21.083871841430664,7.661587238311768,-0.16308169066905975,-0.13745902478694916,-170.2545166015625,-85.64860534667969,-49.098426818847656,0.02,0.02,0.0,0.09,1768451559.6600761,47.959975
XKF1,50704710,1,36.98,-1.58,16.96,21.07670021057129,7.6631293296813965,-0.16609852015972137,-0.13744492828845978,-170.26065063476562,-85.64508056640625,-49.10149383544922,0.02,0.03,0.0,0.09,1768451559.6600761,47.959975
XKF1,50744694,0,37.02,-1.56,17.54,21.004301071166992,7.870153903961182,-0.16860464215278625,-0.14454685151576996,-169.41650390625,-85.34024047851562,-49.103981018066406,0.02,0.02,0.0,0.09,1768451559.7000601,47.999959
XKF1,50744694,1,37.0,-1.55,17.55,20.997337341308594,7.869704723358154,-0.17127318680286407,-0.1439221054315567,-169.42259216308594,-85.33683013916016,-49.10703659057617,0.02,0.03,0.0,0.09,1768451559.7000601,47.999959
XKF1,50784678,0,37.04,-1.52,18.12,20.92064666748047,8.078008651733398,-0.17939966917037964,-0.15726864337921143,-168.58140563964844,-85.02328491210938,-49.11006164550781,0.02,0.02,0.0,0.09,1768451559.740044,48.039943
XKF1,50784678,1,37.02,-1.52,18.12,20.914159774780273,8.076488494873047,-0.18172995746135712,-0.15642856061458588,-168.5874786376953,-85.02003479003906,-49.11309051513672,0.02,0.03,0.0,0.09,1768451559.740044,48.039943
XKF1,50824662,0,37.06,-1.47,18.7,20.83460235595703,8.286197662353516,-0.18912512063980103,-0.16690275073051453,-167.74948120117188,-84.69776916503906,-49.11613464355469,0.02,0.02,0.0,0.09,1768451559.780028,48.079927
XKF1,50824662,1,37.03,-1.47,18.71,20.826419830322266,8.285036087036133,-0.19229722023010254,-0.16699545085430145,-167.75559997558594,-84.69470977783203,-49.119163513183594,0.02,0.03,0.0,0.09,1768451559.780028,48.079927
XKF1,50864646,0,37.07,-1.44,19.25,20.747926712036133,8.492318153381348,-0.2009945958852768,-0.1760912388563156,-166.9221954345703,-84.36467742919922,-49.12290954589844,0.02,0.02,0.0,0.09,1768451559.820012,48.119911
XKF1,50864646,1,37.05,-1.43,19.26,20.739200592041016,8.491375923156738,-0.20388701558113098,-0.1761404573917389,-166.9283447265625,-84.36178588867188,-49.125938415527344,0.02,0.03,0.0,0.09,1768451559.820012,48.119911
XKF1,50904630,1,37.05,-1.41,19.78,20.650014877319336,8.691102981567383,-0.21106600761413574,-0.18388806283473969,-166.1055450439453,-84.02135467529297,-49.133522033691406,0.02,0.03,0.0,0.09,1768451559.859996,48.159895
XKF1,50904630,0,37.08,-1.41,19.78,20.65969467163086,8.693321228027344,-0.20909400284290314,-0.18480417132377625,-166.0994110107422,-84.02399444580078,-49.13050842285156,0.02,0.02,0.0,0.09,1768451559.859996,48.159895
XKF1,50944614,0,37.08,-1.39,20.31,20.569753646850586,8.890692710876465,-0.21522599458694458,-0.198832169175148,-165.2796630859375,-83.67501831054688,-49.13876724243164,0.02,0.02,0.0,0.09,1768451559.89998,48.199879
XKF1,50944614,1,37.06,-1.39,20.32,20.559558868408203,8.889182090759277,-0.21537697315216064,-0.19633807241916656,-165.28585815429688,-83.67259216308594,-49.14170455932617,0.02,0.03,0.0,0.09,1768451559.89998,48.199879
XKF1,50984598,0,37.08,-1.39,20.86,20.481271743774414,9.085158348083496,-0.21589404344558716,-0.2073071300983429,-164.46304321289062,-83.31790161132812,-49.14725112915039,0.02,0.02,0.0,0.09,1768451559.939964,48.239863
XKF1,50984598,1,37.05,-1.38,20.86,20.47005844116211,9.082714080810547,-0.21714070439338684,-0.2060820609331131,-164.46937561035156,-83.315673828125,-49.15011978149414,0.02,0.03,0.0,0.09,1768451559.939964,48.239863
XKF1,51024582,0,37.04,-1.39,21.4,20.390432357788086,9.277372360229492,-0.21700149774551392,-0.2130948007106781,-163.64959716796875,-82.95276641845703,-49.15556335449219,0.02,0.02,0.0,0.09,1768451559.979948,48.279847
XKF1,51024582,1,37.02,-1.39,21.41,20.37837028503418,9.274102210998535,-0.21805253624916077,-0.21171611547470093,-163.65614318847656,-82.95074462890625,-49.15838623046875,0.02,0.03,0.0,0.09,1768451559.979948,48.279847
XKF1,51064566,1,36.98,-1.39,21.97,20.283775329589844,9.463882446289062,-0.2192033976316452,-0.21459464728832245,-162.84727478027344,-82.57886505126953,-49.16663360595703,0.02,0.03,0.0,0.09,1768451560.019932,48.319831
XKF1,51064566,0,37.01,-1.39,21.96,20.296016693115234,9.467304229736328,-0.21809984743595123,-0.2155776172876358,-162.840576171875,-82.58067321777344,-49.163883209228516,0.02,0.02,0.0,0.09,1768451560.019932,48.319831
XKF1,51104550,0,36.98,-1.42,22.52,20.201889038085938,9.653204917907715,-0.21452951431274414,-0.21082065999507904,-162.03587341308594,-82.20157623291016,-49.17179489135742,0.02,0.02,0.0,0.09,1768451560.059916,48.359815
XKF1,51104550,1,36.95,-1.42,22.53,20.187837600708008,9.651988983154297,-0.21831268072128296,-0.21216794848442078,-162.04269409179688,-82.19995880126953,-49.174556732177734,0.02,0.03,0.0,0.09,1768451560.059916,48.359815
XKF1,51144534,1,36.95,-1.44,23.08,20.090564727783203,9.838265419006348,-0.21465905010700226,-0.20128777623176575,-161.24151611328125,-81.81316375732422,-49.18220901489258,0.02,0.03,0.0,0.09,1768451560.0999002,48.399799
XKF1,51144534,0,36.97,-1.44,23.07,20.10512924194336,9.839284896850586,-0.21051907539367676,-0.1997166872024536,-161.2344512939453,-81.81465911865234,-49.179386138916016,0.02,0.02,0.0,0.09,1768451560.0999002,48.399799
XKF1,51184518,0,36.99,-1.46,23.62,20.00861930847168,10.02441120147705,-0.20463086664676666,-0.19005264341831207,-160.43643188476562,-81.41998291015625,-49.186954498291016,0.02,0.02,0.0,0.09,1768451560.1398842,48.439783
XKF1,51184518,1,36.97,-1.46,23.62,19.99530792236328,10.019603729248047,-0.2092776745557785,-0.1921042650938034,-160.46044921875,-81.42693328857422,-49.18970489501953,0.02,0.03,0.0,0.09,1768451560.1398842,48.439783
XKF1,51224502,0,37.01,-1.48,24.18,19.907651901245117,10.211339950561523,-0.1980983018875122,-0.18522383272647858,-159.64195251464844,-81.01757049560547,-49.19478988647461,0.02,0.02,0.0,0.09,1768451560.1798682,48.479767
XKF1,51224502,1,36.99,-1.48,24.18,19.894105911254883,10.205862045288086,-0.20271044969558716,-0.18751390278339386,-159.666259765625,-81.0247573852539,-49.19764709472656,0.02,0.03,0.0,0.09,1768451560.1798682,48.479767
XKF1,51264486,0,37.03,-1.5,24.72,19.806861877441406,10.397515296936035,-0.19238069653511047,-0.18495529890060425,-158.85183715820312,-80.60820770263672,-49.2022819519043,0.02,0.02,0.0,0.09,1768451560.2198522,48.519751
XKF1,51264486,1,37.01,-1.5,24.72,19.79425621032715,10.392664909362793,-0.19661903381347656,-0.1871189922094345,-158.8762969970703,-80.61563110351562,-49.205238342285156,0.02,0.03,0.0,0.09,1768451560.2198522,48.519751
XKF1,51304470,0,37.05,-1.54,25.24,19.70414161682129,10.578763961791992,-0.18211010098457336,-0.17552773654460907,-158.06602478027344,-80.19187927246094,-49.20949935913086,0.02,0.02,0.0,0.09,1768451560.2598362,48.559735
XKF1,51304470,1,37.03,-1.53,25.25,19.69304656982422,10.573160171508789,-0.18714968860149384,-0.17835268378257751,-158.0904998779297,-80.1995849609375,-49.21253204345703,0.02,0.03,0.0,0.09,1768451560.2598362,48.559735
XKF1,51344454,0,37.07,-1.56,25.77,19.601421356201172,10.757678031921387,-0.16858908534049988,-0.16585709154605865,-157.2838592529297,-79.76799011230469,-49.21642303466797,0.02,0.02,0.0,0.09,1768451560.2998202,48.599719
XKF1,51344454,1,37.05,-1.56,25.78,19.58968734741211,10.750385284423828,-0.17422214150428772,-0.16903237998485565,-157.30838012695312,-79.7760009765625,-49.21955871582031,0.02,0.03,0.0,0.09,1768451560.2998202,48.599719
XKF1,51384438,0,37.1,-1.57,26.31,19.493484497070312,10.938146591186523,-0.1587965339422226,-0.1598571389913559,-156.50550842285156,-79.33658599853516,-49.22291564941406,0.02,0.02,0.0,0.09,1768451560.3398042,48.639703
XKF1,51384438,1,37.07,-1.56,26.31,19.484619140625,10.931547164916992,-0.16505354642868042,-0.1635788083076477,-156.53009033203125,-79.34491729736328,-49.22620391845703,0.02,0.03,0.0,0.09,1768451560.3398042,48.639703
XKF1,51424422,0,37.09,-1.55,26.85,19.3851375579834,11.119815826416016,-0.15477925539016724,-0.15686091780662537,-155.7311248779297,-78.89763641357422,-49.22898483276367,0.02,0.02,0.0,0.09,1768451560.3797882,48.679687
XKF1,51424422,1,37.06,-1.55,26.86,19.376243591308594,11.11302661895752,-0.1602410227060318,-0.15996326506137848,-155.75576782226562,-78.90625762939453,-49.232425689697266,0.02,0.03,0.0,0.09,1768451560.3797882,48.679687
XKF1,51464406,1,37.06,-1.56,27.39,19.265350341796875,11.293839454650879,-0.1597488820552826,-0.15853245556354523,-154.98565673828125,-78.46056365966797,-49.23839569091797,0.02,0.03,0.0,0.09,1768451560.4197721,48.719671
XKF1,51464406,0,37.09,-1.56,27.4,19.273656845092773,11.301833152770996,-0.15236733853816986,-0.153427854180336,-154.96127319335938,-78.45174407958984,-49.234806060791016,0.02,0.02,0.0,0.09,1768451560.4197721,48.719671
XKF1,51504390,1,37.07,-1.57,27.96,19.15273094177246,11.474549293518066,-0.15582194924354553,-0.14937561750411987,-154.2198486328125,-78.00776672363281,-49.244388580322266,0.02,0.03,0.0,0.09,1768451560.4597561,48.759655
XKF1,51504390,0,37.09,-1.57,27.95,19.159587860107422,11.481074333190918,-0.14756566286087036,-0.1442997306585312,-154.1959991455078,-77.99887084960938,-49.240665435791016,0.02,0.02,0.0,0.09,1768451560.4597561,48.759655
XKF1,51544374,1,37.07,-1.57,28.52,19.038375854492188,11.654390335083008,-0.15560811758041382,-0.15198731422424316,-153.45834350585938,-77.54747009277344,-49.250648498535156,0.02,0.03,0.0,0.09,1768451560.4997401,48.799639
XKF1,51544374,0,37.1,-1.57,28.51,19.043468475341797,11.66120719909668,-0.1462523341178894,-0.14658434689044952,-153.43496704101562,-77.53848266601562,-49.24672317504883,0.02,0.02,0.0,0.09,1768451560.4997401,48.799639
XKF1,51584358,0,37.11,-1.57,29.08,18.926097869873047,11.842596054077148,-0.14689020812511444,-0.1506963074207306,-152.67831420898438,-77.07057189941406,-49.25278854370117,0.02,0.02,0.0,0.09,1768451560.539724,48.839623
XKF1,51584358,1,37.08,-1.57,29.08,18.921175003051758,11.836431503295898,-0.15589465200901031,-0.15554597973823547,-152.70126342773438,-77.07965087890625,-49.256961822509766,0.02,0.03,0.0,0.09,1768451560.539724,48.839623
XKF1,51624342,0,37.11,-1.58,29.65,18.80992889404297,12.02407455444336,-0.14822567999362946,-0.1555357128381729,-151.9260711669922,-76.59515380859375,-49.259159088134766,0.02,0.02,0.0,0.09,1768451560.579708,48.879607
XKF1,51624342,1,37.09,-1.58,29.66,18.80341911315918,12.017633438110352,-0.15667609870433807,-0.16013117134571075,-151.9486846923828,-76.60433197021484,-49.26356887817383,0.02,0.03,0.0,0.09,1768451560.579708,48.879607
XKF1,51664326,0,37.11,-1.61,30.23,18.689661026000977,12.203289985656738,-0.14751368761062622,-0.1586475819349289,-151.17849731445312,-76.11276245117188,-49.26537322998047,0.02,0.03,0.0,0.09,1768451560.619692,48.919591
XKF1,51664326,1,37.08,-1.61,30.22,18.685653686523438,12.19835090637207,-0.15569446980953217,-0.16342225670814514,-151.20057678222656,-76.12191009521484,-49.269920349121094,0.02,0.03,0.0,0.09,1768451560.619692,48.919591
XKF1,51704310,0,37.11,-1.62,30.81,18.566631317138672,12.378185272216797,-0.14596648514270782,-0.15592177212238312,-150.43572998046875,-75.62347412109375,-49.27094268798828,0.02,0.03,0.0,0.09,1768451560.659676,48.959575
XKF1,51704310,1,37.09,-1.62,30.81,18.56392478942871,12.375527381896973,-0.15448080003261566,-0.15981142222881317,-150.45703125,-75.63243103027344,-49.27558135986328,0.02,0.03,0.0,0.09,1768451560.659676,48.959575
XKF1,51745127,0,37.12,-1.63,31.36,18.439861297607422,12.556756019592285,-0.1433342844247818,-0.14276161789894104,-149.69769287109375,-75.12681579589844,-49.2761116027832,0.02,0.03,0.0,0.09,1768451560.700493,49.000392
XKF1,51745127,1,37.1,-1.63,31.38,18.43292808532715,12.562342643737793,-0.15212157368659973,-0.14604216814041138,-149.6875762939453,-75.11463165283203,-49.28112030029297,0.02,0.03,0.0,0.09,1768451560.700493,49.000392
XKF1,51785111,0,37.14,-1.64,31.91,18.308921813964844,12.736495971679688,-0.1374157965183258,-0.1298225224018097,-148.94931030273438,-74.61219024658203,-49.28131866455078,0.02,0.03,0.0,0.09,1768451560.740477,49.040376
XKF1,51785111,1,37.12,-1.64,31.91,18.305797576904297,12.737799644470215,-0.14611101150512695,-0.13304029405117035,-148.95401000976562,-74.61013793945312,-49.286373138427734,0.02,0.03,0.0,0.09,1768451560.740477,49.040376
XKF1,51825095,1,37.13,-1.64,32.45,18.177555084228516,12.912799835205078,-0.14119163155555725,-0.12571309506893158,-148.22543334960938,-74.09844970703125,-49.29153823852539,0.02,0.03,0.0,0.09,1768451560.780461,49.08036
XKF1,51825095,0,37.15,-1.64,32.46,18.18079376220703,12.911423683166504,-0.1334649920463562,-0.123348668217659,-148.22122192382812,-74.10082244873047,-49.286346435546875,0.02,0.03,0.0,0.09,1768451560.780461,49.08036
XKF1,51865079,0,37.15,-1.62,33.0,18.054866790771484,13.089760780334473,-0.12879951298236847,-0.1117703840136528,-147.49014282226562,-73.57652282714844,-49.289817810058594,0.02,0.03,0.0,0.09,1768451560.820445,49.120344
XKF1,51865079,1,37.13,-1.62,33.0,18.05225944519043,13.09145736694336,-0.13696789741516113,-0.1143142580986023,-147.4935302734375,-73.57369995117188,-49.2950325012207,0.02,0.03,0.0,0.09,1768451560.820445,49.120344
XKF1,51905063,0,37.16,-1.61,33.54,17.926170349121094,13.265847206115723,-0.1300395429134369,-0.09958069026470184,-146.76498413085938,-73.04560089111328,-49.29290008544922,0.02,0.03,0.0,0.09,1768451560.860429,49.160328
XKF1,51905063,1,37.13,-1.61,33.53,17.923839569091797,13.26834487915039,-0.13753516972064972,-0.10060682147741318,-146.76763916015625,-73.04232788085938,-49.29816436767578,0.02,0.03,0.0,0.09,1768451560.860429,49.160328
XKF1,51945047,0,37.15,-1.6,34.08,17.795307159423828,13.440299034118652,-0.13081562519073486,-0.08195928484201431,-146.0457000732422,-72.508056640625,-49.29581069946289,0.02,0.03,0.0,0.09,1768451560.900413,49.200312
XKF1,51945047,1,37.12,-1.6,34.07,17.7928466796875,13.442557334899902,-0.1382705420255661,-0.08275169879198074,-146.0477294921875,-72.50435638427734,-49.30113983154297,0.02,0.03,0.0,0.09,1768451560.900413,49.200312
XKF1,51985031,0,37.14,-1.62,34.61,17.66506004333496,13.609827041625977,-0.13007022440433502,-0.07224025577306747,-145.33224487304688,-71.96397399902344,-49.299007415771484,0.02,0.03,0.0,0.09,1768451560.940397,49.240296
XKF1,51985031,1,37.12,-1.62,34.61,17.66326332092285,13.612062454223633,-0.1375390887260437,-0.0732903778553009,-145.333740234375,-71.95989990234375,-49.30442810058594,0.02,0.03,0.0,0.09,1768451560.940397,49.240296
XKF1,52025015,0,37.15,-1.64,35.13,17.533639907836914,13.775766372680664,-0.12484362721443176,-0.06199777126312256,-144.62454223632812,-71.4134521484375,-49.301517486572266,0.02,0.03,0.0,0.09,1768451560.9803813,49.28028
XKF1,52025015,1,37.13,-1.64,35.12,17.531152725219727,13.778093338012695,-0.13201504945755005,-0.0632878988981247,-144.62559509277344,-71.40901184082031,-49.30702590942383,0.02,0.03,0.0,0.09,1768451560.9803813,49.28028
XKF1,52064999,0,37.16,-1.67,35.66,17.407150268554688,13.942243576049805,-0.1164916381239891,-0.04469900205731392,-143.91624450683594,-70.85196685791016,-49.30298614501953,0.02,0.03,0.01,0.09,1768451561.0203652,49.320264
XKF1,52064999,1,37.14,-1.67,35.65,17.404930114746094,13.944439888000488,-0.12370914220809937,-0.04611991345882416,-143.91690063476562,-70.84735107421875,-49.30853271484375,0.02,0.03,0.0,0.09,1768451561.0203652,49.320264
XKF1,52104983,1,37.16,-1.69,36.19,17.274633407592773,14.11089038848877,-0.11182339489459991,-0.025850705802440643,-143.21456909179688,-70.27981567382812,-49.309757232666016,0.02,0.03,0.0,0.09,1768451561.0603492,49.360248
XKF1,52104983,0,37.19,-1.69,36.2,17.276655197143555,14.10859203338623,-0.1054193377494812,-0.025342199951410294,-143.2142333984375,-70.28460693359375,-49.30416488647461,0.02,0.03,0.01,0.09,1768451561.0603492,49.360248
XKF1,52144967,1,37.19,-1.72,36.75,17.14141273498535,14.277984619140625,-0.10391373187303543,-0.011361694894731045,-142.5186004638672,-69.706298828125,-49.31071090698242,0.02,0.03,0.0,0.09,1768451561.1003332,49.400232
XKF1,52144967,0,37.22,-1.72,36.76,17.143705368041992,14.275784492492676,-0.09789202362298965,-0.011113064363598824,-142.51853942871094,-69.71125793457031,-49.30506134033203,0.02,0.03,0.01,0.09,1768451561.1003332,49.400232
XKF1,52184951,1,37.22,-1.73,37.31,17.003204345703125,14.445786476135254,-0.0991995632648468,-0.007513389922678471,-141.82901000976562,-69.12672424316406,-49.31184005737305,0.02,0.03,0.0,0.09,1768451561.1403172,49.440216
XKF1,52184951,0,37.24,-1.73,37.31,17.00527572631836,14.443394660949707,-0.09314736723899841,-0.006765896920114756,-141.82916259765625,-69.13184356689453,-49.30612564086914,0.02,0.03,0.01,0.09,1768451561.1403172,49.440216
XKF1,52224935,0,37.25,-1.73,37.89,16.865705490112305,14.610698699951172,-0.09051591902971268,-0.010687009431421757,-141.1461181640625,-68.5462417602539,-49.30744934082031,0.02,0.03,0.01,0.09,1768451561.1803012,49.4802
XKF1,52224935,1,37.23,-1.73,37.88,16.864505767822266,14.613844871520996,-0.0959378182888031,-0.011342906393110752,-141.14578247070312,-68.54094696044922,-49.3132209777832,0.02,0.03,0.0,0.09,1768451561.1803012,49.4802
XKF1,52264919,0,37.27,-1.71,38.44,16.72393226623535,14.780550003051758,-0.09021338075399399,-0.015115889720618725,-140.4642333984375,-67.95011138916016,-49.30801010131836,0.02,0.03,0.01,0.09,1768451561.2202852,49.520184
XKF1,52264919,1,37.24,-1.71,38.44,16.72395133972168,14.78407096862793,-0.09568889439105988,-0.015946319326758385,-140.4636688232422,-67.94476318359375,-49.313777923583984,0.02,0.03,0.01,0.09,1768451561.2202852,49.520184
XKF1,52304903,0,37.27,-1.69,39.0,16.578998565673828,14.949989318847656,-0.09517846256494522,-0.0196941290050745,-139.7893524169922,-67.3481216430664,-49.30872344970703,0.02,0.03,0.01,0.09,1768451561.2602692,49.560168
XKF1,52304903,1,37.25,-1.69,38.98,16.57843017578125,14.953181266784668,-0.09930247813463211,-0.019072704017162323,-139.7886199951172,-67.34272003173828,-49.31448745727539,0.02,0.03,0.01,0.09,1768451561.2602692,49.560168
XKF1,52344887,0,37.28,-1.68,39.55,16.43199348449707,15.117929458618164,-0.09876149147748947,-0.019837571308016777,-139.12144470214844,-66.74020385742188,-49.309661865234375,0.02,0.03,0.01,0.09,1768451561.3002532,49.600152
XKF1,52344887,1,37.26,-1.68,39.55,16.431962966918945,15.121526718139648,-0.10266850888729095,-0.019107021391391754,-139.12054443359375,-66.73472595214844,-49.315406799316406,0.02,0.03,0.01,0.09,1768451561.3002532,49.600152
XKF1,52384871,0,37.3,-1.68,40.12,16.28230094909668,15.28187370300293,-0.10314155369997025,-0.025982199236750603,-138.46041870117188,-66.12638092041016,-49.31113052368164,0.02,0.03,0.01,0.09,1768451561.3402371,49.640136
XKF1,52384871,1,37.28,-1.68,40.11,16.281883239746094,15.285408973693848,-0.10671965032815933,-0.025218235328793526,-138.45941162109375,-66.12081146240234,-49.31686782836914,0.02,0.03,0.01,0.09,1768451561.3402371,49.640136
XKF1,52424855,0,37.32,-1.68,40.69,16.128602981567383,15.444161415100098,-0.10408195108175278,-0.030075248330831528,-137.8063201904297,-65.50665283203125,-49.31245040893555,0.02,0.03,0.01,0.09,1768451561.3802211,49.68012
XKF1,52424855,1,37.3,-1.68,40.69,16.127412796020508,15.447428703308105,-0.10794910788536072,-0.029921894893050194,-137.80523681640625,-65.50099182128906,-49.31818771362305,0.02,0.03,0.01,0.09,1768451561.3802211,49.68012
XKF1,52464839,1,37.31,-1.69,41.26,15.9757080078125,15.610028266906738,-0.11093190312385559,-0.03208894655108452,-137.15394592285156,-64.87159729003906,-49.319190979003906,0.02,0.03,0.01,0.09,1768451561.420205,49.720104
XKF1,52464839,0,37.33,-1.69,41.26,15.977532386779785,15.606758117675781,-0.10676135867834091,-0.031851623207330704,-137.15505981445312,-64.87721252441406,-49.31346893310547,0.02,0.03,0.01,0.09,1768451561.420205,49.720104
XKF1,52504823,0,37.36,-1.69,41.83,15.822209358215332,15.767316818237305,-0.10571073740720749,-0.029526103287935257,-136.5111083984375,-64.24232482910156,-49.314537048339844,0.02,0.03,0.01,0.09,1768451561.460189,49.760088
XKF1,52504823,1,37.33,-1.69,41.81,15.820015907287598,15.770586013793945,-0.11054649204015732,-0.030409932136535645,-136.50999450683594,-64.23674011230469,-49.320274353027344,0.02,0.03,0.01,0.09,1768451561.460189,49.760088
XKF1,52544807,0,37.38,-1.7,42.38,15.66797924041748,15.925127029418945,-0.10382826626300812,-0.02350829727947712,-135.8743896484375,-63.60188674926758,-49.315616607666016,0.02,0.03,0.01,0.09,1768451561.500173,49.800072
XKF1,52544807,1,37.35,-1.7,42.38,15.665302276611328,15.928840637207031,-0.1083727553486824,-0.02404877543449402,-135.87332153320312,-63.59629821777344,-49.32140350341797,0.02,0.03,0.01,0.09,1768451561.500173,49.800072
XKF1,52584791,0,37.4,-1.68,42.93,15.509922981262207,16.0831356048584,-0.10297492146492004,-0.024271218106150627,-135.2448272705078,-62.955875396728516,-49.31703567504883,0.02,0.03,0.01,0.09,1768451561.540157,49.840056
XKF1,52584791,1,37.37,-1.68,42.91,15.507041931152344,16.08649444580078,-0.1068297028541565,-0.024526437744498253,-135.24383544921875,-62.950260162353516,-49.32286834716797,0.02,0.03,0.01,0.09,1768451561.540157,49.840056
XKF1,52624775,0,37.43,-1.66,43.46,15.350451469421387,16.237462997436523,-0.10352353006601334,-0.027793247252702713,-134.62240600585938,-62.304298400878906,-49.31819534301758,0.02,0.03,0.01,0.09,1768451561.580141,49.88004
XKF1,52624775,1,37.4,-1.66,43.46,15.347667694091797,16.241140365600586,-0.10662103444337845,-0.02769668772816658,-134.6215057373047,-62.29864501953125,-49.32405090332031,0.02,0.03,0.01,0.09,1768451561.580141,49.88004
XKF1,52664759,0,37.42,-1.63,44.03,15.189000129699707,16.387500762939453,-0.10526333749294281,-0.03161480650305748,-134.0086212158203,-61.64958572387695,-49.319950103759766,0.02,0.03,0.01,0.09,1768451561.620125,49.920024
XKF1,52664759,1,37.4,-1.63,44.02,15.185540199279785,16.390857696533203,-0.11050567030906677,-0.03384801000356674,-134.0078125,-61.643959045410156,-49.325843811035156,0.02,0.03,0.01,0.09,1768451561.620125,49.920024
XKF1,52704743,0,37.4,-1.62,44.59,15.024399757385254,16.535934448242188,-0.11163944005966187,-0.04688630625605583,-133.40322875976562,-60.99137878417969,-49.32215881347656,0.02,0.03,0.01,0.09,1768451561.660109,49.960008
XKF1,52704743,1,37.37,-1.62,44.58,15.019238471984863,16.53995132446289,-0.1168443113565445,-0.048851702362298965,-133.40255737304688,-60.98579788208008,-49.3281135559082,0.02,0.03,0.01,0.09,1768451561.660109,49.960008
XKF1,52744727,1,37.34,-1.59,45.18,14.853395462036133,16.68741226196289,-0.12196281552314758,-0.05909329280257225,-132.80418395996094,-60.32168960571289,-49.3306999206543,0.02,0.03,0.01,0.09,1768451561.700093,49.999992
XKF1,52744727,0,37.36,-1.59,45.18,14.858406066894531,16.682235717773438,-0.11688364297151566,-0.05750642716884613,-132.80467224121094,-60.3272705078125,-49.324649810791016,0.02,0.03,0.01,0.09,1768451561.700093,49.999992
XKF1,52784711,1,37.3,-1.56,45.77,14.68233585357666,16.83709144592285,-0.13462580740451813,-0.07794473320245743,-132.2127685546875,-59.65162658691406,-49.333961486816406,0.02,0.03,0.01,0.09,1768451561.740077,50.039976
XKF1,52784711,0,37.32,-1.56,45.79,14.687053680419922,16.83129119873047,-0.1287267655134201,-0.07536092400550842,-132.21307373046875,-59.65727996826172,-49.327796936035156,0.02,0.03,0.01,0.09,1768451561.740077,50.039976
XKF1,52824695,1,37.28,-1.53,46.39,14.507708549499512,16.983524322509766,-0.1476287990808487,-0.0939825177192688,-131.62843322753906,-58.97563552856445,-49.33727264404297,0.02,0.03,0.01,0.09,1768451561.7800612,50.07996
XKF1,52824695,0,37.3,-1.53,46.39,14.51289176940918,16.979515075683594,-0.13967730104923248,-0.08925428986549377,-131.6285400390625,-58.98133850097656,-49.3309326171875,0.02,0.03,0.01,0.09,1768451561.7800612,50.07996
XKF1,52864679,0,37.29,-1.52,46.98,14.337198257446289,17.12211799621582,-0.15232104063034058,-0.1013174057006836,-131.0523681640625,-58.30156326293945,-49.3350944519043,0.02,0.03,0.01,0.09,1768451561.8200452,50.119944
XKF1,52864679,1,37.27,-1.52,46.98,14.330979347229004,17.12679672241211,-0.15937191247940063,-0.10534579306840897,-131.0524444580078,-58.295860290527344,-49.341609954833984,0.02,0.03,0.0,0.09,1768451561.8200452,50.119944
XKF1,52904663,0,37.3,-1.51,47.57,14.161666870117188,17.263748168945312,-0.15964549779891968,-0.11572978645563126,-130.48428344726562,-57.617759704589844,-49.34016799926758,0.02,0.03,0.01,0.09,1768451561.8600292,50.159928
XKF1,52904663,1,37.28,-1.51,47.56,14.15418815612793,17.26769256591797,-0.16665039956569672,-0.11963477730751038,-130.4845733642578,-57.61212921142578,-49.346832275390625,0.02,0.03,0.0,0.09,1768451561.8600292,50.159928
XKF1,52944647,0,37.33,-1.53,48.15,13.98686695098877,17.400318145751953,-0.16224560141563416,-0.1289980560541153,-129.92308044433594,-56.927955627441406,-49.345726013183594,0.02,0.03,0.01,0.09,1768451561.9000132,50.199912
XKF1,52944647,1,37.31,-1.52,48.14,13.98006534576416,17.404924392700195,-0.17086055874824524,-0.13426880538463593,-129.9236297607422,-56.922367095947266,-49.352577209472656,0.02,0.03,0.0,0.09,1768451561.9000132,50.199912
XKF1,52984631,0,37.35,-1.54,48.72,13.812697410583496,17.53428840637207,-0.16259856522083282,-0.13920405507087708,-129.36874389648438,-56.232421875,-49.35151290893555,0.02,0.03,0.01,0.09,1768451561.9399972,50.239896
XKF1,52984631,1,37.32,-1.54,48.71,13.806233406066895,17.540578842163086,-0.168870210647583,-0.14226152002811432,-129.3695526123047,-56.22679138183594,-49.35855484008789,0.02,0.03,0.0,0.09,1768451561.9399972,50.239896
XKF1,53024615,0,37.35,-1.55,49.3,13.636425971984863,17.667036056518555,-0.16099697351455688,-0.14559976756572723,-128.82130432128906,-55.53127670288086,-49.35743713378906,0.02,0.03,0.01,0.09,1768451561.9799812,50.27988
XKF1,53024615,1,37.33,-1.54,49.3,13.632096290588379,17.673561096191406,-0.16648519039154053,-0.1483256220817566,-128.8223114013672,-55.52553939819336,-49.36458969116211,0.02,0.03,0.0,0.09,1768451561.9799812,50.27988
XKF1,53064599,0,37.33,-1.54,49.88,13.459758758544922,17.797340393066406,-0.16246412694454193,-0.15329082310199738,-128.28160095214844,-54.82615280151367,-49.36343002319336,0.02,0.03,0.01,0.09,1768451562.0199652,50.319864
XKF1,53064599,1,37.31,-1.54,49.88,13.453299522399902,17.802797317504883,-0.16678553819656372,-0.15507858991622925,-128.2827606201172,-54.82038116455078,-49.370635986328125,0.02,0.03,0.0,0.09,1768451562.0199652,50.319864
XKF1,53104583,0,37.32,-1.52,50.44,13.278803825378418,17.926164627075195,-0.16357752680778503,-0.15819089114665985,-127.74957275390625,-54.11690139770508,-49.36986541748047,0.02,0.03,0.01,0.09,1768451562.0599492,50.359848
XKF1,53104583,1,37.3,-1.52,50.43,13.274487495422363,17.93122100830078,-0.16796378791332245,-0.15954454243183136,-127.75080871582031,-54.11115646362305,-49.37708282470703,0.02,0.03,0.0,0.09,1768451562.0599492,50.359848
XKF1,53144567,1,37.29,-1.5,51.01,13.09358024597168,18.05990219116211,-0.16885122656822205,-0.1687910407781601,-127.22582244873047,-53.3962287902832,-49.3839225769043,0.02,0.03,0.0,0.09,1768451562.0999331,50.399832
XKF1,53144567,0,37.31,-1.5,51.01,13.097332000732422,18.054698944091797,-0.16471819579601288,-0.16833512485027313,-127.22452545166016,-53.40196228027344,-49.37666702270508,0.02,0.03,0.01,0.09,1768451562.0999331,50.399832
XKF1,53184551,1,37.28,-1.49,51.56,12.91123104095459,18.185626983642578,-0.17194834351539612,-0.17838062345981598,-126.70794677734375,-52.67571258544922,-49.390907287597656,0.02,0.03,0.0,0.09,1768451562.1399171,50.439816
XKF1,53184551,0,37.31,-1.5,51.57,12.916106224060059,18.181842803955078,-0.16587145626544952,-0.17608118057250977,-126.70654296875,-52.681453704833984,-49.38356399536133,0.02,0.03,0.01,0.09,1768451562.1399171,50.439816
XKF1,53224535,1,37.27,-1.5,52.13,12.728750228881836,18.307235717773438,-0.17151306569576263,-0.18011502921581268,-126.19720458984375,-51.949771881103516,-49.39761734008789,0.02,0.03,0.0,0.09,1768451562.1799011,50.4798
XKF1,53224535,0,37.29,-1.5,52.13,12.734320640563965,18.30290412902832,-0.16670319437980652,-0.17891965806484222,-126.19563293457031,-51.955528259277344,-49.390201568603516,0.02,0.03,0.01,0.09,1768451562.1799011,50.4798
XKF1,53264519,1,37.25,-1.52,52.68,12.551085472106934,18.423702239990234,-0.16808755695819855,-0.1755218803882599,-125.70451354980469,-51.2352409362793,-49.40414810180664,0.02,0.03,0.0,0.09,1768451562.219885,50.519784
XKF1,53264519,0,37.28,-1.53,52.68,12.55447769165039,18.422338485717773,-0.162257120013237,-0.17311125993728638,-125.69231414794922,-51.2255973815918,-49.39680099487305,0.02,0.03,0.01,0.09,1768451562.219885,50.519784
XKF1,53304503,1,37.25,-1.57,53.2,12.373042106628418,18.53611183166504,-0.15848055481910706,-0.16476476192474365,-125.20863342285156,-50.50151443481445,-49.410743713378906,0.02,0.03,0.0,0.09,1768451562.259869,50.559768
XKF1,53304503,0,37.28,-1.57,53.22,12.377144813537598,18.534387588500977,-0.15373915433883667,-0.16348324716091156,-125.19641876220703,-50.49168014526367,-49.40332794189453,0.02,0.03,0.01,0.09,1768451562.259869,50.559768
XKF1,53344487,1,37.24,-1.59,53.75,12.197443008422852,18.646385192871094,-0.14639945328235626,-0.15586699545383453,-124.71957397460938,-49.76273727416992,-49.41707229614258,0.02,0.03,0.0,0.09,1768451562.299853,50.599752
XKF1,53344487,0,37.26,-1.59,53.75,12.201078414916992,18.64506721496582,-0.1414600908756256,-0.15443001687526703,-124.7072982788086,-49.75273895263672,-49.40959548950195,0.02,0.03,0.01,0.09,1768451562.299853,50.599752
XKF1,53384471,1,37.22,-1.59,54.27,12.018081665039062,18.755531311035156,-0.13750649988651276,-0.14971715211868286,-124.23741149902344,-49.01906967163086,-49.42300033569336,0.02,0.03,0.0,0.09,1768451562.339837,50.639736
XKF1,53384471,0,37.25,-1.59,54.28,12.021066665649414,18.755537033081055,-0.13242210447788239,-0.14805614948272705,-124.2250747680664,-49.00888442993164,-49.41542434692383,0.02,0.03,0.01,0.09,1768451562.339837,50.639736
XKF1,53424455,1,37.21,-1.6,54.82,11.83813190460205,18.864133834838867,-0.1269511580467224,-0.1389627754688263,-123.76226043701172,-48.27056884765625,-49.428226470947266,0.02,0.03,0.0,0.09,1768451562.379821,50.67972
XKF1,53424455,0,37.23,-1.6,54.82,11.84070110321045,18.86366081237793,-0.12237881124019623,-0.13747650384902954,-123.74987030029297,-48.260223388671875,-49.42058563232422,0.02,0.03,0.01,0.09,1768451562.379821,50.67972
XKF1,53464439,1,37.18,-1.62,55.37,11.65789794921875,18.96979331970215,-0.12081494927406311,-0.130003422498703,-123.29413604736328,-47.51823806762695,-49.43302536010742,0.02,0.03,0.0,0.09,1768451562.419805,50.719704
XKF1,53464439,0,37.21,-1.63,55.37,11.659729957580566,18.970733642578125,-0.11581506580114365,-0.12785644829273224,-123.28186798095703,-47.507843017578125,-49.425357818603516,0.02,0.03,0.0,0.09,1768451562.419805,50.719704
XKF1,53504423,0,37.18,-1.65,55.93,11.477180480957031,19.075584411621094,-0.10841054469347,-0.1157955750823021,-122.82110595703125,-46.751808166503906,-49.42961502075195,0.02,0.03,0.0,0.09,1768451562.459789,50.759688
XKF1,53504423,1,37.15,-1.65,55.93,11.475667953491211,19.074134826660156,-0.11392656713724136,-0.11776215583086014,-122.83307647705078,-46.76214599609375,-49.437313079833984,0.02,0.03,0.0,0.09,1768451562.459789,50.759688
XKF1,53544407,0,37.14,-1.68,56.48,11.292677879333496,19.178754806518555,-0.10219696909189224,-0.10322209447622299,-122.36750030517578,-45.99095916748047,-49.433509826660156,0.02,0.03,0.0,0.09,1768451562.499773,50.799672
XKF1,53544407,1,37.12,-1.68,56.48,11.292173385620117,19.17815399169922,-0.10801483690738678,-0.10491032898426056,-122.37920379638672,-46.001258850097656,-49.44126892089844,0.02,0.03,0.0,0.09,1768451562.499773,50.799672
XKF1,53584391,0,37.11,-1.7,57.04,11.107744216918945,19.278959274291992,-0.09628566354513168,-0.09372670948505402,-121.92109680175781,-45.2255744934082,-49.437225341796875,0.02,0.03,0.0,0.09,1768451562.5397573,50.839656
XKF1,53584391,1,37.09,-1.7,57.03,11.10853385925293,19.278799057006836,-0.09977609664201736,-0.09321343898773193,-121.93255615234375,-45.23580551147461,-49.44502258300781,0.02,0.03,0.0,0.09,1768451562.5397573,50.839656
XKF1,53624375,0,37.11,-1.7,57.62,10.917608261108398,19.379650115966797,-0.09356237947940826,-0.0847153589129448,-121.48206329345703,-44.45574951171875,-49.43992233276367,0.02,0.03,0.0,0.09,1768451562.5797412,50.87964
XKF1,53624375,1,37.08,-1.7,57.61,10.917619705200195,19.379117965698242,-0.09700476378202438,-0.08436677604913712,-121.4932861328125,-44.4659309387207,-49.44771194458008,0.02,0.03,0.0,0.09,1768451562.5797412,50.87964
XKF1,53664359,0,37.1,-1.72,58.19,10.728494644165039,19.480249404907227,-0.09245141595602036,-0.0740266740322113,-121.05054473876953,-43.68227005004883,-49.44264602661133,0.02,0.03,0.0,0.09,1768451562.6197252,50.919624
XKF1,53664359,1,37.07,-1.71,58.18,10.72689151763916,19.478540420532227,-0.09632876515388489,-0.07431953400373459,-121.06145477294922,-43.69228744506836,-49.45039367675781,0.02,0.03,0.0,0.09,1768451562.6197252,50.919624
XKF1,53704343,0,37.08,-1.74,58.75,10.537939071655273,19.578125,-0.09079775959253311,-0.06643147021532059,-120.62652587890625,-42.905086517333984,-49.445037841796875,0.02,0.03,0.0,0.09,1768451562.6597092,50.959608
XKF1,53704343,1,37.06,-1.74,58.75,10.53676700592041,19.576765060424805,-0.093587227165699,-0.06494072824716568,-120.6370849609375,-42.91488265991211,-49.45270919799805,0.02,0.03,0.0,0.09,1768451562.6597092,50.959608
XKF1,53744327,0,37.08,-1.75,59.31,10.345738410949707,19.675119400024414,-0.08303364366292953,-0.05026515573263168,-120.21004486083984,-42.12354278564453,-49.44709777832031,0.02,0.03,0.0,0.09,1768451562.6996932,50.999592
XKF1,53744327,1,37.06,-1.75,59.31,10.34540843963623,19.67413330078125,-0.08727472275495529,-0.04966628924012184,-120.22028350830078,-42.13312911987305,-49.4547119140625,0.02,0.03,0.0,0.09,1768451562.6996932,50.999592
XKF1,53784311,0,37.1,-1.76,59.86,10.152227401733398,19.770408630371094,-0.07790395617485046,-0.04209822043776512,-119.8011703491211,-41.337738037109375,-49.449134826660156,0.02,0.03,0.0,0.09,1768451562.7396772,51.039576
XKF1,53784311,1,37.08,-1.76,59.85,10.14980411529541,19.769094467163086,-0.08276904374361038,-0.041936177760362625,-119.8111801147461,-41.34717559814453,-49.45676040649414,0.02,0.03,0.0,0.09,1768451562.7396772,51.039576
XKF1,53825128,1,37.09,-1.77,60.41,9.949830055236816,19.86927604675293,-0.07642081379890442,-0.034807950258255005,-119.39317321777344,-40.52395248413086,-49.458335876464844,0.02,0.03,0.0,0.09,1768451562.7804942,51.080393
XKF1,53825128,0,37.11,-1.77,60.42,9.959131240844727,19.865285873413086,-0.07283611595630646,-0.035477712750434875,-119.39994812011719,-40.54777908325195,-49.45056915283203,0.02,0.03,0.0,0.09,1768451562.7804942,51.080393
XKF1,53865112,1,37.12,-1.77,60.97,9.756088256835938,19.96757698059082,-0.07119379192590714,-0.021312709897756577,-118.99546813964844,-39.72097396850586,-49.45835494995117,0.02,0.03,0.01,0.09,1768451562.8204782,51.120377
XKF1,53865112,0,37.15,-1.77,60.98,9.76195240020752,19.964807510375977,-0.06666474044322968,-0.020598508417606354,-118.99418640136719,-39.72870635986328,-49.45068359375,0.02,0.03,0.01,0.09,1768451562.8204782,51.120377
XKF1,53905096,0,37.2,-1.76,61.5,9.569316864013672,20.05780029296875,-0.06368543952703476,-0.006516961380839348,-118.60487365722656,-38.9230842590332,-49.45084762573242,0.02,0.03,0.01,0.09,1768451562.8604622,51.160361
XKF1,53905096,1,37.17,-1.76,61.49,9.563459396362305,20.060815811157227,-0.06745342910289764,-0.00536370649933815,-118.60599517822266,-38.9149284362793,-49.458499908447266,0.02,0.03,0.01,0.09,1768451562.8604622,51.160361
XKF1,53945080,1,37.2,-1.74,62.05,9.365604400634766,20.15577507019043,-0.06636668741703033,0.0008959124679677188,-118.2247543334961,-38.10573959350586,-49.458824157714844,0.02,0.03,0.01,0.09,1768451562.9004462,51.200345
XKF1,53945080,0,37.23,-1.74,62.05,9.371426582336426,20.152902603149414,-0.062135763466358185,0.00018862870638258755,-118.2237319946289,-38.11429977416992,-49.45118713378906,0.02,0.03,0.01,0.09,1768451562.9004462,51.200345
XKF1,53985064,0,37.25,-1.72,62.6,9.172248840332031,20.24357032775879,-0.0652807429432869,-0.003912399988621473,-117.85086822509766,-37.30232620239258,-49.451839447021484,0.02,0.03,0.01,0.09,1768451562.9404302,51.240329
XKF1,53985064,1,37.22,-1.72,62.59,9.166937828063965,20.246183395385742,-0.0694294348359108,-0.0033134252298623323,-117.8518295288086,-37.29339599609375,-49.459503173828125,0.02,0.03,0.01,0.09,1768451562.9404302,51.240329
XKF1,54025048,0,37.26,-1.71,63.14,8.972820281982422,20.331357955932617,-0.06711900234222412,-0.012200030498206615,-117.48625183105469,-36.4871940612793,-49.453250885009766,0.02,0.03,0.01,0.09,1768451562.9804142,51.280313
XKF1,54025048,1,37.24,-1.7,63.12,8.967885971069336,20.333877563476562,-0.07151192426681519,-0.012298180721700191,-117.48716735839844,-36.47792434692383,-49.46091842651367,0.02,0.03,0.01,0.09,1768451562.9804142,51.280313
XKF1,54065032,0,37.28,-1.69,63.68,8.774247169494629,20.421409606933594,-0.06847289204597473,-0.01985938474535942,-117.12699890136719,-35.66215896606445,-49.45395278930664,0.02,0.03,0.01,0.09,1768451563.0203981,51.320297
XKF1,54065032,1,37.25,-1.69,63.67,8.769545555114746,20.422870635986328,-0.07226860523223877,-0.019543567672371864,-117.12783813476562,-35.65285873413086,-49.46162796020508,0.02,0.03,0.01,0.09,1768451563.0203981,51.320297
XKF1,54105016,1,37.25,-1.66,64.22,8.56915283203125,20.50871467590332,-0.07838702946901321,-0.025790579617023468,-116.77710723876953,-34.82548522949219,-49.46298599243164,0.02,0.03,0.01,0.09,1768451563.0603821,51.360281
XKF1,54105016,0,37.28,-1.66,64.24,8.573359489440918,20.507360458374023,-0.0747748613357544,-0.02594779059290886,-116.77631378173828,-34.83478927612305,-49.45530700683594,0.02,0.03,0.01,0.09,1768451563.0603821,51.360281
XKF1,54145000,0,37.26,-1.64,64.8,8.369009971618652,20.59467315673828,-0.08195421099662781,-0.04044559597969055,-116.43423461914062,-34.00495529174805,-49.45737838745117,0.02,0.03,0.01,0.09,1768451563.100366,51.400265
XKF1,54145000,1,37.23,-1.64,64.8,8.364320755004883,20.595775604248047,-0.0849696472287178,-0.039853308349847794,-116.43501281738281,-33.99563980102539,-49.465049743652344,0.02,0.03,0.01,0.09,1768451563.100366,51.400265
XKF1,54184984,0,37.23,-1.62,65.37,8.162884712219238,20.67713737487793,-0.0934986025094986,-0.059415873140096664,-116.1008071899414,-33.1726188659668,-49.4599609375,0.02,0.03,0.01,0.09,1768451563.14035,51.440249
XKF1,54184984,1,37.2,-1.62,65.36,8.158475875854492,20.677837371826172,-0.09599626809358597,-0.05863548815250397,-116.10161590576172,-33.163299560546875,-49.46762466430664,0.02,0.03,0.01,0.09,1768451563.14035,51.440249
XKF1,54224968,0,37.22,-1.61,65.93,7.955488204956055,20.75823402404785,-0.10147211700677872,-0.07106909155845642,-115.77604675292969,-32.3377571105957,-49.46255874633789,0.02,0.03,0.01,0.09,1768451563.180334,51.480233
XKF1,54224968,1,37.19,-1.61,65.91,7.951359748840332,20.759313583374023,-0.10374591499567032,-0.07042529433965683,-115.77689361572266,-32.32844161987305,-49.47018051147461,0.02,0.03,0.01,0.09,1768451563.180334,51.480233
XKF1,54264952,0,37.22,-1.62,66.48,7.751017093658447,20.83911895751953,-0.10489397495985031,-0.07208665460348129,-115.457763671875,-31.494762420654297,-49.464927673339844,0.02,0.03,0.01,0.09,1768451563.220318,51.520217
XKF1,54264952,1,37.19,-1.62,66.48,7.747603416442871,20.84041404724121,-0.10726563632488251,-0.0714840218424797,-115.45858764648438,-31.485628128051758,-49.472511291503906,0.02,0.03,0.01,0.09,1768451563.220318,51.520217
XKF1,54304936,1,37.19,-1.65,67.0,7.545077323913574,20.91677474975586,-0.10545714199542999,-0.06587076187133789,-115.14900970458984,-30.640932083129883,-49.47502136230469,0.02,0.03,0.01,0.09,1768451563.260302,51.560201
XKF1,54304936,0,37.22,-1.65,67.02,7.548338890075684,20.91534423828125,-0.10341116786003113,-0.0666683092713356,-115.14820098876953,-30.64992332458496,-49.467472076416016,0.02,0.03,0.01,0.09,1768451563.260302,51.560201
XKF1,54344920,1,37.21,-1.69,67.55,7.347482204437256,20.988746643066406,-0.0968763455748558,-0.055975038558244705,-114.84797668457031,-29.794389724731445,-49.47744369506836,0.02,0.03,0.01,0.09,1768451563.300286,51.600185
XKF1,54344920,0,37.23,-1.69,67.56,7.35054349899292,20.986980438232422,-0.09465598315000534,-0.056635189801454544,-114.84715270996094,-29.803264617919922,-49.46992874145508,0.02,0.03,0.01,0.09,1768451563.300286,51.600185
XKF1,54384904,1,37.2,-1.72,68.09,7.1495819091796875,21.05763816833496,-0.0885225161910057,-0.0498102605342865,-114.55528259277344,-28.946020126342773,-49.47971725463867,0.02,0.03,0.01,0.09,1768451563.34027,51.640169
XKF1,54384904,0,37.23,-1.72,68.1,7.151850700378418,21.05686378479004,-0.08566901087760925,-0.04971926286816597,-114.55445861816406,-28.95479393005371,-49.47220230102539,0.02,0.03,0.01,0.09,1768451563.34027,51.640169
XKF1,54424888,1,37.19,-1.72,68.63,6.948268890380859,21.125083923339844,-0.08342443406581879,-0.05081355944275856,-114.2709732055664,-28.095821380615234,-49.48235321044922,0.02,0.03,0.01,0.09,1768451563.380254,51.680153
XKF1,54424888,0,37.21,-1.72,68.65,6.950833797454834,21.124204635620117,-0.08108476549386978,-0.05106274411082268,-114.27012634277344,-28.1044864654541,-49.474857330322266,0.02,0.03,0.01,0.09,1768451563.380254,51.680153
XKF1,54464872,1,37.17,-1.73,69.18,6.744509696960449,21.19485855102539,-0.07943875342607498,-0.05137520655989647,-113.99329376220703,-27.239015579223633,-49.48401641845703,0.02,0.03,0.01,0.09,1768451563.420238,51.720137
XKF1,54464872,0,37.19,-1.73,69.18,6.746594429016113,21.19410514831543,-0.07676266878843307,-0.05121494084596634,-113.99248504638672,-27.247398376464844,-49.47652053833008,0.02,0.03,0.01,0.09,1768451563.420238,51.720137
XKF1,54504856,0,37.19,-1.75,69.72,6.545722484588623,21.26028823852539,-0.06825107336044312,-0.04050413519144058,-113.7235107421875,-26.389005661010742,-49.477840423583984,0.02,0.03,0.01,0.09,1768451563.4602222,51.760121
XKF1,54504856,1,37.17,-1.74,69.7,6.543304920196533,21.26064682006836,-0.07048545032739639,-0.04041522741317749,-113.72429656982422,-26.380878448486328,-49.48534393310547,0.02,0.03,0.01,0.09,1768451563.4602222,51.760121
XKF1,54544840,1,37.17,-1.75,70.26,6.3383989334106445,21.325149536132812,-0.06611901521682739,-0.03005537949502468,-113.46390533447266,-25.521114349365234,-49.48630905151367,0.02,0.03,0.01,0.09,1768451563.5002062,51.800105
XKF1,54544840,0,37.2,-1.75,70.27,6.340961933135986,21.325212478637695,-0.06333795934915543,-0.02954769879579544,-113.46309661865234,-25.52901840209961,-49.47880172729492,0.02,0.03,0.01,0.09,1768451563.5002062,51.800105
XKF1,54584824,0,37.2,-1.75,70.83,6.133796691894531,21.387311935424805,-0.06395842880010605,-0.027216386049985886,-113.2113037109375,-24.667505264282227,-49.47987747192383,0.02,0.03,0.01,0.09,1768451563.5401902,51.840089
XKF1,54584824,1,37.17,-1.75,70.83,6.131588935852051,21.387353897094727,-0.06706713885068893,-0.028096480295062065,-113.2121353149414,-24.659805297851562,-49.487430572509766,0.02,0.03,0.01,0.09,1768451563.5401902,51.840089
XKF1,54624808,0,37.2,-1.76,71.38,5.924337863922119,21.448986053466797,-0.06341822445392609,-0.02493077516555786,-112.96819305419922,-23.804384231567383,-49.48075485229492,0.02,0.03,0.01,0.09,1768451563.5801742,51.880073
XKF1,54624808,1,37.17,-1.75,71.38,5.9213457107543945,21.448583602905273,-0.06724723428487778,-0.026612108573317528,-112.96907806396484,-23.796876907348633,-49.48835372924805,0.02,0.03,0.01,0.09,1768451563.5801742,51.880073
XKF1,54664792,0,37.2,-1.76,71.93,5.719832420349121,21.504606246948242,-0.061376288533210754,-0.021379655227065086,-112.73404693603516,-22.942676544189453,-49.482086181640625,0.02,0.03,0.01,0.09,1768451563.6201582,51.920057
XKF1,54664792,1,37.18,-1.76,71.93,5.716691493988037,21.504770278930664,-0.0655389055609703,-0.023359104990959167,-112.73497772216797,-22.935405731201172,-49.48976516723633,0.02,0.03,0.01,0.09,1768451563.6201582,51.920057
XKF1,54704776,0,37.2,-1.77,72.5,5.510397911071777,21.55879783630371,-0.06013062223792076,-0.027801448479294777,-112.50875091552734,-22.081899642944336,-49.483428955078125,0.02,0.03,0.01,0.09,1768451563.6601422,51.960041
XKF1,54704776,1,37.18,-1.76,72.48,5.507169723510742,21.557838439941406,-0.06508247554302216,-0.030689503997564316,-112.50973510742188,-22.074909210205078,-49.49119567871094,0.02,0.03,0.01,0.09,1768451563.6601422,51.960041
XKF1,54744760,0,37.2,-1.78,73.09,5.298658847808838,21.610998153686523,-0.059690747410058975,-0.028051111847162247,-112.2920150756836,-21.21898078918457,-49.48459243774414,0.02,0.03,0.01,0.09,1768451563.7001262,52.000025
XKF1,54744760,1,37.17,-1.78,73.09,5.29524564743042,21.608261108398438,-0.06362908333539963,-0.029819361865520477,-112.29304504394531,-21.212305068969727,-49.49243927001953,0.02,0.03,0.01,0.09,1768451563.7001262,52.000025
XKF1,54784744,1,37.17,-1.78,73.66,5.08054256439209,21.658411026000977,-0.06481495499610901,-0.03256124630570412,-112.08504486083984,-20.347705841064453,-49.49388885498047,0.02,0.03,0.01,0.09,1768451563.7401102,52.040009
XKF1,54784744,0,37.2,-1.78,73.68,5.084405422210693,21.660924911499023,-0.06174901872873306,-0.03153233975172043,-112.08392333984375,-20.354063034057617,-49.4859733581543,0.02,0.03,0.01,0.09,1768451563.7401102,52.040009
XKF1,54824728,0,37.21,-1.8,74.28,4.870456218719482,21.70903968811035,-0.06164040043950081,-0.03775918111205101,-111.8844985961914,-19.48723602294922,-49.48819351196289,0.02,0.03,0.01,0.09,1768451563.7800941,52.079993
XKF1,54824728,1,37.19,-1.8,74.27,4.865442752838135,21.70650863647461,-0.0642319843173027,-0.03841761499643326,-111.8857421875,-19.48115348815918,-49.49613952636719,0.02,0.03,0.01,0.09,1768451563.7800941,52.079993
XKF1,54864712,1,37.21,-1.8,74.84,4.650038242340088,21.750080108642578,-0.06398885697126389,-0.04850906878709793,-111.69536590576172,-18.615097045898438,-49.49856185913086,0.02,0.03,0.01,0.09,1768451563.8200781,52.119977
XKF1,54864712,0,37.23,-1.8,74.84,4.65456485748291,21.754253387451172,-0.06083265691995621,-0.047196730971336365,-111.6939926147461,-18.620838165283203,-49.490623474121094,0.02,0.03,0.01,0.09,1768451563.8200781,52.119977
XKF1,54904696,0,37.25,-1.79,75.42,4.438360214233398,21.795331954956055,-0.0591416098177433,-0.05635986104607582,-111.51239776611328,-17.75461769104004,-49.49325180053711,0.02,0.03,0.01,0.09,1768451563.8600621,52.159961
XKF1,54904696,1,37.23,-1.79,75.4,4.433784484863281,21.79179573059082,-0.06409763544797897,-0.05883900448679924,-111.51385498046875,-17.749256134033203,-49.501216888427734,0.02,0.03,0.01,0.09,1768451563.8600621,52.159961
XKF1,54944680,0,37.27,-1.76,76.0,4.218880653381348,21.833927154541016,-0.062146227806806564,-0.0681992769241333,-111.33953094482422,-16.88631820678711,-49.495994567871094,0.02,0.03,0.01,0.09,1768451563.900046,52.199945
XKF1,54944680,1,37.25,-1.75,75.99,4.215383052825928,21.83014488220215,-0.06900654733181,-0.0718236118555069,-111.34107971191406,-16.88132095336914,-49.50407409667969,0.02,0.03,0.01,0.09,1768451563.900046,52.199945
XKF1,54984664,0,37.29,-1.72,76.57,3.996927261352539,21.873456954956055,-0.0692436471581459,-0.0800517126917839,-111.17549896240234,-16.01607894897461,-49.49897384643555,0.02,0.03,0.01,0.09,1768451563.94003,52.239929
XKF1,54984664,1,37.27,-1.72,76.55,3.9947524070739746,21.870155334472656,-0.07751070708036423,-0.08492229878902435,-111.17710876464844,-16.01140594482422,-49.507240295410156,0.02,0.03,0.01,0.09,1768451563.94003,52.239929
XKF1,55024648,0,37.3,-1.69,77.13,3.775128126144409,21.90835189819336,-0.07520511746406555,-0.08287771791219711,-111.0203628540039,-15.143980026245117,-49.501182556152344,0.02,0.03,0.01,0.09,1768451563.980014,52.279913
XKF1,55024648,1,37.28,-1.69,77.13,3.7721753120422363,21.905160903930664,-0.0836341455578804,-0.08794364333152771,-111.02203369140625,-15.139596939086914,-49.50965881347656,0.02,0.03,0.01,0.09,1768451563.980014,52.279913
XKF1,55064632,0,37.3,-1.66,77.69,3.5560104846954346,21.940563201904297,-0.08223964273929596,-0.08008333295583725,-110.8740463256836,-14.272100448608398,-49.50396728515625,0.02,0.03,0.01,0.09,1768451564.019998,52.319897
XKF1,55064632,1,37.28,-1.65,77.69,3.55415678024292,21.937429428100586,-0.09038844704627991,-0.08507264405488968,-110.87574768066406,-14.268011093139648,-49.512638092041016,0.02,0.03,0.01,0.09,1768451564.019998,52.319897
XKF1,55104616,1,37.27,-1.63,78.25,3.3367347717285156,21.966567993164062,-0.09773918241262436,-0.09005606174468994,-110.73808288574219,-13.396482467651367,-49.516441345214844,0.02,0.03,0.01,0.09,1768451564.059982,52.359881
XKF1,55104616,0,37.3,-1.63,78.27,3.33697772026062,21.97071647644043,-0.08953376114368439,-0.08526401966810226,-110.73646545410156,-13.40025520324707,-49.50759506225586,0.02,0.03,0.01,0.09,1768451564.059982,52.359881
XKF1,55144600,0,37.28,-1.61,78.85,3.1168863773345947,21.998319625854492,-0.09736457467079163,-0.1000748872756958,-110.60768127441406,-12.526598930358887,-49.511837005615234,0.02,0.03,0.01,0.09,1768451564.099966,52.399865
XKF1,55144600,1,37.25,-1.61,78.85,3.116398811340332,21.994932174682617,-0.10709309577941895,-0.10599952191114426,-110.60922241210938,-12.523098945617676,-49.520896911621094,0.02,0.03,0.01,0.09,1768451564.099966,52.399865
XKF1,55184584,1,37.22,-1.59,79.42,2.8951008319854736,22.020610809326172,-0.1168084666132927,-0.12125802785158157,-110.48918151855469,-11.648062705993652,-49.5257568359375,0.02,0.03,0.01,0.09,1768451564.13995,52.439849
XKF1,55184584,0,37.25,-1.59,79.43,2.896433115005493,22.02303123474121,-0.10561234503984451,-0.11399175226688385,-110.48767852783203,-11.651327133178711,-49.51640701293945,0.02,0.03,0.01,0.09,1768451564.13995,52.439849
XKF1,55224568,0,37.22,-1.59,80.0,2.67842173576355,22.045578002929688,-0.11160401254892349,-0.12262703478336334,-110.37646484375,-10.774579048156738,-49.52109909057617,0.02,0.03,0.01,0.09,1768451564.179934,52.479833
XKF1,55224568,1,37.2,-1.59,80.0,2.6774165630340576,22.042938232421875,-0.12286251038312912,-0.130033940076828,-110.37796020507812,-10.771510124206543,-49.530757904052734,0.02,0.03,0.01,0.09,1768451564.179934,52.479833
XKF1,55264552,0,37.21,-1.6,80.57,2.4622459411621094,22.066545486450195,-0.11505237966775894,-0.12643808126449585,-110.27386474609375,-9.898030281066895,-49.526039123535156,0.02,0.03,0.01,0.09,1768451564.2199183,52.519817
XKF1,55264552,1,37.18,-1.6,80.56,2.4620256423950195,22.064895629882812,-0.125803142786026,-0.13350531458854675,-110.27531433105469,-9.895139694213867,-49.53597640991211,0.02,0.03,0.01,0.09,1768451564.2199183,52.519817
XKF1,55304536,0,37.18,-1.61,81.14,2.2485878467559814,22.084692001342773,-0.11511362344026566,-0.12804870307445526,-110.1797866821289,-9.021567344665527,-49.530609130859375,0.02,0.03,0.01,0.09,1768451564.2599022,52.559801
XKF1,55304536,1,37.16,-1.61,81.12,2.247892141342163,22.084062576293945,-0.12525251507759094,-0.13393443822860718,-110.1811752319336,-9.018798828125,-49.540733337402344,0.02,0.03,0.01,0.09,1768451564.2599022,52.559801
XKF1,55344520,0,37.15,-1.63,81.68,2.0357537269592285,22.100536346435547,-0.11326882988214493,-0.11656919121742249,-110.09426879882812,-8.143694877624512,-49.534690856933594,0.02,0.03,0.01,0.09,1768451564.2998862,52.599785
XKF1,55344520,1,37.12,-1.63,81.68,2.0404012203216553,22.099838256835938,-0.12396673858165741,-0.1222042590379715,-110.0972900390625,-8.159421920776367,-49.54494094848633,0.02,0.03,0.01,0.09,1768451564.2998862,52.599785
XKF1,55384504,0,37.13,-1.65,82.25,1.8242985010147095,22.11595344543457,-0.1075500100851059,-0.10396816581487656,-110.01721954345703,-7.264581203460693,-49.538734436035156,0.02,0.03,0.01,0.09,1768451564.3398702,52.639769
XKF1,55384504,1,37.1,-1.65,82.23,1.8285447359085083,22.114482879638672,-0.1183566004037857,-0.10949055850505829,-110.02000427246094,-7.280416488647461,-49.54924392700195,0.02,0.03,0.01,0.09,1768451564.3398702,52.639769
XKF1,55424488,1,37.08,-1.67,82.81,1.6164551973342896,22.127742767333984,-0.11265002936124802,-0.09697338193655014,-109.95125579833984,-6.400270938873291,-49.55253982543945,0.02,0.03,0.01,0.09,1768451564.3798542,52.679753
XKF1,55424488,0,37.1,-1.67,82.81,1.6127170324325562,22.128692626953125,-0.10227425396442413,-0.09173678606748581,-109.94865417480469,-6.384350776672363,-49.54178237915039,0.02,0.03,0.01,0.09,1768451564.3798542,52.679753
XKF1,55464472,0,37.08,-1.68,83.36,1.3981791734695435,22.138763427734375,-0.09565696865320206,-0.0762406438589096,-109.88844299316406,-5.504220008850098,-49.54475021362305,0.02,0.03,0.01,0.09,1768451564.4198382,52.719737
XKF1,55464472,1,37.05,-1.68,83.36,1.4032225608825684,22.13713264465332,-0.10630914568901062,-0.08204659819602966,-109.89080047607422,-5.520232200622559,-49.55569076538086,0.02,0.03,0.01,0.09,1768451564.4198382,52.719737
XKF1,55504456,1,37.02,-1.69,83.91,1.1914026737213135,22.145505905151367,-0.1010885089635849,-0.07125824689865112,-109.83866119384766,-4.640476226806641,-49.558780670166016,0.02,0.03,0.01,0.09,1768451564.4598222,52.759721
XKF1,55504456,0,37.05,-1.69,83.92,1.1865615844726562,22.146774291992188,-0.09132383018732071,-0.06731318682432175,-109.83656311035156,-4.624321460723877,-49.54770278930664,0.02,0.03,0.01,0.09,1768451564.4598222,52.759721
XKF1,55544440,0,37.03,-1.7,84.49,0.974604606628418,22.152660369873047,-0.08993594348430634,-0.0670982152223587,-109.7931900024414,-3.743377685546875,-49.55077362060547,0.02,0.03,0.01,0.09,1768451564.4998062,52.799705
XKF1,55544440,1,37.01,-1.7,84.48,0.9785871505737305,22.151226043701172,-0.09873025119304657,-0.06945302337408066,-109.79505920410156,-3.7596347332000732,-49.56196212768555,0.02,0.03,0.01,0.09,1768451564.4998062,52.799705
XKF1,55584424,0,37.01,-1.7,85.05,0.7600235342979431,22.157882690429688,-0.08725947886705399,-0.0677100270986557,-109.75837707519531,-2.8616580963134766,-49.553863525390625,0.02,0.03,0.01,0.09,1768451564.5397902,52.839689
XKF1,55584424,1,36.98,-1.7,85.03,0.7649178504943848,22.1567440032959,-0.09670527279376984,-0.07066374272108078,-109.76002502441406,-2.87800931930542,-49.565185546875,0.02,0.03,0.01,0.09,1768451564.5397902,52.839689
XKF1,55624408,0,36.99,-1.7,85.62,0.5434749126434326,22.15962028503418,-0.08843795955181122,-0.07013735175132751,-109.73223114013672,-1.979308009147644,-49.556522369384766,0.02,0.03,0.01,0.09,1768451564.5797741,52.879673
XKF1,55624408,1,36.96,-1.7,85.61,0.5492691993713379,22.158323287963867,-0.09650296717882156,-0.07183882594108582,-109.7336654663086,-1.9957524538040161,-49.567962646484375,0.02,0.03,0.01,0.09,1768451564.5797741,52.879673
XKF1,55664392,0,36.98,-1.71,86.2,0.3259078860282898,22.158693313598633,-0.09051939845085144,-0.07054508477449417,-109.71451568603516,-1.097296118736267,-49.55938720703125,0.02,0.03,0.01,0.09,1768451564.6197581,52.919657
XKF1,55664392,1,36.95,-1.7,86.19,0.3326050341129303,22.158714294433594,-0.09906211495399475,-0.07310786098241806,-109.71568298339844,-1.1135947704315186,-49.57087326049805,0.02,0.03,0.01,0.09,1768451564.6197581,52.919657
XKF1,55704376,0,36.98,-1.7,86.76,0.108583964407444,22.156017303466797,-0.08804939687252045,-0.06838494539260864,-109.7052993774414,-0.2156451791524887,-49.56202697753906,0.02,0.03,0.01,0.09,1768451564.659742,52.959641
XKF1,55704376,1,36.95,-1.7,86.74,0.1148369088768959,22.157245635986328,-0.09805946797132492,-0.07104503363370895,-109.70620727539062,-0.23157180845737457,-49.57353210449219,0.02,0.03,0.01,0.09,1768451564.659742,52.959641
XKF1,55744360,1,36.96,-1.69,87.32,-0.10357527434825897,22.152681350708008,-0.09915311634540558,-0.06604637205600739,-109.70555114746094,0.6508057117462158,-49.5760383605957,0.02,0.03,0.01,0.09,1768451564.699726,52.999625
XKF1,55744360,0,36.98,-1.69,87.32,-0.11042019724845886,22.1514949798584,-0.08920846879482269,-0.06454135477542877,-109.70491027832031,0.6663962006568909,-49.56446075439453,0.02,0.03,0.01,0.09,1768451564.699726,52.999625
XKF1,55784344,0,36.97,-1.68,87.87,-0.3264496922492981,22.144418716430664,-0.09219013899564743,-0.06501814723014832,-109.71328735351562,1.5486658811569214,-49.56716537475586,0.02,0.03,0.01,0.09,1768451564.73971,53.039609
XKF1,55784344,1,36.94,-1.68,87.85,-0.32074669003486633,22.144716262817383,-0.10331457108259201,-0.06766946613788605,-109.71368408203125,1.533355951309204,-49.578861236572266,0.02,0.03,0.01,0.09,1768451564.73971,53.039609
XKF1,55824328,1,36.92,-1.66,88.4,-0.5362704396247864,22.135812759399414,-0.10293267667293549,-0.06436551362276077,-109.73053741455078,2.4159810543060303,-49.58109664916992,0.02,0.03,0.01,0.09,1768451564.779694,53.079593
XKF1,55824328,0,36.95,-1.66,88.41,-0.5414578914642334,22.136306762695312,-0.09256315231323242,-0.0623544305562973,-109.73035430908203,2.4310481548309326,-49.569236755371094,0.02,0.03,0.01,0.09,1768451564.779694,53.079593
XKF1,55864312,0,36.94,-1.65,88.94,-0.7545086145401001,22.12467384338379,-0.09401845932006836,-0.05840476602315903,-109.75578308105469,3.312889575958252,-49.57155990600586,0.02,0.03,0.01,0.09,1768451564.819678,53.119577
XKF1,55864312,1,36.91,-1.65,88.94,-0.7504658699035645,22.12636375427246,-0.10364171117544174,-0.06037018820643425,-109.75579833984375,3.2982072830200195,-49.583492279052734,0.02,0.03,0.01,0.09,1768451564.819678,53.119577
XKF1,55905129,0,36.94,-1.65,89.47,-0.9656413793563843,22.111988067626953,-0.09330729395151138,-0.05594461038708687,-109.78951263427734,4.194173812866211,-49.57423400878906,0.02,0.03,0.01,0.09,1768451564.860495,53.160394
XKF1,55905129,1,36.91,-1.65,89.46,-0.9703637361526489,22.112388610839844,-0.10200636088848114,-0.05685334652662277,-109.79100799560547,4.216847896575928,-49.5863151550293,0.02,0.03,0.01,0.09,1768451564.860495,53.160394
XKF1,55945113,0,36.92,-1.66,90.01,-1.1779617071151733,22.09600257873535,-0.0896853357553482,-0.058363888412714005,-109.83271789550781,5.093692302703857,-49.577232360839844,0.02,0.03,0.01,0.09,1768451564.900479,53.200378
XKF1,55945113,1,36.9,-1.66,90.01,-1.1778922080993652,22.0974178314209,-0.09870452433824539,-0.05869749188423157,-109.83346557617188,5.098400115966797,-49.58924102783203,0.02,0.03,0.01,0.09,1768451564.900479,53.200378
XKF1,55985097,0,36.9,-1.69,90.54,-1.3815417289733887,22.07923698425293,-0.0861094519495964,-0.061825111508369446,-109.88341522216797,5.974487781524658,-49.58015441894531,0.02,0.03,0.01,0.09,1768451564.940463,53.240362
XKF1,55985097,1,36.88,-1.69,90.53,-1.3817747831344604,22.080175399780273,-0.09511588513851166,-0.06182502955198288,-109.88422393798828,5.979607582092285,-49.59221267700195,0.02,0.03,0.01,0.09,1768451564.940463,53.240362
XKF1,56025081,0,36.88,-1.71,91.08,-1.5846537351608276,22.062623977661133,-0.07981355488300323,-0.058476757258176804,-109.94232177734375,6.854956150054932,-49.58234405517578,0.02,0.03,0.01,0.09,1768451564.980447,53.280346
XKF1,56025081,1,36.86,-1.71,91.06,-1.5842792987823486,22.06456756591797,-0.08911363035440445,-0.05906267464160919,-109.94318389892578,6.860454559326172,-49.594459533691406,0.02,0.03,0.01,0.09,1768451564.980447,53.280346
XKF1,56065065,1,36.86,-1.73,91.61,-1.788864016532898,22.049951553344727,-0.0806768611073494,-0.04363878816366196,-110.0107650756836,7.749883651733398,-49.59516525268555,0.02,0.03,0.01,0.09,1768451565.020431,53.32033
XKF1,56065065,0,36.88,-1.74,91.62,-1.7897624969482422,22.047740936279297,-0.07119981944561005,-0.042663998901844025,-110.00997924804688,7.744584560394287,-49.58300018310547,0.02,0.03,0.01,0.09,1768451565.020431,53.32033
XKF1,56105049,0,36.88,-1.77,92.14,-1.9966176748275757,22.032258987426758,-0.06123296916484833,-0.020261002704501152,-110.0859146118164,8.632711410522461,-49.58311462402344,0.02,0.03,0.01,0.09,1768451565.060415,53.360314
XKF1,56105049,1,36.85,-1.77,92.12,-1.9957197904586792,22.033931732177734,-0.0697927251458168,-0.020676380023360252,-110.08663177490234,8.637838363647461,-49.595340728759766,0.02,0.03,0.01,0.09,1768451565.060415,53.360314
XKF1,56145033,1,36.84,-1.81,92.65,-2.1993589401245117,22.015546798706055,-0.056159742176532745,0.007319292053580284,-110.17076873779297,9.524371147155762,-49.59489059448242,0.02,0.03,0.01,0.09,1768451565.100399,53.400298
XKF1,56145033,0,36.87,-1.81,92.65,-2.1991493701934814,22.013904571533203,-0.04813266918063164,0.007631409447640181,-110.17007446289062,9.519396781921387,-49.58262252807617,0.02,0.03,0.01,0.09,1768451565.100399,53.400298
XKF1,56185017,0,36.85,-1.84,93.19,-2.399867057800293,21.99320411682129,-0.0355532169342041,0.026473045349121094,-110.2623062133789,10.404638290405273,-49.581974029541016,0.02,0.03,0.01,0.09,1768451565.1403832,53.440282
XKF1,56185017,1,36.82,-1.84,93.18,-2.399742841720581,21.994930267333984,-0.04306840896606445,0.02604745142161846,-110.26297760009766,10.409491539001465,-49.594303131103516,0.02,0.03,0.01,0.09,1768451565.1403832,53.440282
XKF1,56225001,0,36.84,-1.87,93.75,-2.604865074157715,21.97068214416504,-0.026434659957885742,0.03326672315597534,-110.36266326904297,11.28844928741455,-49.581459045410156,0.02,0.03,0.01,0.09,1768451565.1803672,53.480266
XKF1,56225001,1,36.82,-1.87,93.73,-2.60422682762146,21.972257614135742,-0.03349487483501434,0.032738640904426575,-110.36331176757812,11.293198585510254,-49.59383773803711,0.02,0.03,0.01,0.09,1768451565.1803672,53.480266
XKF1,56264985,0,36.84,-1.91,94.31,-2.8129348754882812,21.950481414794922,-0.01765277422964573,0.0400121733546257,-110.47169494628906,12.178424835205078,-49.57968521118164,0.02,0.03,0.01,0.09,1768451565.2203512,53.52025
XKF1,56264985,1,36.82,-1.91,94.3,-2.812448024749756,21.95246696472168,-0.02410462684929371,0.04007551819086075,-110.4723129272461,12.183006286621094,-49.59199905395508,0.02,0.03,0.01,0.09,1768451565.2203512,53.52025
XKF1,56304969,0,36.85,-1.93,94.86,-3.0230116844177246,21.92789077758789,-0.009890591725707054,0.0509323813021183,-110.58905792236328,13.066186904907227,-49.57761764526367,0.02,0.03,0.01,0.09,1768451565.2603352,53.560234
XKF1,56304969,1,36.83,-1.93,94.84,-3.0229859352111816,21.930042266845703,-0.017272677272558212,0.050532612949609756,-110.58965301513672,13.070639610290527,-49.589900970458984,0.02,0.03,0.01,0.09,1768451565.2603352,53.560234
XKF1,56344953,1,36.84,-1.93,95.4,-3.236147403717041,21.904722213745117,-0.013786149211227894,0.058733176440000534,-110.71548461914062,13.95613956451416,-49.58768844604492,0.02,0.03,0.01,0.09,1768451565.3003192,53.600218
XKF1,56344953,0,36.86,-1.93,95.41,-3.235307455062866,21.90310287475586,-0.006819420028477907,0.05835722014307976,-110.71487426757812,13.951805114746094,-49.57539749145508,0.02,0.03,0.01,0.09,1768451565.3003192,53.600218
XKF1,56384937,1,36.84,-1.93,95.94,-3.4501712322235107,21.874691009521484,-0.012454328127205372,0.059696488082408905,-110.849853515625,14.839519500732422,-49.58576202392578,0.02,0.03,0.01,0.09,1768451565.3403032,53.640202
XKF1,56384937,0,36.86,-1.93,95.95,-3.448495626449585,21.8742733001709,-0.0058649140410125256,0.05927380546927452,-110.84918212890625,14.835301399230957,-49.573448181152344,0.02,0.03,0.01,0.09,1768451565.3403032,53.640202
XKF1,56424921,0,36.87,-1.93,96.49,-3.659503698348999,21.84355926513672,-0.005972352810204029,0.05557076260447502,-110.9919662475586,15.716680526733398,-49.5716438293457,0.02,0.03,0.01,0.09,1768451565.3802872,53.680186
XKF1,56424921,1,36.85,-1.93,96.47,-3.6608192920684814,21.843835830688477,-0.012514033354818821,0.055629100650548935,-110.9926986694336,15.7207670211792,-49.58396911621094,0.02,0.03,0.01,0.09,1768451565.3802872,53.680186
XKF1,56464905,1,36.86,-1.91,97.03,-3.8754687309265137,21.811668395996094,-0.012153426185250282,0.05402227118611336,-111.14488220214844,16.606060028076172,-49.58161926269531,0.02,0.03,0.01,0.09,1768451565.4202712,53.72017
XKF1,56464905,0,36.88,-1.91,97.04,-3.873575448989868,21.811723709106445,-0.00599980354309082,0.05357229709625244,-111.14408874511719,16.602176666259766,-49.569339752197266,0.02,0.03,0.01,0.09,1768451565.4202712,53.72017
XKF1,56504889,0,36.92,-1.9,97.58,-4.088685989379883,21.777067184448242,-0.0076965284533798695,0.05269612744450569,-111.3046646118164,17.484683990478516,-49.56727981567383,0.02,0.03,0.01,0.09,1768451565.4602551,53.760154
XKF1,56504889,1,36.9,-1.9,97.57,-4.089291572570801,21.77767562866211,-0.01355197373777628,0.05358707532286644,-111.30550384521484,17.488388061523438,-49.57952880859375,0.02,0.03,0.01,0.09,1768451565.4602551,53.760154
XKF1,56544873,0,36.95,-1.87,98.14,-4.3047943115234375,21.739036560058594,-0.012605116702616215,0.0473506860435009,-111.4737777709961,18.36458396911621,-49.56556701660156,0.02,0.03,0.01,0.09,1768451565.5002391,53.800138
XKF1,56544873,1,36.92,-1.87,98.14,-4.305408954620361,21.739904403686523,-0.01877797581255436,0.04805026575922966,-111.47463989257812,18.368146896362305,-49.577796936035156,0.02,0.03,0.01,0.09,1768451565.5002391,53.800138
XKF1,56584857,0,36.98,-1.85,98.71,-4.5223164558410645,21.697765350341797,-0.019592812284827232,0.03700454160571098,-111.65147399902344,19.241769790649414,-49.5643424987793,0.02,0.03,0.01,0.09,1768451565.5402231,53.840122
XKF1,56584857,1,36.96,-1.85,98.7,-4.523126602172852,21.698841094970703,-0.026257174089550972,0.036921314895153046,-111.65238189697266,19.245235443115234,-49.57660675048828,0.02,0.03,0.01,0.09,1768451565.5402231,53.840122
XKF1,56624841,0,37.01,-1.84,99.28,-4.739209175109863,21.655189514160156,-0.025484200567007065,0.022511938586831093,-111.8377685546875,20.11625862121582,-49.56427764892578,0.02,0.03,0.01,0.09,1768451565.580207,53.880106
XKF1,56624841,1,36.99,-1.84,99.27,-4.73987340927124,21.655866622924805,-0.032347336411476135,0.021827079355716705,-111.8387222290039,20.119625091552734,-49.57656478881836,0.02,0.03,0.01,0.09,1768451565.580207,53.880106
XKF1,56664825,0,37.05,-1.83,99.87,-4.958846569061279,21.613910675048828,-0.03154102712869644,0.005909934639930725,-112.03365325927734,20.9931697845459,-49.56405258178711,0.02,0.03,0.02,0.09,1768451565.620191,53.92009
XKF1,56664825,1,37.03,-1.83,99.86,-4.95919132232666,21.614683151245117,-0.037240296602249146,0.006379110272973776,-112.03459167480469,20.99640464782715,-49.57630920410156,0.02,0.04,0.01,0.09,1768451565.620191,53.92009
XKF1,56704809,0,37.1,-1.8,100.44,-5.180202007293701,21.568050384521484,-0.03900023177266121,-0.006126828491687775,-112.23820495605469,21.86690902709961,-49.56425094604492,0.02,0.03,0.02,0.09,1768451565.660175,53.960074
XKF1,56704809,1,37.07,-1.8,100.42,-5.180725574493408,21.569046020507812,-0.044527601450681686,-0.005437619052827358,-112.23914337158203,21.870031356811523,-49.57646942138672,0.02,0.04,0.01,0.09,1768451565.660175,53.960074
XKF1,56744793,0,37.12,-1.75,101.02,-5.401941299438477,21.517982482910156,-0.04901744797825813,-0.01966387778520584,-112.45142364501953,22.73748779296875,-49.5649299621582,0.02,0.03,0.02,0.09,1768451565.700159,54.000058
XKF1,56744793,1,37.1,-1.75,101.02,-5.402870178222656,21.519594192504883,-0.05453198403120041,-0.018806803971529007,-112.45238494873047,22.740528106689453,-49.577117919921875,0.02,0.04,0.01,0.09,1768451565.700159,54.000058
XKF1,56784777,0,37.14,-1.66,101.62,-5.627345561981201,21.462604522705078,-0.06767819076776505,-0.04118277132511139,-112.67346954345703,23.604854583740234,-49.56630325317383,0.02,0.03,0.02,0.09,1768451565.740143,54.040042
XKF1,56784777,1,37.12,-1.66,101.61,-5.629380226135254,21.463356018066406,-0.0736125111579895,-0.04096038639545441,-112.67447662353516,23.607831954956055,-49.57850646972656,0.02,0.04,0.01,0.09,1768451565.740143,54.040042
XKF1,56824761,0,37.15,-1.59,102.21,-5.855957508087158,21.40452003479004,-0.09086588770151138,-0.07005421817302704,-112.90444946289062,24.468969345092773,-49.56938552856445,0.02,0.03,0.02,0.09,1768451565.780127,54.080026
XKF1,56824761,1,37.13,-1.59,102.2,-5.858301162719727,21.405454635620117,-0.0964025929570198,-0.06972073763608932,-112.90556335449219,24.47187042236328,-49.581607818603516,0.02,0.04,0.01,0.09,1768451565.780127,54.080026
XKF1,56864745,0,37.17,-1.53,102.8,-6.082549095153809,21.341032028198242,-0.11535380780696869,-0.10318392515182495,-113.14330291748047,25.32703399658203,-49.573909759521484,0.02,0.03,0.01,0.09,1768451565.820111,54.12001
XKF1,56864745,1,37.15,-1.53,102.8,-6.0850372314453125,21.341602325439453,-0.12092121690511703,-0.10337661951780319,-113.14448547363281,25.329835891723633,-49.58610534667969,0.02,0.03,0.01,0.09,1768451565.820111,54.12001
XKF1,56904729,0,37.18,-1.5,103.4,-6.304263114929199,21.276201248168945,-0.13416612148284912,-0.13729669153690338,-113.39007568359375,26.179458618164062,-49.579246520996094,0.02,0.03,0.01,0.09,1768451565.860095,54.159994
XKF1,56904729,1,37.15,-1.5,103.38,-6.306681156158447,21.277029037475586,-0.13803055882453918,-0.1356419175863266,-113.39132690429688,26.1821346282959,-49.59138107299805,0.02,0.03,0.01,0.09,1768451565.860095,54.159994
XKF1,56944713,0,37.17,-1.47,104.0,-6.523032188415527,21.208866119384766,-0.15093189477920532,-0.15582798421382904,-113.64578247070312,27.029150009155273,-49.58488845825195,0.02,0.03,0.01,0.09,1768451565.9000793,54.199978
XKF1,56944713,1,37.15,-1.47,103.99,-6.524112701416016,21.208778381347656,-0.1532372534275055,-0.15248025953769684,-113.6470718383789,27.031728744506836,-49.59690475463867,0.02,0.03,0.01,0.09,1768451565.9000793,54.199978
XKF1,56984697,0,37.16,-1.47,104.57,-6.738394737243652,21.13900375366211,-0.16338510811328888,-0.16751548647880554,-113.91027069091797,27.875986099243164,-49.59115982055664,0.02,0.03,0.01,0.09,1768451565.9400632,54.239962
XKF1,56984697,1,37.14,-1.47,104.56,-6.740525245666504,21.138856887817383,-0.16384947299957275,-0.16256047785282135,-113.91162109375,27.878450393676758,-49.6030387878418,0.02,0.03,0.01,0.09,1768451565.9400632,54.239962
XKF1,57024681,0,37.13,-1.48,105.11,-6.945786952972412,21.06841468811035,-0.1651834398508072,-0.17002059519290924,-114.1833267211914,28.719907760620117,-49.597930908203125,0.02,0.03,0.01,0.09,1768451565.9800472,54.279946
XKF1,57024681,1,37.11,-1.48,105.1,-6.947359561920166,21.06845474243164,-0.16639791429042816,-0.16606405377388,-114.18475341796875,28.722280502319336,-49.60962677001953,0.02,0.03,0.01,0.09,1768451565.9800472,54.279946
XKF1,57064665,0,37.11,-1.51,105.63,-7.1445631980896,20.99845314025879,-0.15980258584022522,-0.16726963222026825,-114.46342468261719,29.55881690979004,-49.60479736328125,0.02,0.03,0.01,0.09,1768451566.0200312,54.31993
XKF1,57064665,1,37.09,-1.51,105.63,-7.146823406219482,20.998098373413086,-0.1609027236700058,-0.16324669122695923,-114.46488952636719,29.56108283996582,-49.6163330078125,0.02,0.03,0.01,0.09,1768451566.0200312,54.31993
XKF1,57104649,1,37.04,-1.54,106.14,-7.340562343597412,20.928020477294922,-0.15230508148670197,-0.1605692207813263,-114.75198364257812,30.39522933959961,-49.622467041015625,0.02,0.03,0.01,0.09,1768451566.0600152,54.359914
XKF1,57104649,0,37.07,-1.54,106.16,-7.3397345542907715,20.929044723510742,-0.1502353399991989,-0.16368848085403442,-114.75051879882812,30.39310646057129,-49.61107635498047,0.02,0.03,0.01,0.09,1768451566.0600152,54.359914
XKF1,57144633,1,37.0,-1.57,106.68,-7.531050205230713,20.8582820892334,-0.1384769231081009,-0.1416228860616684,-115.04708099365234,31.227014541625977,-49.62778091430664,0.02,0.03,0.01,0.09,1768451566.0999992,54.399898
XKF1,57144633,0,37.02,-1.57,106.68,-7.531357765197754,20.858642578125,-0.13624407351016998,-0.14479784667491913,-115.04566192626953,31.225025177001953,-49.61650848388672,0.02,0.03,0.01,0.09,1768451566.0999992,54.399898
XKF1,57184617,1,36.95,-1.6,107.21,-7.719603538513184,20.785573959350586,-0.12781111896038055,-0.12702462077140808,-115.34998321533203,32.056297302246094,-49.632713317871094,0.02,0.03,0.01,0.09,1768451566.1399832,54.439882
XKF1,57184617,0,36.97,-1.6,107.22,-7.720483303070068,20.786657333374023,-0.12427958101034164,-0.12873677909374237,-115.3486328125,32.05442810058594,-49.621498107910156,0.02,0.03,0.01,0.09,1768451566.1399832,54.439882
XKF1,57224601,0,36.93,-1.63,107.76,-7.909596920013428,20.712373733520508,-0.11347376555204391,-0.11666548252105713,-115.6594009399414,32.881195068359375,-49.62625503540039,0.02,0.03,0.01,0.09,1768451566.1799672,54.479866
XKF1,57224601,1,36.9,-1.63,107.75,-7.9096808433532715,20.709857940673828,-0.1167813092470169,-0.11511193960905075,-115.66069793701172,32.88291549682617,-49.637386322021484,0.02,0.03,0.01,0.09,1768451566.1799672,54.479866
XKF1,57264585,1,36.86,-1.67,108.28,-8.09657096862793,20.632904052734375,-0.10548459738492966,-0.10467644035816193,-115.97810363769531,33.70524215698242,-49.64177703857422,0.02,0.03,0.01,0.09,1768451566.2199512,54.51985
XKF1,57264585,0,36.89,-1.67,108.29,-8.096427917480469,20.637086868286133,-0.10109338909387589,-0.10509628802537918,-115.97686004638672,33.7037239074707,-49.63066482543945,0.02,0.03,0.01,0.09,1768451566.2199512,54.51985
XKF1,57304569,1,36.83,-1.71,108.82,-8.283024787902832,20.55745506286621,-0.09220243990421295,-0.09417714923620224,-116.30231475830078,34.5235481262207,-49.64533615112305,0.02,0.03,0.01,0.09,1768451566.2599351,54.559834
XKF1,57304569,0,36.86,-1.71,108.83,-8.282683372497559,20.56110191345215,-0.08854882419109344,-0.09508360922336578,-116.30111694335938,34.522274017333984,-49.634246826171875,0.02,0.03,0.01,0.09,1768451566.2599351,54.559834
XKF1,57344553,1,36.82,-1.75,109.37,-8.46996784210205,20.478727340698242,-0.07888264209032059,-0.07430363446474075,-116.63435363769531,35.33930206298828,-49.64806365966797,0.02,0.03,0.01,0.09,1768451566.2999191,54.599818
XKF1,57344553,0,36.84,-1.75,109.38,-8.470036506652832,20.482114791870117,-0.07638982683420181,-0.07626327872276306,-116.6332015991211,35.338253021240234,-49.637020111083984,0.02,0.03,0.01,0.09,1768451566.2999191,54.599818
XKF1,57384537,0,36.82,-1.8,109.93,-8.656378746032715,20.400548934936523,-0.06395737826824188,-0.05923711881041527,-116.97309112548828,36.15150833129883,-49.63942337036133,0.02,0.03,0.01,0.09,1768451566.339903,54.639802
XKF1,57384537,1,36.79,-1.8,109.92,-8.656166076660156,20.39790916442871,-0.06675001978874207,-0.05793188512325287,-116.97418975830078,36.152366638183594,-49.65041732788086,0.02,0.03,0.01,0.09,1768451566.339903,54.639802
XKF1,57424521,1,36.78,-1.83,110.49,-8.83874797821045,20.31578826904297,-0.056611400097608566,-0.04711384326219559,-117.31440734863281,36.945682525634766,-49.652488708496094,0.02,0.03,0.01,0.09,1768451566.379887,54.679786
XKF1,57424521,0,36.8,-1.83,110.49,-8.844171524047852,20.317201614379883,-0.053234342485666275,-0.0478382371366024,-117.32073211669922,36.9619026184082,-49.6415901184082,0.02,0.03,0.01,0.09,1768451566.379887,54.679786
XKF1,57464505,1,36.79,-1.83,111.05,-9.026348114013672,20.22711753845215,-0.0486205592751503,-0.040813010185956955,-117.66864776611328,37.751686096191406,-49.65435028076172,0.02,0.03,0.01,0.09,1768451566.419871,54.71977
XKF1,57464505,0,36.81,-1.83,111.06,-9.032350540161133,20.228452682495117,-0.04743358865380287,-0.04345059394836426,-117.67523956298828,37.76799392700195,-49.6435432434082,0.02,0.03,0.01,0.09,1768451566.419871,54.71977
XKF1,57504489,1,36.8,-1.83,111.6,-9.21792221069336,20.137332916259766,-0.048946138471364975,-0.043251700699329376,-118.02992248535156,38.55332565307617,-49.655704498291016,0.02,0.03,0.01,0.09,1768451566.459855,54.759754
XKF1,57504489,0,36.82,-1.83,111.62,-9.2236909866333,20.13772201538086,-0.047294966876506805,-0.04554140195250511,-118.03678131103516,38.56967544555664,-49.64501953125,0.02,0.03,0.01,0.09,1768451566.459855,54.759754
XKF1,57544473,0,36.84,-1.83,112.17,-9.415106773376465,20.045879364013672,-0.04585297778248787,-0.03628760203719139,-118.40644073486328,39.36848068237305,-49.64615249633789,0.02,0.03,0.01,0.09,1768451566.499839,54.799738
XKF1,57544473,1,36.82,-1.83,112.17,-9.409160614013672,20.045984268188477,-0.04842756316065788,-0.03451261669397354,-118.39929962158203,39.35212326049805,-49.656742095947266,0.02,0.03,0.01,0.09,1768451566.499839,54.799738
XKF1,57584457,0,36.87,-1.84,112.74,-9.605077743530273,19.95010757446289,-0.042736075818538666,-0.02838730439543724,-118.78404235839844,40.164031982421875,-49.6473388671875,0.02,0.03,0.01,0.09,1768451566.539823,54.839722
XKF1,57584457,1,36.84,-1.84,112.73,-9.598270416259766,19.950475692749023,-0.04562092572450638,-0.02693723328411579,-118.77661895751953,40.147674560546875,-49.657867431640625,0.02,0.03,0.01,0.09,1768451566.539823,54.839722
XKF1,57624441,0,36.9,-1.85,113.33,-9.797370910644531,19.85272979736328,-0.041570521891117096,-0.024365585297346115,-119.16960144042969,40.95615768432617,-49.648170471191406,0.02,0.03,0.01,0.09,1768451566.579807,54.879706
XKF1,57624441,1,36.88,-1.85,113.33,-9.789886474609375,19.851058959960938,-0.04570600762963295,-0.024245839565992355,-119.1618881225586,40.939788818359375,-49.658653259277344,0.02,0.03,0.01,0.09,1768451566.579807,54.879706
XKF1,57664425,0,36.93,-1.85,113.94,-9.991857528686523,19.750280380249023,-0.042021531611680984,-0.022023703902959824,-119.56249237060547,41.74390411376953,-49.6491584777832,0.02,0.03,0.01,0.09,1768451566.619791,54.91969
XKF1,57664425,1,36.91,-1.85,113.94,-9.983331680297852,19.746036529541016,-0.047392286360263824,-0.023067334666848183,-119.55455017089844,41.72758865356445,-49.65964126586914,0.02,0.03,0.01,0.09,1768451566.619791,54.91969
XKF1,57704409,1,36.94,-1.82,114.53,-10.180893898010254,19.637548446655273,-0.05485481396317482,-0.030130352824926376,-119.95476531982422,42.51100158691406,-49.661216735839844,0.02,0.03,0.01,0.09,1768451566.659775,54.959674
XKF1,57704409,0,36.96,-1.82,114.55,-10.189469337463379,19.642017364501953,-0.04845656454563141,-0.028508752584457397,-119.9628677368164,42.52712631225586,-49.650718688964844,0.02,0.03,0.01,0.09,1768451566.659775,54.959674
XKF1,57744393,1,36.98,-1.79,115.14,-10.381145477294922,19.527263641357422,-0.062565378844738,-0.04480690881609917,-120.3633041381836,43.290470123291016,-49.6634521484375,0.02,0.03,0.01,0.09,1768451566.6997592,54.999658
XKF1,57744393,0,37.0,-1.79,115.14,-10.388046264648438,19.5311222076416,-0.05723483860492706,-0.0447380468249321,-120.37152862548828,43.30646514892578,-49.652915954589844,0.02,0.03,0.01,0.09,1768451566.6997592,54.999658
XKF1,57784377,1,37.0,-1.74,115.7,-10.581945419311523,19.41514778137207,-0.07571731507778168,-0.06441570818424225,-120.78018951416016,44.0659294128418,-49.66616439819336,0.02,0.03,0.01,0.09,1768451566.7397432,55.039642
XKF1,57784377,0,37.02,-1.74,115.72,-10.58729362487793,19.41861915588379,-0.06819222867488861,-0.06211321800947189,-120.78848266601562,44.0817985534668,-49.65553665161133,0.02,0.03,0.01,0.09,1768451566.7397432,55.039642
XKF1,57824361,1,37.02,-1.71,116.26,-10.777544975280762,19.300527572631836,-0.08545546978712082,-0.0785713866353035,-121.20526123046875,44.83720779418945,-49.66936492919922,0.02,0.03,0.01,0.09,1768451566.7797272,55.079626
XKF1,57824361,0,37.04,-1.71,116.26,-10.781986236572266,19.304903030395508,-0.07687505334615707,-0.07508950680494308,-121.213623046875,44.852970123291016,-49.65861892700195,0.02,0.03,0.01,0.09,1768451566.7797272,55.079626
XKF1,57864345,0,37.05,-1.71,116.8,-10.971619606018066,19.19316864013672,-0.07988882064819336,-0.08164437115192413,-121.64630126953125,45.619483947753906,-49.66194152832031,0.02,0.03,0.01,0.09,1768451566.8197112,55.11961
XKF1,57864345,1,37.03,-1.7,116.79,-10.966291427612305,19.187963485717773,-0.08801005035638809,-0.08482305705547333,-121.63800048828125,45.603912353515625,-49.672786712646484,0.02,0.03,0.01,0.09,1768451566.8197112,55.11961
XKF1,57904329,0,37.04,-1.69,117.36,-11.157310485839844,19.081777572631836,-0.08007168769836426,-0.0849432423710823,-122.08636474609375,46.381431579589844,-49.66560745239258,0.02,0.03,0.01,0.09,1768451566.8596952,55.159594
XKF1,57904329,1,37.02,-1.69,117.34,-11.15290355682373,19.07685661315918,-0.08879473060369492,-0.08780636638402939,-122.07820129394531,46.366180419921875,-49.67649841308594,0.02,0.03,0.01,0.09,1768451566.8596952,55.159594
XKF1,57944313,0,37.02,-1.65,117.92,-11.343663215637207,18.966583251953125,-0.08558428287506104,-0.09802217036485672,-122.53416442871094,47.13923263549805,-49.66963577270508,0.02,0.03,0.01,0.09,1768451566.8996792,55.199578
XKF1,57944313,1,37.0,-1.65,117.91,-11.339969635009766,18.963396072387695,-0.09413164854049683,-0.09984567016363144,-122.5261459350586,47.12427520751953,-49.68059539794922,0.02,0.03,0.01,0.09,1768451566.8996792,55.199578
XKF1,57985130,0,36.99,-1.62,118.5,-11.52978801727295,18.850181579589844,-0.09604839235544205,-0.11288882046937943,-122.98967742919922,47.89275360107422,-49.67391586303711,0.02,0.03,0.01,0.09,1768451566.9404962,55.240395
XKF1,57985130,1,36.97,-1.62,118.51,-11.534178733825684,18.84193992614746,-0.10401014238595963,-0.11387136578559875,-123.00099182128906,47.90946960449219,-49.68514633178711,0.02,0.03,0.01,0.09,1768451566.9404962,55.240395
XKF1,58025114,0,36.96,-1.6,119.08,-11.719970703125,18.728559494018555,-0.10537819564342499,-0.12378077208995819,-123.46263122558594,48.65745162963867,-49.67870330810547,0.02,0.03,0.01,0.09,1768451566.9804802,55.280379
XKF1,58025114,1,36.94,-1.6,119.07,-11.719328880310059,18.721288681030273,-0.11389707773923874,-0.12546175718307495,-123.46459197998047,48.6585807800293,-49.68994140625,0.02,0.03,0.01,0.09,1768451566.9804802,55.280379
XKF1,58065098,0,36.92,-1.59,119.63,-11.906396865844727,18.609966278076172,-0.10912074893712997,-0.12266851216554642,-123.9386978149414,49.40947341918945,-49.68248748779297,0.02,0.03,0.01,0.09,1768451567.0204642,55.320363
XKF1,58065098,1,36.9,-1.59,119.62,-11.906126976013184,18.60306167602539,-0.11804153770208359,-0.12453945726156235,-123.94104766845703,49.41094970703125,-49.69371795654297,0.02,0.04,0.01,0.09,1768451567.0204642,55.320363
XKF1,58105082,0,36.89,-1.57,120.17,-12.089147567749023,18.492191314697266,-0.11378902941942215,-0.11581586301326752,-124.4217300415039,50.15608215332031,-49.68649673461914,0.02,0.03,0.01,0.09,1768451567.0604482,55.360347
XKF1,58105082,1,36.87,-1.57,120.16,-12.089181900024414,18.485477447509766,-0.12222425639629364,-0.11639650911092758,-124.4244384765625,50.157840728759766,-49.69774627685547,0.02,0.04,0.01,0.09,1768451567.0604482,55.360347
XKF1,58145066,1,36.82,-1.56,120.69,-12.267361640930176,18.366304397583008,-0.1256280541419983,-0.11209631711244583,-124.91472625732422,50.899391174316406,-49.7020263671875,0.02,0.04,0.01,0.09,1768451567.1004322,55.400331
XKF1,58145066,0,36.84,-1.56,120.7,-12.267352104187012,18.373003005981445,-0.11741863191127777,-0.11216791719198227,-124.91168975830078,50.89739990234375,-49.69074630737305,0.02,0.03,0.01,0.09,1768451567.1004322,55.400331
XKF1,58185050,0,36.78,-1.58,121.23,-12.43994426727295,18.25356101989746,-0.11687644571065903,-0.10809261351823807,-125.40836334228516,51.633426666259766,-49.695098876953125,0.02,0.03,0.01,0.09,1768451567.1404161,55.440315
XKF1,58185050,1,36.76,-1.58,121.22,-12.440595626831055,18.246740341186523,-0.12586340308189392,-0.1089991107583046,-125.4117202758789,51.63558578491211,-49.706459045410156,0.02,0.04,0.01,0.09,1768451567.1404161,55.440315
XKF1,58225034,0,36.72,-1.61,121.78,-12.610893249511719,18.13457679748535,-0.11330781877040863,-0.10498103499412537,-125.91165924072266,52.36429977416992,-49.69967269897461,0.02,0.03,0.01,0.09,1768451567.1804001,55.480299
XKF1,58225034,1,36.7,-1.61,121.76,-12.612114906311035,18.128772735595703,-0.1220000609755516,-0.1060342788696289,-125.91532135009766,52.36660385131836,-49.71111297607422,0.02,0.04,0.01,0.09,1768451567.1804001,55.480299
XKF1,58265018,0,36.67,-1.64,122.32,-12.782293319702148,18.016799926757812,-0.10784031450748444,-0.09801093488931656,-126.4257583618164,53.0959587097168,-49.70305633544922,0.02,0.03,0.02,0.09,1768451567.2203841,55.520283
XKF1,58265018,1,36.65,-1.64,122.31,-12.783564567565918,18.011524200439453,-0.11580265313386917,-0.09843066334724426,-126.4295883178711,53.09832000732422,-49.714508056640625,0.02,0.04,0.01,0.09,1768451567.2203841,55.520283
XKF1,58305002,0,36.63,-1.68,122.85,-12.950089454650879,17.89930534362793,-0.10000444948673248,-0.08270646631717682,-126.94593811035156,53.82185363769531,-49.70658493041992,0.02,0.03,0.02,0.09,1768451567.260368,55.560267
XKF1,58305002,1,36.61,-1.68,122.82,-12.951760292053223,17.893686294555664,-0.10777431726455688,-0.08284406363964081,-126.94994354248047,53.82426071166992,-49.718055725097656,0.02,0.04,0.01,0.09,1768451567.260368,55.560267
XKF1,58344986,0,36.6,-1.72,123.37,-13.116836547851562,17.780189514160156,-0.08928021788597107,-0.07495368272066116,-127.47219848632812,54.54209899902344,-49.710079193115234,0.02,0.03,0.02,0.09,1768451567.300352,55.600251
XKF1,58344986,1,36.58,-1.72,123.36,-13.118712425231934,17.77507209777832,-0.09625972807407379,-0.07433605194091797,-127.47637939453125,54.54450607299805,-49.72156524658203,0.02,0.04,0.01,0.09,1768451567.300352,55.600251
XKF1,58384970,0,36.57,-1.76,123.91,-13.280997276306152,17.65912628173828,-0.07950116693973541,-0.06912536174058914,-128.0045623779297,55.25672912597656,-49.713172912597656,0.02,0.03,0.02,0.09,1768451567.340336,55.640235
XKF1,58384970,1,36.56,-1.76,123.9,-13.28246021270752,17.654611587524414,-0.08580046147108078,-0.06830497831106186,-128.0089111328125,55.2591438293457,-49.72468948364258,0.02,0.04,0.01,0.09,1768451567.340336,55.640235
XKF1,58424954,0,36.57,-1.8,124.43,-13.44467544555664,17.536161422729492,-0.06817817687988281,-0.0612800158560276,-128.5430145263672,55.965782165527344,-49.71596145629883,0.02,0.03,0.02,0.09,1768451567.38032,55.680219
XKF1,58424954,1,36.55,-1.79,124.41,-13.445610046386719,17.530996322631836,-0.07368655502796173,-0.06028294563293457,-128.5474853515625,55.968177795410156,-49.72745895385742,0.02,0.04,0.01,0.09,1768451567.38032,55.680219
XKF1,58464938,1,36.57,-1.83,124.93,-13.608126640319824,17.410198211669922,-0.05993306264281273,-0.04536530002951622,-129.09571838378906,56.67640686035156,-49.72874069213867,0.02,0.04,0.02,0.09,1768451567.420304,55.720203
XKF1,58464938,0,36.59,-1.83,124.94,-13.60693073272705,17.415111541748047,-0.055037036538124084,-0.0469125360250473,-129.09124755859375,56.674102783203125,-49.717342376708984,0.02,0.03,0.02,0.09,1768451567.420304,55.720203
XKF1,58504922,0,36.61,-1.85,125.46,-13.768644332885742,17.29060173034668,-0.043171919882297516,-0.02791433408856392,-129.64515686035156,57.37623977661133,-49.718162536621094,0.02,0.03,0.02,0.09,1768451567.460288,55.760187
XKF1,58504922,1,36.6,-1.85,125.43,-13.770570755004883,17.28606605529785,-0.048328571021556854,-0.02643674612045288,-129.64967346191406,57.37845230102539,-49.72947692871094,0.02,0.04,0.02,0.09,1768451567.460288,55.760187
XKF1,58544906,0,36.63,-1.86,125.98,-13.928479194641113,17.161867141723633,-0.03508111089468002,-0.012315306812524796,-130.2047882080078,58.07242202758789,-49.71855163574219,0.02,0.03,0.02,0.09,1768451567.500272,55.800171
XKF1,58544906,1,36.61,-1.86,125.96,-13.930331230163574,17.156726837158203,-0.04124161973595619,-0.011530795134603977,-130.2093505859375,58.07453536987305,-49.72983932495117,0.02,0.04,0.02,0.09,1768451567.500272,55.800171
XKF1,58584890,0,36.64,-1.9,126.51,-14.08851432800293,17.032909393310547,-0.024418603628873825,0.0021923405583947897,-130.7701873779297,58.76254653930664,-49.718719482421875,0.02,0.03,0.02,0.09,1768451567.540256,55.840155
XKF1,58584890,1,36.63,-1.9,126.5,-14.089591979980469,17.027292251586914,-0.030018260702490807,0.003201681887730956,-130.7747802734375,58.7645263671875,-49.730018615722656,0.02,0.04,0.02,0.09,1768451567.540256,55.840155
XKF1,58624874,0,36.65,-1.93,127.04,-14.24766731262207,16.90163803100586,-0.015177980065345764,0.01612711325287819,-131.3414306640625,59.44670104980469,-49.717735290527344,0.02,0.03,0.02,0.09,1768451567.5802402,55.880139
XKF1,58624874,1,36.63,-1.93,127.02,-14.24838638305664,16.89634132385254,-0.020076934248209,0.017192944884300232,-131.34603881835938,59.44853591918945,-49.7289924621582,0.02,0.04,0.02,0.09,1768451567.5802402,55.880139
XKF1,58664858,0,36.65,-1.96,127.57,-14.407516479492188,16.770593643188477,-0.004187585320323706,0.037062160670757294,-131.92178344726562,60.12860870361328,-49.71589279174805,0.02,0.03,0.02,0.09,1768451567.6202242,55.920123
XKF1,58664858,1,36.64,-1.96,127.56,-14.408721923828125,16.765094757080078,-0.008712230250239372,0.03836604952812195,-131.9263153076172,60.130271911621094,-49.72709655761719,0.02,0.04,0.02,0.09,1768451567.6202242,55.920123
XKF1,58704842,0,36.66,-1.99,128.11,-14.565263748168945,16.638662338256836,0.00802488811314106,0.057281818240880966,-132.50767517089844,60.804195404052734,-49.71339416503906,0.02,0.03,0.02,0.09,1768451567.6602082,55.960107
XKF1,58704842,1,36.64,-1.99,128.09,-14.56651782989502,16.633163452148438,0.004034944344311953,0.05893592908978462,-132.5121307373047,60.80567932128906,-49.724544525146484,0.02,0.04,0.02,0.09,1768451567.6602082,55.960107
XKF1,58744826,0,36.69,-1.99,128.66,-14.7237548828125,16.502355575561523,0.012868381105363369,0.0732954666018486,-133.09912109375,61.47344970703125,-49.71041488647461,0.02,0.03,0.02,0.09,1768451567.7001922,56.000091
XKF1,58744826,1,36.67,-1.99,128.65,-14.72481918334961,16.496849060058594,0.008245865814387798,0.0742366760969162,-133.10353088378906,61.474761962890625,-49.721519470214844,0.02,0.04,0.02,0.09,1768451567.7001922,56.000091
XKF1,58784810,1,36.7,-1.96,129.22,-14.885574340820312,16.35488510131836,0.0065023815259337425,0.07722136378288269,-133.70068359375,62.13746643066406,-49.71879959106445,0.02,0.04,0.02,0.09,1768451567.7401762,56.040075
XKF1,58784810,0,36.72,-1.96,129.23,-14.88414192199707,16.360422134399414,0.011602373793721199,0.07702554762363434,-133.69630432128906,62.1363410949707,-49.70768356323242,0.02,0.03,0.02,0.09,1768451567.7401762,56.040075
XKF1,58824794,0,36.75,-1.93,129.81,-15.048418998718262,16.21143341064453,0.00506638502702117,0.07102491706609726,-134.29940795898438,62.79268264770508,-49.70512771606445,0.02,0.03,0.02,0.09,1768451567.7801602,56.080059
XKF1,58824794,1,36.73,-1.93,129.79,-15.050070762634277,16.20594024658203,-0.000909011869225651,0.07000300288200378,-134.3037872314453,62.79362106323242,-49.71625900268555,0.02,0.04,0.02,0.09,1768451567.7801602,56.080059
XKF1,58864778,0,36.78,-1.9,130.37,-15.210418701171875,16.061376571655273,-0.00497790053486824,0.05982835963368416,-134.9063262939453,63.44036102294922,-49.70365905761719,0.02,0.03,0.02,0.09,1768451567.8201442,56.120043
XKF1,58864778,1,36.77,-1.9,130.36,-15.211594581604004,16.05626678466797,-0.010660967789590359,0.058885008096694946,-134.91064453125,63.44112777709961,-49.71483612060547,0.02,0.04,0.01,0.09,1768451567.8201442,56.120043
XKF1,58904762,0,36.82,-1.87,130.95,-15.370768547058105,15.907008171081543,-0.014922462403774261,0.035968754440546036,-135.5173797607422,64.07970428466797,-49.703548431396484,0.02,0.03,0.02,0.09,1768451567.8601282,56.160027
XKF1,58904762,1,36.8,-1.87,130.93,-15.37082290649414,15.900554656982422,-0.02012108452618122,0.035302404314279556,-135.52159118652344,64.0802993774414,-49.7147331237793,0.02,0.04,0.01,0.09,1768451567.8601282,56.160027
XKF1,58944746,0,36.85,-1.83,131.54,-15.52974796295166,15.748676300048828,-0.02566097117960453,0.004891015123575926,-136.13485717773438,64.71273803710938,-49.70423126220703,0.02,0.03,0.02,0.09,1768451567.9001122,56.200011
XKF1,58944746,1,36.84,-1.83,131.53,-15.52932071685791,15.744925498962402,-0.030481357127428055,0.004711342975497246,-136.138916015625,64.71317291259766,-49.71541213989258,0.02,0.04,0.01,0.09,1768451567.9001122,56.200011
XKF1,58984730,0,36.89,-1.79,132.13,-15.688982009887695,15.58707332611084,-0.038594868034124374,-0.02292359434068203,-136.7587127685547,65.33928680419922,-49.70542907714844,0.02,0.03,0.02,0.09,1768451567.9400961,56.239995
XKF1,58984730,1,36.87,-1.79,132.12,-15.68873405456543,15.582361221313477,-0.04142747446894646,-0.02139279991388321,-136.76266479492188,65.33958435058594,-49.71660232543945,0.02,0.04,0.01,0.09,1768451567.9400961,56.239995
XKF1,59024714,0,36.9,-1.76,132.72,-15.846020698547363,15.424087524414062,-0.052188728004693985,-0.04472384974360466,-137.38890075683594,65.95928192138672,-49.70703125,0.02,0.03,0.02,0.09,1768451567.9800801,56.279979
XKF1,59024714,1,36.89,-1.76,132.7,-15.845344543457031,15.419609069824219,-0.05467911809682846,-0.0432114340364933,-137.3927459716797,65.95942687988281,-49.7181282043457,0.02,0.04,0.01,0.09,1768451567.9800801,56.279979
XKF1,59064698,0,36.92,-1.74,133.28,-15.999651908874512,15.260189056396484,-0.06305096298456192,-0.05913524329662323,-138.0234375,66.5711441040039,-49.709495544433594,0.02,0.03,0.02,0.09,1768451568.020064,56.319963
XKF1,59064698,1,36.9,-1.74,133.27,-15.997406959533691,15.256673812866211,-0.06406845152378082,-0.05629095062613487,-138.027099609375,66.5711898803711,-49.720481872558594,0.02,0.04,0.01,0.09,1768451568.020064,56.319963
XKF1,59104682,1,36.91,-1.71,133.82,-16.14583969116211,15.094022750854492,-0.07112570852041245,-0.07200895249843597,-138.6658935546875,67.17514038085938,-49.72319412231445,0.02,0.04,0.01,0.09,1768451568.060048,56.359947
XKF1,59104682,0,36.92,-1.71,133.84,-16.146934509277344,15.097936630249023,-0.07136177271604538,-0.07631939649581909,-138.66244506835938,67.17517852783203,-49.71239471435547,0.02,0.03,0.02,0.09,1768451568.060048,56.359947
XKF1,59144666,0,36.92,-1.7,134.4,-16.291316986083984,14.935731887817383,-0.07594577968120575,-0.0824095755815506,-139.30767822265625,67.77301788330078,-49.715335845947266,0.02,0.03,0.02,0.09,1768451568.100032,56.399931
XKF1,59144666,1,36.9,-1.7,134.39,-16.29026985168457,14.93179702758789,-0.07462151348590851,-0.07658334076404572,-139.3109893798828,67.77288055419922,-49.725921630859375,0.02,0.04,0.01,0.09,1768451568.100032,56.399931
XKF1,59184650,0,36.9,-1.69,134.97,-16.435832977294922,14.776057243347168,-0.07763226330280304,-0.08435466885566711,-139.9590301513672,68.36467742919922,-49.718441009521484,0.02,0.03,0.02,0.09,1768451568.140016,56.439915
XKF1,59184650,1,36.88,-1.69,134.96,-16.432741165161133,14.77190113067627,-0.07717679440975189,-0.07953979820013046,-139.96214294433594,68.36442565917969,-49.72880172729492,0.02,0.04,0.01,0.09,1768451568.140016,56.439915
XKF1,59224634,0,36.88,-1.68,135.56,-16.57933807373047,14.611783981323242,-0.08179188519716263,-0.0896666869521141,-140.61642456054688,68.9500732421875,-49.721920013427734,0.02,0.03,0.02,0.09,1768451568.18,56.479899
XKF1,59224634,1,36.87,-1.69,135.53,-16.575897216796875,14.605979919433594,-0.08206143230199814,-0.0854092612862587,-140.61932373046875,68.94967651367188,-49.732093811035156,0.02,0.04,0.01,0.09,1768451568.18,56.479899
XKF1,59264618,0,36.86,-1.7,136.13,-16.719402313232422,14.444052696228027,-0.08536111563444138,-0.09502130001783371,-141.27813720703125,69.52790069580078,-49.7257080078125,0.02,0.03,0.01,0.09,1768451568.219984,56.519883
XKF1,59264618,1,36.84,-1.7,136.12,-16.715938568115234,14.43871784210205,-0.08481977880001068,-0.0900815799832344,-141.2808074951172,69.52735137939453,-49.735713958740234,0.02,0.04,0.01,0.09,1768451568.219984,56.519883
XKF1,59304602,0,36.84,-1.72,136.69,-16.854705810546875,14.279644012451172,-0.08423162251710892,-0.09810841083526611,-141.94427490234375,70.09833526611328,-49.72919464111328,0.02,0.03,0.01,0.09,1768451568.259968,56.559867
XKF1,59304602,1,36.82,-1.72,136.67,-16.851226806640625,14.274230003356934,-0.08181316405534744,-0.0918271467089653,-141.94668579101562,70.09764862060547,-49.739009857177734,0.02,0.04,0.01,0.09,1768451568.259968,56.559867
XKF1,59344586,0,36.83,-1.75,137.24,-16.98568344116211,14.115974426269531,-0.07800932973623276,-0.08536240458488464,-142.61630249023438,70.66262817382812,-49.732139587402344,0.02,0.03,0.01,0.09,1768451568.299952,56.599851
XKF1,59344586,1,36.81,-1.75,137.23,-16.980653762817383,14.1099853515625,-0.0765908807516098,-0.08041463047266006,-142.61843872070312,70.66177368164062,-49.74172592163086,0.02,0.04,0.01,0.09,1768451568.299952,56.599851
XKF1,59384570,0,36.82,-1.78,137.79,-17.115001678466797,13.95438003540039,-0.06883768737316132,-0.07127075642347336,-143.29400634765625,71.2208023071289,-49.73486328125,0.02,0.03,0.01,0.09,1768451568.339936,56.639835
XKF1,59384570,1,36.8,-1.79,137.78,-17.109031677246094,13.946179389953613,-0.0664270743727684,-0.06550344079732895,-143.29583740234375,71.21971893310547,-49.7442512512207,0.02,0.04,0.01,0.09,1768451568.339936,56.639835
XKF1,59424554,1,36.77,-1.81,138.33,-17.237266540527344,13.782340049743652,-0.05541841313242912,-0.054944027215242386,-143.9788055419922,71.77140808105469,-49.7468147277832,0.02,0.04,0.01,0.09,1768451568.3799202,56.679819
XKF1,59424554,0,36.79,-1.81,138.34,-17.242839813232422,13.789692878723145,-0.05852406471967697,-0.06112508475780487,-143.977294921875,71.77274322509766,-49.737674713134766,0.02,0.03,0.01,0.09,1768451568.3799202,56.679819
XKF1,59464538,0,36.75,-1.82,138.89,-17.369672775268555,13.623119354248047,-0.051936157047748566,-0.05820147320628166,-144.66473388671875,72.31761169433594,-49.740150451660156,0.02,0.03,0.01,0.09,1768451568.4199042,56.719803
XKF1,59464538,1,36.73,-1.82,138.88,-17.36335563659668,13.616517066955566,-0.048708561807870865,-0.05202215537428856,-144.66592407226562,72.31607055664062,-49.749053955078125,0.02,0.04,0.01,0.09,1768451568.4199042,56.719803
XKF1,59504522,0,36.7,-1.82,139.44,-17.4962215423584,13.454378128051758,-0.04780175909399986,-0.056374840438365936,-145.3564910888672,72.85530853271484,-49.742008209228516,0.02,0.03,0.01,0.09,1768451568.4598882,56.759787
XKF1,59504522,1,36.69,-1.82,139.42,-17.487167358398438,13.451251029968262,-0.04317043349146843,-0.04947163164615631,-145.34280395507812,72.84239959716797,-49.7506103515625,0.02,0.04,0.01,0.09,1768451568.4598882,56.759787
XKF1,59544506,1,36.65,-1.83,139.97,-17.611783981323242,13.282878875732422,-0.039466116577386856,-0.038415420800447464,-146.03976440429688,73.3738021850586,-49.7517204284668,0.02,0.04,0.01,0.09,1768451568.4998722,56.799771
XKF1,59544506,0,36.67,-1.83,139.98,-17.620935440063477,13.285082817077637,-0.044925257563591,-0.04596855491399765,-146.0538787841797,73.38671875,-49.74340057373047,0.02,0.03,0.01,0.09,1768451568.4998722,56.799771
XKF1,59584490,1,36.62,-1.82,140.5,-17.733842849731445,13.113431930541992,-0.03558165207505226,-0.02926521748304367,-146.74220275878906,73.89879608154297,-49.75278854370117,0.02,0.04,0.01,0.09,1768451568.5398562,56.839755
XKF1,59584490,0,36.64,-1.82,140.52,-17.741458892822266,13.114380836486816,-0.04044179618358612,-0.035958707332611084,-146.75668334960938,73.91170501708984,-49.744754791259766,0.02,0.03,0.01,0.09,1768451568.5398562,56.839755
XKF1,59624474,1,36.6,-1.83,141.05,-17.853639602661133,12.94221019744873,-0.0338016077876091,-0.021549459546804428,-147.44998168945312,74.41729736328125,-49.7530517578125,0.02,0.04,0.01,0.09,1768451568.5798402,56.879739
XKF1,59624474,0,36.62,-1.83,141.06,-17.86126708984375,12.94405746459961,-0.03834481164813042,-0.02793356031179428,-147.46481323242188,74.4301986694336,-49.74530792236328,0.02,0.03,0.01,0.09,1768451568.5798402,56.879739
XKF1,59664458,1,36.61,-1.84,141.58,-17.972562789916992,12.772263526916504,-0.029925229027867317,-0.009889770299196243,-148.1621856689453,74.92897033691406,-49.75343322753906,0.02,0.04,0.01,0.09,1768451568.6198242,56.919723
XKF1,59664458,0,36.62,-1.84,141.59,-17.97883415222168,12.774476051330566,-0.03560706600546837,-0.017333583906292915,-148.17713928222656,74.94172668457031,-49.746002197265625,0.02,0.03,0.01,0.09,1768451568.6198242,56.919723
XKF1,59704442,1,36.6,-1.86,142.11,-18.087364196777344,12.604700088500977,-0.025696923956274986,-0.003765941597521305,-148.87887573242188,75.43389129638672,-49.75344467163086,0.02,0.04,0.01,0.09,1768451568.6598082,56.959707
XKF1,59704442,0,36.62,-1.86,142.13,-18.09505271911621,12.605877876281738,-0.030715839937329292,-0.010490967892110348,-148.8937225341797,75.44638061523438,-49.74631881713867,0.02,0.03,0.01,0.09,1768451568.6598082,56.959707
XKF1,59744426,0,36.59,-1.85,142.68,-18.212099075317383,12.435359954833984,-0.02778940461575985,-0.0008180706645362079,-149.6155242919922,75.94458770751953,-49.74625015258789,0.02,0.03,0.01,0.09,1768451568.6997921,56.999691
XKF1,59744426,1,36.58,-1.85,142.67,-18.204553604125977,12.432960510253906,-0.021006207913160324,0.007701072376221418,-149.6007080078125,75.9323501586914,-49.753028869628906,0.02,0.04,0.01,0.09,1768451568.6997921,56.999691
XKF1,59784410,1,36.55,-1.84,143.21,-18.319843292236328,12.256471633911133,-0.021401479840278625,0.010671861469745636,-150.32762145996094,76.42407989501953,-49.75276184082031,0.02,0.04,0.01,0.09,1768451568.7397761,57.039675
XKF1,59784410,0,36.57,-1.84,143.23,-18.32598114013672,12.25948429107666,-0.027889434248209,0.0025300816632807255,-150.34243774414062,76.43614959716797,-49.7463493347168,0.02,0.03,0.01,0.09,1768451568.7397761,57.039675
XKF1,59824394,1,36.53,-1.83,143.78,-18.433351516723633,12.077674865722656,-0.025322450324892998,0.002707836916670203,-151.0594940185547,76.9089126586914,-49.753475189208984,0.02,0.04,0.01,0.09,1768451568.7797601,57.079659
XKF1,59824394,0,36.55,-1.83,143.8,-18.438508987426758,12.081942558288574,-0.03227795660495758,-0.006052212789654732,-151.07427978515625,76.92090606689453,-49.7474365234375,0.02,0.03,0.01,0.09,1768451568.7797601,57.079659
XKF1,59864378,1,36.53,-1.79,144.34,-18.54640769958496,11.8991060256958,-0.033283982425928116,-0.014776038937270641,-151.7957763671875,77.38658905029297,-49.75448989868164,0.02,0.04,0.01,0.09,1768451568.819744,57.119643
XKF1,59864378,0,36.54,-1.79,144.35,-18.551923751831055,11.902345657348633,-0.04034116119146347,-0.023774826899170876,-151.81036376953125,77.39838409423828,-49.74880599975586,0.02,0.03,0.01,0.09,1768451568.819744,57.119643
XKF1,59904362,1,36.52,-1.76,144.88,-18.660423278808594,11.718803405761719,-0.04386399686336517,-0.03229380026459694,-152.5365447998047,77.85711669921875,-49.75602722167969,0.02,0.04,0.01,0.09,1768451568.859728,57.159627
XKF1,59904362,0,36.54,-1.76,144.91,-18.66591453552246,11.721424102783203,-0.05028703063726425,-0.04038010165095329,-152.55079650878906,77.86859893798828,-49.75067901611328,0.02,0.03,0.01,0.09,1768451568.859728,57.159627
XKF1,59944346,1,36.51,-1.74,145.46,-18.77265167236328,11.535693168640137,-0.054316822439432144,-0.04938530921936035,-153.28219604492188,78.3205795288086,-49.758113861083984,0.02,0.04,0.01,0.09,1768451568.899712,57.199611
XKF1,59944346,0,36.53,-1.74,145.47,-18.77743911743164,11.538251876831055,-0.06086377799510956,-0.05762099474668503,-153.2961883544922,78.33179473876953,-49.753089904785156,0.02,0.03,0.01,0.09,1768451568.899712,57.199611
XKF1,59984330,1,36.52,-1.72,145.99,-18.881772994995117,11.349798202514648,-0.06250671297311783,-0.062354885041713715,-154.03262329101562,78.7768325805664,-49.760589599609375,0.02,0.04,0.01,0.09,1768451568.939696,57.239595
XKF1,59984330,0,36.54,-1.71,146.02,-18.886720657348633,11.353418350219727,-0.07042021304368973,-0.0717255100607872,-154.04638671875,78.78784942626953,-49.75592041015625,0.02,0.03,0.01,0.09,1768451568.939696,57.239595
XKF1,60024314,1,36.54,-1.7,146.54,-18.988101959228516,11.16731071472168,-0.06978282332420349,-0.07118482887744904,-154.7876739501953,79.2258529663086,-49.763099670410156,0.02,0.04,0.01,0.09,1768451568.97968,57.279579
XKF1,60024314,0,36.56,-1.7,146.56,-18.991735458374023,11.171893119812012,-0.07776781171560287,-0.08051271736621857,-154.80125427246094,79.23677062988281,-49.75882339477539,0.02,0.03,0.01,0.09,1768451568.97968,57.279579
XKF1,60065131,0,36.58,-1.71,147.1,-19.094505310058594,10.989363670349121,-0.08086887747049332,-0.08280526846647263,-155.56004333496094,79.67852020263672,-49.76192092895508,0.02,0.03,0.01,0.09,1768451569.020497,57.320396
XKF1,60065131,1,36.57,-1.71,147.09,-19.095733642578125,10.977232933044434,-0.07301931083202362,-0.07350195199251175,-155.57864379882812,79.68607330322266,-49.76596450805664,0.02,0.04,0.01,0.09,1768451569.020497,57.320396
XKF1,60105115,0,36.6,-1.72,147.66,-19.197351455688477,10.803810119628906,-0.07961409538984299,-0.08063983172178268,-156.3387908935547,80.1220932006836,-49.76508712768555,0.02,0.03,0.01,0.09,1768451569.060481,57.36038
XKF1,60105115,1,36.58,-1.72,147.65,-19.19564437866211,10.794986724853516,-0.07250705361366272,-0.07265058159828186,-156.34197998046875,80.1205825805664,-49.768760681152344,0.02,0.04,0.01,0.09,1768451569.060481,57.36038
XKF1,60145099,0,36.6,-1.74,148.22,-19.29726791381836,10.61937427520752,-0.07758978754281998,-0.07805068790912628,-157.10598754882812,80.54936218261719,-49.76815414428711,0.02,0.03,0.01,0.09,1768451569.100465,57.400364
XKF1,60145099,1,36.58,-1.74,148.19,-19.29499053955078,10.609969139099121,-0.07080859690904617,-0.07063543051481247,-157.10960388183594,80.54786682128906,-49.77152633666992,0.02,0.04,0.01,0.09,1768451569.100465,57.400364
XKF1,60185083,0,36.59,-1.75,148.79,-19.396114349365234,10.435319900512695,-0.07465776801109314,-0.07524872571229935,-157.8774871826172,80.96939086914062,-49.77113723754883,0.02,0.03,0.01,0.09,1768451569.140449,57.440348
XKF1,60185083,1,36.58,-1.76,148.77,-19.393468856811523,10.426660537719727,-0.0676613450050354,-0.06780482828617096,-157.88145446777344,80.9678726196289,-49.774227142333984,0.02,0.04,0.01,0.09,1768451569.140449,57.440348
XKF1,60225067,0,36.59,-1.76,149.35,-19.491697311401367,10.248196601867676,-0.0727381557226181,-0.07598865032196045,-158.65313720703125,81.38211822509766,-49.774505615234375,0.02,0.03,0.01,0.09,1768451569.180433,57.480332
XKF1,60225067,1,36.57,-1.76,149.31,-19.48924446105957,10.239194869995117,-0.06539913266897202,-0.0683540478348732,-158.65737915039062,81.38053131103516,-49.77727508544922,0.02,0.04,0.01,0.09,1768451569.180433,57.480332
XKF1,60265051,0,36.59,-1.78,149.9,-19.59258460998535,10.06222152709961,-0.06960983574390411,-0.07088042795658112,-159.4415283203125,81.79161834716797,-49.77625274658203,0.02,0.03,0.02,0.09,1768451569.220417,57.520316
XKF1,60265051,1,36.58,-1.78,149.88,-19.59048080444336,10.053133010864258,-0.061732854694128036,-0.06347533315420151,-159.4455108642578,81.78984069824219,-49.778865814208984,0.02,0.04,0.01,0.09,1768451569.220417,57.520316
XKF1,60305035,0,36.58,-1.8,150.42,-19.689617156982422,9.876262664794922,-0.06565341353416443,-0.0548008531332016,-160.23309326171875,82.1932601928711,-49.77838897705078,0.02,0.03,0.02,0.09,1768451569.2604012,57.5603
XKF1,60305035,1,36.57,-1.8,150.4,-19.686504364013672,9.866731643676758,-0.05726589262485504,-0.04868023470044136,-160.23681640625,82.19124603271484,-49.78079605102539,0.02,0.04,0.01,0.09,1768451569.2604012,57.5603
XKF1,60345019,0,36.6,-1.83,150.93,-19.782550811767578,9.691492080688477,-0.05675866827368736,-0.04721624404191971,-161.0277862548828,82.58712768554688,-49.78065490722656,0.02,0.03,0.02,0.09,1768451569.3003852,57.600284
XKF1,60345019,1,36.58,-1.83,150.9,-19.779172897338867,9.682404518127441,-0.04825887084007263,-0.04172558709979057,-161.03125,82.58486938476562,-49.78282928466797,0.02,0.04,0.01,0.09,1768451569.3003852,57.600284
XKF1,60385003,1,36.59,-1.86,151.42,-19.87002182006836,9.499979019165039,-0.036548759788274765,-0.03362097218632698,-161.82875061035156,82.97081756591797,-49.78444290161133,0.02,0.04,0.01,0.09,1768451569.3403692,57.640268
XKF1,60385003,0,36.61,-1.86,151.43,-19.87408447265625,9.509350776672363,-0.0452386848628521,-0.03902427852153778,-161.8255615234375,82.97332763671875,-49.78252029418945,0.02,0.03,0.02,0.09,1768451569.3403692,57.640268
XKF1,60424987,0,36.6,-1.86,151.95,-19.96113395690918,9.326366424560547,-0.03676765412092209,-0.029810311272740364,-162.62643432617188,83.35195922851562,-49.78337478637695,0.02,0.03,0.02,0.09,1768451569.3803532,57.680252
XKF1,60424987,1,36.58,-1.86,151.92,-19.95741081237793,9.316991806030273,-0.02826709859073162,-0.02440892718732357,-162.62936401367188,83.34915924072266,-49.78502655029297,0.02,0.04,0.01,0.09,1768451569.3803532,57.680252
XKF1,60464971,0,36.59,-1.86,152.46,-20.052453994750977,9.141220092773438,-0.031144706532359123,-0.01334229577332735,-163.43734741210938,83.7260971069336,-49.782745361328125,0.02,0.04,0.02,0.09,1768451569.4203372,57.720236
XKF1,60464971,1,36.57,-1.86,152.45,-20.048789978027344,9.132417678833008,-0.022198589518666267,-0.007666249293833971,-163.44000244140625,83.7231674194336,-49.784236907958984,0.02,0.04,0.02,0.09,1768451569.4203372,57.720236
XKF1,60504955,0,36.59,-1.86,152.98,-20.14107322692871,8.954672813415527,-0.026207977905869484,0.007179476786404848,-164.25062561035156,84.0921401977539,-49.78251647949219,0.02,0.04,0.02,0.09,1768451569.4603212,57.76022
XKF1,60504955,1,36.57,-1.87,152.96,-20.137893676757812,8.946248054504395,-0.017825717106461525,0.011399642564356327,-164.25303649902344,84.08906555175781,-49.783809661865234,0.02,0.04,0.02,0.09,1768451569.4603212,57.76022
XKF1,60544939,0,36.58,-1.86,153.49,-20.22727394104004,8.766036033630371,-0.021418951451778412,0.011850261129438877,-165.06631469726562,84.45018005371094,-49.78257751464844,0.02,0.04,0.02,0.09,1768451569.5003052,57.800204
XKF1,60544939,1,36.56,-1.87,153.48,-20.224302291870117,8.758301734924316,-0.013791406527161598,0.015303846448659897,-165.06849670410156,84.44694519042969,-49.78368377685547,0.02,0.04,0.02,0.09,1768451569.5003052,57.800204
XKF1,60584923,0,36.55,-1.87,154.04,-20.312721252441406,8.57512092590332,-0.020358528941869736,0.009347770363092422,-165.8844757080078,84.80018615722656,-49.7825927734375,0.02,0.04,0.02,0.09,1768451569.5402892,57.840188
XKF1,60584923,1,36.54,-1.87,154.03,-20.30982780456543,8.566375732421875,-0.01206599734723568,0.013645969331264496,-165.88644409179688,84.79676818847656,-49.78350067138672,0.02,0.04,0.02,0.09,1768451569.5402892,57.840188
XKF1,60624907,0,36.54,-1.88,154.6,-20.39641761779785,8.383099555969238,-0.01999679207801819,0.010312408208847046,-166.70523071289062,85.14212036132812,-49.78187942504883,0.02,0.04,0.02,0.09,1768451569.5802732,57.880172
XKF1,60624907,1,36.52,-1.89,154.58,-20.394489288330078,8.37415599822998,-0.012776201590895653,0.013875366188585758,-166.70701599121094,85.13848114013672,-49.78257751464844,0.02,0.04,0.02,0.09,1768451569.5802732,57.880172
XKF1,60664891,0,36.53,-1.9,155.16,-20.480836868286133,8.19056510925293,-0.01929098553955555,0.01950816623866558,-167.53436279296875,85.4782943725586,-49.780433654785156,0.02,0.04,0.02,0.09,1768451569.6202571,57.920156
XKF1,60664891,1,36.51,-1.9,155.14,-20.479082107543945,8.1812744140625,-0.01239581685513258,0.022777924314141273,-167.5360107421875,85.47454833984375,-49.781063079833984,0.02,0.04,0.02,0.09,1768451569.6202571,57.920156
XKF1,60704875,1,36.52,-1.92,155.69,-20.562864303588867,7.989118576049805,-0.009880759753286839,0.03411001339554787,-168.36700439453125,85.80228424072266,-49.77977752685547,0.02,0.04,0.02,0.09,1768451569.6602411,57.96014
XKF1,60704875,0,36.54,-1.92,155.72,-20.563907623291016,7.997497081756592,-0.016668105497956276,0.031752679497003555,-168.36549377441406,85.80615234375,-49.77923583984375,0.02,0.04,0.02,0.09,1768451569.6602411,57.96014
XKF1,60744859,0,36.57,-1.93,156.27,-20.643468856811523,7.800121307373047,-0.0140989413484931,0.03622795641422272,-169.19866943359375,86.12565612792969,-49.7781982421875,0.02,0.04,0.02,0.09,1768451569.700225,58.000124
XKF1,60744859,1,36.55,-1.94,156.25,-20.64364242553711,7.791537761688232,-0.0077744340524077415,0.037912484258413315,-169.20008850097656,86.12165069580078,-49.778629302978516,0.02,0.04,0.02,0.09,1768451569.700225,58.000124
XKF1,60784843,0,36.6,-1.94,156.83,-20.72255516052246,7.602359294891357,-0.01433350145816803,0.03379720076918602,-170.03395080566406,86.43679809570312,-49.77729797363281,0.02,0.04,0.02,0.09,1768451569.740209,58.040108
XKF1,60784843,1,36.58,-1.94,156.81,-20.722450256347656,7.5936455726623535,-0.007764449343085289,0.035913676023483276,-170.0353240966797,86.4326171875,-49.77760314941406,0.02,0.04,0.02,0.09,1768451569.740209,58.040108
XKF1,60824827,1,36.61,-1.93,157.35,-20.80133056640625,7.392603874206543,-0.009772918187081814,0.02863212302327156,-170.87277221679688,86.73515319824219,-49.77711486816406,0.02,0.04,0.02,0.09,1768451569.780193,58.080092
XKF1,60824827,0,36.63,-1.93,157.38,-20.800363540649414,7.4008378982543945,-0.01617409475147724,0.026284484192728996,-170.87142944335938,86.73953247070312,-49.77695083618164,0.02,0.04,0.02,0.09,1768451569.780193,58.080092
XKF1,60864811,1,36.64,-1.93,157.92,-20.875553131103516,7.188432693481445,-0.012157728895545006,0.01876077987253666,-171.7101287841797,87.02876281738281,-49.777095794677734,0.02,0.04,0.02,0.09,1768451569.820177,58.120076
XKF1,60864811,0,36.66,-1.92,157.94,-20.87408447265625,7.195784091949463,-0.018124228343367577,0.016290122643113136,-171.7087860107422,87.03323364257812,-49.77702713012695,0.02,0.04,0.02,0.09,1768451569.820177,58.120076
XKF1,60904795,1,36.67,-1.92,158.45,-20.944753646850586,6.985925674438477,-0.013496093451976776,0.004966528620570898,-172.5476531982422,87.31350708007812,-49.77742004394531,0.02,0.04,0.02,0.09,1768451569.860161,58.16006
XKF1,60904795,0,36.69,-1.92,158.48,-20.943174362182617,6.992724895477295,-0.019799470901489258,0.0027010482735931873,-172.5463104248047,87.3179931640625,-49.77741622924805,0.02,0.04,0.02,0.09,1768451569.860161,58.16006
XKF1,60944779,1,36.7,-1.92,159.03,-21.011966705322266,6.7817864418029785,-0.012570220045745373,-0.0017500631511211395,-173.3877410888672,87.58997344970703,-49.77768325805664,0.02,0.04,0.02,0.09,1768451569.900145,58.200044
XKF1,60944779,0,36.72,-1.91,159.04,-21.010133743286133,6.788064956665039,-0.017848823219537735,-0.002789700636640191,-173.38638305664062,87.594482421875,-49.77775192260742,0.02,0.04,0.02,0.09,1768451569.900145,58.200044
XKF1,60984763,1,36.73,-1.92,159.61,-21.078187942504883,6.573365688323975,-0.01366332732141018,-0.007515525911003351,-174.2303466796875,87.8580093383789,-49.77802276611328,0.02,0.04,0.02,0.09,1768451569.940129,58.240028
XKF1,60984763,0,36.75,-1.91,159.62,-21.077322006225586,6.579233169555664,-0.018705138936638832,-0.008573229424655437,-174.2289581298828,87.86254119873047,-49.778133392333984,0.02,0.04,0.02,0.09,1768451569.940129,58.240028
XKF1,61024747,0,36.78,-1.91,160.19,-21.14279556274414,6.37291145324707,-0.02092202939093113,-0.016613734886050224,-175.07400512695312,88.1221923828125,-49.7791633605957,0.02,0.04,0.02,0.09,1768451569.980113,58.280012
XKF1,61024747,1,36.75,-1.91,160.16,-21.141908645629883,6.367602825164795,-0.015251491218805313,-0.014727920293807983,-175.0753631591797,88.11759948730469,-49.77896499633789,0.02,0.04,0.02,0.09,1768451569.980113,58.280012
XKF1,61064731,1,36.78,-1.88,160.74,-21.202777862548828,6.158716678619385,-0.020534103736281395,-0.02679566852748394,-175.9208221435547,88.3686294555664,-49.78020477294922,0.02,0.04,0.02,0.09,1768451570.020097,58.319996
XKF1,61064731,0,36.8,-1.88,160.76,-21.203699111938477,6.1659722328186035,-0.025206757709383965,-0.028140610083937645,-175.9195556640625,88.37326049804688,-49.78044128417969,0.02,0.04,0.02,0.09,1768451570.020097,58.319996
XKF1,61104715,1,36.78,-1.83,161.3,-21.262474060058594,5.946290016174316,-0.028034264221787453,-0.041934769600629807,-176.76698303222656,88.61103820800781,-49.78145980834961,0.02,0.04,0.02,0.09,1768451570.0600812,58.35998
XKF1,61104715,0,36.8,-1.83,161.33,-21.263002395629883,5.953312397003174,-0.032824162393808365,-0.04283362627029419,-176.7658233642578,88.61566925048828,-49.78169250488281,0.02,0.04,0.02,0.09,1768451570.0600812,58.35998
XKF1,61144699,1,36.78,-1.78,161.9,-21.32179069519043,5.727969169616699,-0.042082324624061584,-0.05180612578988075,-177.61582946777344,88.84474182128906,-49.782798767089844,0.02,0.04,0.02,0.09,1768451570.1000652,58.399964
XKF1,61144699,0,36.8,-1.77,161.92,-21.32176971435547,5.736971378326416,-0.04637140408158302,-0.051929984241724014,-177.61473083496094,88.8494644165039,-49.78303909301758,0.02,0.04,0.02,0.09,1768451570.1000652,58.399964
XKF1,61184683,1,36.79,-1.73,162.49,-21.3776798248291,5.508922100067139,-0.0592486634850502,-0.0639217346906662,-178.4672088623047,89.06966400146484,-49.78480529785156,0.02,0.04,0.02,0.09,1768451570.1400492,58.439948
XKF1,61184683,0,36.82,-1.73,162.5,-21.377239227294922,5.519165515899658,-0.0630229189991951,-0.06360925734043121,-178.46617126464844,89.07454681396484,-49.78506088256836,0.02,0.04,0.02,0.09,1768451570.1400492,58.439948
XKF1,61224667,1,36.77,-1.69,163.06,-21.43178939819336,5.2908196449279785,-0.07496390491724014,-0.0792236477136612,-179.3209991455078,89.28577423095703,-49.788089752197266,0.02,0.04,0.02,0.09,1768451570.1800332,58.479932
XKF1,61224667,0,36.8,-1.69,163.08,-21.430213928222656,5.300220012664795,-0.07885761559009552,-0.07927536219358444,-179.31997680664062,89.29088592529297,-49.78837966918945,0.02,0.04,0.02,0.09,1768451570.1800332,58.479932
XKF1,61264651,1,36.75,-1.67,163.65,-21.479639053344727,5.0740532875061035,-0.08722523599863052,-0.09556537866592407,-180.17550659179688,89.49303436279297,-49.7921257019043,0.02,0.04,0.01,0.09,1768451570.2200172,58.519916
XKF1,61264651,0,36.78,-1.67,163.66,-21.478736877441406,5.082979202270508,-0.0917225033044815,-0.09663720428943634,-180.17449951171875,89.4982681274414,-49.79243087768555,0.02,0.03,0.02,0.09,1768451570.2200172,58.519916
XKF1,61304635,1,36.74,-1.67,164.21,-21.526248931884766,4.860842704772949,-0.09566547721624374,-0.1115029826760292,-181.0308380126953,89.6915283203125,-49.79702377319336,0.02,0.04,0.01,0.09,1768451570.2600012,58.5599
XKF1,61304635,0,36.77,-1.67,164.24,-21.52597999572754,4.868499755859375,-0.100559763610363,-0.11259888857603073,-181.0298614501953,89.69681549072266,-49.79734802246094,0.02,0.03,0.02,0.09,1768451570.2600012,58.5599
XKF1,61344619,0,36.76,-1.67,164.81,-21.570842742919922,4.656578063964844,-0.10487031191587448,-0.12770922482013702,-181.88754272460938,89.88688659667969,-49.80269241333008,0.02,0.03,0.02,0.09,1768451570.2999852,58.599884
XKF1,61344619,1,36.74,-1.68,164.79,-21.57080841064453,4.650313854217529,-0.09980358183383942,-0.126615509390831,-181.88845825195312,89.88156127929688,-49.802310943603516,0.02,0.04,0.01,0.09,1768451570.2999852,58.599884
XKF1,61384603,0,36.75,-1.69,165.38,-21.612628936767578,4.44504451751709,-0.10525950789451599,-0.1347474604845047,-182.74737548828125,90.06853485107422,-49.808013916015625,0.02,0.03,0.02,0.09,1768451570.3399692,58.639868
XKF1,61384603,1,36.72,-1.69,165.37,-21.61167335510254,4.440001964569092,-0.10020511597394943,-0.13346512615680695,-182.7482147216797,90.06319427490234,-49.807559967041016,0.02,0.04,0.01,0.09,1768451570.3399692,58.639868
XKF1,61424587,0,36.72,-1.7,165.95,-21.652578353881836,4.233454704284668,-0.10434474050998688,-0.13945825397968292,-183.6091766357422,90.24173736572266,-49.81380844116211,0.02,0.03,0.02,0.09,1768451570.3799531,58.679852
XKF1,61424587,1,36.69,-1.7,165.92,-21.650917053222656,4.2303571701049805,-0.09888780862092972,-0.13746365904808044,-183.6099395751953,90.23641967773438,-49.813255310058594,0.02,0.04,0.01,0.09,1768451570.3799531,58.679852
XKF1,61464571,1,36.67,-1.71,166.5,-21.687965393066406,4.018710136413574,-0.09694282710552216,-0.14079982042312622,-184.47244262695312,90.40135955810547,-49.81867980957031,0.02,0.04,0.01,0.09,1768451570.4199371,58.719836
XKF1,61464571,0,36.69,-1.71,166.51,-21.688077926635742,4.02195930480957,-0.10326098650693893,-0.14409948885440826,-184.4717559814453,90.40655517578125,-49.81931686401367,0.02,0.03,0.02,0.09,1768451570.4199371,58.719836
XKF1,61504555,1,36.64,-1.73,167.04,-21.721742630004883,3.811321496963501,-0.09390543401241302,-0.1382705122232437,-185.3357696533203,90.55805206298828,-49.823402404785156,0.02,0.04,0.01,0.09,1768451570.4599211,58.75982
XKF1,61504555,0,36.66,-1.73,167.06,-21.722211837768555,3.812406063079834,-0.09880566596984863,-0.13962584733963013,-185.3351593017578,90.56304168701172,-49.8241081237793,0.02,0.03,0.02,0.09,1768451570.4599211,58.75982
XKF1,61544539,1,36.62,-1.75,167.59,-21.754779815673828,3.606095552444458,-0.0892428308725357,-0.12203029543161392,-186.20095825195312,90.7064437866211,-49.82746887207031,0.02,0.04,0.01,0.09,1768451570.499905,58.799804
XKF1,61544539,0,36.64,-1.74,167.6,-21.755529403686523,3.6060538291931152,-0.09221305698156357,-0.12154454737901688,-186.20042419433594,90.71119689941406,-49.82818603515625,0.02,0.03,0.02,0.09,1768451570.499905,58.799804
XKF1,61584523,1,36.59,-1.75,168.12,-21.783973693847656,3.4031529426574707,-0.084854356944561,-0.10781528800725937,-187.04971313476562,90.84375,-49.831260681152344,0.02,0.04,0.01,0.09,1768451570.539889,58.839788
XKF1,61584523,0,36.62,-1.74,168.13,-21.786731719970703,3.398059606552124,-0.08753473311662674,-0.1069304496049881,-187.06741333007812,90.85107421875,-49.83205032348633,0.02,0.03,0.02,0.09,1768451570.539889,58.839788
XKF1,61624507,0,36.58,-1.75,168.67,-21.814619064331055,3.191394567489624,-0.08214075863361359,-0.09344828128814697,-187.9359893798828,90.98267364501953,-49.83535385131836,0.02,0.04,0.02,0.09,1768451570.579873,58.879772
XKF1,61624507,1,36.56,-1.75,168.65,-21.810073852539062,3.1966941356658936,-0.08027646690607071,-0.09475233405828476,-187.91810607910156,90.97576141357422,-49.8345947265625,0.02,0.04,0.01,0.09,1768451570.579873,58.879772
XKF1,61664491,1,36.51,-1.76,169.2,-21.834867477416992,2.9905357360839844,-0.07530396431684494,-0.08216255903244019,-188.787109375,91.0997085571289,-49.83774185180664,0.02,0.04,0.01,0.09,1768451570.619857,58.919756
XKF1,61664491,0,36.54,-1.76,169.21,-21.839595794677734,2.9850714206695557,-0.07755677402019501,-0.08165064454078674,-188.80520629882812,91.10618591308594,-49.838436126708984,0.02,0.04,0.02,0.09,1768451570.619857,58.919756
XKF1,61704475,1,36.48,-1.78,169.73,-21.858484268188477,2.7853100299835205,-0.07112289220094681,-0.0732543021440506,-189.65679931640625,91.2155990600586,-49.840240478515625,0.02,0.04,0.01,0.09,1768451570.659841,58.95974
XKF1,61704475,0,36.5,-1.78,169.76,-21.863691329956055,2.779924154281616,-0.07285647094249725,-0.07180827111005783,-189.67510986328125,91.22161102294922,-49.84085464477539,0.02,0.04,0.02,0.09,1768451570.659841,58.95974
XKF1,61744459,1,36.45,-1.8,170.29,-21.87796401977539,2.580019235610962,-0.06788317859172821,-0.05807441100478172,-190.52780151367188,91.32322692871094,-49.84226608276367,0.02,0.04,0.01,0.09,1768451570.699825,58.999724
XKF1,61744459,0,36.47,-1.79,170.31,-21.885021209716797,2.5731265544891357,-0.06950738281011581,-0.056281983852386475,-190.54637145996094,91.32877349853516,-49.84282684326172,0.02,0.04,0.02,0.09,1768451570.699825,58.999724
XKF1,61784443,1,36.42,-1.81,170.86,-21.897510528564453,2.3723127841949463,-0.06634107232093811,-0.04902978241443634,-191.39996337890625,91.42255401611328,-49.84431838989258,0.02,0.04,0.01,0.09,1768451570.739809,59.039708
XKF1,61784443,0,36.44,-1.81,170.88,-21.9019775390625,2.3649044036865234,-0.06638360023498535,-0.04586276039481163,-191.41880798339844,91.42761993408203,-49.84480285644531,0.02,0.04,0.02,0.09,1768451570.739809,59.039708
XKF1,61824427,1,36.39,-1.82,171.42,-21.915647506713867,2.1623668670654297,-0.06455463916063309,-0.04360247403383255,-192.27325439453125,91.51346588134766,-49.84624099731445,0.02,0.04,0.01,0.09,1768451570.779793,59.079692
XKF1,61824427,0,36.41,-1.82,171.44,-21.920862197875977,2.15425968170166,-0.06360367685556412,-0.039901603013277054,-192.2923126220703,91.5180892944336,-49.84660339355469,0.02,0.04,0.02,0.09,1768451570.779793,59.079692
XKF1,61864411,1,36.37,-1.82,171.96,-21.932376861572266,1.9536514282226562,-0.06341560184955597,-0.041127774864435196,-193.14727783203125,91.59622955322266,-49.84816360473633,0.02,0.04,0.01,0.09,1768451570.8197773,59.119676
XKF1,61864411,0,36.39,-1.82,171.97,-21.93636131286621,1.9459224939346313,-0.06162109225988388,-0.03698147088289261,-193.1663055419922,91.60035705566406,-49.848384857177734,0.02,0.04,0.02,0.09,1768451570.8197773,59.119676
XKF1,61904395,1,36.36,-1.82,172.5,-21.945785522460938,1.7468756437301636,-0.06224570423364639,-0.03972114622592926,-194.02195739746094,91.67086029052734,-49.85029602050781,0.02,0.04,0.01,0.09,1768451570.8597612,59.15966
XKF1,61904395,0,36.38,-1.82,172.53,-21.950021743774414,1.7396087646484375,-0.06029543653130531,-0.035988740622997284,-194.0407257080078,91.67450714111328,-49.85041809082031,0.02,0.04,0.02,0.09,1768451570.8597612,59.15966
XKF1,61944379,1,36.36,-1.81,173.08,-21.957393646240234,1.5347169637680054,-0.06440950185060501,-0.047867551445961,-194.89744567871094,91.73705291748047,-49.852725982666016,0.02,0.04,0.01,0.09,1768451570.8997452,59.199644
XKF1,61944379,0,36.38,-1.81,173.09,-21.96142578125,1.5292317867279053,-0.06330978870391846,-0.04564061760902405,-194.91598510742188,91.74028778076172,-49.85274124145508,0.02,0.04,0.02,0.09,1768451570.8997452,59.199644
XKF1,61984363,1,36.37,-1.83,173.61,-21.96854019165039,1.3219165802001953,-0.06610509753227234,-0.05509840324521065,-195.77365112304688,91.7946548461914,-49.85527420043945,0.02,0.04,0.01,0.09,1768451570.9397292,59.239628
XKF1,61984363,0,36.39,-1.82,173.64,-21.972352981567383,1.3171255588531494,-0.065456822514534,-0.05355027690529823,-195.79200744628906,91.79754638671875,-49.8552360534668,0.02,0.04,0.02,0.09,1768451570.9397292,59.239628
XKF1,62024347,1,36.38,-1.85,174.16,-21.976604461669922,1.113619089126587,-0.06161960959434509,-0.056359317153692245,-196.65049743652344,91.84376525878906,-49.85808181762695,0.02,0.04,0.01,0.09,1768451570.9797132,59.279612
XKF1,62024347,0,36.4,-1.85,174.18,-21.981908798217773,1.1084072589874268,-0.06257717311382294,-0.05678612366318703,-196.6687469482422,91.84635162353516,-49.858001708984375,0.02,0.04,0.02,0.09,1768451570.9797132,59.279612
XKF1,62064331,1,36.38,-1.87,174.7,-21.983671188354492,0.9073983430862427,-0.05483170971274376,-0.056225840002298355,-197.52777099609375,91.88477325439453,-49.860511779785156,0.02,0.04,0.01,0.09,1768451571.0196972,59.319596
XKF1,62064331,0,36.4,-1.87,174.72,-21.989200592041016,0.9017931818962097,-0.05606812611222267,-0.056892767548561096,-197.54574584960938,91.88706970214844,-49.86050033569336,0.02,0.04,0.02,0.09,1768451571.0196972,59.319596
XKF1,62104315,1,36.38,-1.88,175.21,-21.989953994750977,0.7045273184776306,-0.04736636206507683,-0.050688374787569046,-198.4054412841797,91.91779327392578,-49.86256408691406,0.02,0.04,0.01,0.09,1768451571.0596812,59.35958
XKF1,62104315,0,36.4,-1.88,175.24,-21.995023727416992,0.6967852115631104,-0.049186497926712036,-0.05295795202255249,-198.42298889160156,91.91974639892578,-49.86266326904297,0.02,0.04,0.02,0.09,1768451571.0596812,59.35958
XKF1,62145132,1,36.38,-1.91,175.74,-21.991315841674805,0.49190816283226013,-0.037138499319553375,-0.041557274758815765,-199.320068359375,91.94338989257812,-49.86437225341797,0.02,0.04,0.01,0.09,1768451571.1004982,59.400397
XKF1,62145132,0,36.4,-1.91,175.76,-21.99734115600586,0.4923732578754425,-0.039733391255140305,-0.04524099454283714,-199.30064392089844,91.94414520263672,-49.864540100097656,0.02,0.04,0.02,0.09,1768451571.1004982,59.400397
XKF1,62185116,0,36.41,-1.94,176.3,-21.99864959716797,0.2852899432182312,-0.030065899714827538,-0.036787547171115875,-200.19696044921875,91.96056365966797,-49.866065979003906,0.02,0.04,0.02,0.09,1768451571.1404822,59.440381
XKF1,62185116,1,36.39,-1.94,176.29,-21.994293212890625,0.28847962617874146,-0.026493920013308525,-0.03182009235024452,-200.1983184814453,91.95958709716797,-49.86568832397461,0.02,0.04,0.01,0.09,1768451571.1404822,59.440381
XKF1,62225100,1,36.39,-1.96,176.81,-21.995763778686523,0.08519056439399719,-0.01568044163286686,-0.017505373805761337,-201.0768585205078,91.96753692626953,-49.86576843261719,0.02,0.04,0.01,0.09,1768451571.1804662,59.480365
XKF1,62225100,0,36.41,-1.96,176.84,-21.999563217163086,0.08184106647968292,-0.020268000662326813,-0.023594629019498825,-201.0752410888672,91.96835327148438,-49.866355895996094,0.02,0.04,0.02,0.09,1768451571.1804662,59.480365
XKF1,62265084,1,36.4,-1.96,177.34,-21.996986389160156,-0.12142141163349152,-0.008588523603975773,0.004975145682692528,-201.96563720703125,91.96717834472656,-49.86402893066406,0.02,0.04,0.02,0.09,1768451571.2204502,59.520349
XKF1,62265084,0,36.42,-1.95,177.36,-22.000795364379883,-0.12488220632076263,-0.01309793721884489,-0.0011251429095864296,-201.9634552001953,91.96784210205078,-49.8648567199707,0.02,0.04,0.02,0.09,1768451571.2204502,59.520349
XKF1,62305068,1,36.39,-1.95,177.87,-21.996742248535156,-0.32691699266433716,-0.0030303921084851027,0.030691921710968018,-202.8533477783203,91.9584732055664,-49.86202621459961,0.02,0.04,0.02,0.09,1768451571.2604342,59.560333
XKF1,62305068,0,36.42,-1.95,177.89,-22.00038719177246,-0.33141541481018066,-0.007605469319969416,0.02437814138829708,-202.85067749023438,91.95896911621094,-49.863101959228516,0.02,0.04,0.02,0.09,1768451571.2604342,59.560333
XKF1,62345052,1,36.39,-1.94,178.39,-21.995885848999023,-0.5347765684127808,-0.0006247449200600386,0.048779942095279694,-203.7401123046875,91.94145965576172,-49.859928131103516,0.02,0.04,0.02,0.09,1768451571.3004181,59.600317
XKF1,62345052,0,36.41,-1.94,178.42,-21.998872756958008,-0.5397416949272156,-0.005765377543866634,0.041850004345178604,-203.73699951171875,91.94175720214844,-49.86124801635742,0.02,0.04,0.02,0.09,1768451571.3004181,59.600317
XKF1,62385036,1,36.38,-1.93,178.94,-21.991744995117188,-0.7433343529701233,-0.002289452822878957,0.05398065596818924,-204.62599182128906,91.916015625,-49.85806655883789,0.02,0.04,0.02,0.09,1768451571.3404021,59.640301
XKF1,62385036,0,36.41,-1.93,178.96,-21.994747161865234,-0.7491836547851562,-0.0080799525603652,0.046531472355127335,-204.62249755859375,91.91609954833984,-49.859649658203125,0.02,0.04,0.02,0.09,1768451571.3404021,59.640301
XKF1,62425020,1,36.38,-1.91,179.46,-21.98336410522461,-0.95326167345047,-0.0073208617977797985,0.048143420368433,-205.51092529296875,91.88216400146484,-49.85685348510742,0.02,0.04,0.02,0.09,1768451571.380386,59.680285
XKF1,62425020,0,36.4,-1.91,179.49,-21.98587989807129,-0.9595785140991211,-0.012834091670811176,0.041103776544332504,-205.507080078125,91.88202667236328,-49.858699798583984,0.02,0.04,0.02,0.09,1768451571.380386,59.680285
XKF1,62465004,1,36.38,-1.9,180.01,-21.979093551635742,-1.1645467281341553,-0.011337289586663246,0.04219603165984154,-206.4022979736328,91.83950805664062,-49.855106353759766,0.02,0.04,0.02,0.09,1768451571.42037,59.720269
XKF1,62465004,0,36.4,-1.89,180.03,-21.981508255004883,-1.1705524921417236,-0.016871439293026924,0.035681020468473434,-206.39828491210938,91.83914184570312,-49.85712432861328,0.02,0.04,0.02,0.09,1768451571.42037,59.720269
XKF1,62504988,0,36.4,-1.88,180.57,-21.973628997802734,-1.3801677227020264,-0.021116258576512337,0.034436386078596115,-207.287841796875,91.78793334960938,-49.85598373413086,0.02,0.04,0.02,0.09,1768451571.460354,59.760253
XKF1,62504988,1,36.38,-1.89,180.55,-21.971221923828125,-1.374035358428955,-0.01564779132604599,0.039877887815237045,-207.2919921875,91.78852081298828,-49.85377502441406,0.02,0.04,0.02,0.09,1768451571.460354,59.760253
XKF1,62544972,1,36.39,-1.87,181.08,-21.958900451660156,-1.5867202281951904,-0.022655755281448364,0.030957192182540894,-208.18002319335938,91.72898864746094,-49.852943420410156,0.02,0.04,0.02,0.09,1768451571.500338,59.800237
XKF1,62544972,0,36.41,-1.86,181.12,-21.96177101135254,-1.592401146888733,-0.02780788019299507,0.02635973133146763,-208.17575073242188,91.72818756103516,-49.85532760620117,0.02,0.04,0.02,0.09,1768451571.500338,59.800237
XKF1,62584956,1,36.41,-1.84,181.64,-21.94594955444336,-1.7993359565734863,-0.02967687137424946,0.019581293687224388,-209.06640625,91.6609115600586,-49.85255432128906,0.02,0.04,0.02,0.09,1768451571.540322,59.840221
XKF1,62584956,0,36.43,-1.84,181.66,-21.948759078979492,-1.8051129579544067,-0.03448862582445145,0.015586096793413162,-209.0620574951172,91.659912109375,-49.85511016845703,0.02,0.04,0.02,0.09,1768451571.540322,59.840221
XKF1,62624940,1,36.43,-1.81,182.16,-21.92894172668457,-2.0133697986602783,-0.038308773189783096,0.00906547624617815,-209.9512481689453,91.58428192138672,-49.852020263671875,0.02,0.04,0.02,0.09,1768451571.580306,59.880205
XKF1,62624940,0,36.45,-1.81,182.19,-21.932331085205078,-2.0189034938812256,-0.04335562139749527,0.004940084647387266,-209.94688415527344,91.58308410644531,-49.854736328125,0.02,0.04,0.02,0.09,1768451571.580306,59.880205
XKF1,62664924,1,36.45,-1.79,182.7,-21.912534713745117,-2.2262089252471924,-0.04543916881084442,0.005845129024237394,-210.84085083007812,91.4986801147461,-49.85136032104492,0.02,0.04,0.02,0.09,1768451571.62029,59.920189
XKF1,62664924,0,36.47,-1.79,182.72,-21.915897369384766,-2.231800079345703,-0.0502757802605629,0.002365018706768751,-210.83656311035156,91.49732208251953,-49.85417175292969,0.02,0.04,0.02,0.09,1768451571.62029,59.920189
XKF1,62704908,1,36.46,-1.78,183.23,-21.893339157104492,-2.4370181560516357,-0.05095416679978371,0.004849169868975878,-211.7281951904297,91.40463256835938,-49.85160446166992,0.02,0.04,0.02,0.09,1768451571.660274,59.960173
XKF1,62704908,0,36.49,-1.78,183.25,-21.896787643432617,-2.4426746368408203,-0.05582113564014435,0.0021179611794650555,-211.72401428222656,91.40311431884766,-49.85452651977539,0.02,0.04,0.02,0.09,1768451571.660274,59.960173
XKF1,62744892,1,36.46,-1.78,183.77,-21.872081756591797,-2.6472582817077637,-0.05495256930589676,-0.007629260420799255,-212.6133575439453,91.30223083496094,-49.85258865356445,0.02,0.04,0.02,0.09,1768451571.700258,60.000157
XKF1,62744892,0,36.48,-1.78,183.81,-21.875490188598633,-2.6528303623199463,-0.06041049584746361,-0.01067021768540144,-212.60928344726562,91.3005599975586,-49.85562515258789,0.02,0.04,0.02,0.09,1768451571.700258,60.000157
XKF1,62784876,1,36.46,-1.79,184.34,-21.846651077270508,-2.8575916290283203,-0.055744774639606476,-0.017943477258086205,-213.4964141845703,91.19145202636719,-49.85378646850586,0.02,0.04,0.02,0.09,1768451571.7402422,60.040141
XKF1,62784876,0,36.48,-1.79,184.36,-21.850984573364258,-2.8630528450012207,-0.061720192432403564,-0.021305449306964874,-213.49246215820312,91.18961334228516,-49.856990814208984,0.02,0.04,0.02,0.09,1768451571.7402422,60.040141
XKF1,62824860,0,36.48,-1.81,184.92,-21.824310302734375,-3.07218337059021,-0.062014710158109665,-0.02945016510784626,-214.3735809326172,91.07029724121094,-49.858455657958984,0.02,0.04,0.02,0.09,1768451571.7802262,60.080125
XKF1,62824860,1,36.46,-1.81,184.88,-21.820281982421875,-3.066704511642456,-0.0559648759663105,-0.0258705485612154,-214.37738037109375,91.07229614257812,-49.85508346557617,0.02,0.04,0.02,0.09,1768451571.7802262,60.080125
XKF1,62864844,1,36.47,-1.84,185.45,-21.79521369934082,-3.2758355140686035,-0.053213607519865036,-0.0261264406144619,-215.26138305664062,90.9443359375,-49.855831146240234,0.02,0.04,0.02,0.09,1768451571.8202102,60.120109
XKF1,62864844,0,36.49,-1.84,185.47,-21.798526763916016,-3.2810328006744385,-0.058849357068538666,-0.029248593375086784,-215.2577362060547,90.94222259521484,-49.85930633544922,0.02,0.04,0.02,0.09,1768451571.8202102,60.120109
XKF1,62904828,1,36.5,-1.87,186.0,-21.7691593170166,-3.4833924770355225,-0.04973122105002403,-0.021486686542630196,-216.14288330078125,90.80809020996094,-49.85617446899414,0.02,0.04,0.02,0.09,1768451571.8601942,60.160093
XKF1,62904828,0,36.52,-1.87,186.02,-21.77233123779297,-3.488088369369507,-0.05529944226145744,-0.02419949136674404,-216.13938903808594,90.80587768554688,-49.85975646972656,0.02,0.04,0.02,0.09,1768451571.8601942,60.160093
XKF1,62944812,1,36.52,-1.9,186.54,-21.739492416381836,-3.6909589767456055,-0.041588861495256424,-0.004955986049026251,-217.02200317382812,90.66363525390625,-49.856075286865234,0.02,0.04,0.02,0.09,1768451571.9001782,60.200077
XKF1,62944812,0,36.54,-1.9,186.56,-21.742956161499023,-3.6955244541168213,-0.046551600098609924,-0.006894770078361034,-217.01866149902344,90.66132354736328,-49.859771728515625,0.02,0.04,0.02,0.09,1768451571.9001782,60.200077
XKF1,62984796,1,36.55,-1.94,187.08,-21.706985473632812,-3.8979034423828125,-0.031649213284254074,0.008939122781157494,-217.89877319335938,90.51094818115234,-49.85585403442383,0.02,0.04,0.02,0.09,1768451571.9401622,60.240061
XKF1,62984796,0,36.57,-1.93,187.1,-21.710063934326172,-3.9020681381225586,-0.036828357726335526,0.006640256382524967,-217.8955841064453,90.508544921875,-49.85967254638672,0.02,0.04,0.02,0.09,1768451571.9401622,60.240061
XKF1,63024780,1,36.58,-1.96,187.61,-21.673128128051758,-4.104388236999512,-0.020838623866438866,0.01629788428544998,-218.77322387695312,90.3500747680664,-49.85593795776367,0.02,0.04,0.02,0.09,1768451571.9801462,60.280045
XKF1,63024780,0,36.61,-1.96,187.64,-21.67645263671875,-4.107706069946289,-0.026067163795232773,0.013790380209684372,-218.77017211914062,90.34759521484375,-49.85988998413086,0.02,0.04,0.02,0.09,1768451571.9801462,60.280045
XKF1,63064764,1,36.62,-1.99,188.17,-21.632938385009766,-4.309998512268066,-0.011309005320072174,0.017755765467882156,-219.64242553710938,90.18206024169922,-49.8560905456543,0.02,0.04,0.02,0.09,1768451572.0201302,60.320029
XKF1,63064764,0,36.65,-1.99,188.2,-21.63624382019043,-4.313683986663818,-0.016473252326250076,0.014997180551290512,-219.63955688476562,90.1795425415039,-49.86013412475586,0.02,0.04,0.02,0.09,1768451572.0201302,60.320029
XKF1,63104748,1,36.65,-2.01,188.71,-21.592668533325195,-4.5164265632629395,-0.0036409893073141575,0.01165047474205494,-220.50686645507812,90.00674438476562,-49.85664749145508,0.02,0.04,0.02,0.09,1768451572.0601141,60.360013
XKF1,63104748,0,36.68,-2.01,188.75,-21.595788955688477,-4.521675109863281,-0.008095863275229931,0.009987215511500835,-220.504150390625,90.00416564941406,-49.860755920410156,0.02,0.04,0.02,0.09,1768451572.0601141,60.360013
XKF1,63144732,0,36.69,-1.99,189.29,-21.552528381347656,-4.729842185974121,-0.0017529446631669998,-0.001308220555074513,-221.36697387695312,89.82032012939453,-49.86138916015625,0.02,0.04,0.02,0.09,1768451572.1000981,60.399997
XKF1,63144732,1,36.67,-2.0,189.27,-21.54796600341797,-4.725800037384033,0.0018397209933027625,-0.0006430502398870885,-221.36949157714844,89.82296752929688,-49.85725021362305,0.02,0.04,0.02,0.09,1768451572.1000981,60.399997
XKF1,63184716,0,36.7,-1.97,189.84,-21.507619857788086,-4.939001560211182,-0.00021559484594035894,-0.011032489128410816,-222.22796630859375,89.62801361083984,-49.861846923828125,0.02,0.04,0.02,0.09,1768451572.1400821,60.439981
XKF1,63184716,1,36.67,-1.98,189.82,-21.50202751159668,-4.934373378753662,0.004151374567300081,-0.009621280245482922,-222.230224609375,89.63074493408203,-49.8576545715332,0.02,0.04,0.02,0.09,1768451572.1400821,60.439981
XKF1,63224700,0,36.69,-1.94,190.4,-21.459495544433594,-5.147696018218994,-0.0015512102982029319,-0.01953429915010929,-223.0869598388672,89.42723846435547,-49.862613677978516,0.02,0.04,0.02,0.09,1768451572.180066,60.479965
XKF1,63224700,1,36.67,-1.95,190.36,-21.45379066467285,-5.145198822021484,0.000830027915071696,-0.019901638850569725,-223.08897399902344,89.43000030517578,-49.8583984375,0.02,0.04,0.02,0.09,1768451572.180066,60.479965
XKF1,63264684,1,36.65,-1.9,190.94,-21.40055274963379,-5.354738712310791,-0.0074426862411201,-0.03245450556278229,-223.94349670410156,89.2216796875,-49.859622955322266,0.02,0.04,0.02,0.09,1768451572.22005,60.519949
XKF1,63264684,0,36.67,-1.9,190.96,-21.407155990600586,-5.35891056060791,-0.00870139803737402,-0.031284186989068985,-223.94175720214844,89.21891021728516,-49.863792419433594,0.02,0.04,0.02,0.09,1768451572.22005,60.519949
XKF1,63304668,1,36.63,-1.86,191.5,-21.345531463623047,-5.566497325897217,-0.020032348111271858,-0.05209077522158623,-224.79403686523438,89.00559997558594,-49.86124038696289,0.02,0.04,0.02,0.09,1768451572.260034,60.559933
XKF1,63304668,0,36.65,-1.85,191.54,-21.350658416748047,-5.5705132484436035,-0.021541887894272804,-0.05098844692111015,-224.7925567626953,89.00279998779297,-49.86533737182617,0.02,0.04,0.02,0.09,1768451572.260034,60.559933
XKF1,63344652,1,36.62,-1.82,192.07,-21.287899017333984,-5.7769575119018555,-0.033866140991449356,-0.06469980627298355,-225.64273071289062,88.78083038330078,-49.86313247680664,0.02,0.04,0.02,0.09,1768451572.300018,60.599917
XKF1,63344652,0,36.64,-1.82,192.1,-21.292295455932617,-5.7804341316223145,-0.03530034422874451,-0.0632074624300003,-225.64146423339844,88.77799224853516,-49.867183685302734,0.02,0.04,0.02,0.09,1768451572.300018,60.599917
XKF1,63384636,1,36.63,-1.8,192.64,-21.227218627929688,-5.982743263244629,-0.04197649657726288,-0.06973962485790253,-226.4893798828125,88.54750061035156,-49.86540985107422,0.02,0.04,0.02,0.09,1768451572.340002,60.639901
XKF1,63384636,0,36.65,-1.8,192.66,-21.232419967651367,-5.986323833465576,-0.04482129216194153,-0.06967081129550934,-226.4883575439453,88.54464721679688,-49.869449615478516,0.02,0.04,0.02,0.09,1768451572.340002,60.639901
XKF1,63424620,1,36.62,-1.82,193.19,-21.167499542236328,-6.186827182769775,-0.04867701977491379,-0.07617022842168808,-227.33389282226562,88.30577087402344,-49.86846923828125,0.02,0.04,0.02,0.09,1768451572.379986,60.679885
XKF1,63424620,0,36.64,-1.82,193.23,-21.17171859741211,-6.189414978027344,-0.05125821381807327,-0.07606294751167297,-227.33309936523438,88.30290985107422,-49.87249755859375,0.02,0.04,0.02,0.09,1768451572.379986,60.679885
XKF1,63464604,0,36.62,-1.83,193.79,-21.110322952270508,-6.390804290771484,-0.05254078656435013,-0.08015943318605423,-228.17391967773438,88.05375671386719,-49.87580490112305,0.02,0.04,0.02,0.09,1768451572.41997,60.719869
XKF1,63464604,1,36.6,-1.84,193.76,-21.105825424194336,-6.387904167175293,-0.0502852164208889,-0.08053278923034668,-228.174560546875,88.05660247802734,-49.87174987792969,0.02,0.04,0.02,0.09,1768451572.41997,60.719869
XKF1,63504588,1,36.59,-1.85,194.3,-21.042646408081055,-6.58668851852417,-0.0481606051325798,-0.08320772647857666,-229.0115203857422,87.80015563964844,-49.875030517578125,0.02,0.04,0.02,0.09,1768451572.459954,60.759853
XKF1,63504588,0,36.61,-1.85,194.34,-21.0456600189209,-6.589470386505127,-0.05008793994784355,-0.08293184638023376,-229.010986328125,87.79735565185547,-49.87907791137695,0.02,0.04,0.02,0.09,1768451572.459954,60.759853
XKF1,63544572,1,36.58,-1.89,194.88,-20.979007720947266,-6.7824249267578125,-0.04326050728559494,-0.07902740687131882,-229.84652709960938,87.53536987304688,-49.87793731689453,0.02,0.04,0.02,0.09,1768451572.4999382,60.799837
XKF1,63544572,0,36.6,-1.89,194.9,-20.98093032836914,-6.7859110832214355,-0.04446707293391228,-0.07815345376729965,-229.84608459472656,87.5325698852539,-49.88198471069336,0.02,0.04,0.02,0.09,1768451572.4999382,60.799837
XKF1,63584556,1,36.58,-1.92,195.47,-20.91408920288086,-6.980954170227051,-0.03666957840323448,-0.07092522084712982,-230.6794891357422,87.26240539550781,-49.880516052246094,0.02,0.04,0.02,0.09,1768451572.5399222,60.839821
XKF1,63584556,0,36.6,-1.92,195.49,-20.915163040161133,-6.983534336090088,-0.03766791522502899,-0.07016060501337051,-230.67909240722656,87.25961303710938,-49.88454055786133,0.02,0.04,0.02,0.09,1768451572.5399222,60.839821
XKF1,63624540,1,36.59,-1.96,196.03,-20.844717025756836,-7.18062162399292,-0.029910312965512276,-0.05944565311074257,-231.51026916503906,86.98123931884766,-49.88233947753906,0.02,0.04,0.02,0.09,1768451572.5799062,60.879805
XKF1,63624540,0,36.61,-1.96,196.07,-20.846843719482422,-7.182585716247559,-0.031132787466049194,-0.059146225452423096,-231.5099334716797,86.97847747802734,-49.88632583618164,0.02,0.04,0.02,0.09,1768451572.5799062,60.879805
XKF1,63664524,1,36.58,-1.99,196.59,-20.777050018310547,-7.3744707107543945,-0.02000407874584198,-0.0428265742957592,-232.320068359375,86.69877624511719,-49.883811950683594,0.02,0.04,0.02,0.09,1768451572.6198902,60.919789
XKF1,63664524,0,36.6,-1.99,196.61,-20.778366088867188,-7.380593299865723,-0.021472005173563957,-0.042576178908348083,-232.33712768554688,86.68988800048828,-49.88780212402344,0.02,0.04,0.02,0.09,1768451572.6198902,60.919789
XKF1,63704508,1,36.56,-2.0,197.11,-20.706418991088867,-7.569558143615723,-0.011052013374865055,-0.029584499076008797,-233.14373779296875,86.40286254882812,-49.885223388671875,0.02,0.04,0.02,0.09,1768451572.6598742,60.959773
XKF1,63704508,0,36.58,-2.0,197.14,-20.70580291748047,-7.575262069702148,-0.012036914937198162,-0.028921309858560562,-233.16078186035156,86.39388275146484,-49.889183044433594,0.02,0.04,0.02,0.09,1768451572.6598742,60.959773
XKF1,63744492,1,36.56,-2.02,197.64,-20.63330841064453,-7.76348352432251,0.00016762326413299888,-0.021464698016643524,-233.96514892578125,86.09883880615234,-49.88641357421875,0.02,0.04,0.02,0.09,1768451572.6998582,60.999757
XKF1,63744492,0,36.58,-2.01,197.66,-20.63184356689453,-7.768734455108643,-0.002656383439898491,-0.022578854113817215,-233.98214721679688,86.08979034423828,-49.89037322998047,0.02,0.04,0.02,0.09,1768451572.6998582,60.999757
XKF1,63784476,1,36.57,-2.02,198.17,-20.560148239135742,-7.956544876098633,0.007739465683698654,-0.0161395575851202,-234.78419494628906,85.78680419921875,-49.88713455200195,0.02,0.04,0.02,0.09,1768451572.7398422,61.039741
XKF1,63784476,0,36.59,-2.02,198.2,-20.55801773071289,-7.961707592010498,0.006531975697726011,-0.015694817528128624,-234.8010711669922,85.77766418457031,-49.891109466552734,0.02,0.04,0.02,0.09,1768451572.7398422,61.039741
XKF1,63824460,1,36.57,-2.02,198.71,-20.48235511779785,-8.149060249328613,0.012244036421179771,-0.010936710052192211,-235.60072326660156,85.466796875,-49.88740539550781,0.02,0.04,0.02,0.09,1768451572.7798262,61.079725
XKF1,63824460,0,36.6,-2.02,198.75,-20.4819393157959,-8.154772758483887,0.011920041404664516,-0.009889865294098854,-235.6175079345703,85.45755004882812,-49.8913459777832,0.02,0.04,0.02,0.09,1768451572.7798262,61.079725
XKF1,63864444,1,36.58,-2.0,199.3,-20.4022159576416,-8.344437599182129,0.01251539122313261,-0.007879857905209064,-236.41372680664062,85.13928985595703,-49.88750457763672,0.02,0.04,0.02,0.09,1768451572.8198102,61.119709
XKF1,63864444,0,36.6,-2.0,199.33,-20.400976181030273,-8.352115631103516,0.01200111210346222,-0.007021480239927769,-236.4302520751953,85.12997436523438,-49.891448974609375,0.02,0.04,0.02,0.09,1768451572.8198102,61.119709
XKF1,63904428,0,36.61,-1.98,199.9,-20.31614875793457,-8.551855087280273,0.007401716895401478,-0.008858839049935341,-237.23922729492188,84.7947006225586,-49.89115905761719,0.02,0.04,0.02,0.09,1768451572.8597941,61.159693
XKF1,63904428,1,36.59,-1.98,199.86,-20.316356658935547,-8.543728828430176,0.007067721337080002,-0.009846591390669346,-237.22311401367188,84.80403900146484,-49.88722229003906,0.02,0.04,0.02,0.09,1768451572.8597941,61.159693
XKF1,63944412,0,36.62,-1.95,200.47,-20.22796058654785,-8.750900268554688,-0.0011419676011428237,-0.00516777066513896,-238.0453338623047,84.45114135742188,-49.8907470703125,0.02,0.04,0.02,0.09,1768451572.8997781,61.199677
XKF1,63944412,1,36.6,-1.96,200.45,-20.22774314880371,-8.740528106689453,0.00037167445407249033,-0.003961336798965931,-238.029541015625,84.46058654785156,-49.88681411743164,0.02,0.04,0.02,0.09,1768451572.8997781,61.199677
XKF1,63984396,0,36.63,-1.92,201.06,-20.135835647583008,-8.952656745910645,-0.009833676740527153,-0.004970391280949116,-238.8483428955078,84.09928894042969,-49.89072799682617,0.02,0.04,0.02,0.09,1768451572.939762,61.239661
XKF1,63984396,1,36.61,-1.92,201.03,-20.135276794433594,-8.941609382629395,-0.007432056125253439,-0.0030032803770154715,-238.83282470703125,84.10892486572266,-49.8867073059082,0.02,0.04,0.02,0.09,1768451572.939762,61.239661
XKF1,64024380,0,36.63,-1.88,201.65,-20.04130744934082,-9.154486656188965,-0.02309202216565609,-0.008877098560333252,-239.64810180664062,83.73909759521484,-49.890323638916016,0.02,0.04,0.02,0.09,1768451572.979746,61.279645
XKF1,64024380,1,36.61,-1.88,201.61,-20.039928436279297,-9.143424034118652,-0.02090490236878395,-0.006926266942173243,-239.63278198242188,83.74897003173828,-49.88623809814453,0.02,0.04,0.02,0.09,1768451572.979746,61.279645
XKF1,64064364,0,36.63,-1.82,202.22,-19.94505500793457,-9.356325149536133,-0.03709137812256813,-0.011975240893661976,-240.44366455078125,83.37114715576172,-49.890716552734375,0.02,0.04,0.02,0.09,1768451573.01973,61.319629
XKF1,64064364,1,36.61,-1.82,202.19,-19.94291877746582,-9.345315933227539,-0.03584881126880646,-0.01094904262572527,-240.4286651611328,83.38115692138672,-49.88654708862305,0.02,0.04,0.02,0.09,1768451573.01973,61.319629
XKF1,64104348,0,36.62,-1.77,202.8,-19.846860885620117,-9.557072639465332,-0.054037388414144516,-0.025970369577407837,-241.23507690429688,82.99539184570312,-49.89204788208008,0.02,0.04,0.02,0.09,1768451573.059714,61.359613
XKF1,64104348,1,36.6,-1.77,202.76,-19.843910217285156,-9.546714782714844,-0.05356382578611374,-0.024879226461052895,-241.22047424316406,83.00541687011719,-49.887813568115234,0.02,0.04,0.02,0.09,1768451573.059714,61.359613
XKF1,64144332,0,36.61,-1.73,203.36,-19.744977951049805,-9.75517463684082,-0.06969805061817169,-0.04459385201334953,-242.02297973632812,82.61137390136719,-49.894229888916016,0.02,0.04,0.02,0.09,1768451573.099698,61.399597
XKF1,64144332,1,36.59,-1.73,203.33,-19.744224548339844,-9.744236946105957,-0.0679640993475914,-0.041879259049892426,-242.00875854492188,82.62147521972656,-49.88994598388672,0.02,0.04,0.02,0.09,1768451573.099698,61.399597
XKF1,64184316,0,36.6,-1.71,203.9,-19.643871307373047,-9.948488235473633,-0.08079315721988678,-0.06009900942444801,-242.80723571777344,82.21926879882812,-49.89701461791992,0.02,0.04,0.02,0.09,1768451573.139682,61.439581
XKF1,64184316,1,36.58,-1.71,203.87,-19.64259147644043,-9.935717582702637,-0.0800914540886879,-0.058429062366485596,-242.79335021972656,82.22950744628906,-49.892669677734375,0.02,0.04,0.02,0.09,1768451573.139682,61.439581
XKF1,64225133,1,36.56,-1.71,204.42,-19.537809371948242,-10.130097389221191,-0.08550890535116196,-0.0705781877040863,-243.6067657470703,81.81291961669922,-49.89628982543945,0.02,0.04,0.02,0.09,1768451573.180499,61.480398
XKF1,64225133,0,36.58,-1.71,204.45,-19.54339599609375,-10.136301040649414,-0.08622224628925323,-0.072017140686512,-243.58782958984375,81.81930541992188,-49.90052795410156,0.02,0.04,0.02,0.09,1768451573.180499,61.480398
XKF1,64265117,0,36.56,-1.73,205.0,-19.44586944580078,-10.324541091918945,-0.08783718198537827,-0.07601287215948105,-244.37246704101562,81.40736389160156,-49.902950286865234,0.02,0.04,0.02,0.09,1768451573.220483,61.520382
XKF1,64265117,1,36.55,-1.73,204.98,-19.440017700195312,-10.318119049072266,-0.08615907281637192,-0.07365348190069199,-244.39175415039062,81.4007339477539,-49.89860534667969,0.02,0.04,0.02,0.09,1768451573.220483,61.520382
XKF1,64305101,0,36.54,-1.75,205.53,-19.34598731994629,-10.510010719299316,-0.08346009254455566,-0.06552951037883759,-245.16868591308594,80.97955322265625,-49.905120849609375,0.02,0.04,0.02,0.09,1768451573.260467,61.560366
XKF1,64305101,1,36.52,-1.75,205.5,-19.341949462890625,-10.499536514282227,-0.08131840825080872,-0.062238600105047226,-245.172119140625,80.98149108886719,-49.90058517456055,0.02,0.04,0.02,0.09,1768451573.260467,61.560366
XKF1,64345085,0,36.51,-1.76,206.07,-19.246007919311523,-10.69032096862793,-0.07890155911445618,-0.04996784031391144,-245.94422912597656,80.5533676147461,-49.90681838989258,0.02,0.04,0.02,0.09,1768451573.300451,61.60035
XKF1,64345085,1,36.49,-1.77,206.03,-19.241857528686523,-10.680671691894531,-0.07730955630540848,-0.04712386056780815,-245.94793701171875,80.55530548095703,-49.90217590332031,0.02,0.04,0.02,0.09,1768451573.300451,61.60035
XKF1,64385069,0,36.48,-1.79,206.61,-19.14316177368164,-10.871542930603027,-0.07344622910022736,-0.03847011551260948,-246.71524047851562,80.12017059326172,-49.908504486083984,0.02,0.04,0.02,0.09,1768451573.340435,61.640334
XKF1,64385069,1,36.46,-1.79,206.58,-19.138946533203125,-10.862505912780762,-0.07111327350139618,-0.03494010493159294,-246.71917724609375,80.12212371826172,-49.903751373291016,0.02,0.04,0.02,0.09,1768451573.340435,61.640334
XKF1,64425053,1,36.43,-1.84,207.11,-19.038328170776367,-11.041031837463379,-0.06211160868406296,-0.0280882827937603,-247.4859161376953,79.6819839477539,-49.905792236328125,0.02,0.04,0.02,0.09,1768451573.380419,61.680318
XKF1,64425053,0,36.45,-1.84,207.16,-19.041383743286133,-11.050127029418945,-0.06417249143123627,-0.03113664872944355,-247.4817657470703,79.67998504638672,-49.910648345947266,0.02,0.04,0.02,0.09,1768451573.380419,61.680318
XKF1,64465037,0,36.42,-1.89,207.7,-18.940322875976562,-11.228763580322266,-0.05420778691768646,-0.02379806712269783,-248.24964904785156,79.229248046875,-49.91128921508789,0.02,0.04,0.02,0.09,1768451573.4204032,61.720302
XKF1,64465037,1,36.4,-1.89,207.66,-18.938779830932617,-11.218730926513672,-0.051672644913196564,-0.02066255733370781,-248.25392150878906,79.23126983642578,-49.906333923339844,0.02,0.04,0.02,0.09,1768451573.4204032,61.720302
XKF1,64505021,1,36.39,-1.93,208.17,-18.836435317993164,-11.393893241882324,-0.038436196744441986,-0.002914759097620845,-249.016845703125,78.77434539794922,-49.90684509277344,0.02,0.04,0.02,0.09,1768451573.4603872,61.760286
XKF1,64505021,0,36.4,-1.93,208.21,-18.83738899230957,-11.404338836669922,-0.040737252682447433,-0.0055095055140554905,-249.01243591308594,78.772216796875,-49.91189956665039,0.02,0.04,0.02,0.09,1768451573.4603872,61.760286
XKF1,64545005,0,36.39,-1.97,208.7,-18.734134674072266,-11.575576782226562,-0.025103045627474785,0.00571411894634366,-249.77023315429688,78.30854034423828,-49.912296295166016,0.02,0.04,0.02,0.09,1768451573.5003712,61.80027
XKF1,64545005,1,36.37,-1.97,208.65,-18.733165740966797,-11.565972328186035,-0.023044856265187263,0.007821472361683846,-249.77476501464844,78.310791015625,-49.90717315673828,0.02,0.04,0.02,0.09,1768451573.5003712,61.80027
XKF1,64584989,1,36.35,-2.02,209.15,-18.631759643554688,-11.734593391418457,-0.004954467061907053,0.01992088556289673,-250.5277862548828,77.84087371826172,-49.90691375732422,0.02,0.04,0.02,0.09,1768451573.5403552,61.840254
XKF1,64584989,0,36.37,-2.02,209.19,-18.632549285888672,-11.744168281555176,-0.006758598610758781,0.01823931559920311,-250.5231475830078,77.83848571777344,-49.91210174560547,0.02,0.04,0.02,0.09,1768451573.5403552,61.840254
XKF1,64624973,1,36.32,-2.07,209.64,-18.529006958007812,-11.902115821838379,0.012649744749069214,0.031040692701935768,-251.27603149414062,77.36465454101562,-49.90629577636719,0.02,0.04,0.02,0.09,1768451573.5803392,61.880238
XKF1,64624973,0,36.33,-2.07,209.69,-18.530406951904297,-11.910398483276367,0.01089005172252655,0.029595647007226944,-251.2713165283203,77.36212921142578,-49.91152572631836,0.02,0.04,0.02,0.09,1768451573.5803392,61.880238
XKF1,64664957,1,36.31,-2.12,210.16,-18.425487518310547,-12.069941520690918,0.029498185962438583,0.046201981604099274,-252.02418518066406,76.87891387939453,-49.90393829345703,0.02,0.04,0.02,0.09,1768451573.6203232,61.920222
XKF1,64664957,0,36.33,-2.11,210.2,-18.426700592041016,-12.078499794006348,0.027608294039964676,0.044986873865127563,-252.01951599121094,76.87633514404297,-49.90920639038086,0.02,0.04,0.02,0.09,1768451573.6203232,61.920222
XKF1,64704941,1,36.34,-2.13,210.68,-18.31926918029785,-12.238301277160645,0.043324064463377,0.06624298542737961,-252.76702880859375,76.38716888427734,-49.90086364746094,0.02,0.04,0.02,0.09,1768451573.6603072,61.960206
XKF1,64704941,0,36.35,-2.13,210.72,-18.320589065551758,-12.246830940246582,0.042401429265737534,0.06613617390394211,-252.7623748779297,76.38451385498047,-49.9061393737793,0.02,0.04,0.02,0.09,1768451573.6603072,61.960206
XKF1,64744925,0,36.38,-2.12,211.26,-18.210508346557617,-12.420052528381348,0.048548582941293716,0.08132480829954147,-253.4999542236328,75.88645935058594,-49.902618408203125,0.02,0.04,0.02,0.09,1768451573.7002912,62.00019
XKF1,64744925,1,36.37,-2.12,211.21,-18.209278106689453,-12.41144847869873,0.04976898059248924,0.08145883679389954,-253.5045623779297,75.88922882080078,-49.897342681884766,0.02,0.04,0.02,0.09,1768451573.7002912,62.00019
XKF1,64784909,0,36.4,-2.1,211.81,-18.09327507019043,-12.598145484924316,0.04853503406047821,0.08651112020015717,-254.2321014404297,75.38188934326172,-49.8991813659668,0.02,0.04,0.02,0.09,1768451573.7402751,62.040174
XKF1,64784909,1,36.38,-2.1,211.77,-18.092151641845703,-12.58971881866455,0.04970571771264076,0.08643514662981033,-254.23666381835938,75.38480377197266,-49.893890380859375,0.02,0.04,0.02,0.09,1768451573.7402751,62.040174
XKF1,64824893,0,36.41,-2.07,212.37,-17.973735809326172,-12.774958610534668,0.04308810085058212,0.08589977771043777,-254.9587860107422,74.87068176269531,-49.89531707763672,0.02,0.04,0.02,0.09,1768451573.7802591,62.080158
XKF1,64824893,1,36.4,-2.07,212.32,-17.97364044189453,-12.766403198242188,0.044828515499830246,0.08636524528265,-254.96331787109375,74.8737564086914,-49.890018463134766,0.02,0.04,0.02,0.09,1768451573.7802591,62.080158
XKF1,64864877,1,36.42,-2.03,212.89,-17.852294921875,-12.946394920349121,0.03489083796739578,0.08446251600980759,-255.6879425048828,74.3531265258789,-49.88615036010742,0.02,0.04,0.02,0.09,1768451573.8202431,62.120142
XKF1,64864877,0,36.44,-2.03,212.93,-17.852161407470703,-12.954570770263672,0.03344789892435074,0.08440469950437546,-255.6834716796875,74.34998321533203,-49.891483306884766,0.02,0.04,0.02,0.09,1768451573.8202431,62.120142
XKF1,64904861,1,36.46,-2.0,213.45,-17.727279663085938,-13.124434471130371,0.024918245151638985,0.08088368922472,-256.4066162109375,73.82608032226562,-49.8827018737793,0.02,0.04,0.02,0.09,1768451573.860227,62.160126
XKF1,64904861,0,36.48,-2.0,213.48,-17.727872848510742,-13.132542610168457,0.02294042706489563,0.08010829240083694,-256.4022216796875,73.82284545898438,-49.888057708740234,0.02,0.04,0.02,0.09,1768451573.860227,62.160126
XKF1,64944845,1,36.51,-2.0,214.01,-17.59959602355957,-13.304699897766113,0.016352327540516853,0.07852473109960556,-257.11932373046875,73.29252624511719,-49.87963104248047,0.02,0.04,0.02,0.09,1768451573.900211,62.20011
XKF1,64944845,0,36.52,-1.99,214.06,-17.60039520263672,-13.311949729919434,0.014360623434185982,0.07783491909503937,-257.1150207519531,73.28919219970703,-49.88502883911133,0.02,0.04,0.02,0.09,1768451573.900211,62.20011
XKF1,64984829,1,36.55,-1.98,214.61,-17.469030380249023,-13.482794761657715,0.006931403651833534,0.06994389742612839,-257.8260803222656,72.75238037109375,-49.87720489501953,0.02,0.04,0.02,0.09,1768451573.940195,62.240094
XKF1,64984829,0,36.57,-1.98,214.64,-17.469833374023438,-13.489662170410156,0.005278625525534153,0.06944279372692108,-257.8218688964844,72.74893951416016,-49.88263702392578,0.02,0.04,0.02,0.09,1768451573.940195,62.240094
XKF1,65024813,1,36.6,-1.96,215.17,-17.335636138916016,-13.65597915649414,0.00040775458910502493,0.06223859637975693,-258.52685546875,72.2057113647461,-49.874839782714844,0.02,0.04,0.02,0.09,1768451573.980179,62.280078
XKF1,65024813,0,36.61,-1.96,215.22,-17.33599281311035,-13.663471221923828,-0.0015886799665167928,0.06139899045228958,-258.522705078125,72.20214080810547,-49.88029861450195,0.02,0.04,0.02,0.09,1768451573.980179,62.280078
XKF1,65064797,1,36.63,-1.92,215.77,-17.197124481201172,-13.830121040344238,-0.010919595137238503,0.05005726218223572,-259.2191467285156,71.65455627441406,-49.87348937988281,0.02,0.04,0.02,0.09,1768451574.020163,62.320062
XKF1,65064797,0,36.64,-1.92,215.81,-17.197370529174805,-13.837319374084473,-0.012331278063356876,0.04979652166366577,-259.215087890625,71.6509017944336,-49.87896728515625,0.02,0.04,0.02,0.09,1768451574.020163,62.320062
XKF1,65104781,1,36.66,-1.86,216.37,-17.052331924438477,-14.002873420715332,-0.029155118390917778,0.020055685192346573,-259.9032287597656,71.09857940673828,-49.8731575012207,0.02,0.04,0.02,0.09,1768451574.060147,62.360046
XKF1,65104781,0,36.68,-1.86,216.41,-17.052215576171875,-14.010366439819336,-0.029451433569192886,0.0208450797945261,-259.8992614746094,71.0948715209961,-49.87862777709961,0.02,0.04,0.02,0.09,1768451574.060147,62.360046
XKF1,65144765,1,36.69,-1.81,216.93,-16.90629005432129,-14.177180290222168,-0.047005802392959595,-0.005421718582510948,-260.5815124511719,70.53559112548828,-49.87356948852539,0.02,0.04,0.02,0.09,1768451574.100131,62.40003
XKF1,65144765,0,36.71,-1.81,216.98,-16.906076431274414,-14.18467903137207,-0.04707179591059685,-0.004456502851098776,-260.57763671875,70.53181457519531,-49.878990173339844,0.02,0.04,0.02,0.09,1768451574.100131,62.40003
XKF1,65184749,0,36.74,-1.77,217.54,-16.758520126342773,-14.357366561889648,-0.06199241057038307,-0.02578797936439514,-261.2501525878906,69.96175384521484,-49.88020324707031,0.02,0.04,0.02,0.09,1768451574.140115,62.440014
XKF1,65184749,1,36.73,-1.77,217.51,-16.759620666503906,-14.349259376525879,-0.06022007390856743,-0.02516409568488598,-261.25396728515625,69.96565246582031,-49.87480163574219,0.02,0.04,0.02,0.09,1768451574.140115,62.440014
XKF1,65224733,0,36.76,-1.76,218.08,-16.615203857421875,-14.522802352905273,-0.0701724961400032,-0.04411428049206734,-261.91680908203125,69.38490295410156,-49.88272476196289,0.02,0.04,0.02,0.09,1768451574.1800992,62.479998
XKF1,65224733,1,36.74,-1.77,218.03,-16.61689567565918,-14.512932777404785,-0.06789212673902512,-0.04322860389947891,-261.92059326171875,69.38899230957031,-49.877296447753906,0.02,0.04,0.02,0.09,1768451574.1800992,62.479998
XKF1,65264717,0,36.75,-1.75,218.62,-16.471364974975586,-14.682222366333008,-0.0722617506980896,-0.059574875980615616,-262.5758972167969,68.80323028564453,-49.885780334472656,0.02,0.04,0.02,0.09,1768451574.2200832,62.519982
XKF1,65264717,1,36.73,-1.75,218.59,-16.471940994262695,-14.672910690307617,-0.06836330145597458,-0.057188935577869415,-262.5796203613281,68.8074951171875,-49.88026809692383,0.02,0.04,0.02,0.09,1768451574.2200832,62.519982
XKF1,65304701,0,36.73,-1.73,219.18,-16.326602935791016,-14.83873176574707,-0.07467205077409744,-0.07750753313302994,-263.2276916503906,68.2166519165039,-49.88946533203125,0.02,0.04,0.02,0.09,1768451574.2600672,62.559966
XKF1,65304701,1,36.72,-1.74,219.14,-16.32741355895996,-14.831572532653809,-0.0713251456618309,-0.07544542104005814,-263.2313537597656,68.22099304199219,-49.883827209472656,0.02,0.04,0.02,0.09,1768451574.2600672,62.559966
XKF1,65344685,0,36.72,-1.73,219.75,-16.181232452392578,-14.994467735290527,-0.07772524654865265,-0.09588059037923813,-263.8741149902344,67.62345123291016,-49.893455505371094,0.02,0.04,0.02,0.09,1768451574.3000512,62.59995
XKF1,65344685,1,36.7,-1.73,219.71,-16.18302345275879,-14.987338066101074,-0.07477305829524994,-0.09390560537576675,-263.8777160644531,67.62786102294922,-49.887733459472656,0.02,0.04,0.02,0.09,1768451574.3000512,62.59995
XKF1,65384669,0,36.71,-1.72,220.34,-16.031665802001953,-15.149835586547852,-0.082823745906353,-0.10977534204721451,-264.5149841308594,67.0237045288086,-49.89751434326172,0.02,0.04,0.02,0.09,1768451574.3400352,62.639934
XKF1,65384669,1,36.69,-1.73,220.31,-16.03571319580078,-15.143037796020508,-0.07932573556900024,-0.1072080209851265,-264.51861572265625,67.02819061279297,-49.89167404174805,0.02,0.04,0.02,0.09,1768451574.3400352,62.639934
XKF1,65424653,0,36.69,-1.74,220.93,-15.880892753601074,-15.305367469787598,-0.08613196015357971,-0.11178277432918549,-265.150146484375,66.41740417480469,-49.90082931518555,0.02,0.04,0.02,0.09,1768451574.3800192,62.679918
XKF1,65424653,1,36.68,-1.74,220.88,-15.885960578918457,-15.300310134887695,-0.08344656974077225,-0.1099158227443695,-265.15386962890625,66.42195892333984,-49.8949089050293,0.02,0.04,0.02,0.09,1768451574.3800192,62.679918
XKF1,65464637,0,36.65,-1.73,221.49,-15.727869987487793,-15.457466125488281,-0.08912035077810287,-0.1062358170747757,-265.7782287597656,65.80615234375,-49.904502868652344,0.02,0.04,0.02,0.09,1768451574.4200032,62.719902
XKF1,65464637,1,36.64,-1.74,221.45,-15.733268737792969,-15.451407432556152,-0.08588507026433945,-0.1038312241435051,-265.7820739746094,65.81072235107422,-49.89850997924805,0.02,0.04,0.02,0.09,1768451574.4200032,62.719902
XKF1,65504621,1,36.58,-1.73,221.99,-15.578636169433594,-15.599918365478516,-0.08677556365728378,-0.10279873013496399,-266.4032897949219,65.19473266601562,-49.9024772644043,0.02,0.04,0.02,0.09,1768451574.4599872,62.759886
XKF1,65504621,0,36.59,-1.72,222.04,-15.572915077209473,-15.604592323303223,-0.09005890786647797,-0.10506726801395416,-266.39935302734375,65.19021606445312,-49.908531188964844,0.02,0.04,0.02,0.09,1768451574.4599872,62.759886
XKF1,65544605,0,36.54,-1.72,222.58,-15.421136856079102,-15.751913070678711,-0.0914572924375534,-0.10756368190050125,-267.0148620605469,64.56755828857422,-49.912689208984375,0.02,0.04,0.02,0.09,1768451574.4999712,62.79987
XKF1,65544605,1,36.52,-1.73,222.54,-15.426860809326172,-15.746904373168945,-0.08775391429662704,-0.10523109883069992,-267.0189208984375,64.57202911376953,-49.90655517578125,0.02,0.04,0.02,0.09,1768451574.4999712,62.79987
XKF1,65584589,0,36.5,-1.74,223.13,-15.268479347229004,-15.89526081085205,-0.09006204456090927,-0.10676698386669159,-267.6247253417969,63.93865203857422,-49.916847229003906,0.02,0.04,0.02,0.09,1768451574.5399551,62.839854
XKF1,65584589,1,36.49,-1.75,223.09,-15.273905754089355,-15.890352249145508,-0.08618050813674927,-0.10446172207593918,-267.62890625,63.943115234375,-49.91059494018555,0.02,0.04,0.02,0.09,1768451574.5399551,62.839854
XKF1,65624573,1,36.45,-1.78,223.62,-15.121855735778809,-16.031600952148438,-0.08106064796447754,-0.09967599809169769,-268.233154296875,63.30812454223633,-49.91453170776367,0.02,0.04,0.02,0.09,1768451574.5799391,62.879838
XKF1,65624573,0,36.47,-1.77,223.68,-15.117462158203125,-16.035659790039062,-0.08449634164571762,-0.10167225450277328,-268.2288513183594,63.30364227294922,-49.92085647583008,0.02,0.04,0.02,0.09,1768451574.5799391,62.879838
XKF1,65664557,0,36.43,-1.8,224.2,-14.965147018432617,-16.171607971191406,-0.07700460404157639,-0.09439358115196228,-268.8264465332031,62.66392135620117,-49.924617767333984,0.02,0.04,0.02,0.09,1768451574.619923,62.919822
XKF1,65664557,1,36.42,-1.8,224.16,-14.96977424621582,-16.16841697692871,-0.07355557382106781,-0.09243416041135788,-268.8307800292969,62.668338775634766,-49.9182243347168,0.02,0.04,0.02,0.09,1768451574.619923,62.919822
XKF1,65704541,1,36.38,-1.83,224.65,-14.819489479064941,-16.299997329711914,-0.06305904686450958,-0.08292686939239502,-269.4219055175781,62.02377700805664,-49.92147445678711,0.02,0.04,0.02,0.09,1768451574.659907,62.959806
XKF1,65704541,0,36.39,-1.83,224.71,-14.815275192260742,-16.303396224975586,-0.06589241325855255,-0.08408410102128983,-269.41754150390625,62.01948165893555,-49.92791748046875,0.02,0.04,0.02,0.09,1768451574.659907,62.959806
XKF1,65744525,0,36.37,-1.85,225.23,-14.66566276550293,-16.43551254272461,-0.05499761179089546,-0.07150133699178696,-270.003173828125,61.36922073364258,-49.93068313598633,0.02,0.04,0.02,0.09,1768451574.699891,62.99979
XKF1,65744525,1,36.35,-1.85,225.19,-14.67388916015625,-16.427974700927734,-0.05329294130206108,-0.07177192717790604,-269.9953308105469,61.38714599609375,-49.92416763305664,0.02,0.04,0.02,0.09,1768451574.699891,62.99979
XKF1,65784509,0,36.35,-1.87,225.78,-14.512175559997559,-16.566312789916992,-0.046270743012428284,-0.06110058352351189,-270.5831604003906,60.71321105957031,-49.93301010131836,0.02,0.04,0.02,0.09,1768451574.739875,63.039774
XKF1,65784509,1,36.34,-1.87,225.74,-14.521468162536621,-16.559005737304688,-0.04547912999987602,-0.062138114124536514,-270.5755310058594,60.731258392333984,-49.92652130126953,0.02,0.04,0.02,0.09,1768451574.739875,63.039774
XKF1,65824493,1,36.34,-1.89,226.29,-14.364947319030762,-16.691417694091797,-0.03985035791993141,-0.0515374094247818,-271.14996337890625,60.069698333740234,-49.92802047729492,0.02,0.04,0.02,0.09,1768451574.779859,63.079758
XKF1,65824493,0,36.35,-1.88,226.34,-14.355201721191406,-16.69686508178711,-0.039406683295965195,-0.04932364448904991,-271.1573181152344,60.05155944824219,-49.93443298339844,0.02,0.04,0.02,0.09,1768451574.779859,63.079758
XKF1,65864477,1,36.34,-1.9,226.86,-14.204968452453613,-16.821369171142578,-0.037950463593006134,-0.04194387421011925,-271.7176513671875,59.403411865234375,-49.92943572998047,0.02,0.04,0.02,0.09,1768451574.819843,63.119742
XKF1,65864477,0,36.35,-1.89,226.9,-14.193910598754883,-16.82765007019043,-0.03619102016091347,-0.03850787132978439,-271.7247619628906,59.38522720336914,-49.93571472167969,0.02,0.04,0.02,0.09,1768451574.819843,63.119742
XKF1,65904461,1,36.33,-1.91,227.4,-14.04446792602539,-16.951515197753906,-0.03635745123028755,-0.03576705604791641,-272.2786560058594,58.73228454589844,-49.930450439453125,0.02,0.04,0.02,0.09,1768451574.859827,63.159726
XKF1,65904461,0,36.34,-1.9,227.45,-14.03292179107666,-16.957435607910156,-0.03475792706012726,-0.03236090764403343,-272.2855224609375,58.71407699584961,-49.93657302856445,0.02,0.04,0.02,0.09,1768451574.859827,63.159726
XKF1,65944445,0,36.34,-1.91,228.0,-13.868420600891113,-17.086950302124023,-0.03335260972380638,-0.020507968962192535,-272.8402099609375,58.0372428894043,-49.937129974365234,0.02,0.04,0.02,0.09,1768451574.899811,63.19971
XKF1,65944445,1,36.33,-1.92,227.96,-13.88025188446045,-17.079618453979492,-0.03557056188583374,-0.024828756228089333,-272.8336486816406,58.055511474609375,-49.9311637878418,0.02,0.04,0.02,0.09,1768451574.899811,63.19971
XKF1,65984429,0,36.35,-1.92,228.55,-13.702120780944824,-17.214202880859375,-0.03103545494377613,-0.012278426438570023,-273.38861083984375,57.35479736328125,-49.937721252441406,0.02,0.04,0.02,0.09,1768451574.939795,63.239694
XKF1,65984429,1,36.33,-1.93,228.51,-13.717799186706543,-17.20832633972168,-0.03182141110301018,-0.015150578692555428,-273.3824462890625,57.37314987182617,-49.93190383911133,0.02,0.04,0.02,0.09,1768451574.939795,63.239694
XKF1,66024413,0,36.36,-1.95,229.08,-13.538537979125977,-17.338716506958008,-0.02566606178879738,-0.0033130422234535217,-273.93072509765625,56.66691589355469,-49.9378662109375,0.02,0.04,0.02,0.09,1768451574.9797792,63.279678
XKF1,66024413,1,36.34,-1.96,229.03,-13.553197860717773,-17.33498191833496,-0.026003515347838402,-0.0058880033902823925,-273.925048828125,56.6853141784668,-49.932167053222656,0.02,0.04,0.02,0.09,1768451574.9797792,63.279678
XKF1,66064397,1,36.34,-2.0,229.55,-13.39074993133545,-17.45655632019043,-0.01424172893166542,0.008371299132704735,-274.4610290527344,55.99264144897461,-49.93215560913086,0.02,0.04,0.02,0.09,1768451575.0197632,63.319662
XKF1,66064397,0,36.36,-2.0,229.59,-13.376147270202637,-17.460262298583984,-0.01339053176343441,0.011423586867749691,-274.4662170410156,55.97444534301758,-49.93778610229492,0.02,0.04,0.02,0.09,1768451575.0197632,63.319662
XKF1,66104381,1,36.35,-2.04,230.07,-13.227569580078125,-17.574871063232422,-0.0002621429448481649,0.022857852280139923,-274.990478515625,55.29520797729492,-49.93132400512695,0.02,0.04,0.02,0.09,1768451575.0597472,63.359646
XKF1,66104381,0,36.36,-2.04,230.12,-13.214362144470215,-17.578258514404297,0.0010654054349288344,0.02515568770468235,-274.9951477050781,55.27739334106445,-49.93691635131836,0.02,0.04,0.02,0.09,1768451575.0597472,63.359646
XKF1,66144365,0,36.37,-2.06,230.65,-13.052118301391602,-17.696706771850586,0.016089340671896935,0.04469822347164154,-275.5179443359375,54.5751953125,-49.93529510498047,0.02,0.04,0.02,0.09,1768451575.0997312,63.39963
XKF1,66144365,1,36.36,-2.07,230.6,-13.065088272094727,-17.694185256958008,0.01436055637896061,0.04278041049838066,-275.51373291015625,54.59265899658203,-49.92977523803711,0.02,0.04,0.02,0.09,1768451575.0997312,63.39963
XKF1,66184349,1,36.38,-2.08,231.12,-12.90050220489502,-17.814010620117188,0.024918917566537857,0.05542663484811783,-276.03076171875,53.8849983215332,-49.92790985107422,0.02,0.04,0.02,0.09,1768451575.1397152,63.439614
XKF1,66184349,0,36.39,-2.07,231.17,-12.88953971862793,-17.815359115600586,0.02623891457915306,0.05659604072570801,-276.03448486328125,53.86787414550781,-49.933380126953125,0.02,0.04,0.02,0.09,1768451575.1397152,63.439614
XKF1,66224333,1,36.41,-2.07,231.65,-12.73281478881836,-17.930625915527344,0.030545279383659363,0.059472937136888504,-276.5413818359375,53.172359466552734,-49.92601776123047,0.02,0.04,0.02,0.09,1768451575.1796992,63.479598
XKF1,66224333,0,36.42,-2.06,231.7,-12.721222877502441,-17.932151794433594,0.031667064875364304,0.06028399616479874,-276.544677734375,53.15553665161133,-49.93141555786133,0.02,0.04,0.02,0.09,1768451575.1796992,63.479598
XKF1,66264317,1,36.44,-2.05,232.2,-12.561837196350098,-18.050342559814453,0.031458403915166855,0.05642009899020195,-277.0453186035156,52.455074310302734,-49.92399215698242,0.02,0.04,0.02,0.09,1768451575.2196832,63.519582
XKF1,66264317,0,36.45,-2.05,232.24,-12.55036449432373,-18.050731658935547,0.03175345063209534,0.056630756705999374,-277.0481872558594,52.438716888427734,-49.92938995361328,0.02,0.04,0.02,0.09,1768451575.2196832,63.519582
XKF1,66305134,1,36.46,-2.05,232.75,-12.378437995910645,-18.172279357910156,0.03171291947364807,0.05449393764138222,-277.5630798339844,51.70283889770508,-49.92219924926758,0.02,0.04,0.02,0.09,1768451575.2605002,63.560399
XKF1,66305134,0,36.47,-2.04,232.79,-12.375702857971191,-18.169960021972656,0.03338038548827171,0.05573178082704544,-277.544921875,51.71733474731445,-49.92766571044922,0.02,0.04,0.02,0.09,1768451575.2605002,63.560399
XKF1,66345118,1,36.46,-2.04,233.31,-12.20175552368164,-18.28854751586914,0.027919379994273186,0.04297898709774017,-278.05303955078125,50.97576141357422,-49.9208869934082,0.02,0.04,0.02,0.09,1768451575.3004842,63.600383
XKF1,66345118,0,36.47,-2.04,233.36,-12.199651718139648,-18.286880493164062,0.0308992937207222,0.04494988173246384,-278.0348205566406,50.99087905883789,-49.926292419433594,0.02,0.04,0.02,0.09,1768451575.3004842,63.600383
XKF1,66385102,1,36.46,-2.03,233.89,-12.02212142944336,-18.404884338378906,0.024639436975121498,0.03326559066772461,-278.5360412597656,50.243778228759766,-49.91973876953125,0.02,0.04,0.02,0.09,1768451575.3404682,63.640367
XKF1,66385102,0,36.47,-2.03,233.94,-12.015657424926758,-18.404834747314453,0.02716958522796631,0.03442957252264023,-278.5278015136719,50.24412536621094,-49.925052642822266,0.02,0.04,0.02,0.09,1768451575.3404682,63.640367
XKF1,66425086,1,36.46,-2.01,234.48,-11.839885711669922,-18.52189064025879,0.019423019140958786,0.02760392799973488,-279.0119934082031,49.50689697265625,-49.91801834106445,0.02,0.04,0.02,0.09,1768451575.3804522,63.680351
XKF1,66425086,0,36.47,-2.0,234.53,-11.833327293395996,-18.520769119262695,0.021605726331472397,0.028608663007616997,-279.0035095214844,49.50768280029297,-49.923248291015625,0.02,0.04,0.02,0.09,1768451575.3804522,63.680351
XKF1,66465070,0,36.49,-1.97,235.11,-11.647161483764648,-18.640525817871094,0.011192971840500832,0.029670944437384605,-279.4766845703125,48.75823211669922,-49.920570373535156,0.02,0.04,0.02,0.09,1768451575.4204361,63.720335
XKF1,66465070,1,36.48,-1.98,235.06,-11.653731346130371,-18.641630172729492,0.009047417901456356,0.028184693306684494,-279.4849548339844,48.75748062133789,-49.91547393798828,0.02,0.04,0.02,0.09,1768451575.4204361,63.720335
XKF1,66505054,1,36.51,-1.96,235.61,-11.467378616333008,-18.761457443237305,0.001944826333783567,0.03635568171739578,-279.9500732421875,48.00434494018555,-49.913719177246094,0.02,0.04,0.02,0.09,1768451575.4604201,63.760319
XKF1,66505054,0,36.51,-1.95,235.66,-11.461247444152832,-18.759281158447266,0.002962530357763171,0.03754677250981331,-279.94195556640625,48.005096435546875,-49.91870880126953,0.02,0.04,0.02,0.09,1768451575.4604201,63.760319
XKF1,66545038,1,36.51,-1.94,236.14,-11.280673027038574,-18.874309539794922,-0.005108487326651812,0.032483525574207306,-280.4073791503906,47.24686050415039,-49.91259765625,0.02,0.04,0.02,0.09,1768451575.5004041,63.800303
XKF1,66545038,0,36.52,-1.93,236.2,-11.275932312011719,-18.872150421142578,-0.003787512192502618,0.03468739613890648,-280.3994140625,47.24763488769531,-49.91748809814453,0.02,0.04,0.02,0.09,1768451575.5004041,63.800303
XKF1,66585022,1,36.52,-1.9,236.69,-11.093098640441895,-18.985891342163086,-0.012943766079843044,0.023268993943929672,-280.85693359375,46.48542404174805,-49.91189956665039,0.02,0.04,0.02,0.09,1768451575.540388,63.840287
XKF1,66585022,0,36.53,-1.89,236.73,-11.089028358459473,-18.983789443969727,-0.011034207418560982,0.026286734268069267,-280.84912109375,46.48622131347656,-49.91667556762695,0.02,0.04,0.02,0.09,1768451575.540388,63.840287
XKF1,66625006,1,36.53,-1.88,237.22,-10.906335830688477,-19.094928741455078,-0.020643211901187897,0.010030016303062439,-281.2987365722656,45.72004699707031,-49.91217803955078,0.02,0.04,0.02,0.09,1768451575.580372,63.880271
XKF1,66625006,0,36.53,-1.87,237.28,-10.90265941619873,-19.092689514160156,-0.018654024228453636,0.013267286121845245,-281.2910461425781,45.720855712890625,-49.916812896728516,0.02,0.04,0.02,0.09,1768451575.580372,63.880271
XKF1,66664990,1,36.53,-1.84,237.8,-10.719121932983398,-19.203731536865234,-0.029734302312135696,-0.0032592685893177986,-281.7361145019531,44.944358825683594,-49.911808013916016,0.02,0.04,0.02,0.09,1768451575.620356,63.920255
XKF1,66664990,0,36.54,-1.84,237.85,-10.715410232543945,-19.201526641845703,-0.028075233101844788,-0.00029250248917378485,-281.72869873046875,44.94520950317383,-49.91633605957031,0.02,0.04,0.02,0.09,1768451575.620356,63.920255
XKF1,66704974,0,36.52,-1.82,238.44,-10.523862838745117,-19.313573837280273,-0.04022091627120972,-0.00866773258894682,-282.1581115722656,44.166259765625,-49.91666030883789,0.02,0.04,0.02,0.09,1768451575.66034,63.960239
XKF1,66704974,1,36.51,-1.83,238.4,-10.528590202331543,-19.315750122070312,-0.04098810255527496,-0.010583982802927494,-282.16534423828125,44.165382385253906,-49.912200927734375,0.02,0.04,0.02,0.09,1768451575.66034,63.960239
XKF1,66744958,0,36.49,-1.83,239.03,-10.330475807189941,-19.41909408569336,-0.04977651312947273,-0.021078811958432198,-282.5792541503906,43.38396072387695,-49.9177360534668,0.02,0.04,0.02,0.09,1768451575.700324,64.000223
XKF1,66744958,1,36.48,-1.84,238.98,-10.335075378417969,-19.421598434448242,-0.05015162378549576,-0.022626705467700958,-282.5863342285156,43.38304901123047,-49.913330078125,0.02,0.04,0.02,0.09,1768451575.700324,64.000223
XKF1,66784942,0,36.47,-1.84,239.62,-10.135078430175781,-19.524818420410156,-0.05813972279429436,-0.03351704031229019,-282.99212646484375,42.598304748535156,-49.91925811767578,0.02,0.04,0.02,0.09,1768451575.740308,64.040207
XKF1,66784942,1,36.46,-1.85,239.57,-10.139155387878418,-19.527002334594727,-0.058412957936525345,-0.03484221547842026,-282.9990539550781,42.597354888916016,-49.91489028930664,0.02,0.04,0.02,0.09,1768451575.740308,64.040207
XKF1,66824926,0,36.47,-1.86,240.19,-9.94244384765625,-19.627477645874023,-0.06058158725500107,-0.03603585064411163,-283.3967590332031,41.80921173095703,-49.920257568359375,0.02,0.04,0.02,0.09,1768451575.780292,64.080191
XKF1,66824926,1,36.47,-1.87,240.13,-9.946599960327148,-19.63007164001465,-0.06039458513259888,-0.036845140159130096,-283.40362548828125,41.80821990966797,-49.91593933105469,0.02,0.04,0.02,0.09,1768451575.780292,64.080191
XKF1,66864910,1,36.47,-1.88,240.68,-9.753583908081055,-19.732179641723633,-0.058146361261606216,-0.026904860511422157,-283.80242919921875,41.0101432800293,-49.916282653808594,0.02,0.04,0.02,0.09,1768451575.820276,64.120175
XKF1,66864910,0,36.47,-1.87,240.73,-9.749391555786133,-19.729887008666992,-0.05775902047753334,-0.02556307055056095,-283.7957763671875,41.01118087768555,-49.92057800292969,0.02,0.04,0.03,0.09,1768451575.820276,64.120175
XKF1,66904894,1,36.46,-1.89,241.19,-9.56364631652832,-19.830297470092773,-0.051413245499134064,-0.011213347315788269,-284.19293212890625,40.20933151245117,-49.9166145324707,0.02,0.04,0.02,0.09,1768451575.8602602,64.160159
XKF1,66904894,0,36.47,-1.89,241.23,-9.559073448181152,-19.82729148864746,-0.05109557881951332,-0.010236965492367744,-284.1864318847656,40.21041488647461,-49.92087173461914,0.02,0.04,0.03,0.09,1768451575.8602602,64.160159
XKF1,66944878,1,36.44,-1.91,241.68,-9.37697982788086,-19.922565460205078,-0.041695285588502884,0.002507162047550082,-284.57537841796875,39.405853271484375,-49.91677474975586,0.02,0.04,0.02,0.09,1768451575.9002442,64.200143
XKF1,66944878,0,36.45,-1.9,241.74,-9.372551918029785,-19.919437408447266,-0.040956929326057434,0.0039216806180775166,-284.5690002441406,39.4069938659668,-49.92098617553711,0.02,0.04,0.03,0.09,1768451575.9002442,64.200143
XKF1,66984862,1,36.43,-1.93,242.21,-9.191411972045898,-20.01092529296875,-0.031657468527555466,0.012035049498081207,-284.94989013671875,38.5997314453125,-49.916744232177734,0.02,0.04,0.02,0.09,1768451575.9402282,64.240127
XKF1,66984862,0,36.44,-1.92,242.25,-9.187299728393555,-20.007909774780273,-0.03134576976299286,0.012946109287440777,-284.943603515625,38.6009521484375,-49.920902252197266,0.02,0.04,0.03,0.09,1768451575.9402282,64.240127
XKF1,67024846,0,36.42,-1.93,242.77,-9.00251293182373,-20.0953369140625,-0.02249433472752571,0.020461220294237137,-285.31036376953125,37.79226303100586,-49.920257568359375,0.02,0.04,0.03,0.09,1768451575.9802122,64.280111
XKF1,67024846,1,36.41,-1.94,242.72,-9.0068941116333,-20.098596572875977,-0.023755108937621117,0.018596772104501724,-285.3166198730469,37.79096603393555,-49.916175842285156,0.02,0.04,0.02,0.09,1768451575.9802122,64.280111
XKF1,67064830,0,36.41,-1.94,243.29,-8.815485954284668,-20.18381690979004,-0.014048409648239613,0.03206566721200943,-285.67144775390625,36.97624588012695,-49.91863250732422,0.02,0.04,0.03,0.09,1768451576.0201962,64.320095
XKF1,67064830,1,36.4,-1.95,243.25,-8.819178581237793,-20.187448501586914,-0.01485175359994173,0.030574243515729904,-285.6775207519531,36.974884033203125,-49.914615631103516,0.02,0.05,0.03,0.09,1768451576.0201962,64.320095
XKF1,67104814,0,36.4,-1.96,243.82,-8.628483772277832,-20.26838493347168,-0.007574581541121006,0.043935179710388184,-286.0244445800781,36.15802001953125,-49.91682052612305,0.02,0.04,0.03,0.09,1768451576.0601802,64.360079
XKF1,67104814,1,36.39,-1.97,243.78,-8.633241653442383,-20.271854400634766,-0.008155296556651592,0.04275722801685333,-286.0303649902344,36.15657424926758,-49.912872314453125,0.02,0.05,0.03,0.09,1768451576.0601802,64.360079
XKF1,67144798,0,36.39,-1.98,244.36,-8.440725326538086,-20.352807998657227,-0.001642112503759563,0.05371083319187164,-286.369384765625,35.33750534057617,-49.91490173339844,0.02,0.04,0.03,0.09,1768451576.1001642,64.400063
XKF1,67144798,1,36.38,-1.98,244.31,-8.445534706115723,-20.357114791870117,-0.002478990936651826,0.052141014486551285,-286.375244140625,35.335968017578125,-49.9110107421875,0.02,0.05,0.03,0.09,1768451576.1001642,64.400063
XKF1,67184782,1,36.39,-2.01,244.86,-8.255910873413086,-20.438674926757812,0.0038531941827386618,0.057611722499132156,-286.71209716796875,34.51301956176758,-49.909156799316406,0.02,0.05,0.03,0.09,1768451576.1401482,64.440047
XKF1,67184782,0,36.4,-2.0,244.9,-8.251148223876953,-20.43414306640625,0.003889860352501273,0.058407604694366455,-286.706298828125,34.51466751098633,-49.912994384765625,0.02,0.04,0.03,0.09,1768451576.1401482,64.440047
XKF1,67224766,1,36.4,-2.02,245.41,-8.063504219055176,-20.519079208374023,0.008889860473573208,0.05961613729596138,-287.0409851074219,33.68768310546875,-49.90708541870117,0.02,0.05,0.03,0.09,1768451576.1801322,64.480031
XKF1,67224766,0,36.41,-2.01,245.46,-8.059757232666016,-20.514583587646484,0.008132511749863625,0.059817295521497726,-287.0351867675781,33.689456939697266,-49.910911560058594,0.02,0.04,0.03,0.09,1768451576.1801322,64.480031
XKF1,67264750,1,36.4,-2.01,245.98,-7.866775035858154,-20.597576141357422,0.00992727279663086,0.05764688923954964,-287.3609313964844,32.862709045410156,-49.905494689941406,0.02,0.04,0.02,0.09,1768451576.2201161,64.520015
XKF1,67264750,0,36.41,-2.01,246.02,-7.862644195556641,-20.592599868774414,0.009629180654883385,0.05834401026368141,-287.35528564453125,32.864601135253906,-49.9093132019043,0.02,0.04,0.03,0.09,1768451576.2201161,64.520015
XKF1,67304734,1,36.38,-1.99,246.55,-7.665914535522461,-20.673603057861328,0.005115097854286432,0.04109085723757744,-287.67205810546875,32.03765106201172,-49.904205322265625,0.02,0.04,0.02,0.09,1768451576.2601001,64.559999
XKF1,67304734,0,36.39,-1.98,246.59,-7.661287307739258,-20.668874740600586,0.0069152843207120895,0.04362035170197487,-287.66650390625,32.03964614868164,-49.90797424316406,0.02,0.04,0.03,0.09,1768451576.2601001,64.559999
XKF1,67344718,0,36.36,-1.95,247.15,-7.457624912261963,-20.745283126831055,-0.0015274728648364544,0.03082924708724022,-287.9695129394531,31.211637496948242,-49.906715393066406,0.02,0.04,0.03,0.09,1768451576.300084,64.599983
XKF1,67344718,1,36.35,-1.96,247.1,-7.463318824768066,-20.749948501586914,-0.0037770969793200493,0.02799014374613762,-287.97503662109375,31.209531784057617,-49.903045654296875,0.02,0.04,0.02,0.09,1768451576.300084,64.599983
XKF1,67384702,0,36.33,-1.92,247.7,-7.2551469802856445,-20.816125869750977,-0.010910538956522942,0.018513433635234833,-288.2642517089844,30.38072967529297,-49.9059944152832,0.02,0.04,0.03,0.09,1768451576.340068,64.639967
XKF1,67384702,1,36.33,-1.93,247.66,-7.26003360748291,-20.821836471557617,-0.012944786809384823,0.015900496393442154,-288.269775390625,30.378490447998047,-49.902435302734375,0.02,0.04,0.02,0.09,1768451576.340068,64.639967
XKF1,67424686,0,36.33,-1.9,248.26,-7.051785945892334,-20.88432502746582,-0.018261948600411415,0.009682659059762955,-288.5508117675781,29.547096252441406,-49.905303955078125,0.02,0.04,0.03,0.09,1768451576.380052,64.679951
XKF1,67424686,1,36.32,-1.91,248.21,-7.055948257446289,-20.889537811279297,-0.019710417836904526,0.007589719258248806,-288.5562744140625,29.544713973999023,-49.90186309814453,0.02,0.04,0.02,0.09,1768451576.380052,64.679951
XKF1,67464670,0,36.34,-1.9,248.83,-6.848261833190918,-20.948251724243164,-0.02437402494251728,0.004134980961680412,-288.8285827636719,28.71312141418457,-49.905452728271484,0.02,0.04,0.02,0.09,1768451576.420036,64.719935
XKF1,67464670,1,36.33,-1.9,248.79,-6.853245258331299,-20.95444107055664,-0.025828616693615913,0.0018332345644012094,-288.8340148925781,28.710620880126953,-49.90209197998047,0.02,0.04,0.02,0.09,1768451576.420036,64.719935
XKF1,67504654,1,36.34,-1.88,249.36,-6.647211074829102,-21.0165958404541,-0.035608384758234024,-0.016527755185961723,-289.10302734375,27.87589454650879,-49.90325927734375,0.02,0.04,0.02,0.09,1768451576.46002,64.759919
XKF1,67504654,0,36.35,-1.88,249.4,-6.64251708984375,-21.009614944458008,-0.03135151416063309,-0.011790125630795956,-289.09765625,27.8785343170166,-49.906494140625,0.02,0.04,0.02,0.09,1768451576.46002,64.759919
XKF1,67544638,1,36.36,-1.85,249.92,-6.439173698425293,-21.07670783996582,-0.04323076084256172,-0.035952795296907425,-289.3638610839844,27.03863525390625,-49.90497589111328,0.02,0.04,0.02,0.09,1768451576.500004,64.799903
XKF1,67544638,0,36.36,-1.84,249.97,-6.433628082275391,-21.070446014404297,-0.04094913601875305,-0.03326253965497017,-289.3585510253906,27.041431427001953,-49.908077239990234,0.02,0.04,0.02,0.09,1768451576.500004,64.799903
XKF1,67584622,1,36.38,-1.83,250.52,-6.231301784515381,-21.136375427246094,-0.05271220579743385,-0.053634434938430786,-289.616455078125,26.198219299316406,-49.90708541870117,0.02,0.04,0.02,0.09,1768451576.539988,64.839887
XKF1,67584622,0,36.39,-1.82,250.56,-6.225369453430176,-21.129716873168945,-0.05129505321383476,-0.051759589463472366,-289.6111145019531,26.2011661529541,-49.91008377075195,0.02,0.04,0.02,0.09,1768451576.539988,64.839887
XKF1,67624606,1,36.39,-1.83,251.09,-6.02187967300415,-21.193090438842773,-0.059554699808359146,-0.06373463571071625,-289.86077880859375,25.35515594482422,-49.909210205078125,0.02,0.04,0.02,0.09,1768451576.579972,64.879871
XKF1,67624606,0,36.4,-1.82,251.14,-6.01637077331543,-21.18653106689453,-0.05845552682876587,-0.062016505748033524,-289.8553771972656,25.358264923095703,-49.912132263183594,0.02,0.04,0.02,0.09,1768451576.579972,64.879871
XKF1,67664590,0,36.44,-1.82,251.69,-5.807861804962158,-21.240398406982422,-0.06145167350769043,-0.06453055888414383,-290.0909729003906,24.514667510986328,-49.9146842956543,0.02,0.04,0.02,0.09,1768451576.619956,64.919855
XKF1,67664590,1,36.43,-1.83,251.65,-5.8125715255737305,-21.246431350708008,-0.06417741626501083,-0.06787742674350739,-290.0963134765625,24.511436462402344,-49.911827087402344,0.02,0.04,0.02,0.09,1768451576.619956,64.919855
XKF1,67704574,0,36.48,-1.81,252.22,-5.600510597229004,-21.291942596435547,-0.06284626573324203,-0.07086960226297379,-290.3179931640625,23.670175552368164,-49.91747283935547,0.02,0.04,0.02,0.09,1768451576.6599402,64.959839
XKF1,67704574,1,36.47,-1.82,252.18,-5.605650901794434,-21.2978515625,-0.0645100474357605,-0.07246444374322891,-290.3232421875,23.66689109802246,-49.91468811035156,0.02,0.04,0.02,0.09,1768451576.6599402,64.959839
XKF1,67744558,0,36.5,-1.81,252.75,-5.397706031799316,-21.34064483642578,-0.059483930468559265,-0.07019013166427612,-290.5368957519531,22.823043823242188,-49.92018127441406,0.02,0.04,0.02,0.09,1768451576.6999242,64.999823
XKF1,67744558,1,36.5,-1.82,252.71,-5.403209686279297,-21.347286224365234,-0.06214176118373871,-0.07263282686471939,-290.5421447753906,22.819660186767578,-49.91746520996094,0.02,0.04,0.02,0.09,1768451576.6999242,64.999823
XKF1,67784542,0,36.5,-1.82,253.27,-5.196296691894531,-21.387739181518555,-0.05403264984488487,-0.06637391448020935,-290.74786376953125,21.973453521728516,-49.9227294921875,0.02,0.04,0.02,0.09,1768451576.7399082,65.039807
XKF1,67784542,1,36.49,-1.82,253.23,-5.199909687042236,-21.394487380981445,-0.05665341392159462,-0.06855013966560364,-290.7530822753906,21.96993637084961,-49.920108795166016,0.02,0.04,0.02,0.09,1768451576.7399082,65.039807
XKF1,67824526,1,36.48,-1.83,253.76,-5.003949165344238,-21.43743324279785,-0.049912530928850174,-0.06093405932188034,-290.9518737792969,21.135740280151367,-49.922096252441406,0.02,0.04,0.02,0.09,1768451576.7798922,65.079791
XKF1,67824526,0,36.49,-1.83,253.81,-4.995271682739258,-21.433578491210938,-0.047512754797935486,-0.05884015932679176,-290.95086669921875,21.12150764465332,-49.924659729003906,0.02,0.04,0.02,0.09,1768451576.7798922,65.079791
XKF1,67864510,1,36.48,-1.86,254.3,-4.804568767547607,-21.480554580688477,-0.04387521371245384,-0.051257748156785965,-291.1470947265625,20.283065795898438,-49.92403793334961,0.02,0.04,0.02,0.09,1768451576.8198762,65.119775
XKF1,67864510,0,36.49,-1.85,254.34,-4.796337127685547,-21.47611427307129,-0.04188968241214752,-0.04953990504145622,-291.1459655761719,20.26884651184082,-49.92649841308594,0.02,0.04,0.02,0.09,1768451576.8198762,65.119775
XKF1,67904494,1,36.46,-1.88,254.83,-4.604847431182861,-21.52149772644043,-0.036635622382164,-0.04366511479020119,-291.3344421386719,19.429597854614258,-49.92581558227539,0.02,0.04,0.02,0.09,1768451576.8598602,65.159759
XKF1,67904494,0,36.47,-1.87,254.88,-4.5968804359436035,-21.517688751220703,-0.03437914699316025,-0.04170253127813339,-291.333251953125,19.41535186767578,-49.92818832397461,0.02,0.04,0.02,0.09,1768451576.8598602,65.159759
XKF1,67944478,1,36.43,-1.91,255.38,-4.40584659576416,-21.55905532836914,-0.02813870646059513,-0.035901255905628204,-291.51385498046875,18.573841094970703,-49.92729949951172,0.02,0.04,0.02,0.09,1768451576.8998442,65.199743
XKF1,67944478,0,36.44,-1.91,255.42,-4.397338390350342,-21.555110931396484,-0.025287894532084465,-0.03323964774608612,-291.5125732421875,18.55958366394043,-49.92958450317383,0.02,0.04,0.02,0.09,1768451576.8998442,65.199743
XKF1,67984462,0,36.41,-1.93,255.96,-4.196938514709473,-21.59410285949707,-0.016633285209536552,-0.025407304987311363,-291.68402099609375,17.70169448852539,-49.930625915527344,0.02,0.04,0.02,0.09,1768451576.9398282,65.239727
XKF1,67984462,1,36.4,-1.93,255.93,-4.205310344696045,-21.596294403076172,-0.018976965919137,-0.02751283533871174,-291.6854248046875,17.715972900390625,-49.928443908691406,0.02,0.04,0.02,0.09,1768451576.9398282,65.239727
XKF1,68024446,0,36.4,-1.94,256.51,-3.9963419437408447,-21.629108428955078,-0.010737147182226181,-0.017513616010546684,-291.8474426269531,16.84178352355957,-49.930931091308594,0.02,0.04,0.02,0.09,1768451576.9798121,65.279711
XKF1,68024446,1,36.39,-1.95,256.46,-4.004978656768799,-21.63132667541504,-0.012103365734219551,-0.018798887729644775,-291.8490295410156,16.856121063232422,-49.9288444519043,0.02,0.04,0.02,0.09,1768451576.9798121,65.279711
XKF1,68064430,0,36.39,-1.93,257.04,-3.7934744358062744,-21.663225173950195,-0.008225614205002785,-0.010318748652935028,-292.0029296875,15.981139183044434,-49.93117141723633,0.02,0.04,0.02,0.09,1768451577.0197961,65.319695
XKF1,68064430,1,36.39,-1.94,257.01,-3.8028671741485596,-21.664194107055664,-0.0076100267469882965,-0.009863568469882011,-292.0046691894531,15.995379447937012,-49.92909240722656,0.02,0.04,0.02,0.09,1768451577.0197961,65.319695
XKF1,68104414,0,36.38,-1.91,257.6,-3.5873754024505615,-21.69393539428711,-0.010307477787137032,-0.010400828905403614,-292.1503601074219,15.119718551635742,-49.93153762817383,0.02,0.04,0.02,0.09,1768451577.0597801,65.359679
XKF1,68104414,1,36.38,-1.92,257.55,-3.595536708831787,-21.695606231689453,-0.008064769208431244,-0.007865125313401222,-292.1522216796875,15.133696556091309,-49.9293327331543,0.02,0.04,0.02,0.09,1768451577.0597801,65.359679
XKF1,68144398,1,36.38,-1.92,258.12,-3.3874611854553223,-21.72625732421875,-0.009531152434647083,-0.008821201510727406,-292.2915344238281,14.270174980163574,-49.929691314697266,0.02,0.04,0.02,0.09,1768451577.099764,65.399663
XKF1,68144398,0,36.39,-1.91,258.16,-3.378933906555176,-21.722932815551758,-0.012153102084994316,-0.012184658087790012,-292.2895202636719,14.256454467773438,-49.93204879760742,0.02,0.04,0.02,0.09,1768451577.099764,65.399663
XKF1,68184382,1,36.37,-1.92,258.68,-3.177375316619873,-21.755884170532227,-0.012297699227929115,-0.011689425446093082,-292.4224853515625,13.404911994934082,-49.93019485473633,0.02,0.04,0.02,0.09,1768451577.139748,65.439647
XKF1,68184382,0,36.38,-1.91,258.72,-3.169072151184082,-21.752796173095703,-0.015306954272091389,-0.015791308134794235,-292.4203186035156,13.391460418701172,-49.932708740234375,0.02,0.04,0.02,0.09,1768451577.139748,65.439647
XKF1,68224366,1,36.35,-1.91,259.23,-2.9696152210235596,-21.78462791442871,-0.014883260242640972,-0.011629720218479633,-292.5451354980469,12.53801441192627,-49.930213928222656,0.02,0.04,0.02,0.09,1768451577.179732,65.479631
XKF1,68224366,0,36.36,-1.91,259.28,-2.960533857345581,-21.779443740844727,-0.017748026177287102,-0.01567782275378704,-292.542724609375,12.524847984313965,-49.93286895751953,0.02,0.04,0.02,0.09,1768451577.179732,65.479631
XKF1,68264350,1,36.33,-1.92,259.79,-2.757524251937866,-21.811601638793945,-0.015345852822065353,-0.006730907596647739,-292.659423828125,11.670205116271973,-49.930419921875,0.02,0.04,0.02,0.09,1768451577.219716,65.519615
XKF1,68264350,0,36.34,-1.91,259.83,-2.7515010833740234,-21.80494499206543,-0.019396767020225525,-0.011755713261663914,-292.6568908691406,11.657519340515137,-49.933258056640625,0.02,0.04,0.02,0.09,1768451577.219716,65.519615
XKF1,68304334,0,36.3,-1.92,260.39,-2.543471097946167,-21.826946258544922,-0.021123670041561127,-0.011983707547187805,-292.7628173828125,10.78951358795166,-49.93376922607422,0.02,0.04,0.02,0.09,1768451577.2597,65.559599
XKF1,68304334,1,36.3,-1.93,260.34,-2.5499861240386963,-21.83366584777832,-0.01517071109265089,-0.005153533071279526,-292.765380859375,10.801563262939453,-49.930694580078125,0.02,0.04,0.02,0.09,1768451577.2597,65.559599
XKF1,68344318,0,36.26,-1.94,260.97,-2.3362834453582764,-21.848520278930664,-0.021539606153964996,-0.01202556025236845,-292.86041259765625,9.920090675354004,-49.93437194824219,0.02,0.04,0.02,0.09,1768451577.299684,65.599583
XKF1,68344318,1,36.25,-1.94,260.94,-2.3410255908966064,-21.854936599731445,-0.015802554786205292,-0.0055952477268874645,-292.863037109375,9.931591033935547,-49.93103790283203,0.02,0.04,0.02,0.09,1768451577.299684,65.599583
XKF1,68385135,0,36.26,-1.94,261.55,-2.1245081424713135,-21.868446350097656,-0.024741798639297485,-0.01606001891195774,-292.94964599609375,9.049399375915527,-49.935096740722656,0.02,0.04,0.02,0.09,1768451577.340501,65.6404
XKF1,68385135,1,36.25,-1.95,261.52,-2.1204850673675537,-21.87501335144043,-0.01949889585375786,-0.010100927203893661,-292.9558410644531,9.023958206176758,-49.931556701660156,0.02,0.04,0.02,0.09,1768451577.340501,65.6404
XKF1,68425119,0,36.28,-1.94,262.1,-1.912230134010315,-21.885242462158203,-0.025263875722885132,-0.01928023062646389,-293.0303649902344,8.177582740783691,-49.93624496459961,0.02,0.04,0.02,0.09,1768451577.380485,65.680384
XKF1,68425119,1,36.27,-1.94,262.07,-1.9099934101104736,-21.89362335205078,-0.020389501005411148,-0.013929799199104309,-293.0362854003906,8.151609420776367,-49.9324836730957,0.02,0.04,0.02,0.09,1768451577.380485,65.680384
XKF1,68465103,1,36.3,-1.95,262.61,-1.697831630706787,-21.916439056396484,-0.01765473000705242,-0.010461391881108284,-293.1087951660156,7.269021987915039,-49.932151794433594,0.02,0.04,0.02,0.09,1768451577.420469,65.720368
XKF1,68465103,0,36.31,-1.94,262.66,-1.6962944269180298,-21.90765953063965,-0.023233281448483467,-0.016230834648013115,-293.1046142578125,7.277439117431641,-49.93610763549805,0.02,0.04,0.02,0.09,1768451577.420469,65.720368
XKF1,68505087,1,36.33,-1.95,263.15,-1.4873716831207275,-21.935651779174805,-0.015246824361383915,0.0005066256271675229,-293.1727600097656,6.38640022277832,-49.931453704833984,0.02,0.04,0.02,0.09,1768451577.460453,65.760352
XKF1,68505087,0,36.34,-1.95,263.19,-1.4854047298431396,-21.92702293395996,-0.020466992631554604,-0.00428285775706172,-293.168701171875,6.395462512969971,-49.93559265136719,0.02,0.04,0.02,0.09,1768451577.460453,65.760352
XKF1,68545071,1,36.34,-1.97,263.66,-1.2770483493804932,-21.951017379760742,-0.010492181405425072,0.018200842663645744,-293.2282409667969,5.504138469696045,-49.9304084777832,0.02,0.04,0.02,0.09,1768451577.500437,65.800336
XKF1,68545071,0,36.35,-1.96,263.71,-1.2758756875991821,-21.94180679321289,-0.015867343172430992,0.013668072409927845,-293.22430419921875,5.513821601867676,-49.934722900390625,0.02,0.04,0.02,0.09,1768451577.500437,65.800336
XKF1,68585055,1,36.36,-1.98,264.21,-1.0691125392913818,-21.96358299255371,-0.006044118199497461,0.029454968869686127,-293.27532958984375,4.621494293212891,-49.929351806640625,0.02,0.04,0.02,0.09,1768451577.5404212,65.84032
XKF1,68585055,0,36.37,-1.98,264.25,-1.06734037399292,-21.954669952392578,-0.011012718081474304,0.02552235871553421,-293.2714538574219,4.631769180297852,-49.93384552001953,0.02,0.04,0.02,0.09,1768451577.5404212,65.84032
XKF1,68625039,1,36.37,-2.0,264.74,-0.8625189661979675,-21.975746154785156,0.0010237570386379957,0.04029291495680809,-293.3140563964844,3.7388339042663574,-49.92778015136719,0.02,0.04,0.02,0.09,1768451577.5804052,65.880304
XKF1,68625039,0,36.38,-2.0,264.78,-0.8607255816459656,-21.965808868408203,-0.0035364164505153894,0.0368044450879097,-293.3102722167969,3.749692678451538,-49.93242645263672,0.02,0.04,0.02,0.09,1768451577.5804052,65.880304
XKF1,68665023,1,36.37,-2.02,265.26,-0.6544585227966309,-21.98908805847168,0.009155573323369026,0.055045243352651596,-293.34466552734375,2.8494560718536377,-49.925193786621094,0.02,0.05,0.03,0.09,1768451577.6203892,65.920288
XKF1,68665023,0,36.38,-2.01,265.31,-0.6528598070144653,-21.979284286499023,0.0055385250598192215,0.05305517837405205,-293.3409729003906,2.860548734664917,-49.929866790771484,0.02,0.04,0.03,0.09,1768451577.6203892,65.920288
XKF1,68705007,1,36.36,-2.05,265.77,-0.4487382769584656,-22.000896453857422,0.018085530027747154,0.07167094200849533,-293.36688232421875,1.9607799053192139,-49.92274856567383,0.02,0.05,0.03,0.09,1768451577.6603732,65.960272
XKF1,68705007,0,36.37,-2.04,265.82,-0.4476046562194824,-21.990299224853516,0.014555389061570168,0.07073622941970825,-293.3633117675781,1.972143292427063,-49.92744064331055,0.02,0.04,0.03,0.09,1768451577.6603732,65.960272
XKF1,68744991,0,36.36,-2.04,266.33,-0.24278682470321655,-21.99897575378418,0.02292313054203987,0.0768866017460823,-293.3774108886719,1.0844091176986694,-49.925071716308594,0.02,0.04,0.03,0.09,1768451577.7003572,66.000256
XKF1,68744991,1,36.36,-2.05,266.27,-0.24281281232833862,-22.00943374633789,0.026478536427021027,0.07723332196474075,-293.3808288574219,1.0727531909942627,-49.92036437988281,0.02,0.05,0.03,0.09,1768451577.7003572,66.000256
XKF1,68784975,1,36.33,-2.02,266.83,-0.03358885645866394,-22.014493942260742,0.0279232244938612,0.07305708527565002,-293.386474609375,0.18538932502269745,-49.917930603027344,0.02,0.05,0.03,0.09,1768451577.7403412,66.04024
XKF1,68784975,0,36.34,-2.01,266.87,-0.034112948924303055,-22.005245208740234,0.02436031401157379,0.07294720411300659,-293.3831481933594,0.19730877876281738,-49.92267990112305,0.02,0.04,0.03,0.09,1768451577.7403412,66.04024
XKF1,68824959,0,36.32,-1.96,267.43,0.1819121539592743,-22.008115768432617,0.01470557227730751,0.05803494527935982,-293.3803405761719,-0.6891525983810425,-49.92066955566406,0.02,0.04,0.03,0.09,1768451577.7803252,66.080224
XKF1,68824959,1,36.32,-1.96,267.39,0.1827336847782135,-22.017845153808594,0.017697615548968315,0.05765959247946739,-293.3835144042969,-0.7013395428657532,-49.9158935546875,0.02,0.05,0.03,0.09,1768451577.7803252,66.080224
XKF1,68864943,1,36.29,-1.91,267.95,0.4005588889122009,-22.01909828186035,0.0024992432445287704,0.04060271382331848,-293.3716735839844,-1.593070149421692,-49.91394805908203,0.02,0.05,0.03,0.09,1768451577.8203092,66.120208
XKF1,68864943,0,36.3,-1.91,267.99,0.40044713020324707,-22.010404586791992,-6.233519525267184e-05,0.041595980525016785,-293.36871337890625,-1.5809334516525269,-49.91865921020508,0.02,0.04,0.03,0.09,1768451577.8203092,66.120208
XKF1,68904927,1,36.28,-1.88,268.51,0.6194681525230408,-22.01774787902832,-0.012201611883938313,0.0274304561316967,-293.3511047363281,-2.4834835529327393,-49.91245651245117,0.02,0.05,0.03,0.09,1768451577.8602931,66.160192
XKF1,68904927,0,36.29,-1.88,268.55,0.6183056235313416,-22.01026725769043,-0.014016848988831043,0.02958950586616993,-293.3482971191406,-2.471402645111084,-49.91708755493164,0.02,0.04,0.03,0.09,1768451577.8602931,66.160192
XKF1,68944911,0,36.29,-1.88,269.12,0.8357296586036682,-22.00691032409668,-0.024686310440301895,0.024925924837589264,-293.319091796875,-3.3605756759643555,-49.915916442871094,0.02,0.04,0.03,0.09,1768451577.9002771,66.200176
XKF1,68944911,1,36.29,-1.88,269.07,0.8373765349388123,-22.014450073242188,-0.02357456646859646,0.02182030864059925,-293.32171630859375,-3.3726134300231934,-49.911373138427734,0.02,0.05,0.03,0.09,1768451577.9002771,66.200176
XKF1,68984895,0,36.3,-1.88,269.69,1.0523799657821655,-22.003646850585938,-0.0333719477057457,0.017827866598963737,-293.2812194824219,-4.248531818389893,-49.91537094116211,0.02,0.04,0.03,0.09,1768451577.9402611,66.24016
XKF1,68984895,1,36.3,-1.88,269.65,1.0535497665405273,-22.010841369628906,-0.03186146542429924,0.015237657353281975,-293.28369140625,-4.260557651519775,-49.91090774536133,0.02,0.05,0.03,0.09,1768451577.9402611,66.24016
XKF1,69024879,1,36.32,-1.89,270.21,1.26816987991333,-22.004899978637695,-0.03691719099879265,0.0046800365671515465,-293.2370300292969,-5.147433280944824,-49.91149139404297,0.02,0.05,0.03,0.09,1768451577.980245,66.280144
XKF1,69024879,0,36.32,-1.88,270.26,1.266788363456726,-21.99760627746582,-0.03876705840229988,0.0068024396896362305,-293.2347106933594,-5.135391712188721,-49.915889739990234,0.02,0.04,0.03,0.09,1768451577.980245,66.280144
XKF1,69064863,0,36.34,-1.89,270.81,1.4818156957626343,-21.990482330322266,-0.041263945400714874,-0.004260600544512272,-293.1794128417969,-6.025969505310059,-49.91617202758789,0.02,0.04,0.03,0.09,1768451578.020229,66.320128
XKF1,69064863,1,36.34,-1.9,270.77,1.4826819896697998,-21.99730682373047,-0.04013798385858536,-0.007006067782640457,-293.1815490722656,-6.037765979766846,-49.911888122558594,0.02,0.05,0.03,0.09,1768451578.020229,66.320128
XKF1,69104847,1,36.37,-1.91,271.31,1.6952966451644897,-21.987871170043945,-0.038410019129514694,-0.009269220754504204,-293.1175231933594,-6.926477432250977,-49.91267395019531,0.02,0.05,0.03,0.09,1768451578.060213,66.360112
XKF1,69104847,0,36.38,-1.9,271.35,1.6936535835266113,-21.980451583862305,-0.03948067128658295,-0.006359159480780363,-293.1155700683594,-6.914859771728516,-49.91685485839844,0.02,0.04,0.03,0.09,1768451578.060213,66.360112
XKF1,69144831,0,36.43,-1.91,271.88,1.902993083000183,-21.969818115234375,-0.03682059422135353,-0.012228378094732761,-293.0433044433594,-7.802170753479004,-49.917762756347656,0.02,0.04,0.03,0.09,1768451578.100197,66.400096
XKF1,69144831,1,36.42,-1.92,271.83,1.9052183628082275,-21.976207733154297,-0.03563988581299782,-0.01502327062189579,-293.04510498046875,-7.813645839691162,-49.91367721557617,0.02,0.05,0.03,0.09,1768451578.100197,66.400096
XKF1,69184815,0,36.46,-1.93,272.4,2.110621929168701,-21.953231811523438,-0.029393786564469337,-0.01241628173738718,-292.96270751953125,-8.687912940979004,-49.91850662231445,0.02,0.04,0.03,0.09,1768451578.140181,66.44008
XKF1,69184815,1,36.46,-1.94,272.37,2.1121463775634766,-21.95981216430664,-0.027648545801639557,-0.014443972148001194,-292.9643859863281,-8.69926643371582,-49.91448974609375,0.02,0.05,0.03,0.09,1768451578.140181,66.44008
XKF1,69224799,0,36.48,-1.95,272.92,2.3171727657318115,-21.935943603515625,-0.0211494080722332,-0.014163206331431866,-292.87384033203125,-9.572051048278809,-49.919864654541016,0.02,0.04,0.03,0.09,1768451578.180165,66.480064
XKF1,69224799,1,36.47,-1.95,272.87,2.318432331085205,-21.9423770904541,-0.019934959709644318,-0.016433920711278915,-292.8753967285156,-9.583328247070312,-49.915916442871094,0.02,0.05,0.03,0.09,1768451578.180165,66.480064
XKF1,69264783,0,36.5,-1.95,273.43,2.5232768058776855,-21.916542053222656,-0.011650605127215385,-0.01667637750506401,-292.7775573730469,-10.45162582397461,-49.92121887207031,0.02,0.04,0.03,0.09,1768451578.220149,66.520048
XKF1,69264783,1,36.49,-1.96,273.4,2.5240232944488525,-21.923194885253906,-0.010349682532250881,-0.018555326387286186,-292.7790222167969,-10.462733268737793,-49.91735076904297,0.02,0.05,0.03,0.09,1768451578.220149,66.520048
XKF1,69304767,0,36.51,-1.95,273.97,2.729372501373291,-21.893657684326172,-0.007751442026346922,-0.027343852445483208,-292.67376708984375,-11.327143669128418,-49.92238235473633,0.02,0.04,0.03,0.09,1768451578.260133,66.560032
XKF1,69304767,1,36.5,-1.95,273.94,2.7300000190734863,-21.90106964111328,-0.0066055478528141975,-0.029464514926075935,-292.67510986328125,-11.33802318572998,-49.91859817504883,0.02,0.05,0.03,0.09,1768451578.260133,66.560032
XKF1,69344751,1,36.5,-1.94,274.49,2.937758445739746,-21.875389099121094,-0.006157588679343462,-0.033337563276290894,-292.56280517578125,-12.212427139282227,-49.91951370239258,0.02,0.05,0.03,0.09,1768451578.300117,66.600016
XKF1,69344751,0,36.5,-1.94,274.53,2.936777114868164,-21.8689022064209,-0.007265093736350536,-0.0312257818877697,-292.5615539550781,-12.201705932617188,-49.92321014404297,0.02,0.04,0.03,0.09,1768451578.300117,66.600016
XKF1,69384735,1,36.49,-1.93,275.05,3.145623207092285,-21.848007202148438,-0.007089843973517418,-0.03399171307682991,-292.44207763671875,-13.08579158782959,-49.92038345336914,0.02,0.05,0.03,0.09,1768451578.3401012,66.64
XKF1,69384735,0,36.49,-1.92,275.08,3.144514560699463,-21.841176986694336,-0.008564887568354607,-0.032215915620326996,-292.4408874511719,-13.075197219848633,-49.92403793334961,0.02,0.04,0.03,0.09,1768451578.3401012,66.64
XKF1,69424719,0,36.49,-1.92,275.63,3.3530526161193848,-21.809955596923828,-0.012240358628332615,-0.030107613652944565,-292.311767578125,-13.947487831115723,-49.92416763305664,0.02,0.04,0.03,0.09,1768451578.3800852,66.679984
XKF1,69424719,1,36.49,-1.93,275.59,3.3547070026397705,-21.816362380981445,-0.011621496640145779,-0.03245311602950096,-292.3128967285156,-13.957988739013672,-49.92057418823242,0.02,0.05,0.03,0.09,1768451578.3800852,66.679984
XKF1,69464703,1,36.47,-1.92,276.15,3.561868906021118,-21.78346824645996,-0.013026891276240349,-0.02336585521697998,-292.1759948730469,-14.826449394226074,-49.92133331298828,0.02,0.05,0.03,0.09,1768451578.4200692,66.719968
XKF1,69464703,0,36.48,-1.91,276.18,3.5599911212921143,-21.776931762695312,-0.014384785667061806,-0.02197883278131485,-292.1750183105469,-14.816117286682129,-49.924861907958984,0.02,0.04,0.03,0.09,1768451578.4200692,66.719968
XKF1,69504687,1,36.45,-1.91,276.71,3.768317699432373,-21.746564865112305,-0.016523079946637154,-0.02842865139245987,-292.0313415527344,-15.691492080688477,-49.92233657836914,0.02,0.05,0.03,0.09,1768451578.4600532,66.759952
XKF1,69504687,0,36.45,-1.91,276.74,3.7658402919769287,-21.74053382873535,-0.016808459535241127,-0.025951825082302094,-292.0304870605469,-15.68143081665039,-49.925777435302734,0.02,0.04,0.03,0.09,1768451578.4600532,66.759952
XKF1,69544671,0,36.46,-1.89,277.3,3.971200466156006,-21.70155906677246,-0.01983952336013317,-0.02665194310247898,-291.8775329589844,-16.54531478881836,-49.92658233642578,0.02,0.04,0.03,0.09,1768451578.5000372,66.799936
XKF1,69544671,1,36.45,-1.9,277.26,3.973245620727539,-21.707069396972656,-0.019733864814043045,-0.029281655326485634,-291.8782653808594,-16.555160522460938,-49.92325210571289,0.02,0.05,0.03,0.09,1768451578.5000372,66.799936
XKF1,69584655,0,36.46,-1.88,277.88,4.180327892303467,-21.66224479675293,-0.02707754448056221,-0.031501151621341705,-291.7160949707031,-17.408485412597656,-49.92762756347656,0.02,0.04,0.03,0.09,1768451578.5400212,66.83992
XKF1,69584655,1,36.45,-1.88,277.85,4.182097911834717,-21.666400909423828,-0.02440936677157879,-0.031671516597270966,-291.71673583984375,-17.41812515258789,-49.92433547973633,0.02,0.05,0.03,0.09,1768451578.5400212,66.83992
XKF1,69624639,1,36.47,-1.88,278.41,4.392666816711426,-21.623247146606445,-0.030317747965455055,-0.03597783297300339,-291.546630859375,-18.27980613708496,-49.925636291503906,0.02,0.05,0.03,0.09,1768451578.5800052,66.879904
XKF1,69624639,0,36.48,-1.87,278.46,4.3897223472595215,-21.620546340942383,-0.033537622541189194,-0.036277830600738525,-291.546142578125,-18.270397186279297,-49.9289665222168,0.02,0.04,0.03,0.09,1768451578.5800052,66.879904
XKF1,69664623,0,36.52,-1.85,279.01,4.599364757537842,-21.57411766052246,-0.03828207030892372,-0.040186118334531784,-291.3681945800781,-19.128910064697266,-49.93080520629883,0.02,0.04,0.03,0.09,1768451578.6199892,66.919888
XKF1,69664623,1,36.51,-1.86,278.98,4.600029945373535,-21.575716018676758,-0.03603402525186539,-0.0405571274459362,-291.3686218261719,-19.137996673583984,-49.92745590209961,0.02,0.05,0.02,0.09,1768451578.6199892,66.919888
XKF1,69704607,0,36.56,-1.85,279.56,4.8076558113098145,-21.526506423950195,-0.04145075008273125,-0.04873436689376831,-291.18231201171875,-19.984214782714844,-49.93304443359375,0.02,0.04,0.03,0.09,1768451578.6599731,66.959872
XKF1,69704607,1,36.55,-1.86,279.53,4.807502269744873,-21.52798080444336,-0.03918028250336647,-0.048862818628549576,-291.18267822265625,-19.992891311645508,-49.92970657348633,0.02,0.05,0.02,0.09,1768451578.6599731,66.959872
XKF1,69744591,1,36.59,-1.88,280.07,5.010426998138428,-21.47698402404785,-0.03814905509352684,-0.05235770344734192,-290.98828125,-20.84656524658203,-49.931949615478516,0.02,0.05,0.02,0.09,1768451578.6999571,66.999856
XKF1,69744591,0,36.6,-1.87,280.11,5.011739730834961,-21.47677230834961,-0.03995297849178314,-0.05182047188282013,-290.9878845214844,-20.83829116821289,-49.93526077270508,0.02,0.04,0.03,0.09,1768451578.6999571,66.999856
XKF1,69784575,0,36.63,-1.89,280.66,5.21626615524292,-21.42634391784668,-0.033982593566179276,-0.04871197044849396,-290.78509521484375,-21.69097137451172,-49.93730926513672,0.02,0.04,0.03,0.09,1768451578.7399411,67.03984
XKF1,69784575,1,36.62,-1.9,280.63,5.213291168212891,-21.42745590209961,-0.03194557502865791,-0.049018267542123795,-290.78558349609375,-21.698896408081055,-49.933990478515625,0.02,0.05,0.02,0.09,1768451578.7399411,67.03984
XKF1,69824559,1,36.63,-1.92,281.17,5.414756774902344,-21.37448501586914,-0.02434287592768669,-0.04345611110329628,-290.5746154785156,-22.54974365234375,-49.935848236083984,0.02,0.05,0.02,0.09,1768451578.779925,67.079824
XKF1,69824559,0,36.64,-1.91,281.21,5.4176344871521,-21.373863220214844,-0.02740573324263096,-0.04436333104968071,-290.5740051269531,-22.542104721069336,-49.939170837402344,0.02,0.04,0.03,0.09,1768451578.779925,67.079824
XKF1,69864543,0,36.64,-1.93,281.75,5.616440773010254,-21.31829071044922,-0.0200639795511961,-0.038451582193374634,-290.3553466796875,-23.390066146850586,-49.9407958984375,0.02,0.04,0.03,0.09,1768451578.819909,67.119808
XKF1,69864543,1,36.63,-1.93,281.72,5.6140522956848145,-21.31758689880371,-0.01590566709637642,-0.03647522255778313,-290.3560791015625,-23.397348403930664,-49.93741989135742,0.02,0.05,0.02,0.09,1768451578.819909,67.119808
XKF1,69904527,0,36.64,-1.92,282.3,5.817684173583984,-21.26066017150879,-0.0156796146184206,-0.035808585584163666,-290.12908935546875,-24.234975814819336,-49.94215774536133,0.02,0.04,0.03,0.09,1768451578.859893,67.159792
XKF1,69904527,1,36.64,-1.92,282.27,5.811971187591553,-21.261207580566406,-0.013292687013745308,-0.035704270005226135,-290.1346740722656,-24.22411346435547,-49.93873596191406,0.02,0.05,0.02,0.09,1768451578.859893,67.159792
XKF1,69944511,0,36.64,-1.91,282.85,6.0198564529418945,-21.20012664794922,-0.01615585759282112,-0.0355985201895237,-289.8944396972656,-25.078227996826172,-49.943336486816406,0.02,0.04,0.03,0.09,1768451578.899877,67.199776
XKF1,69944511,1,36.63,-1.92,282.81,6.015061855316162,-21.200178146362305,-0.014112108387053013,-0.03597428649663925,-289.9002685546875,-25.067035675048828,-49.93992614746094,0.02,0.05,0.02,0.09,1768451578.899877,67.199776
XKF1,69984495,1,36.61,-1.9,283.37,6.218495845794678,-21.139934539794922,-0.014146577566862106,-0.034114234149456024,-289.6574401855469,-25.908214569091797,-49.94108963012695,0.02,0.05,0.02,0.09,1768451578.939861,67.23976
XKF1,69984495,0,36.62,-1.9,283.4,6.222230434417725,-21.13916015625,-0.016722815111279488,-0.03423533961176872,-289.6514892578125,-25.919677734375,-49.944522857666016,0.02,0.04,0.03,0.09,1768451578.939861,67.23976
XKF1,70024479,1,36.58,-1.89,283.91,6.420953273773193,-21.076589584350586,-0.015976332128047943,-0.031397148966789246,-289.4063415527344,-26.747514724731445,-49.94184112548828,0.02,0.05,0.02,0.09,1768451578.979845,67.279744
XKF1,70024479,0,36.59,-1.89,283.95,6.424300670623779,-21.074947357177734,-0.019818462431430817,-0.03301076218485832,-289.40020751953125,-26.759193420410156,-49.94529724121094,0.02,0.04,0.03,0.09,1768451578.979845,67.279744
XKF1,70064463,0,36.55,-1.89,284.48,6.62436056137085,-21.010107040405273,-0.020752036944031715,-0.027542008087038994,-289.1412048339844,-27.595487594604492,-49.94630432128906,0.02,0.04,0.03,0.09,1768451579.019829,67.319728
XKF1,70064463,1,36.54,-1.89,284.45,6.620900630950928,-21.014453887939453,-0.016874726861715317,-0.02593148499727249,-289.1473693847656,-27.583852767944336,-49.9427604675293,0.02,0.05,0.02,0.09,1768451579.019829,67.319728
XKF1,70104447,1,36.51,-1.9,284.99,6.815907955169678,-20.94674301147461,-0.014344933442771435,-0.02219904214143753,-288.88067626953125,-28.417287826538086,-49.943756103515625,0.02,0.05,0.02,0.09,1768451579.059813,67.359712
XKF1,70104447,0,36.52,-1.89,285.02,6.819395065307617,-20.94379997253418,-0.021155618131160736,-0.02709357813000679,-288.8745422363281,-28.428709030151367,-49.94746017456055,0.02,0.04,0.03,0.09,1768451579.059813,67.359712
XKF1,70144431,1,36.48,-1.9,285.53,7.012176513671875,-20.878456115722656,-0.012090139091014862,-0.019928930327296257,-288.60595703125,-29.248647689819336,-49.94460678100586,0.02,0.05,0.02,0.09,1768451579.0997972,67.399696
XKF1,70144431,0,36.49,-1.89,285.56,7.013885498046875,-20.875516891479492,-0.019410328939557076,-0.025435112416744232,-288.5998840332031,-29.259889602661133,-49.948551177978516,0.02,0.04,0.03,0.09,1768451579.0997972,67.399696
XKF1,70184415,0,36.47,-1.91,286.11,7.208040237426758,-20.805749893188477,-0.018895108252763748,-0.02501486986875534,-288.31719970703125,-30.08885955810547,-49.94960403442383,0.02,0.04,0.03,0.09,1768451579.1397812,67.43968
XKF1,70184415,1,36.46,-1.92,286.08,7.207712650299072,-20.807701110839844,-0.010916125029325485,-0.018552403897047043,-288.32318115234375,-30.077768325805664,-49.945377349853516,0.02,0.05,0.02,0.09,1768451579.1397812,67.43968
XKF1,70224399,0,36.46,-1.93,286.66,7.4023284912109375,-20.73755645751953,-0.016432488337159157,-0.021463174372911453,-288.02655029296875,-30.915578842163086,-49.950347900390625,0.02,0.04,0.03,0.09,1768451579.1797652,67.479664
XKF1,70224399,1,36.45,-1.93,286.62,7.4029645919799805,-20.738155364990234,-0.008027566596865654,-0.014318338595330715,-288.03240966796875,-30.90457534790039,-49.94582748413086,0.02,0.05,0.02,0.09,1768451579.1797652,67.479664
XKF1,70264383,0,36.46,-1.94,287.2,7.5958991050720215,-20.666481018066406,-0.012734371237456799,-0.015526961535215378,-287.7283020019531,-31.7392520904541,-49.95098114013672,0.02,0.04,0.03,0.09,1768451579.2197492,67.519648
XKF1,70264383,1,36.45,-1.95,287.17,7.596837997436523,-20.667491912841797,-0.00495866360142827,-0.008691458962857723,-287.7339782714844,-31.72843360900879,-49.94622039794922,0.02,0.05,0.02,0.09,1768451579.2197492,67.519648
XKF1,70304367,0,36.47,-1.97,287.73,7.787743091583252,-20.59275245666504,-0.006752494722604752,-0.00827292911708355,-287.4224548339844,-32.559837341308594,-49.95170593261719,0.02,0.04,0.03,0.09,1768451579.2597332,67.559632
XKF1,70304367,1,36.46,-1.98,287.69,7.789304256439209,-20.593761444091797,0.002858262276276946,-0.00011807694681920111,-287.4278869628906,-32.549293518066406,-49.94669723510742,0.02,0.05,0.02,0.09,1768451579.2597332,67.559632
XKF1,70344351,0,36.47,-1.99,288.25,7.978088855743408,-20.51934051513672,0.0027616836596280336,-0.00461683701723814,-287.1087646484375,-33.37800598144531,-49.95234298706055,0.02,0.04,0.03,0.09,1768451579.2997172,67.599616
XKF1,70344351,1,36.46,-2.0,288.22,7.9794440269470215,-20.520578384399414,0.012110002338886261,0.002726420294493437,-287.11395263671875,-33.36771011352539,-49.94704818725586,0.02,0.05,0.02,0.09,1768451579.2997172,67.599616
XKF1,70384335,1,36.47,-2.02,288.75,8.168842315673828,-20.44472312927246,0.02139969728887081,0.00732543645426631,-286.792236328125,-34.183589935302734,-49.946964263916016,0.02,0.05,0.02,0.09,1768451579.3397012,67.6396
XKF1,70384335,0,36.48,-2.01,288.78,8.167139053344727,-20.444110870361328,0.012762375175952911,0.0007790561066940427,-286.7873229980469,-34.19366455078125,-49.95255661010742,0.02,0.04,0.03,0.09,1768451579.3397012,67.6396
XKF1,70424319,0,36.5,-2.03,289.32,8.355855941772461,-20.366636276245117,0.020495498552918434,0.002721359021961689,-286.4581604003906,-35.00667953491211,-49.95298767089844,0.02,0.04,0.03,0.09,1768451579.3796852,67.679584
XKF1,70424319,1,36.5,-2.03,289.28,8.356544494628906,-20.3686580657959,0.028684651479125023,0.008978066965937614,-286.462890625,-34.996803283691406,-49.947139739990234,0.02,0.05,0.02,0.09,1768451579.3796852,67.679584
XKF1,70465136,1,36.51,-2.03,289.83,8.554712295532227,-20.28586196899414,0.0333947017788887,0.006787849590182304,-286.1119689941406,-35.8406982421875,-49.94685745239258,0.02,0.05,0.02,0.09,1768451579.4205022,67.720401
XKF1,70465136,0,36.52,-2.02,289.86,8.546236991882324,-20.287473678588867,0.0244009867310524,-4.589046056935331e-06,-286.1216735839844,-35.816463470458984,-49.95298385620117,0.02,0.04,0.03,0.09,1768451579.4205022,67.720401
XKF1,70505120,0,36.52,-2.01,290.42,8.739082336425781,-20.204235076904297,0.024274466559290886,-0.00043386692414060235,-285.7776794433594,-36.62299346923828,-49.95289611816406,0.02,0.04,0.03,0.09,1768451579.4604862,67.760385
XKF1,70505120,1,36.51,-2.01,290.41,8.746545791625977,-20.20214080810547,0.033870093524456024,0.006564169190824032,-285.7675476074219,-36.647430419921875,-49.94656753540039,0.02,0.05,0.02,0.09,1768451579.4604862,67.760385
XKF1,70545104,0,36.51,-1.98,291.01,8.940825462341309,-20.117572784423828,0.018792590126395226,-0.007443020585924387,-285.41827392578125,-37.44291305541992,-49.952964782714844,0.02,0.04,0.03,0.09,1768451579.5004702,67.800369
XKF1,70545104,1,36.51,-1.99,290.96,8.944183349609375,-20.117420196533203,0.028235983103513718,-0.0017047127475962043,-285.41510009765625,-37.45077896118164,-49.946434020996094,0.02,0.05,0.02,0.09,1768451579.5004702,67.800369
XKF1,70585088,0,36.51,-1.94,291.61,9.139902114868164,-20.025699615478516,0.006860328372567892,-0.018647849559783936,-285.0580139160156,-38.243202209472656,-49.95328140258789,0.02,0.04,0.03,0.09,1768451579.5404541,67.840353
XKF1,70585088,1,36.51,-1.95,291.58,9.143098831176758,-20.025283813476562,0.015929225832223892,-0.013598496094346046,-285.0545654296875,-38.25129699707031,-49.94651794433594,0.02,0.05,0.02,0.09,1768451579.5404541,67.840353
XKF1,70625072,1,36.53,-1.9,292.17,9.345368385314941,-19.931808471679688,6.446168845286593e-05,-0.02362160198390484,-284.6858825683594,-39.048377990722656,-49.94654846191406,0.02,0.05,0.02,0.09,1768451579.5804381,67.880337
XKF1,70625072,0,36.53,-1.89,292.2,9.342199325561523,-19.930999755859375,-0.00887126475572586,-0.028623433783650398,-284.6895446777344,-39.04005432128906,-49.95353317260742,0.02,0.04,0.03,0.09,1768451579.5804381,67.880337
XKF1,70665056,0,36.54,-1.88,292.78,9.545796394348145,-19.8404541015625,-0.02253446914255619,-0.02829381451010704,-284.3086853027344,-39.84159469604492,-49.953250885009766,0.02,0.04,0.03,0.09,1768451579.6204221,67.920321
XKF1,70665056,1,36.53,-1.89,292.74,9.549492835998535,-19.841388702392578,-0.013080527074635029,-0.023664092645049095,-284.3050537109375,-39.849552154541016,-49.94621658325195,0.02,0.05,0.03,0.09,1768451579.6204221,67.920321
XKF1,70705040,1,36.54,-1.87,293.31,9.748554229736328,-19.746170043945312,-0.023143429309129715,-0.01869613118469715,-283.9165344238281,-40.64632034301758,-49.9464225769043,0.02,0.05,0.03,0.09,1768451579.660406,67.960305
XKF1,70705040,0,36.55,-1.86,293.34,9.745108604431152,-19.745664596557617,-0.03345167636871338,-0.022455431520938873,-283.92010498046875,-40.638671875,-49.95355987548828,0.02,0.04,0.03,0.09,1768451579.660406,67.960305
XKF1,70745024,0,36.55,-1.84,293.91,9.942660331726074,-19.648941040039062,-0.042251307517290115,-0.022061550989747047,-283.5238952636719,-41.43126678466797,-49.95439529418945,0.02,0.04,0.03,0.09,1768451579.70039,68.000289
XKF1,70745024,1,36.54,-1.85,293.87,9.945596694946289,-19.649316787719727,-0.031640879809856415,-0.018863750621676445,-283.5203552246094,-41.43864440917969,-49.94710922241211,0.02,0.05,0.03,0.09,1768451579.70039,68.000289
XKF1,70785008,0,36.57,-1.81,294.47,10.138123512268066,-19.549423217773438,-0.05245496332645416,-0.02862110175192356,-283.12005615234375,-42.21936798095703,-49.955657958984375,0.02,0.04,0.03,0.09,1768451579.740374,68.040273
XKF1,70785008,1,36.56,-1.81,294.44,10.141373634338379,-19.54938316345215,-0.04168406501412392,-0.02527887560427189,-283.1165771484375,-42.22649383544922,-49.948184967041016,0.02,0.05,0.03,0.09,1768451579.740374,68.040273
XKF1,70824992,1,36.57,-1.79,294.98,10.335196495056152,-19.446775436401367,-0.050901301205158234,-0.033018678426742554,-282.70513916015625,-43.00984573364258,-49.94968795776367,0.02,0.05,0.03,0.09,1768451579.780358,68.080257
XKF1,70824992,0,36.58,-1.78,295.01,10.332758903503418,-19.4479923248291,-0.06134786829352379,-0.0364554189145565,-282.7085876464844,-43.00298309326172,-49.95734786987305,0.02,0.04,0.03,0.09,1768451579.780358,68.080257
XKF1,70864976,1,36.58,-1.79,295.49,10.527716636657715,-19.347768783569336,-0.05376550555229187,-0.032617129385471344,-282.28277587890625,-43.795135498046875,-49.95063781738281,0.02,0.05,0.03,0.09,1768451579.820342,68.120241
XKF1,70864976,0,36.59,-1.79,295.53,10.524603843688965,-19.349470138549805,-0.06412339955568314,-0.035800959914922714,-282.2861022949219,-43.788673400878906,-49.95836639404297,0.02,0.04,0.03,0.09,1768451579.820342,68.120241
XKF1,70904960,0,36.58,-1.81,296.07,10.710485458374023,-19.249900817871094,-0.06186506897211075,-0.026599235832691193,-281.8566589355469,-44.569236755371094,-49.959686279296875,0.02,0.04,0.03,0.09,1768451579.860326,68.160225
XKF1,70904960,1,36.57,-1.81,296.04,10.713591575622559,-19.248506546020508,-0.0514516606926918,-0.02409142069518566,-281.8533935546875,-44.575340270996094,-49.95185470581055,0.02,0.05,0.03,0.09,1768451579.860326,68.160225
XKF1,70944944,1,36.56,-1.83,296.56,10.896883010864258,-19.14791488647461,-0.04819454252719879,-0.021713268011808395,-281.4171447753906,-45.350563049316406,-49.95317459106445,0.02,0.05,0.03,0.09,1768451579.90031,68.200209
XKF1,70944944,0,36.57,-1.83,296.6,10.892984390258789,-19.149272918701172,-0.05900546535849571,-0.02439212240278721,-281.4203796386719,-45.34477615356445,-49.96114730834961,0.02,0.04,0.03,0.09,1768451579.90031,68.200209
XKF1,70984928,1,36.54,-1.86,297.11,11.079495429992676,-19.047161102294922,-0.04161112383008003,-0.0180861484259367,-280.9740295410156,-46.12089157104492,-49.95433807373047,0.02,0.05,0.03,0.09,1768451579.940294,68.240193
XKF1,70984928,0,36.55,-1.85,297.14,11.075386047363281,-19.04846954345703,-0.05276030674576759,-0.02140544354915619,-280.9772644042969,-46.115394592285156,-49.96250915527344,0.02,0.04,0.03,0.09,1768451579.940294,68.240193
XKF1,71024912,0,36.52,-1.87,297.67,11.25516128540039,-18.94561195373535,-0.04604195058345795,-0.016112176701426506,-280.5272521972656,-46.881134033203125,-49.96318435668945,0.02,0.04,0.03,0.09,1768451579.9802783,68.280177
XKF1,71024912,1,36.51,-1.88,297.64,11.260043144226074,-18.944162368774414,-0.03512949123978615,-0.012395734898746014,-280.52398681640625,-46.88637924194336,-49.95481491088867,0.02,0.05,0.03,0.09,1768451579.9802783,68.280177
XKF1,71064896,1,36.51,-1.9,298.16,11.438377380371094,-18.84415626525879,-0.026631051674485207,0.0017631264636293054,-280.06402587890625,-47.65239715576172,-49.954288482666016,0.02,0.05,0.03,0.09,1768451580.0202622,68.320161
XKF1,71064896,0,36.52,-1.9,298.19,11.433928489685059,-18.845457077026367,-0.03750520199537277,-0.0018958700820803642,-280.0672912597656,-47.647464752197266,-49.96273422241211,0.02,0.04,0.03,0.09,1768451580.0202622,68.320161
XKF1,71104880,0,36.51,-1.92,298.72,11.611555099487305,-18.740297317504883,-0.030698200687766075,0.013592456467449665,-279.60089111328125,-48.40840530395508,-49.962581634521484,0.02,0.04,0.03,0.09,1768451580.0602462,68.360145
XKF1,71104880,1,36.5,-1.92,298.69,11.616036415100098,-18.739643096923828,-0.020027779042720795,0.016391759738326073,-279.5976257324219,-48.41307830810547,-49.95402526855469,0.02,0.05,0.03,0.09,1768451580.0602462,68.360145
XKF1,71144864,1,36.5,-1.95,299.21,11.791004180908203,-18.633804321289062,-0.011032572016119957,0.02044258639216423,-279.12481689453125,-49.1684455871582,-49.95391845703125,0.02,0.05,0.03,0.09,1768451580.1002302,68.400129
XKF1,71144864,0,36.51,-1.95,299.24,11.787715911865234,-18.634729385375977,-0.02166307158768177,0.017866462469100952,-279.1280517578125,-49.164005279541016,-49.96260452270508,0.02,0.04,0.03,0.09,1768451580.1002302,68.400129
XKF1,71184848,0,36.51,-1.98,299.76,11.960716247558594,-18.52720069885254,-0.011167666874825954,0.021453121677041054,-278.64874267578125,-49.914344787597656,-49.962345123291016,0.02,0.04,0.03,0.09,1768451580.1402142,68.440113
XKF1,71184848,1,36.49,-1.98,299.74,11.964476585388184,-18.525833129882812,-0.0006419020355679095,0.024284332990646362,-278.6455078125,-49.918575286865234,-49.95348358154297,0.02,0.05,0.03,0.09,1768451580.1402142,68.440113
XKF1,71224832,0,36.51,-2.01,300.28,12.132655143737793,-18.41877555847168,0.0008647984359413385,0.030331678688526154,-278.16302490234375,-50.65949249267578,-49.961116790771484,0.02,0.04,0.03,0.09,1768451580.1801982,68.480097
XKF1,71224832,1,36.49,-2.02,300.25,12.136487007141113,-18.41739273071289,0.011132193729281425,0.03348671272397041,-278.1597595214844,-50.66352462768555,-49.95208740234375,0.02,0.05,0.03,0.09,1768451580.1801982,68.480097
XKF1,71264816,1,36.49,-2.06,300.77,12.304329872131348,-18.305652618408203,0.023398548364639282,0.047497060149908066,-277.669189453125,-51.4014778137207,-49.95066452026367,0.02,0.05,0.03,0.09,1768451580.2201822,68.520081
XKF1,71264816,0,36.51,-2.05,300.8,12.301198959350586,-18.306745529174805,0.013184964656829834,0.04373463615775108,-277.67242431640625,-51.39765167236328,-49.95980453491211,0.02,0.04,0.03,0.09,1768451580.2201822,68.520081
XKF1,71304800,0,36.51,-2.08,301.33,12.468839645385742,-18.19438362121582,0.026708384975790977,0.051531851291656494,-277.1767578125,-52.1291618347168,-49.95858383178711,0.02,0.04,0.03,0.09,1768451580.2601662,68.560065
XKF1,71304800,1,36.5,-2.08,301.31,12.471779823303223,-18.193378448486328,0.036614615470170975,0.05409339815378189,-277.1736145019531,-52.13276290893555,-49.94938278198242,0.02,0.05,0.03,0.09,1768451580.2601662,68.560065
XKF1,71344784,1,36.5,-2.1,301.84,12.63794231414795,-18.076580047607422,0.045338720083236694,0.05047149211168289,-276.67138671875,-52.859249114990234,-49.947933197021484,0.02,0.05,0.03,0.09,1768451580.3001502,68.600049
XKF1,71344784,0,36.52,-2.09,301.87,12.634915351867676,-18.077831268310547,0.03522117808461189,0.04836547002196312,-276.6744689941406,-52.855865478515625,-49.957218170166016,0.02,0.04,0.03,0.09,1768451580.3001502,68.600049
XKF1,71384768,1,36.52,-2.09,302.4,12.80810832977295,-17.955888748168945,0.04885386303067207,0.04583633318543434,-276.1624755859375,-53.58081817626953,-49.94621658325195,0.02,0.05,0.03,0.09,1768451580.3401341,68.640033
XKF1,71384768,0,36.53,-2.09,302.43,12.80382251739502,-17.957015991210938,0.03860059753060341,0.043561071157455444,-276.16552734375,-53.57762908935547,-49.95563507080078,0.02,0.04,0.03,0.09,1768451580.3401341,68.640033
XKF1,71424752,0,36.56,-2.08,302.98,12.974509239196777,-17.834264755249023,0.03951222449541092,0.0407295860350132,-275.64984130859375,-54.29429626464844,-49.95384216308594,0.02,0.04,0.03,0.09,1768451580.3801181,68.680017
XKF1,71424752,1,36.55,-2.08,302.95,12.977779388427734,-17.832754135131836,0.0501527339220047,0.04386485740542412,-275.64678955078125,-54.29732131958008,-49.94428253173828,0.02,0.05,0.03,0.09,1768451580.3801181,68.680017
XKF1,71464736,0,36.58,-2.07,303.53,13.143394470214844,-17.70897102355957,0.0376114621758461,0.03829894959926605,-275.128662109375,-55.00441360473633,-49.95233154296875,0.02,0.04,0.03,0.09,1768451580.4201021,68.720001
XKF1,71464736,1,36.57,-2.07,303.5,13.14468765258789,-17.706806182861328,0.049315668642520905,0.042935147881507874,-275.12567138671875,-55.00724792480469,-49.9426383972168,0.02,0.05,0.03,0.09,1768451580.4201021,68.720001
XKF1,71504720,0,36.61,-2.06,304.07,13.310633659362793,-17.579578399658203,0.03719184920191765,0.033147890120744705,-274.601806640625,-55.70811462402344,-49.95100402832031,0.02,0.04,0.03,0.09,1768451580.460086,68.759985
XKF1,71504720,1,36.6,-2.07,304.05,13.312860488891602,-17.576969146728516,0.04847376048564911,0.03663688898086548,-274.5989074707031,-55.710716247558594,-49.94120788574219,0.02,0.05,0.03,0.09,1768451580.460086,68.759985
XKF1,71544704,1,36.61,-2.05,304.59,13.480780601501465,-17.448246002197266,0.047786492854356766,0.03384051099419594,-274.065185546875,-56.40924072265625,-49.93964385986328,0.02,0.05,0.03,0.09,1768451580.50007,68.799969
XKF1,71544704,0,36.63,-2.05,304.63,13.477747917175293,-17.45128059387207,0.03511560335755348,0.029592128470540047,-274.0680236816406,-56.40686798095703,-49.949615478515625,0.02,0.04,0.03,0.09,1768451580.50007,68.799969
XKF1,71584688,0,36.63,-2.03,305.19,13.64593505859375,-17.319787979125977,0.028686556965112686,0.023294856771826744,-273.5273742675781,-57.10017395019531,-49.94841003417969,0.02,0.04,0.03,0.09,1768451580.540054,68.839953
XKF1,71584688,1,36.62,-2.03,305.17,13.65111255645752,-17.31593132019043,0.041585054248571396,0.027902627363801003,-273.5245361328125,-57.10231018066406,-49.938194274902344,0.02,0.05,0.03,0.09,1768451580.540054,68.839953
XKF1,71624672,1,36.63,-2.01,305.73,13.818587303161621,-17.179588317871094,0.03628362715244293,0.023252826184034348,-272.9769592285156,-57.79051971435547,-49.93708801269531,0.02,0.05,0.03,0.09,1768451580.580038,68.879937
XKF1,71624672,0,36.64,-2.01,305.77,13.81231689453125,-17.184432983398438,0.02334216982126236,0.018000897020101547,-272.9798583984375,-57.78865051269531,-49.94754409790039,0.02,0.04,0.03,0.09,1768451580.580038,68.879937
XKF1,71664656,0,36.66,-1.98,306.33,13.979753494262695,-17.046546936035156,0.016131680458784103,0.010445576161146164,-272.42657470703125,-58.47069549560547,-49.94707107543945,0.02,0.04,0.03,0.09,1768451580.620022,68.919921
XKF1,71664656,1,36.64,-1.98,306.31,13.985799789428711,-17.04230308532715,0.030408313497900963,0.017652276903390884,-272.423583984375,-58.472293853759766,-49.93639373779297,0.02,0.05,0.03,0.09,1768451580.620022,68.919921
XKF1,71704640,1,36.66,-1.96,306.87,14.15376091003418,-16.903676986694336,0.0239422470331192,0.007444518152624369,-271.8642272949219,-59.147789001464844,-49.935935974121094,0.02,0.05,0.03,0.09,1768451580.660006,68.959905
XKF1,71704640,0,36.68,-1.95,306.9,14.146388053894043,-16.90665054321289,0.010247882455587387,0.0016668594907969236,-271.8673095703125,-59.14641189575195,-49.9467887878418,0.02,0.04,0.03,0.09,1768451580.660006,68.959905
XKF1,71744624,1,36.69,-1.94,307.45,14.318805694580078,-16.76258659362793,0.01383012905716896,-0.0007220015395432711,-271.2978515625,-59.818023681640625,-49.9355583190918,0.02,0.05,0.03,0.09,1768451580.69999,68.999889
XKF1,71744624,0,36.7,-1.93,307.48,14.311624526977539,-16.765302658081055,-0.00017737045709509403,-0.0061711096204817295,-271.30108642578125,-59.816837310791016,-49.94662094116211,0.02,0.04,0.03,0.09,1768451580.69999,68.999889
XKF1,71784608,1,36.71,-1.92,308.05,14.484342575073242,-16.617149353027344,0.005831453483551741,-0.005813538562506437,-270.7245788574219,-60.48285675048828,-49.93552017211914,0.02,0.05,0.03,0.09,1768451580.739974,69.039873
XKF1,71784608,0,36.72,-1.92,308.08,14.476720809936523,-16.62003517150879,-0.009965385310351849,-0.013106731697916985,-270.72796630859375,-60.481842041015625,-49.946876525878906,0.02,0.04,0.03,0.09,1768451580.739974,69.039873
XKF1,71824592,1,36.71,-1.91,308.62,14.645781517028809,-16.46983528137207,-0.00030589121161028743,-0.008879169821739197,-270.1444396972656,-61.14206314086914,-49.93553924560547,0.02,0.05,0.03,0.09,1768451580.7799582,69.079857
XKF1,71824592,0,36.73,-1.91,308.66,14.639985084533691,-16.471529006958008,-0.016929667443037033,-0.017257174476981163,-270.1479797363281,-61.141197204589844,-49.94725799560547,0.02,0.04,0.03,0.09,1768451580.7799582,69.079857
XKF1,71864576,1,36.72,-1.89,309.21,14.808503150939941,-16.320301055908203,-0.00832428503781557,-0.01321642566472292,-269.55841064453125,-61.79481506347656,-49.936031341552734,0.02,0.05,0.03,0.09,1768451580.8199422,69.119841
XKF1,71864576,0,36.74,-1.89,309.24,14.803289413452148,-16.322147369384766,-0.02450311742722988,-0.021832725033164024,-269.5619812011719,-61.79405212402344,-49.94804763793945,0.02,0.04,0.03,0.09,1768451580.8199422,69.119841
XKF1,71904560,0,36.74,-1.86,309.82,14.963493347167969,-16.172168731689453,-0.03131325542926788,-0.028752682730555534,-268.96990966796875,-62.4405403137207,-49.94961929321289,0.02,0.04,0.03,0.09,1768451580.8599262,69.159825
XKF1,71904560,1,36.73,-1.87,309.79,14.968587875366211,-16.16798210144043,-0.017011327669024467,-0.023134572431445122,-268.9663391113281,-62.441139221191406,-49.93741989135742,0.02,0.05,0.03,0.09,1768451580.8599262,69.159825
XKF1,71944544,1,36.73,-1.85,310.36,15.12856388092041,-16.012454986572266,-0.026003411039710045,-0.04195072129368782,-268.3675231933594,-63.08165740966797,-49.939430236816406,0.02,0.05,0.03,0.09,1768451580.8999102,69.199809
XKF1,71944544,0,36.74,-1.84,310.39,15.123129844665527,-16.018285751342773,-0.03991471603512764,-0.04633886739611626,-268.37109375,-63.0812873840332,-49.951805114746094,0.02,0.04,0.03,0.09,1768451580.8999102,69.199809
XKF1,71984528,1,36.72,-1.84,310.95,15.284290313720703,-15.863094329833984,-0.03339347615838051,-0.05568016320466995,-267.77471923828125,-63.70314407348633,-49.94160461425781,0.02,0.05,0.03,0.09,1768451580.9398942,69.239793
XKF1,71984528,0,36.74,-1.83,310.98,15.28042984008789,-15.865330696105957,-0.046610452234745026,-0.05940746143460274,-267.765625,-63.71623229980469,-49.9542236328125,0.02,0.04,0.03,0.09,1768451580.9398942,69.239793
XKF1,72024512,0,36.73,-1.8,311.55,15.437339782714844,-15.710339546203613,-0.05279802158474922,-0.06645116955041885,-267.1535949707031,-64.34528350830078,-49.956398010253906,0.02,0.04,0.03,0.09,1768451580.9798782,69.279777
XKF1,72024512,1,36.71,-1.81,311.51,15.438562393188477,-15.707785606384277,-0.03802086040377617,-0.061046894639730453,-267.1627502441406,-64.33206176757812,-49.94355392456055,0.02,0.05,0.03,0.09,1768451580.9798782,69.279777
XKF1,72064496,0,36.72,-1.77,312.11,15.593425750732422,-15.553579330444336,-0.06239679083228111,-0.07224279642105103,-266.5356750488281,-64.96778106689453,-49.958885192871094,0.02,0.04,0.03,0.09,1768451581.0198622,69.319761
XKF1,72064496,1,36.7,-1.77,312.08,15.593568801879883,-15.549539566040039,-0.049242809414863586,-0.06788564473390579,-266.5450134277344,-64.95441436767578,-49.94586944580078,0.02,0.05,0.03,0.09,1768451581.0198622,69.319761
XKF1,72104480,0,36.71,-1.74,312.66,15.746073722839355,-15.39416790008545,-0.07011675834655762,-0.07671850919723511,-265.911865234375,-65.58374786376953,-49.96146011352539,0.02,0.04,0.03,0.09,1768451581.0598462,69.359745
XKF1,72104480,1,36.69,-1.75,312.64,15.745326042175293,-15.389087677001953,-0.05857975780963898,-0.07496533542871475,-265.92144775390625,-65.57020568847656,-49.94840621948242,0.02,0.05,0.03,0.09,1768451581.0598462,69.359745
XKF1,72144464,0,36.7,-1.73,313.22,15.8946533203125,-15.23412799835205,-0.07582098245620728,-0.07496654242277145,-265.2817077636719,-66.19363403320312,-49.964088439941406,0.02,0.04,0.03,0.09,1768451581.0998302,69.399729
XKF1,72144464,1,36.68,-1.73,313.19,15.89428424835205,-15.229530334472656,-0.06493476778268814,-0.07467132806777954,-265.29150390625,-66.17989349365234,-49.95100402832031,0.02,0.05,0.03,0.09,1768451581.0998302,69.399729
XKF1,72184448,0,36.68,-1.73,313.77,16.04098129272461,-15.075936317443848,-0.07890136539936066,-0.07325479388237,-264.6453857421875,-66.79744720458984,-49.96694564819336,0.02,0.04,0.03,0.09,1768451581.1398141,69.439713
XKF1,72184448,1,36.66,-1.74,313.74,16.038820266723633,-15.07203483581543,-0.06754749268293381,-0.07244011014699936,-264.6553955078125,-66.78355407714844,-49.95377731323242,0.02,0.05,0.03,0.09,1768451581.1398141,69.439713
XKF1,72224432,1,36.63,-1.76,314.3,16.18283462524414,-14.916114807128906,-0.06946872919797897,-0.07467683404684067,-264.0132751464844,-67.38119506835938,-49.95716094970703,0.02,0.05,0.03,0.09,1768451581.1797981,69.479697
XKF1,72224432,0,36.65,-1.75,314.33,16.183433532714844,-14.919198989868164,-0.08007067441940308,-0.07523935288190842,-264.00299072265625,-67.39519500732422,-49.97040939331055,0.02,0.04,0.03,0.09,1768451581.1797981,69.479697
XKF1,72264416,1,36.58,-1.78,314.87,16.324398040771484,-14.757159233093262,-0.06697926670312881,-0.07641465961933136,-263.3655090332031,-67.97269439697266,-49.960445404052734,0.02,0.05,0.03,0.09,1768451581.219782,69.519681
XKF1,72264416,0,36.6,-1.77,314.89,16.324369430541992,-14.761791229248047,-0.07679387927055359,-0.07707852870225906,-263.3551940917969,-67.9866714477539,-49.97371292114258,0.02,0.04,0.03,0.09,1768451581.219782,69.519681
XKF1,72304400,1,36.55,-1.81,315.4,16.4615478515625,-14.600618362426758,-0.06268783658742905,-0.07436471432447433,-262.7122497558594,-68.55807495117188,-49.96343994140625,0.02,0.05,0.03,0.09,1768451581.259766,69.559665
XKF1,72304400,0,36.57,-1.81,315.42,16.460601806640625,-14.604272842407227,-0.07011185586452484,-0.07246743142604828,-262.7020568847656,-68.57186126708984,-49.976661682128906,0.02,0.04,0.03,0.09,1768451581.259766,69.559665
XKF1,72344384,0,36.56,-1.86,315.95,16.59518814086914,-14.45102596282959,-0.057809777557849884,-0.05925096943974495,-262.0431823730469,-69.15106964111328,-49.9791145324707,0.02,0.04,0.03,0.09,1768451581.29975,69.599649
XKF1,72344384,1,36.54,-1.87,315.92,16.595483779907227,-14.446112632751465,-0.0517045222222805,-0.06245025619864464,-262.05328369140625,-69.1374282836914,-49.965980529785156,0.02,0.05,0.03,0.09,1768451581.29975,69.599649
XKF1,72384368,1,36.55,-1.91,316.44,16.726116180419922,-14.293192863464355,-0.03741136193275452,-0.04741048812866211,-261.3887939453125,-69.7107925415039,-49.96798324584961,0.02,0.05,0.03,0.09,1768451581.339734,69.639633
XKF1,72384368,0,36.57,-1.91,316.46,16.724998474121094,-14.298484802246094,-0.04240773990750313,-0.043572064489126205,-261.3788146972656,-69.724365234375,-49.98102951049805,0.02,0.04,0.03,0.09,1768451581.339734,69.639633
XKF1,72424352,1,36.54,-1.95,316.93,16.854320526123047,-14.140433311462402,-0.018515639007091522,-0.029430653899908066,-260.71893310546875,-70.27818298339844,-49.96955108642578,0.02,0.05,0.03,0.09,1768451581.379718,69.679617
XKF1,72424352,0,36.56,-1.94,316.96,16.851882934570312,-14.145031929016113,-0.02422209084033966,-0.02693048119544983,-260.7090759277344,-70.29171752929688,-49.982486724853516,0.02,0.04,0.03,0.09,1768451581.379718,69.679617
XKF1,72464336,1,36.5,-1.97,317.45,16.981904983520508,-13.987866401672363,-0.0063179368153214455,-0.019261151552200317,-260.0440673828125,-70.83970642089844,-49.97029113769531,0.02,0.05,0.03,0.09,1768451581.419702,69.719601
XKF1,72464336,0,36.52,-1.96,317.47,16.979124069213867,-13.990374565124512,-0.010967092588543892,-0.01629004068672657,-260.03448486328125,-70.85301971435547,-49.983097076416016,0.02,0.04,0.03,0.09,1768451581.419702,69.719601
XKF1,72504320,1,36.46,-1.98,317.98,17.10792350769043,-13.83125114440918,0.004503007046878338,-0.005591199733316898,-259.36419677734375,-71.39530181884766,-49.97026824951172,0.02,0.05,0.03,0.09,1768451581.459686,69.759585
XKF1,72504320,0,36.48,-1.97,318.0,17.104877471923828,-13.833491325378418,0.002232759492471814,-0.00037307656020857394,-259.3549499511719,-71.40824127197266,-49.98288345336914,0.02,0.04,0.03,0.09,1768451581.459686,69.759585
XKF1,72545137,0,36.44,-1.97,318.53,17.231019973754883,-13.672297477722168,0.006556165404617786,0.009658693335950375,-258.670166015625,-71.95722961425781,-49.982234954833984,0.02,0.04,0.03,0.09,1768451581.500503,69.800402
XKF1,72545137,1,36.42,-1.98,318.5,17.239776611328125,-13.663299560546875,0.009917755611240864,0.005868284963071346,-258.6503601074219,-71.96736907958984,-49.969818115234375,0.02,0.05,0.03,0.09,1768451581.500503,69.800402
XKF1,72585121,0,36.4,-1.98,319.06,17.354997634887695,-13.512657165527344,0.011375140398740768,0.018695352599024773,-257.9801330566406,-72.49958038330078,-49.98149871826172,0.02,0.04,0.03,0.09,1768451581.540487,69.840386
XKF1,72585121,1,36.38,-1.99,319.04,17.365697860717773,-13.501404762268066,0.014837280847132206,0.014910096302628517,-257.9597473144531,-72.50968170166016,-49.96921157836914,0.02,0.05,0.03,0.09,1768451581.540487,69.840386
XKF1,72625105,1,36.35,-1.99,319.58,17.488248825073242,-13.338671684265137,0.01648014970123768,0.018003836274147034,-257.2640075683594,-73.0459213256836,-49.968658447265625,0.02,0.05,0.03,0.09,1768451581.580471,69.88037
XKF1,72625105,0,36.37,-1.99,319.61,17.48015022277832,-13.346816062927246,0.014220478013157845,0.022490469738841057,-257.2704162597656,-73.04707336425781,-49.980777740478516,0.02,0.04,0.03,0.09,1768451581.580471,69.88037
XKF1,72665089,1,36.33,-2.01,320.13,17.614648818969727,-13.176751136779785,0.020762115716934204,0.027834177017211914,-256.555419921875,-73.58154296875,-49.96665954589844,0.02,0.05,0.03,0.09,1768451581.620455,69.920354
XKF1,72665089,0,36.35,-2.01,320.17,17.606287002563477,-13.184257507324219,0.01797262206673622,0.03144108131527901,-256.5624084472656,-73.58250427246094,-49.97861099243164,0.02,0.04,0.03,0.09,1768451581.620455,69.920354
XKF1,72705073,1,36.33,-2.03,320.71,17.740083694458008,-13.011625289916992,0.021347861737012863,0.04091253504157066,-255.842529296875,-74.10994720458984,-49.96464157104492,0.02,0.05,0.03,0.09,1768451581.6604393,69.960338
XKF1,72705073,0,36.35,-2.02,320.74,17.732669830322266,-13.018269538879395,0.018982071429491043,0.044613588601350784,-255.85008239746094,-74.1107406616211,-49.976436614990234,0.02,0.04,0.03,0.09,1768451581.6604393,69.960338
XKF1,72745057,0,36.35,-2.03,321.3,17.859302520751953,-12.84904670715332,0.01850597746670246,0.05241914466023445,-255.1333465576172,-74.63174438476562,-49.974334716796875,0.02,0.04,0.03,0.09,1768451581.7004232,70.000322
XKF1,72745057,1,36.33,-2.03,321.26,17.86765480041504,-12.84358024597168,0.021327706053853035,0.049275804311037064,-255.12525939941406,-74.63111114501953,-49.96267318725586,0.02,0.05,0.03,0.09,1768451581.7004232,70.000322
XKF1,72785041,0,36.35,-2.03,321.84,17.983440399169922,-12.676949501037598,0.01688435859978199,0.05396787077188492,-254.41213989257812,-75.14546966552734,-49.97244644165039,0.02,0.04,0.03,0.09,1768451581.7404072,70.040306
XKF1,72785041,1,36.33,-2.04,321.81,17.992450714111328,-12.671855926513672,0.01923387497663498,0.050760943442583084,-254.4035186767578,-75.14498138427734,-49.96088409423828,0.02,0.05,0.03,0.09,1768451581.7404072,70.040306
XKF1,72825025,1,36.35,-2.06,322.33,18.11266326904297,-12.502337455749512,0.025133850052952766,0.05294586718082428,-253.67738342285156,-75.65161895751953,-49.95978927612305,0.02,0.05,0.03,0.09,1768451581.7803912,70.08029
XKF1,72825025,0,36.37,-2.05,322.36,18.103992462158203,-12.507407188415527,0.02140922099351883,0.05441886559128761,-253.6865234375,-75.65198516845703,-49.97125244140625,0.02,0.04,0.03,0.09,1768451581.7803912,70.08029
XKF1,72865009,0,36.38,-2.07,322.9,18.226720809936523,-12.339001655578613,0.02614988200366497,0.054509393870830536,-252.9502716064453,-76.15554809570312,-49.968833923339844,0.02,0.05,0.03,0.09,1768451581.8203752,70.120274
XKF1,72865009,1,36.36,-2.07,322.86,18.23508644104004,-12.333898544311523,0.029069170355796814,0.052104126662015915,-252.94094848632812,-76.15525817871094,-49.95750427246094,0.02,0.05,0.03,0.09,1768451581.8203752,70.120274
XKF1,72904993,1,36.39,-2.08,323.4,18.356409072875977,-12.163395881652832,0.0346384234726429,0.06073453649878502,-252.2007293701172,-76.65125274658203,-49.95485305786133,0.02,0.05,0.03,0.09,1768451581.8603592,70.160258
XKF1,72904993,0,36.41,-2.07,323.43,18.347688674926758,-12.168075561523438,0.03174552321434021,0.06334035098552704,-252.2102813720703,-76.6514892578125,-49.9660530090332,0.02,0.05,0.03,0.09,1768451581.8603592,70.160258
XKF1,72944977,0,36.43,-2.09,323.96,18.464746475219727,-11.997483253479004,0.036883436143398285,0.07591631263494492,-251.46649169921875,-77.1398696899414,-49.962947845458984,0.02,0.05,0.03,0.09,1768451581.9003432,70.200242
XKF1,72944977,1,36.41,-2.1,323.92,18.47332000732422,-11.994208335876465,0.03993041068315506,0.07319162040948868,-251.4567108154297,-77.13970184326172,-49.95186233520508,0.02,0.05,0.03,0.09,1768451581.9003432,70.200242
XKF1,72984961,1,36.44,-2.11,324.49,18.59088134765625,-11.819506645202637,0.042495787143707275,0.07914333790540695,-250.7088623046875,-77.62061309814453,-49.9488410949707,0.02,0.05,0.03,0.09,1768451581.9403272,70.240226
XKF1,72984961,0,36.46,-2.1,324.52,18.58245086669922,-11.82349681854248,0.040270593017339706,0.08251366764307022,-250.71888732910156,-77.6207275390625,-49.959842681884766,0.02,0.05,0.03,0.09,1768451581.9403272,70.240226
XKF1,73024945,1,36.45,-2.11,325.05,18.705888748168945,-11.639902114868164,0.045634545385837555,0.07940029352903366,-249.95709228515625,-78.09387969970703,-49.946475982666016,0.02,0.05,0.03,0.09,1768451581.9803112,70.28021
XKF1,73024945,0,36.47,-2.1,325.08,18.696935653686523,-11.644729614257812,0.04307078570127487,0.08205263316631317,-249.96739196777344,-78.09397888183594,-49.95735168457031,0.02,0.05,0.03,0.09,1768451581.9803112,70.28021
XKF1,73064929,0,36.49,-2.1,325.65,18.81529998779297,-11.46447467803955,0.041435468941926956,0.0762123093008995,-249.20672607421875,-78.56275939941406,-49.954044342041016,0.02,0.05,0.03,0.09,1768451582.0202951,70.320194
XKF1,73064929,1,36.47,-2.1,325.61,18.82401466369629,-11.459741592407227,0.04261035844683647,0.07199236750602722,-249.19642639160156,-78.56263732910156,-49.943359375,0.02,0.05,0.03,0.09,1768451582.0202951,70.320194
XKF1,73104913,0,36.51,-2.08,326.23,18.932756423950195,-11.280336380004883,0.03598986193537712,0.0731227770447731,-248.44256591796875,-79.0234375,-49.95064163208008,0.02,0.05,0.03,0.09,1768451582.0602791,70.360178
XKF1,73104913,1,36.48,-2.09,326.2,18.940853118896484,-11.276145935058594,0.03659570589661598,0.06812597066164017,-248.43223571777344,-79.02327728271484,-49.9401741027832,0.02,0.05,0.03,0.09,1768451582.0602791,70.360178
XKF1,73144897,0,36.53,-2.03,326.79,19.049367904663086,-11.092228889465332,0.026278017088770866,0.07268526405096054,-247.67481994628906,-79.4759292602539,-49.94733428955078,0.02,0.05,0.03,0.09,1768451582.100263,70.400162
XKF1,73144897,1,36.5,-2.04,326.76,19.057167053222656,-11.087946891784668,0.02685369737446308,0.06734798848628998,-247.6644287109375,-79.47572326660156,-49.93708038330078,0.02,0.05,0.03,0.09,1768451582.100263,70.400162
XKF1,73184881,1,36.54,-2.0,327.34,19.17129898071289,-10.89574146270752,0.015145502984523773,0.06091818958520889,-246.89295959472656,-79.91989135742188,-49.934654235839844,0.02,0.05,0.03,0.09,1768451582.140247,70.440146
XKF1,73184881,0,36.56,-2.0,327.37,19.16398048400879,-10.899735450744629,0.014937343075871468,0.06648220121860504,-246.9033966064453,-79.9201431274414,-49.94472122192383,0.02,0.05,0.03,0.09,1768451582.140247,70.440146
XKF1,73224865,1,36.57,-1.99,327.91,19.28408432006836,-10.702324867248535,0.0041955397464334965,0.04821949079632759,-246.11778259277344,-80.35576629638672,-49.93330001831055,0.02,0.05,0.03,0.09,1768451582.180231,70.48013
XKF1,73224865,0,36.59,-1.98,327.93,19.27743148803711,-10.706100463867188,0.004214332439005375,0.05370559170842171,-246.12826538085938,-80.35606384277344,-49.94315719604492,0.02,0.05,0.03,0.09,1768451582.180231,70.48013
XKF1,73264849,0,36.62,-1.97,328.49,19.389272689819336,-10.515819549560547,-0.00029452150920405984,0.043846216052770615,-245.34469604492188,-80.78607940673828,-49.94154739379883,0.02,0.05,0.03,0.09,1768451582.220215,70.520114
XKF1,73264849,1,36.6,-1.98,328.45,19.395078659057617,-10.511553764343262,-0.0010870671831071377,0.03764090687036514,-245.33441162109375,-80.78572082519531,-49.931949615478516,0.02,0.05,0.03,0.09,1768451582.220215,70.520114
XKF1,73304833,1,36.62,-1.97,329.01,19.502763748168945,-10.32174301147461,-0.0029358884785324335,0.03293628990650177,-244.54783630371094,-81.20733642578125,-49.930728912353516,0.02,0.05,0.03,0.09,1768451582.260199,70.560098
XKF1,73304833,0,36.64,-1.97,329.03,19.497133255004883,-10.325200080871582,-0.002190570579841733,0.03911227360367775,-244.55795288085938,-81.2077407836914,-49.9400749206543,0.02,0.05,0.03,0.09,1768451582.260199,70.560098
XKF1,73344817,1,36.64,-1.96,329.55,19.608776092529297,-10.131585121154785,-0.005114348139613867,0.030172090977430344,-243.75807189941406,-81.62069702148438,-49.92959976196289,0.02,0.05,0.03,0.09,1768451582.300183,70.600082
XKF1,73344817,0,36.66,-1.95,329.58,19.60211944580078,-10.134446144104004,-0.0038069584406912327,0.03697333484888077,-243.76806640625,-81.62113952636719,-49.93868637084961,0.02,0.05,0.03,0.09,1768451582.300183,70.600082
XKF1,73384801,0,36.68,-1.95,330.14,19.705995559692383,-9.942378044128418,-0.006606481038033962,0.03229182958602905,-242.97494506835938,-82.02632141113281,-49.937564849853516,0.02,0.05,0.03,0.09,1768451582.340167,70.640066
XKF1,73384801,1,36.66,-1.95,330.11,19.712757110595703,-9.939270973205566,-0.008805520832538605,0.02490665577352047,-242.96499633789062,-82.02583312988281,-49.92873001098633,0.02,0.05,0.03,0.09,1768451582.340167,70.640066
XKF1,73424785,0,36.69,-1.95,330.68,19.805801391601562,-9.75119686126709,-0.00499347597360611,0.03189227730035782,-242.17861938476562,-82.42332458496094,-49.93632888793945,0.02,0.05,0.03,0.09,1768451582.380151,70.68005
XKF1,73424785,1,36.66,-1.95,330.65,19.812297821044922,-9.74821949005127,-0.007810324430465698,0.024276617914438248,-242.16868591308594,-82.42278289794922,-49.927791595458984,0.02,0.05,0.03,0.09,1768451582.380151,70.68005
XKF1,73464769,0,36.7,-1.94,331.22,19.90045166015625,-9.55834674835205,-0.005187355913221836,0.030615096911787987,-241.3818359375,-82.81118774414062,-49.935630798339844,0.02,0.05,0.03,0.09,1768451582.420135,70.720034
XKF1,73464769,1,36.67,-1.94,331.18,19.907217025756836,-9.556641578674316,-0.0065969969145953655,0.02460937201976776,-241.37200927734375,-82.8106460571289,-49.9273567199707,0.02,0.05,0.03,0.09,1768451582.420135,70.720034
XKF1,73504753,0,36.69,-1.94,331.76,19.993228912353516,-9.367878913879395,-0.005729490891098976,0.019660484045743942,-240.584228515625,-83.1901626586914,-49.93501663208008,0.02,0.05,0.03,0.09,1768451582.4601192,70.760018
XKF1,73504753,1,36.67,-1.94,331.74,19.998437881469727,-9.366610527038574,-0.007380298338830471,0.013450277037918568,-240.57460021972656,-83.18965148925781,-49.92698287963867,0.02,0.05,0.03,0.09,1768451582.4601192,70.760018
XKF1,73544737,1,36.66,-1.95,332.28,20.08559226989746,-9.174969673156738,-0.008175138384103775,0.01155078038573265,-239.77357482910156,-83.56088256835938,-49.926414489746094,0.02,0.05,0.03,0.09,1768451582.5001032,70.800002
XKF1,73544737,0,36.68,-1.95,332.31,20.082828521728516,-9.177847862243652,-0.005478291306644678,0.018663646653294563,-239.78298950195312,-83.56140899658203,-49.93418502807617,0.02,0.05,0.03,0.09,1768451582.5001032,70.800002
XKF1,73584721,1,36.64,-1.95,332.84,20.17129898071289,-8.984065055847168,-0.0059853820130229,0.013026722706854343,-238.9691162109375,-83.92408752441406,-49.92595672607422,0.02,0.05,0.03,0.09,1768451582.5400872,70.839986
XKF1,73584721,0,36.67,-1.95,332.86,20.169967651367188,-8.984465599060059,-0.0029916048515588045,0.020041627809405327,-238.978271484375,-83.92459869384766,-49.93345260620117,0.02,0.05,0.03,0.09,1768451582.5400872,70.839986
XKF1,73624705,0,36.66,-1.94,333.41,20.256370544433594,-8.791658401489258,-0.0026727619115263224,0.015886791050434113,-238.17015075683594,-84.28026580810547,-49.93321228027344,0.02,0.05,0.03,0.09,1768451582.5800712,70.87997
XKF1,73624705,1,36.63,-1.95,333.39,20.255552291870117,-8.789878845214844,-0.005325687117874622,0.00935429148375988,-238.16127014160156,-84.2797622680664,-49.925987243652344,0.02,0.05,0.03,0.09,1768451582.5800712,70.87997
XKF1,73664689,0,36.66,-1.94,333.96,20.337791442871094,-8.59717845916748,-0.0007093691383488476,0.011031216010451317,-237.36090087890625,-84.62742614746094,-49.933258056640625,0.02,0.05,0.03,0.09,1768451582.6200552,70.919954
XKF1,73664689,1,36.64,-1.95,333.94,20.33637046813965,-8.595343589782715,-0.003642783733084798,0.004436553921550512,-237.35243225097656,-84.62688446044922,-49.92628860473633,0.02,0.05,0.03,0.09,1768451582.6200552,70.919954
XKF1,73704673,1,36.63,-1.95,334.51,20.415210723876953,-8.400601387023926,-0.005794888362288475,-0.007837723940610886,-236.54229736328125,-84.96562957763672,-49.92681884765625,0.02,0.05,0.03,0.09,1768451582.6600392,70.959938
XKF1,73704673,0,36.65,-1.94,334.53,20.41573715209961,-8.401026725769043,-0.0005140657303854823,0.0006966548971831799,-236.55029296875,-84.9661636352539,-49.93347930908203,0.02,0.05,0.03,0.09,1768451582.6600392,70.959938
XKF1,73744657,0,36.63,-1.95,335.1,20.49358367919922,-8.204936027526855,-0.0008013327023945749,-0.005416142288595438,-235.7361297607422,-85.29712677001953,-49.933616638183594,0.02,0.05,0.03,0.09,1768451582.7000232,70.999922
XKF1,73744657,1,36.61,-1.95,335.07,20.493274688720703,-8.203682899475098,-0.007004153449088335,-0.014641419053077698,-235.728515625,-85.2966079711914,-49.92732238769531,0.02,0.05,0.03,0.09,1768451582.7000232,70.999922
XKF1,73784641,0,36.63,-1.95,335.67,20.569229125976562,-8.007386207580566,-0.0020620357245206833,-0.009466271847486496,-234.91854858398438,-85.62031555175781,-49.93381118774414,0.02,0.05,0.03,0.09,1768451582.7400072,71.039906
XKF1,73784641,1,36.6,-1.96,335.65,20.569461822509766,-8.00711441040039,-0.008009189739823341,-0.018227875232696533,-234.9112548828125,-85.61979675292969,-49.927886962890625,0.02,0.05,0.03,0.09,1768451582.7400072,71.039906
XKF1,73824625,1,36.6,-1.95,336.19,20.64455223083496,-7.805540084838867,-0.00938449241220951,-0.01907907985150814,-234.09060668945312,-85.93505859375,-49.92817306518555,0.02,0.05,0.03,0.09,1768451582.7799911,71.07989
XKF1,73824625,0,36.63,-1.95,336.23,20.646032333374023,-7.806433200836182,-0.002735564950853586,-0.009587776847183704,-234.0975799560547,-85.93559265136719,-49.93373489379883,0.02,0.05,0.03,0.09,1768451582.7799911,71.07989
XKF1,73864609,0,36.62,-1.93,336.79,20.717853546142578,-7.603762149810791,-0.002828554715961218,-0.006844119634479284,-233.2751922607422,-86.24225616455078,-49.93391036987305,0.02,0.05,0.03,0.09,1768451582.8199751,71.119874
XKF1,73864609,1,36.59,-1.93,336.76,20.715253829956055,-7.6038055419921875,-0.009982749819755554,-0.016636576503515244,-233.2686309814453,-86.24173736572266,-49.92869567871094,0.02,0.05,0.03,0.09,1768451582.8199751,71.119874
XKF1,73904593,1,36.59,-1.91,337.33,20.784692764282227,-7.401041507720947,-0.01680295541882515,-0.024846382439136505,-232.4451141357422,-86.53990173339844,-49.92965316772461,0.02,0.05,0.03,0.09,1768451582.8599591,71.159858
XKF1,73904593,0,36.62,-1.91,337.35,20.787887573242188,-7.39992618560791,-0.008015577681362629,-0.014399229548871517,-232.45123291015625,-86.54035949707031,-49.93449783325195,0.02,0.05,0.03,0.09,1768451582.8599591,71.159858
XKF1,73944577,1,36.59,-1.9,337.89,20.853477478027344,-7.195642948150635,-0.02113145962357521,-0.03213758394122124,-231.61814880371094,-86.83006286621094,-49.930870056152344,0.02,0.05,0.03,0.09,1768451582.899943,71.199842
XKF1,73944577,0,36.62,-1.9,337.92,20.855091094970703,-7.194981575012207,-0.012908047065138817,-0.022744765505194664,-231.6239013671875,-86.8304672241211,-49.93532943725586,0.02,0.05,0.03,0.09,1768451582.899943,71.199842
XKF1,73984561,1,36.59,-1.91,338.47,20.91917610168457,-6.993271350860596,-0.02508039027452469,-0.037635438144207,-230.78793334960938,-87.11224365234375,-49.93227005004883,0.02,0.05,0.03,0.09,1768451582.939927,71.239826
XKF1,73984561,0,36.62,-1.91,338.49,20.921281814575195,-6.990475654602051,-0.016325410455465317,-0.02800782211124897,-230.79335021972656,-87.112548828125,-49.936344146728516,0.02,0.05,0.03,0.09,1768451582.939927,71.239826
XKF1,74024545,0,36.61,-1.92,339.05,20.986421585083008,-6.787912845611572,-0.016177769750356674,-0.032772596925497055,-229.95968627929688,-87.38665771484375,-49.93810272216797,0.02,0.05,0.03,0.09,1768451582.979911,71.27981
XKF1,74024545,1,36.59,-1.92,339.02,20.98387336730957,-6.790021896362305,-0.025422969833016396,-0.04263296350836754,-229.95458984375,-87.38645935058594,-49.93446731567383,0.02,0.05,0.03,0.09,1768451582.979911,71.27981
XKF1,74064529,0,36.61,-1.91,339.61,21.048194885253906,-6.584870338439941,-0.01531782653182745,-0.039425235241651535,-229.12449645996094,-87.65240478515625,-49.93986129760742,0.02,0.05,0.03,0.09,1768451583.019895,71.319794
XKF1,74064529,1,36.58,-1.91,339.58,21.04439926147461,-6.589966297149658,-0.02494562603533268,-0.0495745949447155,-229.13726806640625,-87.64679718017578,-49.936580657958984,0.02,0.05,0.03,0.09,1768451583.019895,71.319794
XKF1,74104513,0,36.59,-1.91,340.17,21.10887908935547,-6.378551483154297,-0.016017355024814606,-0.04628298804163933,-228.28770446777344,-87.9098129272461,-49.941978454589844,0.02,0.05,0.03,0.09,1768451583.059879,71.359778
XKF1,74104513,1,36.57,-1.91,340.14,21.104610443115234,-6.384616374969482,-0.026166360825300217,-0.056126002222299576,-228.30084228515625,-87.90443420410156,-49.939022064208984,0.02,0.05,0.03,0.09,1768451583.059879,71.359778
XKF1,74144497,1,36.55,-1.9,340.69,21.163358688354492,-6.179093360900879,-0.028216425329446793,-0.06637351959943771,-227.46131896972656,-88.15404510498047,-49.94166564941406,0.02,0.05,0.03,0.09,1768451583.099863,71.399762
XKF1,74144497,0,36.57,-1.9,340.72,21.166034698486328,-6.174210071563721,-0.017328109592199326,-0.0565878301858902,-227.4478759765625,-88.15918731689453,-49.94425964355469,0.02,0.05,0.03,0.09,1768451583.099863,71.399762
XKF1,74184481,1,36.52,-1.89,341.25,21.217397689819336,-5.975208759307861,-0.03090103529393673,-0.07238338142633438,-226.61895751953125,-88.3956298828125,-49.94425582885742,0.02,0.05,0.03,0.09,1768451583.139847,71.439746
XKF1,74184481,0,36.55,-1.89,341.27,21.22079086303711,-5.968081474304199,-0.02021287940442562,-0.06338914483785629,-226.605224609375,-88.4005355834961,-49.946441650390625,0.02,0.05,0.03,0.09,1768451583.139847,71.439746
XKF1,74224465,0,36.54,-1.88,341.83,21.27599334716797,-5.761016845703125,-0.02168051153421402,-0.06141762435436249,-225.7598419189453,-88.63375091552734,-49.947967529296875,0.02,0.05,0.03,0.09,1768451583.179831,71.47973
XKF1,74224465,1,36.51,-1.88,341.8,21.27185821533203,-5.768683433532715,-0.03244072198867798,-0.07049382477998734,-225.77386474609375,-88.62913513183594,-49.94620132446289,0.02,0.05,0.03,0.09,1768451583.179831,71.47973
XKF1,74264449,1,36.5,-1.86,342.36,21.32074546813965,-5.561954975128174,-0.03650422394275665,-0.06598572432994843,-224.9271697998047,-88.85442352294922,-49.948184967041016,0.02,0.05,0.03,0.09,1768451583.219815,71.519714
XKF1,74264449,0,36.52,-1.86,342.38,21.325807571411133,-5.55422306060791,-0.02538004145026207,-0.05622691661119461,-224.91302490234375,-88.85867309570312,-49.949642181396484,0.02,0.05,0.03,0.09,1768451583.219815,71.519714
XKF1,74304433,1,36.46,-1.85,342.89,21.368236541748047,-5.355557441711426,-0.038540005683898926,-0.061278581619262695,-224.07891845703125,-89.07145690917969,-49.95000076293945,0.02,0.05,0.03,0.09,1768451583.2597992,71.559698
XKF1,74304433,0,36.49,-1.85,342.91,21.37234115600586,-5.347850799560547,-0.026650825515389442,-0.05259998142719269,-224.0648193359375,-89.07533264160156,-49.9511833190918,0.02,0.05,0.03,0.09,1768451583.2597992,71.559698
XKF1,74344417,0,36.44,-1.85,343.45,21.418819427490234,-5.143524646759033,-0.02902139723300934,-0.045732755213975906,-223.214111328125,-89.283935546875,-49.9525260925293,0.02,0.05,0.03,0.09,1768451583.2997832,71.599682
XKF1,74344417,1,36.41,-1.85,343.41,21.41416358947754,-5.151076316833496,-0.04135003313422203,-0.05380891263484955,-223.22817993164062,-89.28040313720703,-49.951656341552734,0.02,0.05,0.03,0.09,1768451583.2997832,71.599682
XKF1,74384401,0,36.4,-1.86,343.99,21.460845947265625,-4.941357135772705,-0.028374651446938515,-0.03813200071454048,-222.36111450195312,-89.4845199584961,-49.95391082763672,0.02,0.05,0.03,0.09,1768451583.3397672,71.639666
XKF1,74384401,1,36.38,-1.86,343.96,21.457313537597656,-4.947118282318115,-0.040172506123781204,-0.0452566035091877,-222.37513732910156,-89.48129272460938,-49.9533805847168,0.02,0.05,0.03,0.09,1768451583.3397672,71.639666
XKF1,74424385,0,36.4,-1.88,344.54,21.503604888916016,-4.741429805755615,-0.02474307268857956,-0.034336358308792114,-221.5059356689453,-89.67718505859375,-49.955894470214844,0.02,0.05,0.03,0.09,1768451583.3797512,71.67965
XKF1,74424385,1,36.37,-1.88,344.5,21.500873565673828,-4.746642112731934,-0.03753330186009407,-0.04264656826853752,-221.5198974609375,-89.67418670654297,-49.955726623535156,0.02,0.05,0.03,0.09,1768451583.3797512,71.67965
XKF1,74464369,1,36.37,-1.9,345.08,21.54192543029785,-4.543201446533203,-0.03541845828294754,-0.045921698212623596,-220.66310119628906,-89.85907745361328,-49.957786560058594,0.02,0.05,0.03,0.09,1768451583.4197352,71.719634
XKF1,74464369,0,36.4,-1.9,345.11,21.544084548950195,-4.537625312805176,-0.02211056277155876,-0.03680514544248581,-220.6493682861328,-89.8618392944336,-49.95763397216797,0.02,0.05,0.03,0.09,1768451583.4197352,71.719634
XKF1,74504353,1,36.37,-1.93,345.64,21.58006477355957,-4.337806701660156,-0.031237326562404633,-0.04269026964902878,-219.8047637939453,-90.03582000732422,-49.959564208984375,0.02,0.05,0.03,0.09,1768451583.4597192,71.759618
XKF1,74504353,0,36.39,-1.93,345.67,21.58340072631836,-4.331728458404541,-0.019676292315125465,-0.03679102659225464,-219.7913818359375,-90.03833770751953,-49.95918655395508,0.02,0.05,0.03,0.09,1768451583.4597192,71.759618
XKF1,74544337,1,36.37,-1.96,346.17,21.61769676208496,-4.134758472442627,-0.024774348363280296,-0.03581248223781586,-218.94447326660156,-90.20448303222656,-49.9610481262207,0.02,0.05,0.03,0.09,1768451583.4997032,71.799602
XKF1,74544337,0,36.39,-1.96,346.21,21.619550704956055,-4.128759860992432,-0.012547320686280727,-0.02996183931827545,-218.93136596679688,-90.2067642211914,-49.960445404052734,0.02,0.05,0.03,0.09,1768451583.4997032,71.799602
XKF1,74584321,1,36.38,-1.99,346.73,21.652441024780273,-3.930988311767578,-0.014912024140357971,-0.025377683341503143,-218.08233642578125,-90.36487579345703,-49.962162017822266,0.02,0.05,0.03,0.09,1768451583.5396872,71.839586
XKF1,74584321,0,36.41,-1.99,346.75,21.65499496459961,-3.9245238304138184,-0.003073842963203788,-0.02011236920952797,-218.06948852539062,-90.36688232421875,-49.961307525634766,0.02,0.05,0.03,0.09,1768451583.5396872,71.839586
XKF1,74625138,1,36.4,-2.02,347.28,21.687559127807617,-3.719482421875,-0.005028741899877787,-0.011957625858485699,-217.18231201171875,-90.52360534667969,-49.96228790283203,0.02,0.05,0.03,0.09,1768451583.5805042,71.880403
XKF1,74625138,0,36.42,-2.01,347.29,21.689085006713867,-3.7216804027557373,0.006499103736132383,-0.006908506620675325,-217.205810546875,-90.5191650390625,-49.96115493774414,0.02,0.05,0.03,0.09,1768451583.5805042,71.880403
XKF1,74665122,1,36.4,-2.02,347.82,21.724281311035156,-3.5158605575561523,0.004095984157174826,0.010228067636489868,-216.30799865722656,-90.66895294189453,-49.9605827331543,0.02,0.05,0.03,0.09,1768451583.6204882,71.920387
XKF1,74665122,0,36.43,-2.02,347.85,21.724687576293945,-3.517011880874634,0.015914006158709526,0.015320922248065472,-216.33197021484375,-90.66455841064453,-49.95932388305664,0.02,0.05,0.03,0.09,1768451583.6204882,71.920387
XKF1,74705106,0,36.42,-2.03,348.41,21.758201599121094,-3.3035836219787598,0.019163252785801888,0.03611278906464577,-215.4393310546875,-90.80431365966797,-49.95705795288086,0.02,0.05,0.03,0.09,1768451583.6604722,71.960371
XKF1,74705106,1,36.4,-2.03,348.38,21.757307052612305,-3.3069827556610107,0.007836736738681793,0.032590314745903015,-215.43301391601562,-90.80592346191406,-49.958492279052734,0.02,0.05,0.03,0.09,1768451583.6604722,71.960371
XKF1,74745090,0,36.42,-2.03,348.95,21.789281845092773,-3.0939419269561768,0.022924017161130905,0.056785594671964645,-214.5640869140625,-90.93266296386719,-49.95454406738281,0.02,0.05,0.03,0.09,1768451583.7004561,72.000355
XKF1,74745090,1,36.39,-2.04,348.93,21.78876495361328,-3.097475528717041,0.011839189566671848,0.05380455031991005,-214.55738830566406,-90.93441009521484,-49.95615768432617,0.02,0.05,0.03,0.09,1768451583.7004561,72.000355
XKF1,74785074,1,36.39,-2.04,349.45,21.82027244567871,-2.890364646911621,0.01648305170238018,0.06681057810783386,-213.68104553222656,-91.05449676513672,-49.95389938354492,0.02,0.05,0.03,0.09,1768451583.7404401,72.040339
XKF1,74785074,0,36.41,-2.04,349.48,21.82085609436035,-2.8864195346832275,0.02669595368206501,0.06935504823923111,-213.68807983398438,-91.05259704589844,-49.95209884643555,0.02,0.05,0.03,0.09,1768451583.7404401,72.040339
XKF1,74825058,0,36.4,-2.03,350.01,21.847667694091797,-2.6786773204803467,0.029733464121818542,0.07303211838006973,-212.8113555908203,-91.16414642333984,-49.949913024902344,0.02,0.05,0.03,0.09,1768451583.780424,72.080323
XKF1,74825058,1,36.38,-2.04,349.98,21.847579956054688,-2.6825170516967773,0.020608145743608475,0.07075779139995575,-212.80398559570312,-91.16619873046875,-49.95188522338867,0.02,0.05,0.03,0.09,1768451583.780424,72.080323
XKF1,74865042,0,36.38,-2.02,350.55,21.876920700073242,-2.4688899517059326,0.029395559802651405,0.07239077240228653,-211.92713928222656,-91.26799011230469,-49.94697952270508,0.02,0.05,0.03,0.09,1768451583.820408,72.120307
XKF1,74865042,1,36.36,-2.02,350.51,21.877208709716797,-2.4725265502929688,0.02038785070180893,0.07006818801164627,-211.91969299316406,-91.27011108398438,-49.948997497558594,0.02,0.05,0.03,0.09,1768451583.820408,72.120307
XKF1,74905026,1,36.35,-2.01,351.08,21.90427017211914,-2.2602577209472656,0.017371628433465958,0.07082296907901764,-211.03543090820312,-91.36544036865234,-49.946746826171875,0.02,0.05,0.03,0.09,1768451583.860392,72.160291
XKF1,74905026,0,36.37,-2.0,351.11,21.90424156188965,-2.256401538848877,0.026596711948513985,0.07286734133958817,-211.04296875,-91.36324310302734,-49.94464111328125,0.02,0.05,0.03,0.09,1768451583.860392,72.160291
XKF1,74945010,1,36.35,-1.99,351.64,21.93075942993164,-2.045870780944824,0.011139401234686375,0.056717514991760254,-210.151123046875,-91.45211791992188,-49.94524002075195,0.02,0.05,0.03,0.09,1768451583.900376,72.200275
XKF1,74945010,0,36.37,-1.99,351.67,21.92985725402832,-2.0419750213623047,0.02039569616317749,0.05884882062673569,-210.1587677001953,-91.44984436035156,-49.9430046081543,0.02,0.05,0.03,0.09,1768451583.900376,72.200275
XKF1,74984994,0,36.37,-1.98,352.24,21.94980239868164,-1.826200246810913,0.014584985561668873,0.044913239777088165,-209.27455139160156,-91.52774047851562,-49.941673278808594,0.02,0.05,0.03,0.09,1768451583.94036,72.240259
XKF1,74984994,1,36.35,-1.99,352.22,21.95073890686035,-1.8295940160751343,0.00530049204826355,0.042285505682229996,-209.2667999267578,-91.53009033203125,-49.94406509399414,0.02,0.05,0.03,0.09,1768451583.94036,72.240259
XKF1,75024978,0,36.37,-1.99,352.81,21.970552444458008,-1.6108942031860352,0.008926130831241608,0.03602846711874008,-208.39027404785156,-91.59687042236328,-49.94001388549805,0.02,0.05,0.03,0.09,1768451583.980344,72.280243
XKF1,75024978,1,36.35,-1.99,352.78,21.9724178314209,-1.6147583723068237,-0.0006668901769444346,0.03247242420911789,-208.38241577148438,-91.59930419921875,-49.94260025024414,0.02,0.05,0.03,0.09,1768451583.980344,72.280243
XKF1,75064962,1,36.37,-2.0,353.33,21.993040084838867,-1.3998032808303833,-0.002418943215161562,0.03397318348288536,-207.4923553466797,-91.6600570678711,-49.94083023071289,0.02,0.05,0.03,0.09,1768451584.020328,72.320227
XKF1,75064962,0,36.39,-2.0,353.37,21.991233825683594,-1.396092414855957,0.007201129104942083,0.03783426433801651,-207.5001678466797,-91.6576156616211,-49.938133239746094,0.02,0.05,0.03,0.09,1768451584.020328,72.320227
XKF1,75104946,0,36.43,-2.0,353.91,22.00933265686035,-1.1817792654037476,0.008845525793731213,0.04354940354824066,-206.610595703125,-91.70964050292969,-49.93618392944336,0.02,0.05,0.03,0.09,1768451584.060312,72.360211
