mavpackettype,TimeUS,C1,C2,C3,C4,C5,C6,C7,C8,C9,C10,C11,C12,C13,C14,_t,t
RCOU,1745135,1500,1500,1000,1500,0,0,0,0,0,0,0,0,0,0,1768451510.7005012,0.0
RCOU,1785119,1500,1500,1000,1500,0,0,0,0,0,0,0,0,0,0,1768451510.7404852,0.039984
RCOU,1825103,1500,1500,1000,1500,0,0,0,0,0,0,0,0,0,0,1768451510.7804692,0.079968
RCOU,1865087,1500,1500,1000,1500,0,0,0,0,0,0,0,0,0,0,1768451510.8204532,0.119952
RCOU,1905071,1500,1500,1000,1500,0,0,0,0,0,0,0,0,0,0,1768451510.8604372,0.159936
RCOU,1945055,1500,1500,1000,1500,0,0,0,0,0,0,0,0,0,0,1768451510.9004211,0.19992
RCOU,1985039,1500,1500,1000,1500,0,0,0,0,0,0,0,0,0,0,1768451510.9404051,0.239904
RCOU,2025023,1500,1500,1000,1500,0,0,0,0,0,0,0,0,0,0,1768451510.980389,0.279888
RCOU,2065007,1500,1500,1000,1500,0,0,0,0,0,0,0,0,0,0,1768451511.020373,0.319872
RCOU,2104991,1500,1500,1000,1500,0,0,0,0,0,0,0,0,0,0,1768451511.060357,0.359856
RCOU,2144975,1500,1500,1000,1500,0,0,0,0,0,0,0,0,0,0,1768451511.100341,0.39984
RCOU,2184959,1500,1500,1000,1500,0,0,0,0,0,0,0,0,0,0,1768451511.140325,0.439824
RCOU,2224943,1500,1500,1000,1500,0,0,0,0,0,0,0,0,0,0,1768451511.180309,0.479808
RCOU,2264927,1500,1500,1000,1500,0,0,0,0,0,0,0,0,0,0,1768451511.220293,0.519792
RCOU,2304911,1500,1500,1000,1500,0,0,0,0,0,0,0,0,0,0,1768451511.260277,0.559776
RCOU,2344895,1500,1500,1000,1500,0,0,0,0,0,0,0,0,0,0,1768451511.300261,0.59976
RCOU,2384879,1500,1500,1000,1500,0,0,0,0,0,0,0,0,0,0,1768451511.3402452,0.639744
RCOU,2424863,1500,1500,1000,1500,0,0,0,0,0,0,0,0,0,0,1768451511.3802292,0.679728
RCOU,2464847,1500,1500,1000,1500,0,0,0,0,0,0,0,0,0,0,1768451511.4202132,0.719712
RCOU,2504831,1500,1500,1000,1500,0,0,0,0,0,0,0,0,0,0,1768451511.4601972,0.759696
RCOU,2544815,1500,1500,1000,1500,0,0,0,0,0,0,0,0,0,0,1768451511.5001812,0.79968
RCOU,2584799,1500,1500,1000,1500,0,0,0,0,0,0,0,0,0,0,1768451511.5401652,0.839664
RCOU,2624783,1500,1500,1000,1500,0,0,0,0,0,0,0,0,0,0,1768451511.5801492,0.879648
RCOU,2664767,1500,1500,1000,1500,0,0,0,0,0,0,0,0,0,0,1768451511.6201332,0.919632
RCOU,2704751,1500,1500,1000,1500,0,0,0,0,0,0,0,0,0,0,1768451511.6601171,0.959616
RCOU,2744735,1500,1500,1000,1500,0,0,0,0,0,0,0,0,0,0,1768451511.7001011,0.9996
RCOU,2784719,1500,1500,1000,1500,0,0,0,0,0,0,0,0,0,0,1768451511.7400851,1.039584
RCOU,2824703,1500,1500,1000,1500,0,0,0,0,0,0,0,0,0,0,1768451511.780069,1.079568
RCOU,2864687,1500,1500,1000,1500,0,0,0,0,0,0,0,0,0,0,1768451511.820053,1.119552
RCOU,2904671,1500,1500,1000,1500,0,0,0,0,0,0,0,0,0,0,1768451511.860037,1.159536
RCOU,2944655,1500,1500,1000,1500,0,0,0,0,0,0,0,0,0,0,1768451511.900021,1.19952
RCOU,2984639,1500,1500,1000,1500,0,0,0,0,0,0,0,0,0,0,1768451511.940005,1.239504
RCOU,3024623,1500,1500,1000,1500,0,0,0,0,0,0,0,0,0,0,1768451511.979989,1.279488
RCOU,3064607,1500,1500,1000,1500,0,0,0,0,0,0,0,0,0,0,1768451512.019973,1.319472
RCOU,3104591,1500,1500,1000,1500,0,0,0,0,0,0,0,0,0,0,1768451512.059957,1.359456
RCOU,3144575,1500,1500,1000,1500,0,0,0,0,0,0,0,0,0,0,1768451512.0999413,1.39944
RCOU,3184559,1500,1500,1000,1500,0,0,0,0,0,0,0,0,0,0,1768451512.1399252,1.439424
RCOU,3224543,1500,1500,1000,1500,0,0,0,0,0,0,0,0,0,0,1768451512.1799092,1.479408
RCOU,3264527,1500,1500,1000,1500,0,0,0,0,0,0,0,0,0,0,1768451512.2198932,1.519392
RCOU,3304511,1500,1500,1000,1500,0,0,0,0,0,0,0,0,0,0,1768451512.2598772,1.559376
RCOU,3344495,1500,1500,1000,1500,0,0,0,0,0,0,0,0,0,0,1768451512.2998612,1.59936
RCOU,3384479,1500,1500,1000,1500,0,0,0,0,0,0,0,0,0,0,1768451512.3398452,1.639344
RCOU,3424463,1500,1500,1000,1500,0,0,0,0,0,0,0,0,0,0,1768451512.3798292,1.679328
RCOU,3464447,1500,1500,1000,1500,0,0,0,0,0,0,0,0,0,0,1768451512.4198132,1.719312
RCOU,3504431,1500,1500,1000,1500,0,0,0,0,0,0,0,0,0,0,1768451512.4597971,1.759296
RCOU,3544415,1500,1500,1000,1500,0,0,0,0,0,0,0,0,0,0,1768451512.4997811,1.79928
RCOU,3584399,1500,1500,1000,1500,0,0,0,0,0,0,0,0,0,0,1768451512.5397651,1.839264
RCOU,3624383,1500,1500,1000,1500,0,0,0,0,0,0,0,0,0,0,1768451512.579749,1.879248
RCOU,3664367,1500,1500,1000,1500,0,0,0,0,0,0,0,0,0,0,1768451512.619733,1.919232
RCOU,3704351,1500,1500,1000,1500,0,0,0,0,0,0,0,0,0,0,1768451512.659717,1.959216
RCOU,3744335,1500,1500,1000,1500,0,0,0,0,0,0,0,0,0,0,1768451512.699701,1.9992
RCOU,3784319,1500,1500,1000,1500,0,0,0,0,0,0,0,0,0,0,1768451512.739685,2.039184
RCOU,3825136,1500,1500,1000,1500,0,0,0,0,0,0,0,0,0,0,1768451512.780502,2.080001
RCOU,3865120,1500,1500,1000,1500,0,0,0,0,0,0,0,0,0,0,1768451512.820486,2.119985
RCOU,3905104,1500,1500,1000,1500,0,0,0,0,0,0,0,0,0,0,1768451512.86047,2.159969
RCOU,3945088,1500,1500,1000,1500,0,0,0,0,0,0,0,0,0,0,1768451512.900454,2.199953
RCOU,3985072,1500,1500,1000,1500,0,0,0,0,0,0,0,0,0,0,1768451512.940438,2.239937
RCOU,4025056,1500,1500,1000,1500,0,0,0,0,0,0,0,0,0,0,1768451512.980422,2.279921
RCOU,4065040,1500,1500,1000,1500,0,0,0,0,0,0,0,0,0,0,1768451513.0204062,2.319905
RCOU,4105024,1500,1500,1000,1500,0,0,0,0,0,0,0,0,0,0,1768451513.0603902,2.359889
RCOU,4145008,1500,1500,1000,1500,0,0,0,0,0,0,0,0,0,0,1768451513.1003742,2.399873
RCOU,4184992,1500,1500,1000,1500,0,0,0,0,0,0,0,0,0,0,1768451513.1403582,2.439857
RCOU,4224976,1500,1500,1000,1500,0,0,0,0,0,0,0,0,0,0,1768451513.1803422,2.479841
RCOU,4264960,1500,1500,1000,1500,0,0,0,0,0,0,0,0,0,0,1768451513.2203262,2.519825
RCOU,4304944,1500,1500,1000,1500,0,0,0,0,0,0,0,0,0,0,1768451513.2603102,2.559809
RCOU,4344928,1500,1500,1000,1500,0,0,0,0,0,0,0,0,0,0,1768451513.3002942,2.599793
RCOU,4384912,1500,1500,1000,1500,0,0,0,0,0,0,0,0,0,0,1768451513.3402781,2.639777
RCOU,4424896,1500,1500,1000,1500,0,0,0,0,0,0,0,0,0,0,1768451513.3802621,2.679761
RCOU,4464880,1500,1500,1000,1500,0,0,0,0,0,0,0,0,0,0,1768451513.4202461,2.719745
RCOU,4504864,1500,1500,1000,1500,0,0,0,0,0,0,0,0,0,0,1768451513.46023,2.759729
RCOU,4544848,1500,1500,1000,1500,0,0,0,0,0,0,0,0,0,0,1768451513.500214,2.799713
RCOU,4584832,1500,1500,1000,1500,0,0,0,0,0,0,0,0,0,0,1768451513.540198,2.839697
RCOU,4624816,1500,1500,1000,1500,0,0,0,0,0,0,0,0,0,0,1768451513.580182,2.879681
RCOU,4664800,1500,1500,1000,1500,0,0,0,0,0,0,0,0,0,0,1768451513.620166,2.919665
RCOU,4704784,1500,1500,1000,1500,0,0,0,0,0,0,0,0,0,0,1768451513.66015,2.959649
RCOU,4744768,1500,1500,1000,1500,0,0,0,0,0,0,0,0,0,0,1768451513.700134,2.999633
RCOU,4784752,1500,1500,1000,1500,0,0,0,0,0,0,0,0,0,0,1768451513.740118,3.039617
RCOU,4824736,1500,1500,1000,1500,0,0,0,0,0,0,0,0,0,0,1768451513.7801023,3.079601
RCOU,4864720,1500,1500,1000,1500,0,0,0,0,0,0,0,0,0,0,1768451513.8200862,3.119585
RCOU,4904704,1500,1500,1000,1500,0,0,0,0,0,0,0,0,0,0,1768451513.8600702,3.159569
RCOU,4944688,1500,1500,1000,1500,0,0,0,0,0,0,0,0,0,0,1768451513.9000542,3.199553
RCOU,4984672,1500,1500,1000,1500,0,0,0,0,0,0,0,0,0,0,1768451513.9400382,3.239537
RCOU,5024656,1500,1500,1000,1500,0,0,0,0,0,0,0,0,0,0,1768451513.9800222,3.279521
RCOU,5064640,1500,1500,1000,1500,0,0,0,0,0,0,0,0,0,0,1768451514.0200062,3.319505
RCOU,5104624,1500,1500,1000,1500,0,0,0,0,0,0,0,0,0,0,1768451514.0599902,3.359489
RCOU,5144608,1500,1500,1000,1500,0,0,0,0,0,0,0,0,0,0,1768451514.0999742,3.399473
RCOU,5184592,1500,1500,1000,1500,0,0,0,0,0,0,0,0,0,0,1768451514.1399581,3.439457
RCOU,5224576,1500,1500,1000,1500,0,0,0,0,0,0,0,0,0,0,1768451514.1799421,3.479441
RCOU,5264560,1500,1500,1000,1500,0,0,0,0,0,0,0,0,0,0,1768451514.219926,3.519425
RCOU,5304544,1500,1500,1000,1500,0,0,0,0,0,0,0,0,0,0,1768451514.25991,3.559409
RCOU,5344528,1500,1500,1000,1500,0,0,0,0,0,0,0,0,0,0,1768451514.299894,3.599393
RCOU,5384512,1500,1500,1000,1500,0,0,0,0,0,0,0,0,0,0,1768451514.339878,3.639377
RCOU,5424496,1500,1500,1000,1500,0,0,0,0,0,0,0,0,0,0,1768451514.379862,3.679361
RCOU,5464480,1500,1500,1000,1500,0,0,0,0,0,0,0,0,0,0,1768451514.419846,3.719345
RCOU,5504464,1500,1500,1000,1500,0,0,0,0,0,0,0,0,0,0,1768451514.45983,3.759329
RCOU,5544448,1500,1500,1000,1500,0,0,0,0,0,0,0,0,0,0,1768451514.499814,3.799313
RCOU,5584432,1500,1500,1000,1500,0,0,0,0,0,0,0,0,0,0,1768451514.539798,3.839297
RCOU,5624416,1500,1500,1000,1500,0,0,0,0,0,0,0,0,0,0,1768451514.5797822,3.879281
RCOU,5664400,1500,1500,1000,1500,0,0,0,0,0,0,0,0,0,0,1768451514.6197662,3.919265
RCOU,5704384,1500,1500,1000,1500,0,0,0,0,0,0,0,0,0,0,1768451514.6597502,3.959249
RCOU,5744368,1500,1500,1000,1500,0,0,0,0,0,0,0,0,0,0,1768451514.6997342,3.999233
RCOU,5784352,1500,1500,1000,1500,0,0,0,0,0,0,0,0,0,0,1768451514.7397182,4.039217
RCOU,5824336,1500,1500,1000,1500,0,0,0,0,0,0,0,0,0,0,1768451514.7797022,4.079201
RCOU,5864320,1500,1500,1000,1500,0,0,0,0,0,0,0,0,0,0,1768451514.8196862,4.119185
RCOU,5905137,1500,1500,1000,1500,0,0,0,0,0,0,0,0,0,0,1768451514.8605032,4.160002
RCOU,5945121,1500,1500,1000,1500,0,0,0,0,0,0,0,0,0,0,1768451514.9004872,4.199986
RCOU,5985105,1500,1500,1000,1500,0,0,0,0,0,0,0,0,0,0,1768451514.9404712,4.23997
RCOU,6025089,1500,1500,1000,1500,0,0,0,0,0,0,0,0,0,0,1768451514.9804552,4.279954
RCOU,6065073,1500,1500,1000,1500,0,0,0,0,0,0,0,0,0,0,1768451515.0204391,4.319938
RCOU,6105057,1500,1500,1000,1500,0,0,0,0,0,0,0,0,0,0,1768451515.0604231,4.359922
RCOU,6145041,1500,1500,1000,1500,0,0,0,0,0,0,0,0,0,0,1768451515.1004071,4.399906
RCOU,6185025,1500,1500,1000,1500,0,0,0,0,0,0,0,0,0,0,1768451515.140391,4.43989
RCOU,6225009,1500,1500,1000,1500,0,0,0,0,0,0,0,0,0,0,1768451515.180375,4.479874
RCOU,6264993,1500,1500,1000,1500,0,0,0,0,0,0,0,0,0,0,1768451515.220359,4.519858
RCOU,6304977,1500,1500,1000,1500,0,0,0,0,0,0,0,0,0,0,1768451515.260343,4.559842
RCOU,6344961,1500,1500,1000,1500,0,0,0,0,0,0,0,0,0,0,1768451515.300327,4.599826
RCOU,6384945,1500,1500,1000,1500,0,0,0,0,0,0,0,0,0,0,1768451515.340311,4.63981
RCOU,6424929,1500,1500,1000,1500,0,0,0,0,0,0,0,0,0,0,1768451515.380295,4.679794
RCOU,6464913,1500,1500,1000,1500,0,0,0,0,0,0,0,0,0,0,1768451515.420279,4.719778
RCOU,6504897,1500,1500,1000,1500,0,0,0,0,0,0,0,0,0,0,1768451515.4602633,4.759762
RCOU,6544881,1500,1500,1000,1500,0,0,0,0,0,0,0,0,0,0,1768451515.5002472,4.799746
RCOU,6584865,1500,1500,1000,1500,0,0,0,0,0,0,0,0,0,0,1768451515.5402312,4.83973
RCOU,6624849,1500,1500,1000,1500,0,0,0,0,0,0,0,0,0,0,1768451515.5802152,4.879714
RCOU,6664833,1500,1500,1000,1500,0,0,0,0,0,0,0,0,0,0,1768451515.6201992,4.919698
RCOU,6704817,1500,1500,1000,1500,0,0,0,0,0,0,0,0,0,0,1768451515.6601832,4.959682
RCOU,6744801,1500,1500,1000,1500,0,0,0,0,0,0,0,0,0,0,1768451515.7001672,4.999666
RCOU,6784785,1500,1500,1000,1500,0,0,0,0,0,0,0,0,0,0,1768451515.7401512,5.03965
RCOU,6824769,1500,1500,1000,1500,0,0,0,0,0,0,0,0,0,0,1768451515.7801352,5.079634
RCOU,6864753,1500,1500,1000,1500,0,0,0,0,0,0,0,0,0,0,1768451515.8201191,5.119618
RCOU,6904737,1500,1500,1000,1500,0,0,0,0,0,0,0,0,0,0,1768451515.8601031,5.159602
RCOU,6944721,1500,1500,1000,1500,0,0,0,0,0,0,0,0,0,0,1768451515.900087,5.199586
RCOU,6984705,1500,1500,1000,1500,0,0,0,0,0,0,0,0,0,0,1768451515.940071,5.23957
RCOU,7024689,1500,1500,1000,1500,0,0,0,0,0,0,0,0,0,0,1768451515.980055,5.279554
RCOU,7064673,1500,1500,1000,1500,0,0,0,0,0,0,0,0,0,0,1768451516.020039,5.319538
RCOU,7104657,1500,1500,1000,1500,0,0,0,0,0,0,0,0,0,0,1768451516.060023,5.359522
RCOU,7144641,1500,1500,1000,1500,0,0,0,0,0,0,0,0,0,0,1768451516.100007,5.399506
RCOU,7184625,1500,1500,1000,1500,0,0,0,0,0,0,0,0,0,0,1768451516.139991,5.43949
RCOU,7224609,1500,1500,1000,1500,0,0,0,0,0,0,0,0,0,0,1768451516.179975,5.479474
RCOU,7264593,1500,1500,1000,1500,0,0,0,0,0,0,0,0,0,0,1768451516.219959,5.519458
RCOU,7304577,1500,1500,1000,1500,0,0,0,0,0,0,0,0,0,0,1768451516.2599432,5.559442
RCOU,7344561,1500,1500,1000,1500,0,0,0,0,0,0,0,0,0,0,1768451516.2999272,5.599426
RCOU,7384545,1500,1500,1000,1500,0,0,0,0,0,0,0,0,0,0,1768451516.3399112,5.63941
RCOU,7424529,1500,1500,1000,1500,0,0,0,0,0,0,0,0,0,0,1768451516.3798952,5.679394
RCOU,7464513,1500,1500,1000,1500,0,0,0,0,0,0,0,0,0,0,1768451516.4198792,5.719378
RCOU,7504497,1500,1500,1000,1500,0,0,0,0,0,0,0,0,0,0,1768451516.4598632,5.759362
RCOU,7544481,1500,1500,1000,1500,0,0,0,0,0,0,0,0,0,0,1768451516.4998472,5.799346
RCOU,7584465,1500,1500,1000,1500,0,0,0,0,0,0,0,0,0,0,1768451516.5398312,5.83933
RCOU,7624449,1500,1500,1000,1500,0,0,0,0,0,0,0,0,0,0,1768451516.5798151,5.879314
RCOU,7664433,1500,1500,1000,1500,0,0,0,0,0,0,0,0,0,0,1768451516.6197991,5.919298
RCOU,7704417,1500,1500,1000,1500,0,0,0,0,0,0,0,0,0,0,1768451516.6597831,5.959282
RCOU,7744401,1500,1500,1000,1500,0,0,0,0,0,0,0,0,0,0,1768451516.699767,5.999266
RCOU,7784385,1500,1500,1000,1500,0,0,0,0,0,0,0,0,0,0,1768451516.739751,6.03925
RCOU,7824369,1500,1500,1000,1500,0,0,0,0,0,0,0,0,0,0,1768451516.779735,6.079234
RCOU,7864353,1500,1500,1000,1500,0,0,0,0,0,0,0,0,0,0,1768451516.819719,6.119218
RCOU,7904337,1500,1500,1000,1500,0,0,0,0,0,0,0,0,0,0,1768451516.859703,6.159202
RCOU,7944321,1500,1500,1000,1500,0,0,0,0,0,0,0,0,0,0,1768451516.899687,6.199186
RCOU,7985138,1500,1500,1000,1500,0,0,0,0,0,0,0,0,0,0,1768451516.940504,6.240003
RCOU,8025122,1500,1500,1000,1500,0,0,0,0,0,0,0,0,0,0,1768451516.980488,6.279987
RCOU,8065106,1500,1500,1000,1500,0,0,0,0,0,0,0,0,0,0,1768451517.020472,6.319971
RCOU,8105090,1500,1500,1000,1500,0,0,0,0,0,0,0,0,0,0,1768451517.060456,6.359955
RCOU,8145074,1500,1500,1000,1500,0,0,0,0,0,0,0,0,0,0,1768451517.10044,6.399939
RCOU,8185058,1500,1500,1000,1500,0,0,0,0,0,0,0,0,0,0,1768451517.1404243,6.439923
RCOU,8225042,1500,1500,1000,1500,0,0,0,0,0,0,0,0,0,0,1768451517.1804082,6.479907
RCOU,8265026,1500,1500,1000,1500,0,0,0,0,0,0,0,0,0,0,1768451517.2203922,6.519891
RCOU,8305010,1500,1500,1000,1500,0,0,0,0,0,0,0,0,0,0,1768451517.2603762,6.559875
RCOU,8344994,1500,1500,1000,1500,0,0,0,0,0,0,0,0,0,0,1768451517.3003602,6.599859
RCOU,8384978,1500,1500,1000,1500,0,0,0,0,0,0,0,0,0,0,1768451517.3403442,6.639843
RCOU,8424962,1500,1500,1000,1500,0,0,0,0,0,0,0,0,0,0,1768451517.3803282,6.679827
RCOU,8464946,1500,1500,1000,1500,0,0,0,0,0,0,0,0,0,0,1768451517.4203122,6.719811
RCOU,8504930,1500,1500,1000,1500,0,0,0,0,0,0,0,0,0,0,1768451517.4602962,6.759795
RCOU,8544914,1500,1500,1000,1500,0,0,0,0,0,0,0,0,0,0,1768451517.5002801,6.799779
RCOU,8584898,1500,1500,1000,1500,0,0,0,0,0,0,0,0,0,0,1768451517.5402641,6.839763
RCOU,8624882,1500,1500,1000,1500,0,0,0,0,0,0,0,0,0,0,1768451517.580248,6.879747
RCOU,8664866,1500,1500,1000,1500,0,0,0,0,0,0,0,0,0,0,1768451517.620232,6.919731
RCOU,8704850,1500,1500,1000,1500,0,0,0,0,0,0,0,0,0,0,1768451517.660216,6.959715
RCOU,8744834,1500,1500,1000,1500,0,0,0,0,0,0,0,0,0,0,1768451517.7002,6.999699
RCOU,8784818,1500,1500,1000,1500,0,0,0,0,0,0,0,0,0,0,1768451517.740184,7.039683
RCOU,8824802,1500,1500,1000,1500,0,0,0,0,0,0,0,0,0,0,1768451517.780168,7.079667
RCOU,8864786,1500,1500,1000,1500,0,0,0,0,0,0,0,0,0,0,1768451517.820152,7.119651
RCOU,8904770,1500,1500,1000,1500,0,0,0,0,0,0,0,0,0,0,1768451517.860136,7.159635
RCOU,8944754,1500,1500,1000,1500,0,0,0,0,0,0,0,0,0,0,1768451517.90012,7.199619
RCOU,8984738,1500,1500,1000,1500,0,0,0,0,0,0,0,0,0,0,1768451517.9401042,7.239603
RCOU,9024722,1500,1500,1000,1500,0,0,0,0,0,0,0,0,0,0,1768451517.9800882,7.279587
RCOU,9064706,1500,1500,1000,1500,0,0,0,0,0,0,0,0,0,0,1768451518.0200722,7.319571
RCOU,9104690,1500,1500,1000,1500,0,0,0,0,0,0,0,0,0,0,1768451518.0600562,7.359555
RCOU,9144674,1500,1500,1000,1500,0,0,0,0,0,0,0,0,0,0,1768451518.1000402,7.399539
RCOU,9184658,1500,1500,1000,1500,0,0,0,0,0,0,0,0,0,0,1768451518.1400242,7.439523
RCOU,9224642,1500,1500,1000,1500,0,0,0,0,0,0,0,0,0,0,1768451518.1800082,7.479507
RCOU,9264626,1500,1500,1000,1500,0,0,0,0,0,0,0,0,0,0,1768451518.2199922,7.519491
RCOU,9304610,1500,1500,1000,1500,0,0,0,0,0,0,0,0,0,0,1768451518.2599761,7.559475
RCOU,9344594,1500,1500,1000,1500,0,0,0,0,0,0,0,0,0,0,1768451518.2999601,7.599459
RCOU,9384578,1500,1500,1000,1500,0,0,0,0,0,0,0,0,0,0,1768451518.3399441,7.639443
RCOU,9424562,1500,1500,1000,1500,0,0,0,0,0,0,0,0,0,0,1768451518.379928,7.679427
RCOU,9464546,1500,1500,1000,1500,0,0,0,0,0,0,0,0,0,0,1768451518.419912,7.719411
RCOU,9504530,1500,1500,1000,1500,0,0,0,0,0,0,0,0,0,0,1768451518.459896,7.759395
RCOU,9544514,1500,1500,1000,1500,0,0,0,0,0,0,0,0,0,0,1768451518.49988,7.799379
RCOU,9584498,1500,1500,1000,1500,0,0,0,0,0,0,0,0,0,0,1768451518.539864,7.839363
RCOU,9624482,1500,1500,1000,1500,0,0,0,0,0,0,0,0,0,0,1768451518.579848,7.879347
RCOU,9664466,1500,1500,1000,1500,0,0,0,0,0,0,0,0,0,0,1768451518.619832,7.919331
RCOU,9704450,1500,1500,1000,1500,0,0,0,0,0,0,0,0,0,0,1768451518.659816,7.959315
RCOU,9744434,1500,1500,1000,1500,0,0,0,0,0,0,0,0,0,0,1768451518.6998003,7.999299
RCOU,9784418,1500,1500,1000,1500,0,0,0,0,0,0,0,0,0,0,1768451518.7397842,8.039283
RCOU,9824402,1500,1500,1000,1500,0,0,0,0,0,0,0,0,0,0,1768451518.7797682,8.079267
RCOU,9864386,1500,1500,1000,1500,0,0,0,0,0,0,0,0,0,0,1768451518.8197522,8.119251
RCOU,9904370,1500,1500,1000,1500,0,0,0,0,0,0,0,0,0,0,1768451518.8597362,8.159235
RCOU,9944354,1500,1500,1000,1500,0,0,0,0,0,0,0,0,0,0,1768451518.8997202,8.199219
RCOU,9984338,1500,1500,1000,1500,0,0,0,0,0,0,0,0,0,0,1768451518.9397042,8.239203
RCOU,10024322,1500,1500,1000,1500,0,0,0,0,0,0,0,0,0,0,1768451518.9796882,8.279187
RCOU,10065139,1500,1500,1000,1500,0,0,0,0,0,0,0,0,0,0,1768451519.0205052,8.320004
RCOU,10105123,1500,1500,1000,1500,0,0,0,0,0,0,0,0,0,0,1768451519.0604892,8.359988
RCOU,10145107,1500,1500,1000,1500,0,0,0,0,0,0,0,0,0,0,1768451519.1004732,8.399972
RCOU,10185091,1500,1500,1000,1500,0,0,0,0,0,0,0,0,0,0,1768451519.1404572,8.439956
RCOU,10225075,1500,1500,1000,1500,0,0,0,0,0,0,0,0,0,0,1768451519.1804411,8.47994
RCOU,10265059,1500,1500,1000,1500,0,0,0,0,0,0,0,0,0,0,1768451519.2204251,8.519924
RCOU,10305043,1500,1500,1000,1500,0,0,0,0,0,0,0,0,0,0,1768451519.260409,8.559908
RCOU,10345027,1500,1500,1000,1500,0,0,0,0,0,0,0,0,0,0,1768451519.300393,8.599892
RCOU,10385011,1500,1500,1000,1500,0,0,0,0,0,0,0,0,0,0,1768451519.340377,8.639876
RCOU,10424995,1500,1500,1000,1500,0,0,0,0,0,0,0,0,0,0,1768451519.380361,8.67986
RCOU,10464979,1500,1500,1000,1500,0,0,0,0,0,0,0,0,0,0,1768451519.420345,8.719844
RCOU,10504963,1500,1500,1000,1500,0,0,0,0,0,0,0,0,0,0,1768451519.460329,8.759828
RCOU,10544947,1500,1500,1000,1500,0,0,0,0,0,0,0,0,0,0,1768451519.500313,8.799812
RCOU,10584931,1500,1500,1000,1500,0,0,0,0,0,0,0,0,0,0,1768451519.540297,8.839796
RCOU,10624915,1500,1500,1000,1500,0,0,0,0,0,0,0,0,0,0,1768451519.580281,8.87978
RCOU,10664899,1500,1500,1000,1500,0,0,0,0,0,0,0,0,0,0,1768451519.6202652,8.919764
RCOU,10704883,1500,1500,1000,1500,0,0,0,0,0,0,0,0,0,0,1768451519.6602492,8.959748
RCOU,10744867,1500,1500,1000,1500,0,0,0,0,0,0,0,0,0,0,1768451519.7002332,8.999732
RCOU,10784851,1500,1500,1000,1500,0,0,0,0,0,0,0,0,0,0,1768451519.7402172,9.039716
RCOU,10824835,1500,1500,1000,1500,0,0,0,0,0,0,0,0,0,0,1768451519.7802012,9.0797
RCOU,10864819,1500,1500,1000,1500,0,0,0,0,0,0,0,0,0,0,1768451519.8201852,9.119684
RCOU,10904803,1500,1500,1000,1500,0,0,0,0,0,0,0,0,0,0,1768451519.8601692,9.159668
RCOU,10944787,1500,1500,1000,1500,0,0,0,0,0,0,0,0,0,0,1768451519.9001532,9.199652
RCOU,10984771,1500,1500,1000,1500,0,0,0,0,0,0,0,0,0,0,1768451519.9401371,9.239636
RCOU,11024755,1500,1500,1000,1500,0,0,0,0,0,0,0,0,0,0,1768451519.9801211,9.27962
RCOU,11064739,1500,1500,1000,1500,0,0,0,0,0,0,0,0,0,0,1768451520.0201051,9.319604
RCOU,11104723,1500,1500,1000,1500,0,0,0,0,0,0,0,0,0,0,1768451520.060089,9.359588
RCOU,11144707,1500,1500,1000,1500,0,0,0,0,0,0,0,0,0,0,1768451520.100073,9.399572
RCOU,11184691,1500,1500,1000,1500,0,0,0,0,0,0,0,0,0,0,1768451520.140057,9.439556
RCOU,11224675,1500,1500,1000,1500,0,0,0,0,0,0,0,0,0,0,1768451520.180041,9.47954
RCOU,11264659,1500,1500,1000,1500,0,0,0,0,0,0,0,0,0,0,1768451520.220025,9.519524
RCOU,11304643,1500,1500,1000,1500,0,0,0,0,0,0,0,0,0,0,1768451520.260009,9.559508
RCOU,11344627,1500,1500,1000,1500,0,0,0,0,0,0,0,0,0,0,1768451520.299993,9.599492
RCOU,11384611,1500,1500,1000,1500,0,0,0,0,0,0,0,0,0,0,1768451520.339977,9.639476
RCOU,11424595,1500,1500,1000,1500,0,0,0,0,0,0,0,0,0,0,1768451520.3799613,9.67946
RCOU,11464579,1500,1500,1000,1500,0,0,0,0,0,0,0,0,0,0,1768451520.4199452,9.719444
RCOU,11504563,1500,1500,1000,1500,0,0,0,0,0,0,0,0,0,0,1768451520.4599292,9.759428
RCOU,11544547,1500,1500,1000,1500,0,0,0,0,0,0,0,0,0,0,1768451520.4999132,9.799412
RCOU,11584531,1500,1500,1000,1500,0,0,0,0,0,0,0,0,0,0,1768451520.5398972,9.839396
RCOU,11624515,1500,1500,1000,1500,0,0,0,0,0,0,0,0,0,0,1768451520.5798812,9.87938
RCOU,11664499,1500,1500,1000,1500,0,0,0,0,0,0,0,0,0,0,1768451520.6198652,9.919364
RCOU,11704483,1500,1500,1000,1500,0,0,0,0,0,0,0,0,0,0,1768451520.6598492,9.959348
RCOU,11744467,1500,1500,1000,1500,0,0,0,0,0,0,0,0,0,0,1768451520.6998332,9.999332
RCOU,11784451,1500,1500,1000,1500,0,0,0,0,0,0,0,0,0,0,1768451520.7398171,10.039316
RCOU,11824435,1500,1500,1000,1500,0,0,0,0,0,0,0,0,0,0,1768451520.7798011,10.0793
RCOU,11864419,1500,1500,1000,1500,0,0,0,0,0,0,0,0,0,0,1768451520.819785,10.119284
RCOU,11904403,1500,1500,1000,1500,0,0,0,0,0,0,0,0,0,0,1768451520.859769,10.159268
RCOU,11944387,1500,1500,1000,1500,0,0,0,0,0,0,0,0,0,0,1768451520.899753,10.199252
RCOU,11984371,1500,1500,1000,1500,0,0,0,0,0,0,0,0,0,0,1768451520.939737,10.239236
RCOU,12024355,1500,1500,1000,1500,0,0,0,0,0,0,0,0,0,0,1768451520.979721,10.27922
RCOU,12064339,1500,1500,1000,1500,0,0,0,0,0,0,0,0,0,0,1768451521.019705,10.319204
RCOU,12104323,1500,1500,1000,1500,0,0,0,0,0,0,0,0,0,0,1768451521.059689,10.359188
RCOU,12145140,1500,1500,1000,1500,0,0,0,0,0,0,0,0,0,0,1768451521.100506,10.400005
RCOU,12185124,1500,1500,1000,1500,0,0,0,0,0,0,0,0,0,0,1768451521.14049,10.439989
RCOU,12225108,1500,1500,1000,1500,0,0,0,0,0,0,0,0,0,0,1768451521.180474,10.479973
RCOU,12265092,1500,1500,1000,1500,0,0,0,0,0,0,0,0,0,0,1768451521.220458,10.519957
RCOU,12305076,1500,1500,1000,1500,0,0,0,0,0,0,0,0,0,0,1768451521.260442,10.559941
RCOU,12345060,1500,1500,1000,1500,0,0,0,0,0,0,0,0,0,0,1768451521.3004262,10.599925
RCOU,12385044,1500,1500,1000,1500,0,0,0,0,0,0,0,0,0,0,1768451521.3404102,10.639909
RCOU,12425028,1500,1500,1000,1500,0,0,0,0,0,0,0,0,0,0,1768451521.3803942,10.679893
RCOU,12465012,1500,1500,1000,1500,0,0,0,0,0,0,0,0,0,0,1768451521.4203782,10.719877
RCOU,12504996,1500,1500,1000,1500,0,0,0,0,0,0,0,0,0,0,1768451521.4603622,10.759861
RCOU,12544980,1500,1500,1000,1500,0,0,0,0,0,0,0,0,0,0,1768451521.5003462,10.799845
RCOU,12584964,1500,1500,1000,1500,0,0,0,0,0,0,0,0,0,0,1768451521.5403302,10.839829
RCOU,12624948,1500,1500,1000,1500,0,0,0,0,0,0,0,0,0,0,1768451521.5803142,10.879813
RCOU,12664932,1500,1500,1000,1500,0,0,0,0,0,0,0,0,0,0,1768451521.6202981,10.919797
RCOU,12704916,1500,1500,1000,1500,0,0,0,0,0,0,0,0,0,0,1768451521.6602821,10.959781
RCOU,12744900,1500,1500,1000,1500,0,0,0,0,0,0,0,0,0,0,1768451521.7002661,10.999765
RCOU,12784884,1500,1500,1000,1500,0,0,0,0,0,0,0,0,0,0,1768451521.74025,11.039749
RCOU,12824868,1500,1500,1000,1500,0,0,0,0,0,0,0,0,0,0,1768451521.780234,11.079733
RCOU,12864852,1500,1500,1000,1500,0,0,0,0,0,0,0,0,0,0,1768451521.820218,11.119717
RCOU,12904836,1500,1500,1000,1500,0,0,0,0,0,0,0,0,0,0,1768451521.860202,11.159701
RCOU,12944820,1500,1500,1000,1500,0,0,0,0,0,0,0,0,0,0,1768451521.900186,11.199685
RCOU,12984804,1500,1500,1000,1500,0,0,0,0,0,0,0,0,0,0,1768451521.94017,11.239669
RCOU,13024788,1500,1500,1000,1500,0,0,0,0,0,0,0,0,0,0,1768451521.980154,11.279653
RCOU,13064772,1500,1500,1000,1500,0,0,0,0,0,0,0,0,0,0,1768451522.020138,11.319637
RCOU,13104756,1500,1500,1000,1500,0,0,0,0,0,0,0,0,0,0,1768451522.0601223,11.359621
RCOU,13144740,1500,1500,1000,1500,0,0,0,0,0,0,0,0,0,0,1768451522.1001062,11.399605
RCOU,13184724,1500,1500,1000,1500,0,0,0,0,0,0,0,0,0,0,1768451522.1400902,11.439589
RCOU,13224708,1500,1500,1000,1500,0,0,0,0,0,0,0,0,0,0,1768451522.1800742,11.479573
RCOU,13264692,1500,1500,1000,1500,0,0,0,0,0,0,0,0,0,0,1768451522.2200582,11.519557
RCOU,13304676,1500,1500,1000,1500,0,0,0,0,0,0,0,0,0,0,1768451522.2600422,11.559541
RCOU,13344660,1500,1500,1000,1500,0,0,0,0,0,0,0,0,0,0,1768451522.3000262,11.599525
RCOU,13384644,1500,1500,1000,1500,0,0,0,0,0,0,0,0,0,0,1768451522.3400102,11.639509
RCOU,13424628,1500,1500,1000,1500,0,0,0,0,0,0,0,0,0,0,1768451522.3799942,11.679493
RCOU,13464612,1500,1500,1000,1500,0,0,0,0,0,0,0,0,0,0,1768451522.4199781,11.719477
RCOU,13504596,1500,1500,1000,1500,0,0,0,0,0,0,0,0,0,0,1768451522.4599621,11.759461
RCOU,13544580,1500,1500,1000,1500,0,0,0,0,0,0,0,0,0,0,1768451522.499946,11.799445
RCOU,13584564,1500,1500,1000,1500,0,0,0,0,0,0,0,0,0,0,1768451522.53993,11.839429
RCOU,13624548,1500,1500,1000,1500,0,0,0,0,0,0,0,0,0,0,1768451522.579914,11.879413
RCOU,13664532,1500,1500,1000,1500,0,0,0,0,0,0,0,0,0,0,1768451522.619898,11.919397
RCOU,13704516,1500,1500,1000,1500,0,0,0,0,0,0,0,0,0,0,1768451522.659882,11.959381
RCOU,13744500,1500,1500,1000,1500,0,0,0,0,0,0,0,0,0,0,1768451522.699866,11.999365
RCOU,13784484,1500,1500,1000,1500,0,0,0,0,0,0,0,0,0,0,1768451522.73985,12.039349
RCOU,13824468,1500,1500,1000,1500,0,0,0,0,0,0,0,0,0,0,1768451522.779834,12.079333
RCOU,13864452,1500,1500,1000,1500,0,0,0,0,0,0,0,0,0,0,1768451522.819818,12.119317
RCOU,13904436,1500,1500,1000,1500,0,0,0,0,0,0,0,0,0,0,1768451522.8598022,12.159301
RCOU,13944420,1500,1500,1000,1500,0,0,0,0,0,0,0,0,0,0,1768451522.8997862,12.199285
RCOU,13984404,1500,1500,1000,1500,0,0,0,0,0,0,0,0,0,0,1768451522.9397702,12.239269
RCOU,14024388,1500,1500,1000,1500,0,0,0,0,0,0,0,0,0,0,1768451522.9797542,12.279253
RCOU,14064372,1500,1500,1000,1500,0,0,0,0,0,0,0,0,0,0,1768451523.0197382,12.319237
RCOU,14104356,1500,1500,1000,1500,0,0,0,0,0,0,0,0,0,0,1768451523.0597222,12.359221
RCOU,14144340,1500,1500,1000,1500,0,0,0,0,0,0,0,0,0,0,1768451523.0997062,12.399205
RCOU,14184324,1500,1500,1000,1500,0,0,0,0,0,0,0,0,0,0,1768451523.1396902,12.439189
RCOU,14225141,1500,1500,1000,1500,0,0,0,0,0,0,0,0,0,0,1768451523.1805072,12.480006
RCOU,14265125,1500,1500,1000,1500,0,0,0,0,0,0,0,0,0,0,1768451523.2204912,12.51999
RCOU,14305109,1500,1500,1000,1500,0,0,0,0,0,0,0,0,0,0,1768451523.2604752,12.559974
RCOU,14345093,1500,1500,1000,1500,0,0,0,0,0,0,0,0,0,0,1768451523.3004591,12.599958
RCOU,14385077,1500,1500,1000,1500,0,0,0,0,0,0,0,0,0,0,1768451523.3404431,12.639942
RCOU,14425061,1500,1500,1000,1500,0,0,0,0,0,0,0,0,0,0,1768451523.3804271,12.679926
RCOU,14465045,1500,1500,1000,1500,0,0,0,0,0,0,0,0,0,0,1768451523.420411,12.71991
RCOU,14505029,1500,1500,1000,1500,0,0,0,0,0,0,0,0,0,0,1768451523.460395,12.759894
RCOU,14545013,1500,1500,1000,1500,0,0,0,0,0,0,0,0,0,0,1768451523.500379,12.799878
RCOU,14584997,1500,1500,1000,1500,0,0,0,0,0,0,0,0,0,0,1768451523.540363,12.839862
RCOU,14624981,1500,1500,1000,1500,0,0,0,0,0,0,0,0,0,0,1768451523.580347,12.879846
RCOU,14664965,1500,1500,1000,1500,0,0,0,0,0,0,0,0,0,0,1768451523.620331,12.91983
RCOU,14704949,1500,1500,1000,1500,0,0,0,0,0,0,0,0,0,0,1768451523.660315,12.959814
RCOU,14744933,1500,1500,1000,1500,0,0,0,0,0,0,0,0,0,0,1768451523.700299,12.999798
RCOU,14784917,1500,1500,1000,1500,0,0,0,0,0,0,0,0,0,0,1768451523.7402833,13.039782
RCOU,14824901,1500,1500,1000,1500,0,0,0,0,0,0,0,0,0,0,1768451523.7802672,13.079766
RCOU,14864885,1500,1500,1000,1500,0,0,0,0,0,0,0,0,0,0,1768451523.8202512,13.11975
RCOU,14904869,1500,1500,1000,1500,0,0,0,0,0,0,0,0,0,0,1768451523.8602352,13.159734
RCOU,14944853,1500,1500,1000,1500,0,0,0,0,0,0,0,0,0,0,1768451523.9002192,13.199718
RCOU,14984837,1500,1500,1000,1500,0,0,0,0,0,0,0,0,0,0,1768451523.9402032,13.239702
RCOU,15024821,1500,1500,1000,1500,0,0,0,0,0,0,0,0,0,0,1768451523.9801872,13.279686
RCOU,15064805,1500,1500,1000,1500,0,0,0,0,0,0,0,0,0,0,1768451524.0201712,13.31967
RCOU,15104789,1500,1500,1000,1500,0,0,0,0,0,0,0,0,0,0,1768451524.0601552,13.359654
RCOU,15144773,1500,1500,1000,1500,0,0,0,0,0,0,0,0,0,0,1768451524.1001391,13.399638
RCOU,15184757,1500,1500,1000,1500,0,0,0,0,0,0,0,0,0,0,1768451524.1401231,13.439622
RCOU,15224741,1500,1500,1000,1500,0,0,0,0,0,0,0,0,0,0,1768451524.180107,13.479606
RCOU,15264725,1500,1500,1000,1500,0,0,0,0,0,0,0,0,0,0,1768451524.220091,13.51959
RCOU,15304709,1500,1500,1000,1500,0,0,0,0,0,0,0,0,0,0,1768451524.260075,13.559574
RCOU,15344693,1500,1500,1000,1500,0,0,0,0,0,0,0,0,0,0,1768451524.300059,13.599558
RCOU,15384677,1500,1500,1000,1500,0,0,0,0,0,0,0,0,0,0,1768451524.340043,13.639542
RCOU,15424661,1500,1500,1000,1500,0,0,0,0,0,0,0,0,0,0,1768451524.380027,13.679526
RCOU,15464645,1500,1500,1000,1500,0,0,0,0,0,0,0,0,0,0,1768451524.420011,13.71951
RCOU,15504629,1500,1500,1000,1500,0,0,0,0,0,0,0,0,0,0,1768451524.459995,13.759494
RCOU,15544613,1500,1500,1000,1500,0,0,0,0,0,0,0,0,0,0,1768451524.499979,13.799478
RCOU,15584597,1500,1500,1000,1500,0,0,0,0,0,0,0,0,0,0,1768451524.5399632,13.839462
RCOU,15624581,1500,1500,1000,1500,0,0,0,0,0,0,0,0,0,0,1768451524.5799472,13.879446
RCOU,15664565,1500,1500,1000,1500,0,0,0,0,0,0,0,0,0,0,1768451524.6199312,13.91943
RCOU,15704549,1500,1500,1000,1500,0,0,0,0,0,0,0,0,0,0,1768451524.6599152,13.959414
RCOU,15744533,1500,1500,1000,1500,0,0,0,0,0,0,0,0,0,0,1768451524.6998992,13.999398
RCOU,15784517,1500,1500,1000,1500,0,0,0,0,0,0,0,0,0,0,1768451524.7398832,14.039382
RCOU,15824501,1500,1500,1000,1500,0,0,0,0,0,0,0,0,0,0,1768451524.7798672,14.079366
RCOU,15864485,1500,1500,1000,1500,0,0,0,0,0,0,0,0,0,0,1768451524.8198512,14.11935
RCOU,15904469,1500,1500,1000,1500,0,0,0,0,0,0,0,0,0,0,1768451524.8598351,14.159334
RCOU,15944453,1500,1500,1000,1500,0,0,0,0,0,0,0,0,0,0,1768451524.8998191,14.199318
RCOU,15984437,1500,1500,1000,1500,0,0,0,0,0,0,0,0,0,0,1768451524.9398031,14.239302
RCOU,16024421,1500,1500,1000,1500,0,0,0,0,0,0,0,0,0,0,1768451524.979787,14.279286
RCOU,16064405,1500,1500,1000,1500,0,0,0,0,0,0,0,0,0,0,1768451525.019771,14.31927
RCOU,16104389,1500,1500,1000,1500,0,0,0,0,0,0,0,0,0,0,1768451525.059755,14.359254
RCOU,16144373,1500,1500,1000,1500,0,0,0,0,0,0,0,0,0,0,1768451525.099739,14.399238
RCOU,16184357,1500,1500,1000,1500,0,0,0,0,0,0,0,0,0,0,1768451525.139723,14.439222
RCOU,16224341,1500,1500,1000,1500,0,0,0,0,0,0,0,0,0,0,1768451525.179707,14.479206
RCOU,16264325,1500,1500,1000,1500,0,0,0,0,0,0,0,0,0,0,1768451525.219691,14.51919
RCOU,16305142,1500,1500,1000,1500,0,0,0,0,0,0,0,0,0,0,1768451525.260508,14.560007
RCOU,16345126,1500,1500,1000,1500,0,0,0,0,0,0,0,0,0,0,1768451525.300492,14.599991
RCOU,16385110,1500,1500,1000,1500,0,0,0,0,0,0,0,0,0,0,1768451525.340476,14.639975
RCOU,16425094,1500,1500,1000,1500,0,0,0,0,0,0,0,0,0,0,1768451525.38046,14.679959
RCOU,16465078,1500,1500,1000,1500,0,0,0,0,0,0,0,0,0,0,1768451525.4204443,14.719943
RCOU,16505062,1500,1500,1000,1500,0,0,0,0,0,0,0,0,0,0,1768451525.4604282,14.759927
RCOU,16545046,1500,1500,1000,1500,0,0,0,0,0,0,0,0,0,0,1768451525.5004122,14.799911
RCOU,16585030,1500,1500,1000,1500,0,0,0,0,0,0,0,0,0,0,1768451525.5403962,14.839895
RCOU,16625014,1500,1500,1000,1500,0,0,0,0,0,0,0,0,0,0,1768451525.5803802,14.879879
RCOU,16664998,1500,1500,1000,1500,0,0,0,0,0,0,0,0,0,0,1768451525.6203642,14.919863
RCOU,16704982,1500,1500,1000,1500,0,0,0,0,0,0,0,0,0,0,1768451525.6603482,14.959847
RCOU,16744966,1500,1500,1000,1500,0,0,0,0,0,0,0,0,0,0,1768451525.7003322,14.999831
RCOU,16784950,1500,1500,1000,1500,0,0,0,0,0,0,0,0,0,0,1768451525.7403162,15.039815
RCOU,16824934,1500,1500,1000,1500,0,0,0,0,0,0,0,0,0,0,1768451525.7803001,15.079799
RCOU,16864918,1500,1500,1000,1500,0,0,0,0,0,0,0,0,0,0,1768451525.8202841,15.119783
RCOU,16904902,1500,1500,1000,1500,0,0,0,0,0,0,0,0,0,0,1768451525.860268,15.159767
RCOU,16944886,1500,1500,1000,1500,0,0,0,0,0,0,0,0,0,0,1768451525.900252,15.199751
RCOU,16984870,1500,1500,1000,1500,0,0,0,0,0,0,0,0,0,0,1768451525.940236,15.239735
RCOU,17024854,1500,1500,1000,1500,0,0,0,0,0,0,0,0,0,0,1768451525.98022,15.279719
RCOU,17064838,1500,1500,1000,1500,0,0,0,0,0,0,0,0,0,0,1768451526.020204,15.319703
RCOU,17104822,1500,1500,1000,1500,0,0,0,0,0,0,0,0,0,0,1768451526.060188,15.359687
RCOU,17144806,1500,1500,1000,1500,0,0,0,0,0,0,0,0,0,0,1768451526.100172,15.399671
RCOU,17184790,1500,1500,1000,1500,0,0,0,0,0,0,0,0,0,0,1768451526.140156,15.439655
RCOU,17224774,1500,1500,1000,1500,0,0,0,0,0,0,0,0,0,0,1768451526.18014,15.479639
RCOU,17264758,1500,1500,1000,1500,0,0,0,0,0,0,0,0,0,0,1768451526.2201242,15.519623
RCOU,17304742,1500,1500,1000,1500,0,0,0,0,0,0,0,0,0,0,1768451526.2601082,15.559607
RCOU,17344726,1500,1500,1000,1500,0,0,0,0,0,0,0,0,0,0,1768451526.3000922,15.599591
RCOU,17384710,1500,1500,1000,1500,0,0,0,0,0,0,0,0,0,0,1768451526.3400762,15.639575
RCOU,17424694,1500,1500,1000,1500,0,0,0,0,0,0,0,0,0,0,1768451526.3800602,15.679559
RCOU,17464678,1500,1500,1000,1500,0,0,0,0,0,0,0,0,0,0,1768451526.4200442,15.719543
RCOU,17504662,1500,1500,1000,1500,0,0,0,0,0,0,0,0,0,0,1768451526.4600282,15.759527
RCOU,17544646,1500,1500,1000,1500,0,0,0,0,0,0,0,0,0,0,1768451526.5000122,15.799511
RCOU,17584630,1500,1500,1000,1500,0,0,0,0,0,0,0,0,0,0,1768451526.5399961,15.839495
RCOU,17624614,1500,1500,1000,1500,0,0,0,0,0,0,0,0,0,0,1768451526.5799801,15.879479
RCOU,17664598,1500,1500,1000,1500,0,0,0,0,0,0,0,0,0,0,1768451526.6199641,15.919463
RCOU,17704582,1500,1500,1000,1500,0,0,0,0,0,0,0,0,0,0,1768451526.659948,15.959447
RCOU,17744566,1500,1500,1000,1500,0,0,0,0,0,0,0,0,0,0,1768451526.699932,15.999431
RCOU,17784550,1500,1500,1000,1500,0,0,0,0,0,0,0,0,0,0,1768451526.739916,16.039415
RCOU,17824534,1500,1500,1000,1500,0,0,0,0,0,0,0,0,0,0,1768451526.7799,16.079399
RCOU,17864518,1500,1500,1000,1500,0,0,0,0,0,0,0,0,0,0,1768451526.819884,16.119383
RCOU,17904502,1500,1500,1000,1500,0,0,0,0,0,0,0,0,0,0,1768451526.859868,16.159367
RCOU,17944486,1500,1500,1000,1500,0,0,0,0,0,0,0,0,0,0,1768451526.899852,16.199351
RCOU,17984470,1500,1500,1000,1500,0,0,0,0,0,0,0,0,0,0,1768451526.939836,16.239335
RCOU,18024454,1500,1500,1000,1500,0,0,0,0,0,0,0,0,0,0,1768451526.9798203,16.279319
RCOU,18064438,1500,1500,1000,1500,0,0,0,0,0,0,0,0,0,0,1768451527.0198042,16.319303
RCOU,18104422,1500,1500,1000,1500,0,0,0,0,0,0,0,0,0,0,1768451527.0597882,16.359287
RCOU,18144406,1500,1500,1000,1500,0,0,0,0,0,0,0,0,0,0,1768451527.0997722,16.399271
RCOU,18184390,1500,1500,1000,1500,0,0,0,0,0,0,0,0,0,0,1768451527.1397562,16.439255
RCOU,18224374,1500,1500,1000,1500,0,0,0,0,0,0,0,0,0,0,1768451527.1797402,16.479239
RCOU,18264358,1500,1500,1000,1500,0,0,0,0,0,0,0,0,0,0,1768451527.2197242,16.519223
RCOU,18304342,1500,1500,1000,1500,0,0,0,0,0,0,0,0,0,0,1768451527.2597082,16.559207
RCOU,18344326,1500,1500,1000,1500,0,0,0,0,0,0,0,0,0,0,1768451527.2996922,16.599191
RCOU,18384310,1500,1500,1000,1500,0,0,0,0,0,0,0,0,0,0,1768451527.3396761,16.639175
RCOU,18425127,1500,1500,1000,1500,0,0,0,0,0,0,0,0,0,0,1768451527.3804932,16.679992
RCOU,18465111,1500,1500,1000,1500,0,0,0,0,0,0,0,0,0,0,1768451527.4204772,16.719976
RCOU,18505095,1500,1500,1000,1500,0,0,0,0,0,0,0,0,0,0,1768451527.4604611,16.75996
RCOU,18545079,1500,1500,1000,1500,0,0,0,0,0,0,0,0,0,0,1768451527.5004451,16.799944
RCOU,18585063,1500,1500,1000,1500,0,0,0,0,0,0,0,0,0,0,1768451527.540429,16.839928
RCOU,18625047,1500,1500,1000,1500,0,0,0,0,0,0,0,0,0,0,1768451527.580413,16.879912
RCOU,18665031,1500,1500,1000,1500,0,0,0,0,0,0,0,0,0,0,1768451527.620397,16.919896
RCOU,18705015,1500,1500,1000,1500,0,0,0,0,0,0,0,0,0,0,1768451527.660381,16.95988
RCOU,18744999,1500,1500,1000,1500,0,0,0,0,0,0,0,0,0,0,1768451527.700365,16.999864
RCOU,18784983,1500,1500,1000,1500,0,0,0,0,0,0,0,0,0,0,1768451527.740349,17.039848
RCOU,18824967,1500,1500,1000,1500,0,0,0,0,0,0,0,0,0,0,1768451527.780333,17.079832
RCOU,18864951,1500,1500,1000,1500,0,0,0,0,0,0,0,0,0,0,1768451527.820317,17.119816
RCOU,18904935,1500,1500,1000,1500,0,0,0,0,0,0,0,0,0,0,1768451527.860301,17.1598
RCOU,18944919,1500,1500,1000,1500,0,0,0,0,0,0,0,0,0,0,1768451527.9002852,17.199784
RCOU,18984903,1500,1500,1000,1500,0,0,0,0,0,0,0,0,0,0,1768451527.9402692,17.239768
RCOU,19024887,1500,1500,1000,1500,0,0,0,0,0,0,0,0,0,0,1768451527.9802532,17.279752
RCOU,19064871,1500,1500,1000,1500,0,0,0,0,0,0,0,0,0,0,1768451528.0202372,17.319736
RCOU,19104855,1500,1500,1000,1500,0,0,0,0,0,0,0,0,0,0,1768451528.0602212,17.35972
RCOU,19144839,1500,1500,1000,1500,0,0,0,0,0,0,0,0,0,0,1768451528.1002052,17.399704
RCOU,19184823,1500,1500,1000,1500,0,0,0,0,0,0,0,0,0,0,1768451528.1401892,17.439688
RCOU,19224807,1500,1500,1000,1500,0,0,0,0,0,0,0,0,0,0,1768451528.1801732,17.479672
RCOU,19264791,1500,1500,1000,1500,0,0,0,0,0,0,0,0,0,0,1768451528.2201571,17.519656
RCOU,19304775,1500,1500,1000,1500,0,0,0,0,0,0,0,0,0,0,1768451528.2601411,17.55964
RCOU,19344759,1500,1500,1000,1500,0,0,0,0,0,0,0,0,0,0,1768451528.3001251,17.599624
RCOU,19384743,1500,1500,1000,1500,0,0,0,0,0,0,0,0,0,0,1768451528.340109,17.639608
RCOU,19424727,1500,1500,1000,1500,0,0,0,0,0,0,0,0,0,0,1768451528.380093,17.679592
RCOU,19464711,1500,1500,1000,1500,0,0,0,0,0,0,0,0,0,0,1768451528.420077,17.719576
RCOU,19504695,1500,1500,1000,1500,0,0,0,0,0,0,0,0,0,0,1768451528.460061,17.75956
RCOU,19544679,1500,1500,1000,1500,0,0,0,0,0,0,0,0,0,0,1768451528.500045,17.799544
RCOU,19584663,1500,1500,1000,1500,0,0,0,0,0,0,0,0,0,0,1768451528.540029,17.839528
RCOU,19624647,1500,1500,1000,1500,0,0,0,0,0,0,0,0,0,0,1768451528.580013,17.879512
RCOU,19664631,1500,1500,1000,1500,0,0,0,0,0,0,0,0,0,0,1768451528.619997,17.919496
RCOU,19704615,1500,1500,1000,1500,0,0,0,0,0,0,0,0,0,0,1768451528.6599813,17.95948
RCOU,19744599,1500,1500,1000,1500,0,0,0,0,0,0,0,0,0,0,1768451528.6999652,17.999464
RCOU,19784583,1500,1500,1000,1500,0,0,0,0,0,0,0,0,0,0,1768451528.7399492,18.039448
RCOU,19824567,1500,1500,1000,1500,0,0,0,0,0,0,0,0,0,0,1768451528.7799332,18.079432
RCOU,19864551,1500,1500,1000,1500,0,0,0,0,0,0,0,0,0,0,1768451528.8199172,18.119416
RCOU,19904535,1500,1500,1000,1500,0,0,0,0,0,0,0,0,0,0,1768451528.8599012,18.1594
RCOU,19944519,1500,1500,1000,1500,0,0,0,0,0,0,0,0,0,0,1768451528.8998852,18.199384
RCOU,19984503,1500,1500,1000,1500,0,0,0,0,0,0,0,0,0,0,1768451528.9398692,18.239368
RCOU,20024487,1500,1500,1000,1500,0,0,0,0,0,0,0,0,0,0,1768451528.9798532,18.279352
RCOU,20064471,1500,1500,1000,1500,0,0,0,0,0,0,0,0,0,0,1768451529.0198371,18.319336
RCOU,20104455,1500,1500,1000,1500,0,0,0,0,0,0,0,0,0,0,1768451529.0598211,18.35932
RCOU,20144439,1500,1500,1000,1500,0,0,0,0,0,0,0,0,0,0,1768451529.099805,18.399304
RCOU,20184423,1500,1500,1000,1500,0,0,0,0,0,0,0,0,0,0,1768451529.139789,18.439288
RCOU,20224407,1500,1500,1000,1500,0,0,0,0,0,0,0,0,0,0,1768451529.179773,18.479272
RCOU,20264391,1500,1500,1000,1500,0,0,0,0,0,0,0,0,0,0,1768451529.219757,18.519256
RCOU,20304375,1500,1500,1000,1500,0,0,0,0,0,0,0,0,0,0,1768451529.259741,18.55924
RCOU,20344359,1500,1500,1000,1500,0,0,0,0,0,0,0,0,0,0,1768451529.299725,18.599224
RCOU,20384343,1500,1500,1000,1500,0,0,0,0,0,0,0,0,0,0,1768451529.339709,18.639208
RCOU,20424327,1500,1500,1000,1500,0,0,0,0,0,0,0,0,0,0,1768451529.379693,18.679192
RCOU,20464311,1500,1500,1000,1500,0,0,0,0,0,0,0,0,0,0,1768451529.419677,18.719176
RCOU,20505128,1500,1500,1000,1500,0,0,0,0,0,0,0,0,0,0,1768451529.460494,18.759993
RCOU,20545112,1500,1500,1000,1500,0,0,0,0,0,0,0,0,0,0,1768451529.500478,18.799977
RCOU,20585096,1500,1500,1000,1500,0,0,0,0,0,0,0,0,0,0,1768451529.540462,18.839961
RCOU,20625080,1500,1500,1000,1500,0,0,0,0,0,0,0,0,0,0,1768451529.5804462,18.879945
RCOU,20665064,1500,1500,1000,1500,0,0,0,0,0,0,0,0,0,0,1768451529.6204302,18.919929
RCOU,20705048,1500,1500,1000,1500,0,0,0,0,0,0,0,0,0,0,1768451529.6604142,18.959913
RCOU,20745032,1500,1500,1000,1500,0,0,0,0,0,0,0,0,0,0,1768451529.7003982,18.999897
RCOU,20785016,1500,1500,1000,1500,0,0,0,0,0,0,0,0,0,0,1768451529.7403822,19.039881
RCOU,20825000,1500,1500,1000,1500,0,0,0,0,0,0,0,0,0,0,1768451529.7803662,19.079865
RCOU,20864984,1500,1500,1000,1500,0,0,0,0,0,0,0,0,0,0,1768451529.8203502,19.119849
RCOU,20904968,1500,1500,1000,1500,0,0,0,0,0,0,0,0,0,0,1768451529.8603342,19.159833
RCOU,20944952,1500,1500,1000,1500,0,0,0,0,0,0,0,0,0,0,1768451529.9003181,19.199817
RCOU,20984936,1500,1500,1000,1500,0,0,0,0,0,0,0,0,0,0,1768451529.9403021,19.239801
RCOU,21024920,1500,1500,1000,1500,0,0,0,0,0,0,0,0,0,0,1768451529.9802861,19.279785
RCOU,21064904,1500,1500,1000,1500,0,0,0,0,0,0,0,0,0,0,1768451530.02027,19.319769
RCOU,21104888,1500,1500,1000,1500,0,0,0,0,0,0,0,0,0,0,1768451530.060254,19.359753
RCOU,21144872,1500,1500,1000,1500,0,0,0,0,0,0,0,0,0,0,1768451530.100238,19.399737
RCOU,21184856,1500,1500,1000,1500,0,0,0,0,0,0,0,0,0,0,1768451530.140222,19.439721
RCOU,21224840,1500,1500,1000,1500,0,0,0,0,0,0,0,0,0,0,1768451530.180206,19.479705
RCOU,21264824,1500,1500,1000,1500,0,0,0,0,0,0,0,0,0,0,1768451530.22019,19.519689
RCOU,21304808,1500,1500,1000,1500,0,0,0,0,0,0,0,0,0,0,1768451530.260174,19.559673
RCOU,21344792,1500,1500,1000,1500,0,0,0,0,0,0,0,0,0,0,1768451530.300158,19.599657
RCOU,21384776,1500,1500,1000,1500,0,0,0,0,0,0,0,0,0,0,1768451530.3401423,19.639641
RCOU,21424760,1500,1500,1000,1500,0,0,0,0,0,0,0,0,0,0,1768451530.3801262,19.679625
RCOU,21464744,1500,1500,1000,1500,0,0,0,0,0,0,0,0,0,0,1768451530.4201102,19.719609
RCOU,21504728,1500,1500,1000,1500,0,0,0,0,0,0,0,0,0,0,1768451530.4600942,19.759593
RCOU,21544712,1500,1500,1000,1500,0,0,0,0,0,0,0,0,0,0,1768451530.5000782,19.799577
RCOU,21584696,1500,1500,1000,1500,0,0,0,0,0,0,0,0,0,0,1768451530.5400622,19.839561
RCOU,21624680,1500,1500,1000,1500,0,0,0,0,0,0,0,0,0,0,1768451530.5800462,19.879545
RCOU,21664664,1500,1500,1000,1500,0,0,0,0,0,0,0,0,0,0,1768451530.6200302,19.919529
RCOU,21704648,1500,1500,1000,1500,0,0,0,0,0,0,0,0,0,0,1768451530.6600142,19.959513
RCOU,21744632,1500,1500,1000,1500,0,0,0,0,0,0,0,0,0,0,1768451530.6999981,19.999497
RCOU,21784616,1500,1500,1000,1500,0,0,0,0,0,0,0,0,0,0,1768451530.7399821,20.039481
RCOU,21824600,1500,1500,1000,1500,0,0,0,0,0,0,0,0,0,0,1768451530.779966,20.079465
RCOU,21864584,1500,1500,1000,1500,0,0,0,0,0,0,0,0,0,0,1768451530.81995,20.119449
RCOU,21904568,1500,1500,1000,1500,0,0,0,0,0,0,0,0,0,0,1768451530.859934,20.159433
RCOU,21944552,1500,1500,1000,1500,0,0,0,0,0,0,0,0,0,0,1768451530.899918,20.199417
RCOU,21984536,1500,1500,1000,1500,0,0,0,0,0,0,0,0,0,0,1768451530.939902,20.239401
RCOU,22024520,1500,1500,1000,1500,0,0,0,0,0,0,0,0,0,0,1768451530.979886,20.279385
RCOU,22064504,1500,1500,1000,1500,0,0,0,0,0,0,0,0,0,0,1768451531.01987,20.319369
RCOU,22104488,1500,1500,1000,1500,0,0,0,0,0,0,0,0,0,0,1768451531.059854,20.359353
RCOU,22144472,1500,1500,1000,1500,0,0,0,0,0,0,0,0,0,0,1768451531.099838,20.399337
RCOU,22184456,1500,1500,1000,1500,0,0,0,0,0,0,0,0,0,0,1768451531.1398222,20.439321
RCOU,22224440,1500,1500,1000,1500,0,0,0,0,0,0,0,0,0,0,1768451531.1798062,20.479305
RCOU,22264424,1500,1500,1000,1500,0,0,0,0,0,0,0,0,0,0,1768451531.2197902,20.519289
RCOU,22304408,1500,1500,1000,1500,0,0,0,0,0,0,0,0,0,0,1768451531.2597742,20.559273
RCOU,22344392,1500,1500,1000,1500,0,0,0,0,0,0,0,0,0,0,1768451531.2997582,20.599257
RCOU,22384376,1500,1500,1000,1500,0,0,0,0,0,0,0,0,0,0,1768451531.3397422,20.639241
RCOU,22424360,1500,1500,1000,1500,0,0,0,0,0,0,0,0,0,0,1768451531.3797262,20.679225
RCOU,22464344,1500,1500,1000,1500,0,0,0,0,0,0,0,0,0,0,1768451531.4197102,20.719209
RCOU,22504328,1500,1500,1000,1500,0,0,0,0,0,0,0,0,0,0,1768451531.4596941,20.759193
RCOU,22544312,1500,1500,1000,1500,0,0,0,0,0,0,0,0,0,0,1768451531.4996781,20.799177
RCOU,22585129,1500,1500,1000,1500,0,0,0,0,0,0,0,0,0,0,1768451531.5404952,20.839994
RCOU,22625113,1500,1500,1000,1500,0,0,0,0,0,0,0,0,0,0,1768451531.5804791,20.879978
RCOU,22665097,1500,1500,1000,1500,0,0,0,0,0,0,0,0,0,0,1768451531.6204631,20.919962
RCOU,22705081,1500,1500,1000,1500,0,0,0,0,0,0,0,0,0,0,1768451531.6604471,20.959946
RCOU,22745065,1500,1500,1000,1500,0,0,0,0,0,0,0,0,0,0,1768451531.700431,20.99993
RCOU,22785049,1500,1500,1000,1500,0,0,0,0,0,0,0,0,0,0,1768451531.740415,21.039914
RCOU,22825033,1500,1500,1000,1500,0,0,0,0,0,0,0,0,0,0,1768451531.780399,21.079898
RCOU,22865017,1500,1500,1000,1500,0,0,0,0,0,0,0,0,0,0,1768451531.820383,21.119882
RCOU,22905001,1500,1500,1000,1500,0,0,0,0,0,0,0,0,0,0,1768451531.860367,21.159866
RCOU,22944985,1500,1500,1000,1500,0,0,0,0,0,0,0,0,0,0,1768451531.900351,21.19985
RCOU,22984969,1500,1500,1000,1500,0,0,0,0,0,0,0,0,0,0,1768451531.940335,21.239834
RCOU,23024953,1500,1500,1000,1500,0,0,0,0,0,0,0,0,0,0,1768451531.980319,21.279818
RCOU,23064937,1500,1500,1000,1500,0,0,0,0,0,0,0,0,0,0,1768451532.0203032,21.319802
RCOU,23104921,1500,1500,1000,1500,0,0,0,0,0,0,0,0,0,0,1768451532.0602872,21.359786
RCOU,23144905,1500,1500,1000,1500,0,0,0,0,0,0,0,0,0,0,1768451532.1002712,21.39977
RCOU,23184889,1500,1500,1000,1500,0,0,0,0,0,0,0,0,0,0,1768451532.1402552,21.439754
RCOU,23224873,1500,1500,1000,1500,0,0,0,0,0,0,0,0,0,0,1768451532.1802392,21.479738
RCOU,23264857,1500,1500,1000,1500,0,0,0,0,0,0,0,0,0,0,1768451532.2202232,21.519722
RCOU,23304841,1500,1500,1000,1500,0,0,0,0,0,0,0,0,0,0,1768451532.2602072,21.559706
RCOU,23344825,1500,1500,1000,1500,0,0,0,0,0,0,0,0,0,0,1768451532.3001912,21.59969
RCOU,23384809,1500,1500,1000,1500,0,0,0,0,0,0,0,0,0,0,1768451532.3401752,21.639674
RCOU,23424793,1500,1500,1000,1500,0,0,0,0,0,0,0,0,0,0,1768451532.3801591,21.679658
RCOU,23464777,1500,1500,1000,1500,0,0,0,0,0,0,0,0,0,0,1768451532.4201431,21.719642
RCOU,23504761,1500,1500,1000,1500,0,0,0,0,0,0,0,0,0,0,1768451532.460127,21.759626
RCOU,23544745,1500,1500,1000,1500,0,0,0,0,0,0,0,0,0,0,1768451532.500111,21.79961
RCOU,23584729,1500,1500,1000,1500,0,0,0,0,0,0,0,0,0,0,1768451532.540095,21.839594
RCOU,23624713,1500,1500,1000,1500,0,0,0,0,0,0,0,0,0,0,1768451532.580079,21.879578
RCOU,23664697,1500,1500,1000,1500,0,0,0,0,0,0,0,0,0,0,1768451532.620063,21.919562
RCOU,23704681,1500,1500,1000,1500,0,0,0,0,0,0,0,0,0,0,1768451532.660047,21.959546
RCOU,23744665,1500,1500,1000,1500,0,0,0,0,0,0,0,0,0,0,1768451532.700031,21.99953
RCOU,23784649,1500,1500,1000,1500,0,0,0,0,0,0,0,0,0,0,1768451532.740015,22.039514
RCOU,23824633,1500,1500,1000,1500,0,0,0,0,0,0,0,0,0,0,1768451532.779999,22.079498
RCOU,23864617,1500,1500,1000,1500,0,0,0,0,0,0,0,0,0,0,1768451532.8199832,22.119482
RCOU,23904601,1500,1500,1000,1500,0,0,0,0,0,0,0,0,0,0,1768451532.8599672,22.159466
RCOU,23944585,1500,1500,1000,1500,0,0,0,0,0,0,0,0,0,0,1768451532.8999512,22.19945
RCOU,23984569,1500,1500,1000,1500,0,0,0,0,0,0,0,0,0,0,1768451532.9399352,22.239434
RCOU,24024553,1500,1500,1000,1500,0,0,0,0,0,0,0,0,0,0,1768451532.9799192,22.279418
RCOU,24064537,1500,1500,1000,1500,0,0,0,0,0,0,0,0,0,0,1768451533.0199032,22.319402
RCOU,24104521,1500,1500,1000,1500,0,0,0,0,0,0,0,0,0,0,1768451533.0598872,22.359386
RCOU,24144505,1500,1500,1000,1500,0,0,0,0,0,0,0,0,0,0,1768451533.0998712,22.39937
RCOU,24184489,1500,1500,1000,1500,0,0,0,0,0,0,0,0,0,0,1768451533.1398551,22.439354
RCOU,24224473,1500,1500,1000,1500,0,0,0,0,0,0,0,0,0,0,1768451533.1798391,22.479338
RCOU,24264457,1500,1500,1000,1500,0,0,0,0,0,0,0,0,0,0,1768451533.2198231,22.519322
RCOU,24304441,1500,1500,1000,1500,0,0,0,0,0,0,0,0,0,0,1768451533.259807,22.559306
RCOU,24344425,1500,1500,1000,1500,0,0,0,0,0,0,0,0,0,0,1768451533.299791,22.59929
RCOU,24384409,1500,1500,1000,1500,0,0,0,0,0,0,0,0,0,0,1768451533.339775,22.639274
RCOU,24424393,1500,1500,1000,1500,0,0,0,0,0,0,0,0,0,0,1768451533.379759,22.679258
RCOU,24464377,1500,1500,1000,1500,0,0,0,0,0,0,0,0,0,0,1768451533.419743,22.719242
RCOU,24504361,1500,1500,1000,1500,0,0,0,0,0,0,0,0,0,0,1768451533.459727,22.759226
RCOU,24544345,1500,1500,1000,1500,0,0,0,0,0,0,0,0,0,0,1768451533.499711,22.79921
RCOU,24584329,1500,1500,1000,1500,0,0,0,0,0,0,0,0,0,0,1768451533.539695,22.839194
RCOU,24624313,1500,1500,1000,1500,0,0,0,0,0,0,0,0,0,0,1768451533.5796793,22.879178
RCOU,24665130,1500,1500,1000,1500,0,0,0,0,0,0,0,0,0,0,1768451533.620496,22.919995
RCOU,24705114,1500,1500,1000,1500,0,0,0,0,0,0,0,0,0,0,1768451533.66048,22.959979
RCOU,24745098,1500,1500,1000,1500,0,0,0,0,0,0,0,0,0,0,1768451533.7004642,22.999963
RCOU,24785082,1500,1500,1000,1500,0,0,0,0,0,0,0,0,0,0,1768451533.7404482,23.039947
RCOU,24825066,1500,1500,1000,1500,0,0,0,0,0,0,0,0,0,0,1768451533.7804322,23.079931
RCOU,24865050,1500,1500,1000,1500,0,0,0,0,0,0,0,0,0,0,1768451533.8204162,23.119915
RCOU,24905034,1500,1500,1000,1500,0,0,0,0,0,0,0,0,0,0,1768451533.8604002,23.159899
RCOU,24945018,1500,1500,1000,1500,0,0,0,0,0,0,0,0,0,0,1768451533.9003842,23.199883
RCOU,24985002,1500,1500,1000,1500,0,0,0,0,0,0,0,0,0,0,1768451533.9403682,23.239867
RCOU,25024986,1500,1500,1000,1500,0,0,0,0,0,0,0,0,0,0,1768451533.9803522,23.279851
RCOU,25064970,1500,1500,1000,1500,0,0,0,0,0,0,0,0,0,0,1768451534.0203362,23.319835
RCOU,25104954,1500,1500,1000,1500,0,0,0,0,0,0,0,0,0,0,1768451534.0603201,23.359819
RCOU,25144938,1500,1500,1000,1500,0,0,0,0,0,0,0,0,0,0,1768451534.1003041,23.399803
RCOU,25184922,1500,1500,1000,1500,0,0,0,0,0,0,0,0,0,0,1768451534.140288,23.439787
RCOU,25224906,1500,1500,1000,1500,0,0,0,0,0,0,0,0,0,0,1768451534.180272,23.479771
RCOU,25264890,1500,1500,1000,1500,0,0,0,0,0,0,0,0,0,0,1768451534.220256,23.519755
RCOU,25304874,1500,1500,1000,1500,0,0,0,0,0,0,0,0,0,0,1768451534.26024,23.559739
RCOU,25344858,1500,1500,1000,1500,0,0,0,0,0,0,0,0,0,0,1768451534.300224,23.599723
RCOU,25384842,1500,1500,1000,1500,0,0,0,0,0,0,0,0,0,0,1768451534.340208,23.639707
RCOU,25424826,1500,1500,1000,1500,0,0,0,0,0,0,0,0,0,0,1768451534.380192,23.679691
RCOU,25464810,1500,1500,1000,1500,0,0,0,0,0,0,0,0,0,0,1768451534.420176,23.719675
RCOU,25504794,1500,1900,1000,1500,0,0,0,0,0,0,0,0,0,0,1768451534.46016,23.759659
RCOU,25544778,1500,1900,1000,1500,0,0,0,0,0,0,0,0,0,0,1768451534.5001442,23.799643
RCOU,25584762,1500,1900,1000,1500,0,0,0,0,0,0,0,0,0,0,1768451534.5401282,23.839627
RCOU,25624746,1500,1900,1000,1500,0,0,0,0,0,0,0,0,0,0,1768451534.5801122,23.879611
RCOU,25664730,1500,1900,1000,1500,0,0,0,0,0,0,0,0,0,0,1768451534.6200962,23.919595
RCOU,25704714,1500,1900,1040,1500,0,0,0,0,0,0,0,0,0,0,1768451534.6600802,23.959579
RCOU,25744698,1500,1900,1080,1500,0,0,0,0,0,0,0,0,0,0,1768451534.7000642,23.999563
RCOU,25784682,1499,1900,1120,1500,0,0,0,0,0,0,0,0,0,0,1768451534.7400482,24.039547
RCOU,25824666,1499,1900,1160,1500,0,0,0,0,0,0,0,0,0,0,1768451534.7800322,24.079531
RCOU,25864650,1499,1900,1200,1500,0,0,0,0,0,0,0,0,0,0,1768451534.8200161,24.119515
RCOU,25904634,1499,1900,1240,1500,0,0,0,0,0,0,0,0,0,0,1768451534.8600001,24.159499
RCOU,25944618,1499,1900,1280,1500,0,0,0,0,0,0,0,0,0,0,1768451534.8999841,24.199483
RCOU,25984602,1499,1900,1320,1500,0,0,0,0,0,0,0,0,0,0,1768451534.939968,24.239467
RCOU,26024586,1499,1900,1360,1500,0,0,0,0,0,0,0,0,0,0,1768451534.979952,24.279451
RCOU,26064570,1499,1900,1400,1500,0,0,0,0,0,0,0,0,0,0,1768451535.019936,24.319435
RCOU,26104554,1499,1900,1440,1500,0,0,0,0,0,0,0,0,0,0,1768451535.05992,24.359419
RCOU,26144538,1499,1900,1480,1500,0,0,0,0,0,0,0,0,0,0,1768451535.099904,24.399403
RCOU,26184522,1499,1900,1520,1500,0,0,0,0,0,0,0,0,0,0,1768451535.139888,24.439387
RCOU,26224506,1499,1900,1560,1500,0,0,0,0,0,0,0,0,0,0,1768451535.179872,24.479371
RCOU,26264490,1499,1900,1600,1500,0,0,0,0,0,0,0,0,0,0,1768451535.219856,24.519355
RCOU,26304474,1499,1900,1640,1500,0,0,0,0,0,0,0,0,0,0,1768451535.2598403,24.559339
RCOU,26344458,1499,1900,1680,1500,0,0,0,0,0,0,0,0,0,0,1768451535.2998242,24.599323
RCOU,26384442,1499,1900,1720,1500,0,0,0,0,0,0,0,0,0,0,1768451535.3398082,24.639307
RCOU,26424426,1499,1900,1760,1500,0,0,0,0,0,0,0,0,0,0,1768451535.3797922,24.679291
RCOU,26464410,1499,1900,1800,1500,0,0,0,0,0,0,0,0,0,0,1768451535.4197762,24.719275
RCOU,26504394,1499,1900,1840,1500,0,0,0,0,0,0,0,0,0,0,1768451535.4597602,24.759259
RCOU,26544378,1499,1900,1880,1500,0,0,0,0,0,0,0,0,0,0,1768451535.4997442,24.799243
RCOU,26584362,1499,1900,1920,1500,0,0,0,0,0,0,0,0,0,0,1768451535.5397282,24.839227
RCOU,26624346,1499,1900,1960,1500,0,0,0,0,0,0,0,0,0,0,1768451535.5797122,24.879211
RCOU,26664330,1499,1900,2000,1500,0,0,0,0,0,0,0,0,0,0,1768451535.6196961,24.919195
RCOU,26704314,1499,1900,2000,1500,0,0,0,0,0,0,0,0,0,0,1768451535.6596801,24.959179
RCOU,26745131,1499,1900,2000,1500,0,0,0,0,0,0,0,0,0,0,1768451535.7004972,24.999996
RCOU,26785115,1499,1900,2000,1500,0,0,0,0,0,0,0,0,0,0,1768451535.7404811,25.03998
RCOU,26825099,1499,1900,2000,1500,0,0,0,0,0,0,0,0,0,0,1768451535.7804651,25.079964
RCOU,26865083,1499,1900,2000,1500,0,0,0,0,0,0,0,0,0,0,1768451535.820449,25.119948
RCOU,26905067,1499,1900,2000,1500,0,0,0,0,0,0,0,0,0,0,1768451535.860433,25.159932
RCOU,26945051,1499,1900,2000,1500,0,0,0,0,0,0,0,0,0,0,1768451535.900417,25.199916
RCOU,26985035,1499,1900,2000,1500,0,0,0,0,0,0,0,0,0,0,1768451535.940401,25.2399
RCOU,27025019,1499,1900,2000,1500,0,0,0,0,0,0,0,0,0,0,1768451535.980385,25.279884
RCOU,27065003,1498,1900,2000,1500,0,0,0,0,0,0,0,0,0,0,1768451536.020369,25.319868
RCOU,27104987,1498,1900,2000,1500,0,0,0,0,0,0,0,0,0,0,1768451536.060353,25.359852
RCOU,27144971,1498,1900,2000,1500,0,0,0,0,0,0,0,0,0,0,1768451536.100337,25.399836
RCOU,27184955,1499,1900,2000,1500,0,0,0,0,0,0,0,0,0,0,1768451536.140321,25.43982
RCOU,27224939,1499,1900,2000,1500,0,0,0,0,0,0,0,0,0,0,1768451536.1803052,25.479804
RCOU,27264923,1499,1900,2000,1500,0,0,0,0,0,0,0,0,0,0,1768451536.2202892,25.519788
RCOU,27304907,1499,1900,2000,1500,0,0,0,0,0,0,0,0,0,0,1768451536.2602732,25.559772
RCOU,27344891,1498,1900,2000,1500,0,0,0,0,0,0,0,0,0,0,1768451536.3002572,25.599756
RCOU,27384875,1498,1900,2000,1499,0,0,0,0,0,0,0,0,0,0,1768451536.3402412,25.63974
RCOU,27424859,1499,1900,2000,1500,0,0,0,0,0,0,0,0,0,0,1768451536.3802252,25.679724
RCOU,27464843,1499,1900,2000,1500,0,0,0,0,0,0,0,0,0,0,1768451536.4202092,25.719708
RCOU,27504827,1499,1900,2000,1500,0,0,0,0,0,0,0,0,0,0,1768451536.4601932,25.759692
RCOU,27544811,1499,1900,2000,1500,0,0,0,0,0,0,0,0,0,0,1768451536.5001771,25.799676
RCOU,27584795,1499,1900,2000,1500,0,0,0,0,0,0,0,0,0,0,1768451536.5401611,25.83966
RCOU,27624779,1499,1900,2000,1500,0,0,0,0,0,0,0,0,0,0,1768451536.5801451,25.879644
RCOU,27664763,1499,1900,2000,1500,0,0,0,0,0,0,0,0,0,0,1768451536.620129,25.919628
RCOU,27704747,1499,1900,2000,1500,0,0,0,0,0,0,0,0,0,0,1768451536.660113,25.959612
RCOU,27744731,1500,1900,2000,1500,0,0,0,0,0,0,0,0,0,0,1768451536.700097,25.999596
RCOU,27784715,1500,1900,2000,1500,0,0,0,0,0,0,0,0,0,0,1768451536.740081,26.03958
RCOU,27824699,1499,1900,2000,1500,0,0,0,0,0,0,0,0,0,0,1768451536.780065,26.079564
RCOU,27864683,1499,1900,2000,1500,0,0,0,0,0,0,0,0,0,0,1768451536.820049,26.119548
RCOU,27904667,1499,1900,2000,1500,0,0,0,0,0,0,0,0,0,0,1768451536.860033,26.159532
RCOU,27944651,1499,1900,2000,1500,0,0,0,0,0,0,0,0,0,0,1768451536.900017,26.199516
RCOU,27984635,1499,1900,2000,1500,0,0,0,0,0,0,0,0,0,0,1768451536.9400012,26.2395
RCOU,28024619,1500,1900,2000,1500,0,0,0,0,0,0,0,0,0,0,1768451536.9799852,26.279484
RCOU,28064603,1500,1900,2000,1500,0,0,0,0,0,0,0,0,0,0,1768451537.0199692,26.319468
RCOU,28104587,1500,1900,2000,1500,0,0,0,0,0,0,0,0,0,0,1768451537.0599532,26.359452
RCOU,28144571,1500,1900,2000,1500,0,0,0,0,0,0,0,0,0,0,1768451537.0999372,26.399436
RCOU,28184555,1500,1900,2000,1500,0,0,0,0,0,0,0,0,0,0,1768451537.1399212,26.43942
RCOU,28224539,1500,1900,2000,1500,0,0,0,0,0,0,0,0,0,0,1768451537.1799052,26.479404
RCOU,28264523,1499,1900,2000,1500,0,0,0,0,0,0,0,0,0,0,1768451537.2198892,26.519388
RCOU,28304507,1498,1871,2000,1499,0,0,0,0,0,0,0,0,0,0,1768451537.2598732,26.559372
RCOU,28344491,1497,1785,2000,1499,0,0,0,0,0,0,0,0,0,0,1768451537.2998571,26.599356
RCOU,28384475,1494,1714,2000,1497,0,0,0,0,0,0,0,0,0,0,1768451537.3398411,26.63934
RCOU,28424459,1496,1668,2000,1498,0,0,0,0,0,0,0,0,0,0,1768451537.379825,26.679324
RCOU,28464443,1504,1589,2000,1501,0,0,0,0,0,0,0,0,0,0,1768451537.419809,26.719308
RCOU,28504427,1499,1519,2000,1500,0,0,0,0,0,0,0,0,0,0,1768451537.459793,26.759292
RCOU,28544411,1498,1469,2000,1499,0,0,0,0,0,0,0,0,0,0,1768451537.499777,26.799276
RCOU,28584395,1499,1411,2000,1500,0,0,0,0,0,0,0,0,0,0,1768451537.539761,26.83926
RCOU,28624379,1500,1381,2000,1500,0,0,0,0,0,0,0,0,0,0,1768451537.579745,26.879244
RCOU,28664363,1503,1343,2000,1501,0,0,0,0,0,0,0,0,0,0,1768451537.619729,26.919228
RCOU,28704347,1502,1327,2000,1501,0,0,0,0,0,0,0,0,0,0,1768451537.659713,26.959212
RCOU,28744331,1503,1321,2000,1501,0,0,0,0,0,0,0,0,0,0,1768451537.699697,26.999196
RCOU,28784315,1502,1322,2000,1501,0,0,0,0,0,0,0,0,0,0,1768451537.7396812,27.03918
RCOU,28825132,1502,1330,2000,1501,0,0,0,0,0,0,0,0,0,0,1768451537.780498,27.079997
RCOU,28865116,1502,1353,2000,1501,0,0,0,0,0,0,0,0,0,0,1768451537.820482,27.119981
RCOU,28905100,1499,1381,2000,1500,0,0,0,0,0,0,0,0,0,0,1768451537.8604662,27.159965
RCOU,28945084,1502,1404,2000,1501,0,0,0,0,0,0,0,0,0,0,1768451537.9004502,27.199949
RCOU,28985068,1502,1434,2000,1501,0,0,0,0,0,0,0,0,0,0,1768451537.9404342,27.239933
RCOU,29025052,1501,1458,2000,1500,0,0,0,0,0,0,0,0,0,0,1768451537.9804182,27.279917
RCOU,29065036,1500,1487,2000,1500,0,0,0,0,0,0,0,0,0,0,1768451538.0204022,27.319901
RCOU,29105020,1500,1512,2000,1500,0,0,0,0,0,0,0,0,0,0,1768451538.0603862,27.359885
RCOU,29145004,1499,1530,2000,1500,0,0,0,0,0,0,0,0,0,0,1768451538.1003702,27.399869
RCOU,29184988,1500,1547,2000,1500,0,0,0,0,0,0,0,0,0,0,1768451538.1403542,27.439853
RCOU,29224972,1500,1557,2000,1500,0,0,0,0,0,0,0,0,0,0,1768451538.1803381,27.479837
RCOU,29264956,1500,1565,2000,1500,0,0,0,0,0,0,0,0,0,0,1768451538.2203221,27.519821
RCOU,29304940,1500,1566,2000,1500,0,0,0,0,0,0,0,0,0,0,1768451538.2603061,27.559805
RCOU,29344924,1500,1565,2000,1500,0,0,0,0,0,0,0,0,0,0,1768451538.30029,27.599789
RCOU,29384908,1499,1558,2000,1500,0,0,0,0,0,0,0,0,0,0,1768451538.340274,27.639773
RCOU,29424892,1490,1551,2000,1495,0,0,0,0,0,0,0,0,0,0,1768451538.380258,27.679757
RCOU,29464876,1482,1541,2000,1491,0,0,0,0,0,0,0,0,0,0,1768451538.420242,27.719741
RCOU,29504860,1485,1526,2000,1493,0,0,0,0,0,0,0,0,0,0,1768451538.460226,27.759725
RCOU,29544844,1463,1515,2000,1482,0,0,0,0,0,0,0,0,0,0,1768451538.50021,27.799709
RCOU,29584828,1462,1502,2000,1481,0,0,0,0,0,0,0,0,0,0,1768451538.540194,27.839693
RCOU,29624812,1469,1491,2000,1485,0,0,0,0,0,0,0,0,0,0,1768451538.580178,27.879677
RCOU,29664796,1477,1479,2000,1489,0,0,0,0,0,0,0,0,0,0,1768451538.6201622,27.919661
RCOU,29704780,1481,1470,2000,1491,0,0,0,0,0,0,0,0,0,0,1768451538.6601462,27.959645
RCOU,29744764,1488,1464,2000,1494,0,0,0,0,0,0,0,0,0,0,1768451538.7001302,27.999629
RCOU,29784748,1493,1459,2000,1497,0,0,0,0,0,0,0,0,0,0,1768451538.7401142,28.039613
RCOU,29824732,1494,1456,2000,1497,0,0,0,0,0,0,0,0,0,0,1768451538.7800982,28.079597
RCOU,29864716,1502,1454,2000,1501,0,0,0,0,0,0,0,0,0,0,1768451538.8200822,28.119581
RCOU,29904700,1507,1453,2000,1503,0,0,0,0,0,0,0,0,0,0,1768451538.8600662,28.159565
RCOU,29944684,1502,1454,2000,1501,0,0,0,0,0,0,0,0,0,0,1768451538.9000502,28.199549
RCOU,29984668,1500,1457,2000,1500,0,0,0,0,0,0,0,0,0,0,1768451538.9400342,28.239533
RCOU,30024652,1495,1460,2000,1498,0,0,0,0,0,0,0,0,0,0,1768451538.9800181,28.279517
RCOU,30064636,1485,1463,2000,1493,0,0,0,0,0,0,0,0,0,0,1768451539.0200021,28.319501
RCOU,30104620,1490,1466,2000,1495,0,0,0,0,0,0,0,0,0,0,1768451539.059986,28.359485
RCOU,30144604,1472,1469,2000,1486,0,0,0,0,0,0,0,0,0,0,1768451539.09997,28.399469
RCOU,30184588,1473,1473,2000,1487,0,0,0,0,0,0,0,0,0,0,1768451539.139954,28.439453
RCOU,30224572,1464,1475,2000,1482,0,0,0,0,0,0,0,0,0,0,1768451539.179938,28.479437
RCOU,30264556,1462,1478,2000,1481,0,0,0,0,0,0,0,0,0,0,1768451539.219922,28.519421
RCOU,30304540,1464,1482,2000,1482,0,0,0,0,0,0,0,0,0,0,1768451539.259906,28.559405
RCOU,30344524,1459,1482,2000,1480,0,0,0,0,0,0,0,0,0,0,1768451539.29989,28.599389
RCOU,30384508,1463,1484,2000,1482,0,0,0,0,0,0,0,0,0,0,1768451539.339874,28.639373
RCOU,30424492,1459,1485,2000,1480,0,0,0,0,0,0,0,0,0,0,1768451539.379858,28.679357
RCOU,30464476,1457,1485,2000,1479,0,0,0,0,0,0,0,0,0,0,1768451539.4198422,28.719341
RCOU,30504460,1468,1487,2000,1484,0,0,0,0,0,0,0,0,0,0,1768451539.4598262,28.759325
RCOU,30544444,1464,1487,2000,1482,0,0,0,0,0,0,0,0,0,0,1768451539.4998102,28.799309
RCOU,30584428,1469,1486,2000,1485,0,0,0,0,0,0,0,0,0,0,1768451539.5397942,28.839293
RCOU,30624412,1466,1486,2000,1483,0,0,0,0,0,0,0,0,0,0,1768451539.5797782,28.879277
RCOU,30664396,1470,1485,2000,1485,0,0,0,0,0,0,0,0,0,0,1768451539.6197622,28.919261
RCOU,30704380,1475,1485,2000,1488,0,0,0,0,0,0,0,0,0,0,1768451539.6597462,28.959245
RCOU,30744364,1471,1483,2000,1486,0,0,0,0,0,0,0,0,0,0,1768451539.6997302,28.999229
RCOU,30784348,1480,1482,2000,1490,0,0,0,0,0,0,0,0,0,0,1768451539.7397141,29.039213
RCOU,30824332,1472,1482,2000,1486,0,0,0,0,0,0,0,0,0,0,1768451539.7796981,29.079197
RCOU,30864316,1470,1481,2000,1486,0,0,0,0,0,0,0,0,0,0,1768451539.8196821,29.119181
RCOU,30905133,1476,1479,2000,1488,0,0,0,0,0,0,0,0,0,0,1768451539.8604991,29.159998
RCOU,30945117,1472,1480,2000,1486,0,0,0,0,0,0,0,0,0,0,1768451539.9004831,29.199982
RCOU,30985101,1476,1481,2000,1488,0,0,0,0,0,0,0,0,0,0,1768451539.9404671,29.239966
RCOU,31025085,1468,1480,2000,1484,0,0,0,0,0,0,0,0,0,0,1768451539.980451,29.27995
RCOU,31065069,1469,1480,2000,1485,0,0,0,0,0,0,0,0,0,0,1768451540.020435,29.319934
RCOU,31105053,1474,1480,2000,1488,0,0,0,0,0,0,0,0,0,0,1768451540.060419,29.359918
RCOU,31145037,1470,1481,2000,1485,0,0,0,0,0,0,0,0,0,0,1768451540.100403,29.399902
RCOU,31185021,1474,1481,2000,1487,0,0,0,0,0,0,0,0,0,0,1768451540.140387,29.439886
RCOU,31225005,1467,1482,2000,1484,0,0,0,0,0,0,0,0,0,0,1768451540.180371,29.47987
RCOU,31264989,1464,1482,2000,1482,0,0,0,0,0,0,0,0,0,0,1768451540.220355,29.519854
RCOU,31304973,1473,1485,2000,1487,0,0,0,0,0,0,0,0,0,0,1768451540.260339,29.559838
RCOU,31344957,1467,1486,2000,1484,0,0,0,0,0,0,0,0,0,0,1768451540.3003232,29.599822
RCOU,31384941,1471,1487,2000,1486,0,0,0,0,0,0,0,0,0,0,1768451540.3403072,29.639806
RCOU,31424925,1470,1489,2000,1485,0,0,0,0,0,0,0,0,0,0,1768451540.3802912,29.67979
RCOU,31464909,1472,1489,2000,1486,0,0,0,0,0,0,0,0,0,0,1768451540.4202752,29.719774
RCOU,31504893,1477,1491,2000,1489,0,0,0,0,0,0,0,0,0,0,1768451540.4602592,29.759758
RCOU,31544877,1466,1491,2000,1483,0,0,0,0,0,0,0,0,0,0,1768451540.5002432,29.799742
RCOU,31584861,1470,1493,2000,1485,0,0,0,0,0,0,0,0,0,0,1768451540.5402272,29.839726
RCOU,31624845,1470,1495,2000,1485,0,0,0,0,0,0,0,0,0,0,1768451540.5802112,29.87971
RCOU,31664829,1470,1497,2000,1485,0,0,0,0,0,0,0,0,0,0,1768451540.6201952,29.919694
RCOU,31704813,1478,1498,2000,1489,0,0,0,0,0,0,0,0,0,0,1768451540.6601791,29.959678
RCOU,31744797,1474,1500,2000,1487,0,0,0,0,0,0,0,0,0,0,1768451540.7001631,29.999662
RCOU,31784781,1478,1500,2000,1489,0,0,0,0,0,0,0,0,0,0,1768451540.740147,30.039646
RCOU,31824765,1482,1500,2000,1491,0,0,0,0,0,0,0,0,0,0,1768451540.780131,30.07963
RCOU,31864749,1489,1502,2000,1495,0,0,0,0,0,0,0,0,0,0,1768451540.820115,30.119614
RCOU,31904733,1495,1504,2000,1498,0,0,0,0,0,0,0,0,0,0,1768451540.860099,30.159598
RCOU,31944717,1498,1505,2000,1499,0,0,0,0,0,0,0,0,0,0,1768451540.900083,30.199582
RCOU,31984701,1501,1505,2000,1500,0,0,0,0,0,0,0,0,0,0,1768451540.940067,30.239566
RCOU,32024685,1505,1505,2000,1502,0,0,0,0,0,0,0,0,0,0,1768451540.980051,30.27955
RCOU,32064669,1508,1504,2000,1504,0,0,0,0,0,0,0,0,0,0,1768451541.020035,30.319534
RCOU,32104653,1509,1504,2000,1504,0,0,0,0,0,0,0,0,0,0,1768451541.060019,30.359518
RCOU,32144637,1512,1504,2000,1506,0,0,0,0,0,0,0,0,0,0,1768451541.1000032,30.399502
RCOU,32184621,1514,1502,2000,1507,0,0,0,0,0,0,0,0,0,0,1768451541.1399872,30.439486
RCOU,32224605,1519,1501,2000,1509,0,0,0,0,0,0,0,0,0,0,1768451541.1799712,30.47947
RCOU,32264589,1521,1500,2000,1510,0,0,0,0,0,0,0,0,0,0,1768451541.2199552,30.519454
RCOU,32304573,1518,1498,2000,1509,0,0,0,0,0,0,0,0,0,0,1768451541.2599392,30.559438
RCOU,32344557,1525,1497,2000,1512,0,0,0,0,0,0,0,0,0,0,1768451541.2999232,30.599422
RCOU,32384541,1525,1494,2000,1512,0,0,0,0,0,0,0,0,0,0,1768451541.3399072,30.639406
RCOU,32424525,1528,1492,2000,1514,0,0,0,0,0,0,0,0,0,0,1768451541.3798912,30.67939
RCOU,32464509,1527,1490,2000,1513,0,0,0,0,0,0,0,0,0,0,1768451541.4198751,30.719374
RCOU,32504493,1525,1486,2000,1512,0,0,0,0,0,0,0,0,0,0,1768451541.4598591,30.759358
RCOU,32544477,1532,1484,2000,1516,0,0,0,0,0,0,0,0,0,0,1768451541.4998431,30.799342
RCOU,32584461,1530,1481,2000,1515,0,0,0,0,0,0,0,0,0,0,1768451541.539827,30.839326
RCOU,32624445,1534,1479,2000,1517,0,0,0,0,0,0,0,0,0,0,1768451541.579811,30.87931
RCOU,32664429,1533,1477,2000,1516,0,0,0,0,0,0,0,0,0,0,1768451541.619795,30.919294
RCOU,32704413,1529,1476,2000,1514,0,0,0,0,0,0,0,0,0,0,1768451541.659779,30.959278
RCOU,32744397,1537,1473,2000,1518,0,0,0,0,0,0,0,0,0,0,1768451541.699763,30.999262
RCOU,32784381,1534,1472,2000,1517,0,0,0,0,0,0,0,0,0,0,1768451541.739747,31.039246
RCOU,32824365,1539,1470,2000,1519,0,0,0,0,0,0,0,0,0,0,1768451541.779731,31.07923
RCOU,32864349,1539,1469,2000,1519,0,0,0,0,0,0,0,0,0,0,1768451541.819715,31.119214
RCOU,32904333,1533,1468,2000,1516,0,0,0,0,0,0,0,0,0,0,1768451541.8596992,31.159198
RCOU,32944317,1543,1468,2000,1521,0,0,0,0,0,0,0,0,0,0,1768451541.8996832,31.199182
RCOU,32985134,1539,1467,2000,1519,0,0,0,0,0,0,0,0,0,0,1768451541.9405,31.239999
RCOU,33025118,1543,1466,2000,1521,0,0,0,0,0,0,0,0,0,0,1768451541.9804842,31.279983
RCOU,33065102,1541,1466,2000,1520,0,0,0,0,0,0,0,0,0,0,1768451542.0204682,31.319967
RCOU,33105086,1534,1467,2000,1517,0,0,0,0,0,0,0,0,0,0,1768451542.0604522,31.359951
RCOU,33145070,1545,1465,2000,1522,0,0,0,0,0,0,0,0,0,0,1768451542.1004362,31.399935
RCOU,33185054,1540,1466,2000,1520,0,0,0,0,0,0,0,0,0,0,1768451542.1404202,31.439919
RCOU,33225038,1547,1467,2000,1523,0,0,0,0,0,0,0,0,0,0,1768451542.1804042,31.479903
RCOU,33265022,1549,1466,2000,1524,0,0,0,0,0,0,0,0,0,0,1768451542.2203882,31.519887
RCOU,33305006,1540,1468,2000,1520,0,0,0,0,0,0,0,0,0,0,1768451542.2603722,31.559871
RCOU,33344990,1551,1468,2000,1525,0,0,0,0,0,0,0,0,0,0,1768451542.3003561,31.599855
RCOU,33384974,1547,1469,2000,1523,0,0,0,0,0,0,0,0,0,0,1768451542.3403401,31.639839
RCOU,33424958,1554,1468,2000,1527,0,0,0,0,0,0,0,0,0,0,1768451542.3803241,31.679823
RCOU,33464942,1556,1469,2000,1528,0,0,0,0,0,0,0,0,0,0,1768451542.420308,31.719807
RCOU,33504926,1547,1470,2000,1523,0,0,0,0,0,0,0,0,0,0,1768451542.460292,31.759791
RCOU,33544910,1562,1469,2000,1531,0,0,0,0,0,0,0,0,0,0,1768451542.500276,31.799775
RCOU,33584894,1556,1468,2000,1528,0,0,0,0,0,0,0,0,0,0,1768451542.54026,31.839759
RCOU,33624878,1561,1468,2000,1530,0,0,0,0,0,0,0,0,0,0,1768451542.580244,31.879743
RCOU,33664862,1563,1467,2000,1531,0,0,0,0,0,0,0,0,0,0,1768451542.620228,31.919727
RCOU,33704846,1550,1468,2000,1525,0,0,0,0,0,0,0,0,0,0,1768451542.660212,31.959711
RCOU,33744830,1566,1463,2000,1533,0,0,0,0,0,0,0,0,0,0,1768451542.700196,31.999695
RCOU,33784814,1559,1464,2000,1529,0,0,0,0,0,0,0,0,0,0,1768451542.74018,32.039679
RCOU,33824798,1560,1460,2000,1530,0,0,0,0,0,0,0,0,0,0,1768451542.7801642,32.079663
RCOU,33864782,1560,1458,2000,1530,0,0,0,0,0,0,0,0,0,0,1768451542.8201482,32.119647
RCOU,33904766,1551,1460,2000,1525,0,0,0,0,0,0,0,0,0,0,1768451542.8601322,32.159631
RCOU,33944750,1561,1457,2000,1530,0,0,0,0,0,0,0,0,0,0,1768451542.9001162,32.199615
RCOU,33984734,1551,1459,2000,1525,0,0,0,0,0,0,0,0,0,0,1768451542.9401002,32.239599
RCOU,34024718,1555,1459,2000,1527,0,0,0,0,0,0,0,0,0,0,1768451542.9800842,32.279583
RCOU,34064702,1551,1461,2000,1525,0,0,0,0,0,0,0,0,0,0,1768451543.0200682,32.319567
RCOU,34104686,1541,1466,1990,1520,0,0,0,0,0,0,0,0,0,0,1768451543.0600522,32.359551
RCOU,34144670,1550,1461,1990,1525,0,0,0,0,0,0,0,0,0,0,1768451543.1000361,32.399535
RCOU,34184654,1541,1460,1990,1520,0,0,0,0,0,0,0,0,0,0,1768451543.1400201,32.439519
RCOU,34224638,1543,1456,1980,1521,0,0,0,0,0,0,0,0,0,0,1768451543.1800041,32.479503
RCOU,34264622,1542,1453,1980,1521,0,0,0,0,0,0,0,0,0,0,1768451543.219988,32.519487
RCOU,34304606,1534,1452,1980,1517,0,0,0,0,0,0,0,0,0,0,1768451543.259972,32.559471
RCOU,34344590,1543,1445,1960,1521,0,0,0,0,0,0,0,0,0,0,1768451543.299956,32.599455
RCOU,34384574,1537,1444,1960,1518,0,0,0,0,0,0,0,0,0,0,1768451543.33994,32.639439
RCOU,34424558,1539,1440,1940,1519,0,0,0,0,0,0,0,0,0,0,1768451543.379924,32.679423
RCOU,34464542,1538,1437,1940,1519,0,0,0,0,0,0,0,0,0,0,1768451543.419908,32.719407
RCOU,34504526,1531,1439,1940,1515,0,0,0,0,0,0,0,0,0,0,1768451543.459892,32.759391
RCOU,34544510,1539,1435,1920,1519,0,0,0,0,0,0,0,0,0,0,1768451543.499876,32.799375
RCOU,34584494,1534,1436,1920,1517,0,0,0,0,0,0,0,0,0,0,1768451543.5398602,32.839359
RCOU,34624478,1537,1442,1900,1518,0,0,0,0,0,0,0,0,0,0,1768451543.5798442,32.879343
RCOU,34664462,1537,1449,1900,1518,0,0,0,0,0,0,0,0,0,0,1768451543.6198282,32.919327
RCOU,34704446,1532,1457,1900,1516,0,0,0,0,0,0,0,0,0,0,1768451543.6598122,32.959311
RCOU,34744430,1540,1466,1880,1520,0,0,0,0,0,0,0,0,0,0,1768451543.6997962,32.999295
RCOU,34784414,1535,1474,1880,1517,0,0,0,0,0,0,0,0,0,0,1768451543.7397802,33.039279
RCOU,34824398,1536,1482,1860,1518,0,0,0,0,0,0,0,0,0,0,1768451543.7797642,33.079263
RCOU,34864382,1536,1489,1860,1518,0,0,0,0,0,0,0,0,0,0,1768451543.8197482,33.119247
RCOU,34904366,1530,1496,1860,1515,0,0,0,0,0,0,0,0,0,0,1768451543.8597322,33.159231
RCOU,34944350,1533,1497,1840,1516,0,0,0,0,0,0,0,0,0,0,1768451543.8997161,33.199215
RCOU,34984334,1529,1500,1840,1514,0,0,0,0,0,0,0,0,0,0,1768451543.9397001,33.239199
RCOU,35024318,1526,1500,1820,1513,0,0,0,0,0,0,0,0,0,0,1768451543.979684,33.279183
RCOU,35065135,1523,1500,1820,1511,0,0,0,0,0,0,0,0,0,0,1768451544.0205011,33.32
RCOU,35105119,1517,1500,1820,1508,0,0,0,0,0,0,0,0,0,0,1768451544.0604851,33.359984
RCOU,35145103,1515,1493,1800,1507,0,0,0,0,0,0,0,0,0,0,1768451544.100469,33.399968
RCOU,35185087,1511,1490,1800,1505,0,0,0,0,0,0,0,0,0,0,1768451544.140453,33.439952
RCOU,35225071,1508,1482,1780,1504,0,0,0,0,0,0,0,0,0,0,1768451544.180437,33.479936
RCOU,35265055,1506,1476,1779,1503,0,0,0,0,0,0,0,0,0,0,1768451544.220421,33.51992
RCOU,35305039,1502,1473,1779,1501,0,0,0,0,0,0,0,0,0,0,1768451544.260405,33.559904
RCOU,35345023,1501,1462,1759,1500,0,0,0,0,0,0,0,0,0,0,1768451544.300389,33.599888
RCOU,35385007,1500,1459,1759,1500,0,0,0,0,0,0,0,0,0,0,1768451544.340373,33.639872
RCOU,35424991,1500,1452,1739,1500,0,0,0,0,0,0,0,0,0,0,1768451544.380357,33.679856
RCOU,35464975,1499,1447,1739,1500,0,0,0,0,0,0,0,0,0,0,1768451544.4203413,33.71984
RCOU,35504959,1498,1447,1739,1499,0,0,0,0,0,0,0,0,0,0,1768451544.4603252,33.759824
RCOU,35544943,1500,1443,1719,1500,0,0,0,0,0,0,0,0,0,0,1768451544.5003092,33.799808
RCOU,35584927,1500,1444,1719,1500,0,0,0,0,0,0,0,0,0,0,1768451544.5402932,33.839792
RCOU,35624911,1503,1444,1699,1501,0,0,0,0,0,0,0,0,0,0,1768451544.5802772,33.879776
RCOU,35664895,1505,1446,1699,1502,0,0,0,0,0,0,0,0,0,0,1768451544.6202612,33.91976
RCOU,35704879,1504,1449,1699,1502,0,0,0,0,0,0,0,0,0,0,1768451544.6602452,33.959744
RCOU,35744863,1511,1453,1679,1505,0,0,0,0,0,0,0,0,0,0,1768451544.7002292,33.999728
RCOU,35784847,1510,1458,1679,1505,0,0,0,0,0,0,0,0,0,0,1768451544.7402132,34.039712
RCOU,35824831,1513,1463,1659,1506,0,0,0,0,0,0,0,0,0,0,1768451544.7801971,34.079696
RCOU,35864815,1514,1468,1659,1507,0,0,0,0,0,0,0,0,0,0,1768451544.8201811,34.11968
RCOU,35904799,1514,1472,1659,1507,0,0,0,0,0,0,0,0,0,0,1768451544.860165,34.159664
RCOU,35944783,1516,1475,1639,1508,0,0,0,0,0,0,0,0,0,0,1768451544.900149,34.199648
RCOU,35984767,1515,1479,1639,1507,0,0,0,0,0,0,0,0,0,0,1768451544.940133,34.239632
RCOU,36024751,1514,1481,1619,1507,0,0,0,0,0,0,0,0,0,0,1768451544.980117,34.279616
RCOU,36064735,1515,1484,1619,1507,0,0,0,0,0,0,0,0,0,0,1768451545.020101,34.3196
RCOU,36104719,1513,1487,1619,1506,0,0,0,0,0,0,0,0,0,0,1768451545.060085,34.359584
RCOU,36144703,1512,1485,1599,1506,0,0,0,0,0,0,0,0,0,0,1768451545.100069,34.399568
RCOU,36184687,1511,1486,1599,1505,0,0,0,0,0,0,0,0,0,0,1768451545.140053,34.439552
RCOU,36224671,1509,1486,1580,1504,0,0,0,0,0,0,0,0,0,0,1768451545.180037,34.479536
RCOU,36264655,1508,1485,1580,1504,0,0,0,0,0,0,0,0,0,0,1768451545.2200212,34.51952
RCOU,36304639,1507,1487,1580,1503,0,0,0,0,0,0,0,0,0,0,1768451545.2600052,34.559504
RCOU,36344623,1506,1482,1560,1503,0,0,0,0,0,0,0,0,0,0,1768451545.2999892,34.599488
RCOU,36384607,1505,1482,1560,1502,0,0,0,0,0,0,0,0,0,0,1768451545.3399732,34.639472
RCOU,36424591,1504,1480,1540,1502,0,0,0,0,0,0,0,0,0,0,1768451545.3799572,34.679456
RCOU,36464575,1503,1478,1540,1501,0,0,0,0,0,0,0,0,0,0,1768451545.4199412,34.71944
RCOU,36504559,1503,1478,1540,1501,0,0,0,0,0,0,0,0,0,0,1768451545.4599252,34.759424
RCOU,36544543,1502,1475,1520,1501,0,0,0,0,0,0,0,0,0,0,1768451545.4999092,34.799408
RCOU,36584527,1502,1475,1520,1501,0,0,0,0,0,0,0,0,0,0,1768451545.5398932,34.839392
RCOU,36624511,1502,1474,1500,1501,0,0,0,0,0,0,0,0,0,0,1768451545.5798771,34.879376
RCOU,36664495,1502,1474,1500,1501,0,0,0,0,0,0,0,0,0,0,1768451545.6198611,34.91936
RCOU,36704479,1502,1475,1500,1501,0,0,0,0,0,0,0,0,0,0,1768451545.659845,34.959344
RCOU,36744463,1502,1473,1480,1501,0,0,0,0,0,0,0,0,0,0,1768451545.699829,34.999328
RCOU,36784447,1504,1474,1480,1502,0,0,0,0,0,0,0,0,0,0,1768451545.739813,35.039312
RCOU,36824431,1503,1474,1460,1501,0,0,0,0,0,0,0,0,0,0,1768451545.779797,35.079296
RCOU,36864415,1504,1474,1460,1502,0,0,0,0,0,0,0,0,0,0,1768451545.819781,35.11928
RCOU,36904399,1504,1476,1460,1502,0,0,0,0,0,0,0,0,0,0,1768451545.859765,35.159264
RCOU,36944383,1505,1476,1440,1502,0,0,0,0,0,0,0,0,0,0,1768451545.899749,35.199248
RCOU,36984367,1507,1478,1440,1503,0,0,0,0,0,0,0,0,0,0,1768451545.939733,35.239232
RCOU,37024351,1507,1478,1420,1503,0,0,0,0,0,0,0,0,0,0,1768451545.979717,35.279216
RCOU,37064335,1507,1480,1420,1503,0,0,0,0,0,0,0,0,0,0,1768451546.0197012,35.3192
RCOU,37104319,1506,1482,1420,1503,0,0,0,0,0,0,0,0,0,0,1768451546.0596852,35.359184
RCOU,37145136,1507,1482,1400,1503,0,0,0,0,0,0,0,0,0,0,1768451546.1005023,35.400001
RCOU,37185120,1508,1484,1400,1504,0,0,0,0,0,0,0,0,0,0,1768451546.1404862,35.439985
RCOU,37225104,1508,1485,1380,1504,0,0,0,0,0,0,0,0,0,0,1768451546.1804702,35.479969
RCOU,37265088,1508,1487,1380,1504,0,0,0,0,0,0,0,0,0,0,1768451546.2204542,35.519953
RCOU,37305072,1508,1489,1380,1504,0,0,0,0,0,0,0,0,0,0,1768451546.2604382,35.559937
RCOU,37345056,1508,1489,1370,1504,0,0,0,0,0,0,0,0,0,0,1768451546.3004222,35.599921
RCOU,37385040,1508,1491,1370,1504,0,0,0,0,0,0,0,0,0,0,1768451546.3404062,35.639905
RCOU,37425024,1508,1491,1372,1504,0,0,0,0,0,0,0,0,0,0,1768451546.3803902,35.679889
RCOU,37465008,1508,1493,1372,1504,0,0,0,0,0,0,0,0,0,0,1768451546.4203742,35.719873
RCOU,37504992,1508,1496,1372,1504,0,0,0,0,0,0,0,0,0,0,1768451546.4603581,35.759857
RCOU,37544976,1508,1497,1376,1504,0,0,0,0,0,0,0,0,0,0,1768451546.5003421,35.799841
RCOU,37584960,1508,1499,1376,1504,0,0,0,0,0,0,0,0,0,0,1768451546.540326,35.839825
RCOU,37624944,1508,1500,1383,1504,0,0,0,0,0,0,0,0,0,0,1768451546.58031,35.879809
RCOU,37664928,1508,1502,1383,1504,0,0,0,0,0,0,0,0,0,0,1768451546.620294,35.919793
RCOU,37704912,1509,1504,1383,1504,0,0,0,0,0,0,0,0,0,0,1768451546.660278,35.959777
RCOU,37744896,1508,1507,1387,1504,0,0,0,0,0,0,0,0,0,0,1768451546.700262,35.999761
RCOU,37784880,1509,1510,1387,1504,0,0,0,0,0,0,0,0,0,0,1768451546.740246,36.039745
RCOU,37824864,1509,1512,1394,1504,0,0,0,0,0,0,0,0,0,0,1768451546.78023,36.079729
RCOU,37864848,1509,1515,1394,1504,0,0,0,0,0,0,0,0,0,0,1768451546.820214,36.119713
RCOU,37904832,1509,1517,1394,1504,0,0,0,0,0,0,0,0,0,0,1768451546.860198,36.159697
RCOU,37944816,1509,1520,1399,1504,0,0,0,0,0,0,0,0,0,0,1768451546.9001822,36.199681
RCOU,37984800,1509,1521,1399,1504,0,0,0,0,0,0,0,0,0,0,1768451546.9401662,36.239665
RCOU,38024784,1509,1523,1406,1504,0,0,0,0,0,0,0,0,0,0,1768451546.9801502,36.279649
RCOU,38064768,1509,1525,1406,1504,0,0,0,0,0,0,0,0,0,0,1768451547.0201342,36.319633
RCOU,38104752,1509,1526,1406,1504,0,0,0,0,0,0,0,0,0,0,1768451547.0601182,36.359617
RCOU,38144736,1509,1526,1412,1504,0,0,0,0,0,0,0,0,0,0,1768451547.1001022,36.399601
RCOU,38184720,1509,1526,1412,1504,0,0,0,0,0,0,0,0,0,0,1768451547.1400862,36.439585
RCOU,38224704,1508,1527,1421,1504,0,0,0,0,0,0,0,0,0,0,1768451547.1800702,36.479569
RCOU,38264688,1508,1527,1421,1504,0,0,0,0,0,0,0,0,0,0,1768451547.2200541,36.519553
RCOU,38304672,1508,1526,1421,1504,0,0,0,0,0,0,0,0,0,0,1768451547.2600381,36.559537
RCOU,38344656,1508,1527,1427,1504,0,0,0,0,0,0,0,0,0,0,1768451547.3000221,36.599521
RCOU,38384640,1508,1527,1427,1504,0,0,0,0,0,0,0,0,0,0,1768451547.340006,36.639505
RCOU,38424624,1507,1526,1434,1503,0,0,0,0,0,0,0,0,0,0,1768451547.37999,36.679489
RCOU,38464608,1506,1526,1434,1503,0,0,0,0,0,0,0,0,0,0,1768451547.419974,36.719473
RCOU,38504592,1508,1525,1434,1504,0,0,0,0,0,0,0,0,0,0,1768451547.459958,36.759457
RCOU,38544576,1506,1524,1441,1503,0,0,0,0,0,0,0,0,0,0,1768451547.499942,36.799441
RCOU,38584560,1507,1523,1441,1503,0,0,0,0,0,0,0,0,0,0,1768451547.539926,36.839425
RCOU,38624544,1505,1522,1448,1502,0,0,0,0,0,0,0,0,0,0,1768451547.57991,36.879409
RCOU,38664528,1506,1522,1448,1503,0,0,0,0,0,0,0,0,0,0,1768451547.619894,36.919393
RCOU,38704512,1506,1521,1448,1503,0,0,0,0,0,0,0,0,0,0,1768451547.659878,36.959377
RCOU,38744496,1506,1520,1453,1502,0,0,0,0,0,0,0,0,0,0,1768451547.6998622,36.999361
RCOU,38784480,1507,1520,1453,1503,0,0,0,0,0,0,0,0,0,0,1768451547.7398462,37.039345
RCOU,38824464,1506,1519,1456,1503,0,0,0,0,0,0,0,0,0,0,1768451547.7798302,37.079329
RCOU,38864448,1505,1520,1456,1502,0,0,0,0,0,0,0,0,0,0,1768451547.8198142,37.119313
RCOU,38904432,1506,1519,1456,1503,0,0,0,0,0,0,0,0,0,0,1768451547.8597982,37.159297
RCOU,38944416,1506,1518,1459,1503,0,0,0,0,0,0,0,0,0,0,1768451547.8997822,37.199281
RCOU,38984400,1505,1518,1459,1502,0,0,0,0,0,0,0,0,0,0,1768451547.9397662,37.239265
RCOU,39024384,1505,1519,1463,1502,0,0,0,0,0,0,0,0,0,0,1768451547.9797502,37.279249
RCOU,39064368,1505,1518,1463,1502,0,0,0,0,0,0,0,0,0,0,1768451548.0197341,37.319233
RCOU,39104352,1506,1518,1463,1503,0,0,0,0,0,0,0,0,0,0,1768451548.0597181,37.359217
RCOU,39144336,1505,1520,1467,1502,0,0,0,0,0,0,0,0,0,0,1768451548.0997021,37.399201
RCOU,39184320,1506,1519,1467,1503,0,0,0,0,0,0,0,0,0,0,1768451548.139686,37.439185
RCOU,39225137,1507,1519,1471,1503,0,0,0,0,0,0,0,0,0,0,1768451548.1805031,37.480002
RCOU,39265121,1508,1519,1471,1504,0,0,0,0,0,0,0,0,0,0,1768451548.220487,37.519986
RCOU,39305105,1508,1518,1471,1504,0,0,0,0,0,0,0,0,0,0,1768451548.260471,37.55997
RCOU,39345089,1507,1520,1474,1503,0,0,0,0,0,0,0,0,0,0,1768451548.300455,37.599954
RCOU,39385073,1506,1521,1474,1503,0,0,0,0,0,0,0,0,0,0,1768451548.340439,37.639938
RCOU,39425057,1507,1521,1476,1503,0,0,0,0,0,0,0,0,0,0,1768451548.380423,37.679922
RCOU,39465041,1506,1522,1476,1503,0,0,0,0,0,0,0,0,0,0,1768451548.420407,37.719906
RCOU,39505025,1507,1522,1476,1503,0,0,0,0,0,0,0,0,0,0,1768451548.460391,37.75989
RCOU,39545009,1506,1523,1482,1503,0,0,0,0,0,0,0,0,0,0,1768451548.500375,37.799874
RCOU,39584993,1506,1523,1482,1503,0,0,0,0,0,0,0,0,0,0,1768451548.540359,37.839858
RCOU,39624977,1505,1523,1487,1502,0,0,0,0,0,0,0,0,0,0,1768451548.5803432,37.879842
RCOU,39664961,1505,1523,1487,1502,0,0,0,0,0,0,0,0,0,0,1768451548.6203272,37.919826
RCOU,39704945,1506,1522,1487,1503,0,0,0,0,0,0,0,0,0,0,1768451548.6603112,37.95981
RCOU,39744929,1504,1522,1490,1501,0,0,0,0,0,0,0,0,0,0,1768451548.7002952,37.999794
RCOU,39784913,1504,1522,1490,1502,0,0,0,0,0,0,0,0,0,0,1768451548.7402792,38.039778
RCOU,39824897,1505,1521,1493,1502,0,0,0,0,0,0,0,0,0,0,1768451548.7802632,38.079762
RCOU,39864881,1504,1520,1493,1502,0,0,0,0,0,0,0,0,0,0,1768451548.8202472,38.119746
RCOU,39904865,1504,1519,1493,1501,0,0,0,0,0,0,0,0,0,0,1768451548.8602312,38.15973
RCOU,39944849,1503,1519,1495,1501,0,0,0,0,0,0,0,0,0,0,1768451548.9002151,38.199714
RCOU,39984833,1502,1518,1495,1501,0,0,0,0,0,0,0,0,0,0,1768451548.9401991,38.239698
RCOU,40024817,1503,1517,1496,1501,0,0,0,0,0,0,0,0,0,0,1768451548.9801831,38.279682
RCOU,40064801,1502,1517,1496,1501,0,0,0,0,0,0,0,0,0,0,1768451549.020167,38.319666
RCOU,40104785,1504,1516,1496,1501,0,0,0,0,0,0,0,0,0,0,1768451549.060151,38.35965
RCOU,40144769,1501,1515,1496,1500,0,0,0,0,0,0,0,0,0,0,1768451549.100135,38.399634
RCOU,40184753,1502,1514,1496,1501,0,0,0,0,0,0,0,0,0,0,1768451549.140119,38.439618
RCOU,40224737,1502,1513,1497,1500,0,0,0,0,0,0,0,0,0,0,1768451549.180103,38.479602
RCOU,40264721,1502,1512,1497,1500,0,0,0,0,0,0,0,0,0,0,1768451549.220087,38.519586
RCOU,40304705,1502,1511,1497,1501,0,0,0,0,0,0,0,0,0,0,1768451549.260071,38.55957
RCOU,40344689,1501,1511,1497,1500,0,0,0,0,0,0,0,0,0,0,1768451549.300055,38.599554
RCOU,40384673,1503,1510,1497,1501,0,0,0,0,0,0,0,0,0,0,1768451549.3400393,38.639538
RCOU,40424657,1501,1510,1494,1500,0,0,0,0,0,0,0,0,0,0,1768451549.3800232,38.679522
RCOU,40464641,1500,1510,1494,1500,0,0,0,0,0,0,0,0,0,0,1768451549.4200072,38.719506
RCOU,40504625,1502,1509,1494,1501,0,0,0,0,0,0,0,0,0,0,1768451549.4599912,38.75949
RCOU,40544609,1501,1509,1493,1500,0,0,0,0,0,0,0,0,0,0,1768451549.4999752,38.799474
RCOU,40584593,1502,1509,1493,1501,0,0,0,0,0,0,0,0,0,0,1768451549.5399592,38.839458
RCOU,40624577,1501,1509,1493,1500,0,0,0,0,0,0,0,0,0,0,1768451549.5799432,38.879442
RCOU,40664561,1502,1509,1493,1501,0,0,0,0,0,0,0,0,0,0,1768451549.6199272,38.919426
RCOU,40704545,1503,1508,1493,1501,0,0,0,0,0,0,0,0,0,0,1768451549.6599112,38.95941
RCOU,40744529,1503,1509,1492,1501,0,0,0,0,0,0,0,0,0,0,1768451549.6998951,38.999394
RCOU,40784513,1504,1509,1492,1502,0,0,0,0,0,0,0,0,0,0,1768451549.7398791,39.039378
RCOU,40824497,1502,1508,1489,1501,0,0,0,0,0,0,0,0,0,0,1768451549.779863,39.079362
RCOU,40864481,1503,1508,1489,1501,0,0,0,0,0,0,0,0,0,0,1768451549.819847,39.119346
RCOU,40904465,1504,1508,1489,1502,0,0,0,0,0,0,0,0,0,0,1768451549.859831,39.15933
RCOU,40944449,1503,1508,1488,1501,0,0,0,0,0,0,0,0,0,0,1768451549.899815,39.199314
RCOU,40984433,1505,1508,1488,1502,0,0,0,0,0,0,0,0,0,0,1768451549.939799,39.239298
RCOU,41024417,1502,1509,1489,1501,0,0,0,0,0,0,0,0,0,0,1768451549.979783,39.279282
RCOU,41064401,1503,1509,1489,1501,0,0,0,0,0,0,0,0,0,0,1768451550.019767,39.319266
RCOU,41104385,1501,1509,1489,1500,0,0,0,0,0,0,0,0,0,0,1768451550.059751,39.35925
RCOU,41144369,1501,1510,1490,1500,0,0,0,0,0,0,0,0,0,0,1768451550.099735,39.399234
RCOU,41184353,1503,1510,1490,1501,0,0,0,0,0,0,0,0,0,0,1768451550.1397192,39.439218
RCOU,41224337,1502,1510,1490,1501,0,0,0,0,0,0,0,0,0,0,1768451550.1797032,39.479202
RCOU,41264321,1501,1510,1490,1500,0,0,0,0,0,0,0,0,0,0,1768451550.2196872,39.519186
RCOU,41305138,1502,1509,1490,1501,0,0,0,0,0,0,0,0,0,0,1768451550.2605042,39.560003
RCOU,41345122,1501,1509,1491,1500,0,0,0,0,0,0,0,0,0,0,1768451550.3004882,39.599987
RCOU,41385106,1501,1509,1491,1500,0,0,0,0,0,0,0,0,0,0,1768451550.3404722,39.639971
RCOU,41425090,1502,1509,1492,1500,0,0,0,0,0,0,0,0,0,0,1768451550.3804562,39.679955
RCOU,41465074,1502,1508,1492,1500,0,0,0,0,0,0,0,0,0,0,1768451550.4204402,39.719939
RCOU,41505058,1502,1507,1492,1501,0,0,0,0,0,0,0,0,0,0,1768451550.4604242,39.759923
RCOU,41545042,1501,1508,1492,1500,0,0,0,0,0,0,0,0,0,0,1768451550.5004082,39.799907
RCOU,41585026,1502,1508,1492,1501,0,0,0,0,0,0,0,0,0,0,1768451550.5403922,39.839891
RCOU,41625010,1500,1508,1493,1500,0,0,0,0,0,0,0,0,0,0,1768451550.5803761,39.879875
RCOU,41664994,1500,1508,1493,1500,0,0,0,0,0,0,0,0,0,0,1768451550.6203601,39.919859
RCOU,41704978,1502,1508,1493,1501,0,0,0,0,0,0,0,0,0,0,1768451550.6603441,39.959843
RCOU,41744962,1500,1508,1493,1500,0,0,0,0,0,0,0,0,0,0,1768451550.700328,39.999827
RCOU,41784946,1502,1509,1493,1501,0,0,0,0,0,0,0,0,0,0,1768451550.740312,40.039811
RCOU,41824930,1502,1509,1493,1501,0,0,0,0,0,0,0,0,0,0,1768451550.780296,40.079795
RCOU,41864914,1502,1509,1493,1501,0,0,0,0,0,0,0,0,0,0,1768451550.82028,40.119779
RCOU,41904898,1503,1508,1493,1501,0,0,0,0,0,0,0,0,0,0,1768451550.860264,40.159763
RCOU,41944882,1502,1508,1493,1501,0,0,0,0,0,0,0,0,0,0,1768451550.900248,40.199747
RCOU,41984866,1502,1507,1493,1501,0,0,0,0,0,0,0,0,0,0,1768451550.940232,40.239731
RCOU,42024850,1502,1507,1494,1501,0,0,0,0,0,0,0,0,0,0,1768451550.980216,40.279715
RCOU,42064834,1503,1506,1494,1501,0,0,0,0,0,0,0,0,0,0,1768451551.0202003,40.319699
RCOU,42104818,1503,1504,1494,1501,0,0,0,0,0,0,0,0,0,0,1768451551.0601842,40.359683
RCOU,42144802,1502,1504,1497,1501,0,0,0,0,0,0,0,0,0,0,1768451551.1001682,40.399667
RCOU,42184786,1502,1504,1497,1501,0,0,0,0,0,0,0,0,0,0,1768451551.1401522,40.439651
RCOU,42224770,1501,1504,1496,1500,0,0,0,0,0,0,0,0,0,0,1768451551.1801362,40.479635
RCOU,42264754,1502,1504,1496,1501,0,0,0,0,0,0,0,0,0,0,1768451551.2201202,40.519619
RCOU,42304738,1503,1503,1496,1501,0,0,0,0,0,0,0,0,0,0,1768451551.2601042,40.559603
RCOU,42344722,1502,1503,1499,1501,0,0,0,0,0,0,0,0,0,0,1768451551.3000882,40.599587
RCOU,42384706,1503,1504,1499,1501,0,0,0,0,0,0,0,0,0,0,1768451551.3400722,40.639571
RCOU,42424690,1502,1504,1497,1501,0,0,0,0,0,0,0,0,0,0,1768451551.3800561,40.679555
RCOU,42464674,1504,1504,1497,1501,0,0,0,0,0,0,0,0,0,0,1768451551.4200401,40.719539
RCOU,42504658,1505,1504,1497,1502,0,0,0,0,0,0,0,0,0,0,1768451551.460024,40.759523
RCOU,42544642,1502,1504,1497,1501,0,0,0,0,0,0,0,0,0,0,1768451551.500008,40.799507
RCOU,42584626,1503,1504,1497,1501,0,0,0,0,0,0,0,0,0,0,1768451551.539992,40.839491
RCOU,42624610,1503,1505,1497,1501,0,0,0,0,0,0,0,0,0,0,1768451551.579976,40.879475
RCOU,42664594,1503,1505,1497,1501,0,0,0,0,0,0,0,0,0,0,1768451551.61996,40.919459
RCOU,42704578,1504,1505,1497,1502,0,0,0,0,0,0,0,0,0,0,1768451551.659944,40.959443
RCOU,42744562,1504,1504,1497,1502,0,0,0,0,0,0,0,0,0,0,1768451551.699928,40.999427
RCOU,42784546,1505,1503,1497,1502,0,0,0,0,0,0,0,0,0,0,1768451551.739912,41.039411
RCOU,42824530,1502,1504,1499,1501,0,0,0,0,0,0,0,0,0,0,1768451551.779896,41.079395
RCOU,42864514,1503,1504,1499,1501,0,0,0,0,0,0,0,0,0,0,1768451551.8198802,41.119379
RCOU,42904498,1504,1503,1499,1502,0,0,0,0,0,0,0,0,0,0,1768451551.8598642,41.159363
RCOU,42944482,1503,1503,1500,1501,0,0,0,0,0,0,0,0,0,0,1768451551.8998482,41.199347
RCOU,42984466,1503,1503,1500,1501,0,0,0,0,0,0,0,0,0,0,1768451551.9398322,41.239331
RCOU,43024450,1504,1504,1500,1502,0,0,0,0,0,0,0,0,0,0,1768451551.9798162,41.279315
RCOU,43064434,1504,1503,1500,1502,0,0,0,0,0,0,0,0,0,0,1768451552.0198002,41.319299
RCOU,43104418,1503,1503,1500,1501,0,0,0,0,0,0,0,0,0,0,1768451552.0597842,41.359283
RCOU,43144402,1504,1504,1502,1501,0,0,0,0,0,0,0,0,0,0,1768451552.0997682,41.399267
RCOU,43184386,1504,1503,1502,1502,0,0,0,0,0,0,0,0,0,0,1768451552.1397521,41.439251
RCOU,43224370,1503,1503,1502,1501,0,0,0,0,0,0,0,0,0,0,1768451552.1797361,41.479235
RCOU,43264354,1504,1504,1502,1502,0,0,0,0,0,0,0,0,0,0,1768451552.2197201,41.519219
RCOU,43304338,1503,1504,1502,1501,0,0,0,0,0,0,0,0,0,0,1768451552.259704,41.559203
RCOU,43344322,1503,1504,1502,1501,0,0,0,0,0,0,0,0,0,0,1768451552.299688,41.599187
RCOU,43385139,1503,1504,1502,1501,0,0,0,0,0,0,0,0,0,0,1768451552.3405051,41.640004
RCOU,43425123,1504,1504,1505,1502,0,0,0,0,0,0,0,0,0,0,1768451552.380489,41.679988
RCOU,43465107,1503,1503,1505,1501,0,0,0,0,0,0,0,0,0,0,1768451552.420473,41.719972
RCOU,43505091,1503,1502,1505,1501,0,0,0,0,0,0,0,0,0,0,1768451552.460457,41.759956
RCOU,43545075,1502,1502,1505,1501,0,0,0,0,0,0,0,0,0,0,1768451552.500441,41.79994
RCOU,43585059,1503,1501,1505,1501,0,0,0,0,0,0,0,0,0,0,1768451552.540425,41.839924
RCOU,43625043,1502,1501,1506,1501,0,0,0,0,0,0,0,0,0,0,1768451552.580409,41.879908
RCOU,43665027,1502,1501,1506,1501,0,0,0,0,0,0,0,0,0,0,1768451552.620393,41.919892
RCOU,43705011,1502,1502,1506,1501,0,0,0,0,0,0,0,0,0,0,1768451552.660377,41.959876
RCOU,43744995,1502,1502,1507,1501,0,0,0,0,0,0,0,0,0,0,1768451552.7003613,41.99986
RCOU,43784979,1504,1501,1507,1501,0,0,0,0,0,0,0,0,0,0,1768451552.7403452,42.039844
RCOU,43824963,1504,1502,1508,1502,0,0,0,0,0,0,0,0,0,0,1768451552.7803292,42.079828
RCOU,43864947,1503,1502,1508,1501,0,0,0,0,0,0,0,0,0,0,1768451552.8203132,42.119812
RCOU,43904931,1502,1502,1508,1501,0,0,0,0,0,0,0,0,0,0,1768451552.8602972,42.159796
RCOU,43944915,1503,1503,1507,1501,0,0,0,0,0,0,0,0,0,0,1768451552.9002812,42.19978
RCOU,43984899,1505,1503,1507,1502,0,0,0,0,0,0,0,0,0,0,1768451552.9402652,42.239764
RCOU,44024883,1505,1505,1505,1502,0,0,0,0,0,0,0,0,0,0,1768451552.9802492,42.279748
RCOU,44064867,1505,1505,1505,1502,0,0,0,0,0,0,0,0,0,0,1768451553.0202332,42.319732
RCOU,44104851,1505,1505,1505,1502,0,0,0,0,0,0,0,0,0,0,1768451553.0602171,42.359716
RCOU,44144835,1506,1505,1507,1503,0,0,0,0,0,0,0,0,0,0,1768451553.1002011,42.3997
RCOU,44184819,1506,1505,1507,1503,0,0,0,0,0,0,0,0,0,0,1768451553.140185,42.439684
RCOU,44224803,1505,1506,1507,1502,0,0,0,0,0,0,0,0,0,0,1768451553.180169,42.479668
RCOU,44264787,1506,1505,1507,1503,0,0,0,0,0,0,0,0,0,0,1768451553.220153,42.519652
RCOU,44304771,1504,1504,1507,1502,0,0,0,0,0,0,0,0,0,0,1768451553.260137,42.559636
RCOU,44344755,1505,1504,1509,1502,0,0,0,0,0,0,0,0,0,0,1768451553.300121,42.59962
RCOU,44384739,1504,1503,1509,1502,0,0,0,0,0,0,0,0,0,0,1768451553.340105,42.639604
RCOU,44424723,1504,1502,1509,1502,0,0,0,0,0,0,0,0,0,0,1768451553.380089,42.679588
RCOU,44464707,1504,1500,1509,1502,0,0,0,0,0,0,0,0,0,0,1768451553.420073,42.719572
RCOU,44504691,1505,1500,1509,1502,0,0,0,0,0,0,0,0,0,0,1768451553.460057,42.759556
RCOU,44544675,1503,1500,1509,1501,0,0,0,0,0,0,0,0,0,0,1768451553.5000412,42.79954
RCOU,44584659,1503,1500,1509,1501,0,0,0,0,0,0,0,0,0,0,1768451553.5400252,42.839524
RCOU,44624643,1502,1499,1507,1501,0,0,0,0,0,0,0,0,0,0,1768451553.5800092,42.879508
RCOU,44664627,1502,1499,1507,1501,0,0,0,0,0,0,0,0,0,0,1768451553.6199932,42.919492
RCOU,44704611,1501,1499,1507,1500,0,0,0,0,0,0,0,0,0,0,1768451553.6599772,42.959476
RCOU,44744595,1502,1499,1507,1500,0,0,0,0,0,0,0,0,0,0,1768451553.6999612,42.99946
RCOU,44784579,1501,1499,1507,1500,0,0,0,0,0,0,0,0,0,0,1768451553.7399452,43.039444
RCOU,44824563,1502,1499,1505,1501,0,0,0,0,0,0,0,0,0,0,1768451553.7799292,43.079428
RCOU,44864547,1503,1499,1505,1501,0,0,0,0,0,0,0,0,0,0,1768451553.8199131,43.119412
RCOU,44904531,1502,1498,1505,1501,0,0,0,0,0,0,0,0,0,0,1768451553.8598971,43.159396
RCOU,44944515,1503,1498,1505,1501,0,0,0,0,0,0,0,0,0,0,1768451553.8998811,43.19938
RCOU,44984499,1505,1499,1505,1502,0,0,0,0,0,0,0,0,0,0,1768451553.939865,43.239364
RCOU,45024483,1504,1498,1503,1502,0,0,0,0,0,0,0,0,0,0,1768451553.979849,43.279348
RCOU,45064467,1504,1498,1503,1502,0,0,0,0,0,0,0,0,0,0,1768451554.019833,43.319332
RCOU,45104451,1505,1498,1503,1502,0,0,0,0,0,0,0,0,0,0,1768451554.059817,43.359316
RCOU,45144435,1507,1498,1501,1503,0,0,0,0,0,0,0,0,0,0,1768451554.099801,43.3993
RCOU,45184419,1506,1499,1501,1503,0,0,0,0,0,0,0,0,0,0,1768451554.139785,43.439284
RCOU,45224403,1507,1499,1502,1503,0,0,0,0,0,0,0,0,0,0,1768451554.179769,43.479268
RCOU,45264387,1507,1499,1502,1503,0,0,0,0,0,0,0,0,0,0,1768451554.219753,43.519252
RCOU,45304371,1507,1498,1502,1503,0,0,0,0,0,0,0,0,0,0,1768451554.2597373,43.559236
RCOU,45344355,1508,1499,1500,1504,0,0,0,0,0,0,0,0,0,0,1768451554.2997212,43.59922
RCOU,45384339,1508,1500,1500,1504,0,0,0,0,0,0,0,0,0,0,1768451554.3397052,43.639204
RCOU,45424323,1506,1500,1501,1503,0,0,0,0,0,0,0,0,0,0,1768451554.3796892,43.679188
RCOU,45465140,1506,1501,1501,1503,0,0,0,0,0,0,0,0,0,0,1768451554.4205062,43.720005
RCOU,45505124,1507,1501,1501,1503,0,0,0,0,0,0,0,0,0,0,1768451554.4604902,43.759989
RCOU,45545108,1506,1502,1502,1503,0,0,0,0,0,0,0,0,0,0,1768451554.5004742,43.799973
RCOU,45585092,1505,1503,1502,1502,0,0,0,0,0,0,0,0,0,0,1768451554.5404582,43.839957
RCOU,45625076,1507,1504,1504,1503,0,0,0,0,0,0,0,0,0,0,1768451554.5804422,43.879941
RCOU,45665060,1506,1504,1504,1503,0,0,0,0,0,0,0,0,0,0,1768451554.6204262,43.919925
RCOU,45705044,1506,1505,1504,1503,0,0,0,0,0,0,0,0,0,0,1768451554.6604102,43.959909
RCOU,45745028,1505,1506,1503,1502,0,0,0,0,0,0,0,0,0,0,1768451554.7003942,43.999893
RCOU,45785012,1504,1507,1503,1502,0,0,0,0,0,0,0,0,0,0,1768451554.7403781,44.039877
RCOU,45824996,1505,1507,1506,1502,0,0,0,0,0,0,0,0,0,0,1768451554.7803621,44.079861
RCOU,45864980,1506,1507,1506,1503,0,0,0,0,0,0,0,0,0,0,1768451554.820346,44.119845
RCOU,45904964,1506,1507,1506,1503,0,0,0,0,0,0,0,0,0,0,1768451554.86033,44.159829
RCOU,45944948,1506,1507,1506,1503,0,0,0,0,0,0,0,0,0,0,1768451554.900314,44.199813
RCOU,45984932,1504,1506,1506,1502,0,0,0,0,0,0,0,0,0,0,1768451554.940298,44.239797
RCOU,46024916,1505,1505,1507,1502,0,0,0,0,0,0,0,0,0,0,1768451554.980282,44.279781
RCOU,46064900,1504,1505,1507,1502,0,0,0,0,0,0,0,0,0,0,1768451555.020266,44.319765
RCOU,46104884,1505,1504,1507,1502,0,0,0,0,0,0,0,0,0,0,1768451555.06025,44.359749
RCOU,46144868,1505,1503,1509,1502,0,0,0,0,0,0,0,0,0,0,1768451555.100234,44.399733
RCOU,46184852,1504,1502,1509,1502,0,0,0,0,0,0,0,0,0,0,1768451555.140218,44.439717
RCOU,46224836,1506,1501,1508,1503,0,0,0,0,0,0,0,0,0,0,1768451555.1802022,44.479701
RCOU,46264820,1504,1501,1508,1502,0,0,0,0,0,0,0,0,0,0,1768451555.2201862,44.519685
RCOU,46304804,1504,1500,1508,1502,0,0,0,0,0,0,0,0,0,0,1768451555.2601702,44.559669
RCOU,46344788,1504,1500,1509,1502,0,0,0,0,0,0,0,0,0,0,1768451555.3001542,44.599653
RCOU,46384772,1504,1500,1509,1502,0,0,0,0,0,0,0,0,0,0,1768451555.3401382,44.639637
RCOU,46424756,1504,1500,1509,1502,0,0,0,0,0,0,0,0,0,0,1768451555.3801222,44.679621
RCOU,46464740,1504,1500,1509,1501,0,0,0,0,0,0,0,0,0,0,1768451555.4201062,44.719605
RCOU,46504724,1505,1500,1509,1502,0,0,0,0,0,0,0,0,0,0,1768451555.4600902,44.759589
RCOU,46544708,1506,1499,1508,1503,0,0,0,0,0,0,0,0,0,0,1768451555.5000741,44.799573
RCOU,46584692,1506,1500,1508,1503,0,0,0,0,0,0,0,0,0,0,1768451555.5400581,44.839557
RCOU,46624676,1505,1500,1508,1502,0,0,0,0,0,0,0,0,0,0,1768451555.5800421,44.879541
RCOU,46664660,1505,1500,1508,1502,0,0,0,0,0,0,0,0,0,0,1768451555.620026,44.919525
RCOU,46704644,1506,1500,1508,1502,0,0,0,0,0,0,0,0,0,0,1768451555.66001,44.959509
RCOU,46744628,1507,1502,1505,1503,0,0,0,0,0,0,0,0,0,0,1768451555.699994,44.999493
RCOU,46784612,1506,1502,1505,1503,0,0,0,0,0,0,0,0,0,0,1768451555.739978,45.039477
RCOU,46824596,1507,1502,1505,1503,0,0,0,0,0,0,0,0,0,0,1768451555.779962,45.079461
RCOU,46864580,1507,1502,1505,1503,0,0,0,0,0,0,0,0,0,0,1768451555.819946,45.119445
RCOU,46904564,1508,1503,1505,1504,0,0,0,0,0,0,0,0,0,0,1768451555.85993,45.159429
RCOU,46944548,1507,1503,1504,1503,0,0,0,0,0,0,0,0,0,0,1768451555.899914,45.199413
RCOU,46984532,1508,1502,1504,1504,0,0,0,0,0,0,0,0,0,0,1768451555.9398983,45.239397
RCOU,47024516,1507,1503,1504,1503,0,0,0,0,0,0,0,0,0,0,1768451555.9798822,45.279381
RCOU,47064500,1505,1503,1504,1502,0,0,0,0,0,0,0,0,0,0,1768451556.0198662,45.319365
RCOU,47104484,1506,1504,1504,1503,0,0,0,0,0,0,0,0,0,0,1768451556.0598502,45.359349
RCOU,47144468,1506,1502,1505,1503,0,0,0,0,0,0,0,0,0,0,1768451556.0998342,45.399333
RCOU,47184452,1505,1502,1505,1502,0,0,0,0,0,0,0,0,0,0,1768451556.1398182,45.439317
RCOU,47224436,1506,1503,1505,1503,0,0,0,0,0,0,0,0,0,0,1768451556.1798022,45.479301
RCOU,47264420,1505,1503,1505,1502,0,0,0,0,0,0,0,0,0,0,1768451556.2197862,45.519285
RCOU,47304404,1506,1503,1505,1503,0,0,0,0,0,0,0,0,0,0,1768451556.2597702,45.559269
RCOU,47344388,1504,1503,1508,1502,0,0,0,0,0,0,0,0,0,0,1768451556.2997541,45.599253
RCOU,47384372,1504,1503,1508,1502,0,0,0,0,0,0,0,0,0,0,1768451556.3397381,45.639237
RCOU,47424356,1504,1503,1508,1501,0,0,0,0,0,0,0,0,0,0,1768451556.379722,45.679221
RCOU,47464340,1505,1502,1508,1502,0,0,0,0,0,0,0,0,0,0,1768451556.419706,45.719205
RCOU,47504324,1507,1502,1508,1503,0,0,0,0,0,0,0,0,0,0,1768451556.45969,45.759189
RCOU,47545141,1506,1502,1510,1503,0,0,0,0,0,0,0,0,0,0,1768451556.500507,45.800006
RCOU,47585125,1505,1501,1510,1502,0,0,0,0,0,0,0,0,0,0,1768451556.540491,45.83999
RCOU,47625109,1506,1501,1509,1502,0,0,0,0,0,0,0,0,0,0,1768451556.580475,45.879974
RCOU,47665093,1506,1500,1509,1503,0,0,0,0,0,0,0,0,0,0,1768451556.620459,45.919958
RCOU,47705077,1504,1501,1509,1502,0,0,0,0,0,0,0,0,0,0,1768451556.660443,45.959942
RCOU,47745061,1507,1501,1509,1503,0,0,0,0,0,0,0,0,0,0,1768451556.700427,45.999926
RCOU,47785045,1503,1501,1509,1501,0,0,0,0,0,0,0,0,0,0,1768451556.740411,46.03991
RCOU,47825029,1505,1501,1508,1502,0,0,0,0,0,0,0,0,0,0,1768451556.780395,46.079894
RCOU,47865013,1506,1501,1508,1503,0,0,0,0,0,0,0,0,0,0,1768451556.820379,46.119878
RCOU,47904997,1506,1501,1508,1503,0,0,0,0,0,0,0,0,0,0,1768451556.8603632,46.159862
RCOU,47944981,1508,1502,1508,1504,0,0,0,0,0,0,0,0,0,0,1768451556.9003472,46.199846
RCOU,47984965,1506,1503,1508,1503,0,0,0,0,0,0,0,0,0,0,1768451556.9403312,46.23983
RCOU,48024949,1507,1503,1505,1503,0,0,0,0,0,0,0,0,0,0,1768451556.9803152,46.279814
RCOU,48064933,1508,1503,1505,1504,0,0,0,0,0,0,0,0,0,0,1768451557.0202992,46.319798
RCOU,48104917,1507,1503,1505,1503,0,0,0,0,0,0,0,0,0,0,1768451557.0602832,46.359782
RCOU,48144901,1509,1504,1505,1504,0,0,0,0,0,0,0,0,0,0,1768451557.1002672,46.399766
RCOU,48184885,1509,1504,1505,1504,0,0,0,0,0,0,0,0,0,0,1768451557.1402512,46.43975
RCOU,48224869,1508,1504,1505,1504,0,0,0,0,0,0,0,0,0,0,1768451557.1802351,46.479734
RCOU,48264853,1508,1505,1505,1504,0,0,0,0,0,0,0,0,0,0,1768451557.2202191,46.519718
RCOU,48304837,1508,1505,1505,1504,0,0,0,0,0,0,0,0,0,0,1768451557.2602031,46.559702
RCOU,48344821,1508,1504,1506,1504,0,0,0,0,0,0,0,0,0,0,1768451557.300187,46.599686
RCOU,48384805,1508,1504,1506,1504,0,0,0,0,0,0,0,0,0,0,1768451557.340171,46.63967
RCOU,48424789,1506,1503,1505,1503,0,0,0,0,0,0,0,0,0,0,1768451557.380155,46.679654
RCOU,48464773,1505,1504,1505,1502,0,0,0,0,0,0,0,0,0,0,1768451557.420139,46.719638
RCOU,48504757,1506,1504,1505,1503,0,0,0,0,0,0,0,0,0,0,1768451557.460123,46.759622
RCOU,48544741,1507,1504,1508,1503,0,0,0,0,0,0,0,0,0,0,1768451557.500107,46.799606
RCOU,48584725,1507,1503,1508,1503,0,0,0,0,0,0,0,0,0,0,1768451557.540091,46.83959
RCOU,48624709,1506,1503,1505,1503,0,0,0,0,0,0,0,0,0,0,1768451557.580075,46.879574
RCOU,48664693,1506,1503,1505,1503,0,0,0,0,0,0,0,0,0,0,1768451557.6200593,46.919558
RCOU,48704677,1506,1503,1505,1503,0,0,0,0,0,0,0,0,0,0,1768451557.6600432,46.959542
RCOU,48744661,1507,1503,1506,1503,0,0,0,0,0,0,0,0,0,0,1768451557.7000272,46.999526
RCOU,48784645,1505,1503,1506,1502,0,0,0,0,0,0,0,0,0,0,1768451557.7400112,47.03951
RCOU,48824629,1505,1502,1507,1502,0,0,0,0,0,0,0,0,0,0,1768451557.7799952,47.079494
RCOU,48864613,1504,1501,1507,1502,0,0,0,0,0,0,0,0,0,0,1768451557.8199792,47.119478
RCOU,48904597,1506,1502,1507,1503,0,0,0,0,0,0,0,0,0,0,1768451557.8599632,47.159462
RCOU,48944581,1505,1501,1505,1502,0,0,0,0,0,0,0,0,0,0,1768451557.8999472,47.199446
RCOU,48984565,1504,1501,1505,1502,0,0,0,0,0,0,0,0,0,0,1768451557.9399312,47.23943
RCOU,49024549,1505,1501,1505,1502,0,0,0,0,0,0,0,0,0,0,1768451557.9799151,47.279414
RCOU,49064533,1504,1501,1505,1502,0,0,0,0,0,0,0,0,0,0,1768451558.0198991,47.319398
RCOU,49104517,1504,1501,1505,1502,0,0,0,0,0,0,0,0,0,0,1768451558.059883,47.359382
RCOU,49144501,1504,1501,1504,1502,0,0,0,0,0,0,0,0,0,0,1768451558.099867,47.399366
RCOU,49184485,1505,1501,1504,1502,0,0,0,0,0,0,0,0,0,0,1768451558.139851,47.43935
RCOU,49224469,1505,1501,1503,1502,0,0,0,0,0,0,0,0,0,0,1768451558.179835,47.479334
RCOU,49264453,1505,1501,1503,1502,0,0,0,0,0,0,0,0,0,0,1768451558.219819,47.519318
RCOU,49304437,1506,1501,1503,1503,0,0,0,0,0,0,0,0,0,0,1768451558.259803,47.559302
RCOU,49344421,1507,1502,1502,1503,0,0,0,0,0,0,0,0,0,0,1768451558.299787,47.599286
RCOU,49384405,1506,1502,1502,1503,0,0,0,0,0,0,0,0,0,0,1768451558.339771,47.63927
RCOU,49424389,1505,1502,1500,1502,0,0,0,0,0,0,0,0,0,0,1768451558.379755,47.679254
RCOU,49464373,1506,1502,1500,1503,0,0,0,0,0,0,0,0,0,0,1768451558.4197392,47.719238
RCOU,49504357,1506,1503,1500,1503,0,0,0,0,0,0,0,0,0,0,1768451558.4597232,47.759222
RCOU,49544341,1506,1502,1501,1503,0,0,0,0,0,0,0,0,0,0,1768451558.4997072,47.799206
RCOU,49584325,1507,1502,1501,1503,0,0,0,0,0,0,0,0,0,0,1768451558.5396912,47.83919
RCOU,49625142,1507,1503,1499,1503,0,0,0,0,0,0,0,0,0,0,1768451558.5805082,47.880007
RCOU,49665126,1507,1504,1499,1503,0,0,0,0,0,0,0,0,0,0,1768451558.6204922,47.919991
RCOU,49705110,1507,1503,1499,1503,0,0,0,0,0,0,0,0,0,0,1768451558.6604762,47.959975
RCOU,49745094,1507,1503,1499,1503,0,0,0,0,0,0,0,0,0,0,1768451558.7004602,47.999959
RCOU,49785078,1507,1504,1499,1503,0,0,0,0,0,0,0,0,0,0,1768451558.7404442,48.039943
RCOU,49825062,1507,1505,1499,1503,0,0,0,0,0,0,0,0,0,0,1768451558.7804282,48.079927
RCOU,49865046,1506,1504,1499,1503,0,0,0,0,0,0,0,0,0,0,1768451558.8204122,48.119911
RCOU,49905030,1506,1504,1499,1503,0,0,0,0,0,0,0,0,0,0,1768451558.8603961,48.159895
RCOU,49945014,1507,1504,1501,1503,0,0,0,0,0,0,0,0,0,0,1768451558.9003801,48.199879
RCOU,49984998,1506,1505,1501,1503,0,0,0,0,0,0,0,0,0,0,1768451558.9403641,48.239863
RCOU,50024982,1505,1505,1503,1502,0,0,0,0,0,0,0,0,0,0,1768451558.980348,48.279847
RCOU,50064966,1505,1505,1503,1502,0,0,0,0,0,0,0,0,0,0,1768451559.020332,48.319831
RCOU,50104950,1505,1505,1503,1502,0,0,0,0,0,0,0,0,0,0,1768451559.060316,48.359815
RCOU,50144934,1506,1505,1505,1503,0,0,0,0,0,0,0,0,0,0,1768451559.1003,48.399799
RCOU,50184918,1506,1506,1505,1503,0,0,0,0,0,0,0,0,0,0,1768451559.140284,48.439783
RCOU,50224902,1506,1505,1504,1503,0,0,0,0,0,0,0,0,0,0,1768451559.180268,48.479767
RCOU,50264886,1507,1505,1504,1503,0,0,0,0,0,0,0,0,0,0,1768451559.220252,48.519751
RCOU,50304870,1507,1505,1504,1503,0,0,0,0,0,0,0,0,0,0,1768451559.260236,48.559735
RCOU,50344854,1507,1504,1506,1503,0,0,0,0,0,0,0,0,0,0,1768451559.3002203,48.599719
RCOU,50384838,1507,1504,1506,1503,0,0,0,0,0,0,0,0,0,0,1768451559.3402042,48.639703
RCOU,50424822,1506,1505,1505,1503,0,0,0,0,0,0,0,0,0,0,1768451559.3801882,48.679687
RCOU,50464806,1507,1505,1505,1503,0,0,0,0,0,0,0,0,0,0,1768451559.4201722,48.719671
RCOU,50504790,1508,1506,1505,1504,0,0,0,0,0,0,0,0,0,0,1768451559.4601562,48.759655
RCOU,50544774,1506,1506,1504,1503,0,0,0,0,0,0,0,0,0,0,1768451559.5001402,48.799639
RCOU,50584758,1507,1506,1504,1503,0,0,0,0,0,0,0,0,0,0,1768451559.5401242,48.839623
RCOU,50624742,1506,1506,1504,1503,0,0,0,0,0,0,0,0,0,0,1768451559.5801082,48.879607
RCOU,50664726,1506,1506,1504,1503,0,0,0,0,0,0,0,0,0,0,1768451559.6200922,48.919591
RCOU,50704710,1507,1506,1504,1503,0,0,0,0,0,0,0,0,0,0,1768451559.6600761,48.959575
RCOU,50744694,1506,1505,1503,1503,0,0,0,0,0,0,0,0,0,0,1768451559.7000601,48.999559
RCOU,50784678,1505,1504,1503,1502,0,0,0,0,0,0,0,0,0,0,1768451559.740044,49.039543
RCOU,50824662,1506,1504,1503,1503,0,0,0,0,0,0,0,0,0,0,1768451559.780028,49.079527
RCOU,50864646,1506,1503,1503,1503,0,0,0,0,0,0,0,0,0,0,1768451559.820012,49.119511
RCOU,50904630,1506,1503,1503,1503,0,0,0,0,0,0,0,0,0,0,1768451559.859996,49.159495
RCOU,50944614,1505,1502,1502,1502,0,0,0,0,0,0,0,0,0,0,1768451559.89998,49.199479
RCOU,50984598,1507,1502,1502,1503,0,0,0,0,0,0,0,0,0,0,1768451559.939964,49.239463
RCOU,51024582,1507,1502,1499,1503,0,0,0,0,0,0,0,0,0,0,1768451559.979948,49.279447
RCOU,51064566,1507,1501,1499,1503,0,0,0,0,0,0,0,0,0,0,1768451560.019932,49.319431
RCOU,51104550,1506,1502,1499,1503,0,0,0,0,0,0,0,0,0,0,1768451560.059916,49.359415
RCOU,51144534,1505,1502,1498,1502,0,0,0,0,0,0,0,0,0,0,1768451560.0999002,49.399399
RCOU,51184518,1505,1501,1498,1502,0,0,0,0,0,0,0,0,0,0,1768451560.1398842,49.439383
RCOU,51224502,1506,1502,1498,1503,0,0,0,0,0,0,0,0,0,0,1768451560.1798682,49.479367
RCOU,51264486,1506,1503,1498,1503,0,0,0,0,0,0,0,0,0,0,1768451560.2198522,49.519351
RCOU,51304470,1505,1504,1498,1502,0,0,0,0,0,0,0,0,0,0,1768451560.2598362,49.559335
RCOU,51344454,1506,1503,1497,1503,0,0,0,0,0,0,0,0,0,0,1768451560.2998202,49.599319
RCOU,51384438,1506,1504,1497,1503,0,0,0,0,0,0,0,0,0,0,1768451560.3398042,49.639303
RCOU,51424422,1507,1503,1497,1503,0,0,0,0,0,0,0,0,0,0,1768451560.3797882,49.679287
RCOU,51464406,1506,1504,1497,1503,0,0,0,0,0,0,0,0,0,0,1768451560.4197721,49.719271
RCOU,51504390,1505,1504,1497,1502,0,0,0,0,0,0,0,0,0,0,1768451560.4597561,49.759255
RCOU,51544374,1506,1503,1498,1503,0,0,0,0,0,0,0,0,0,0,1768451560.4997401,49.799239
RCOU,51584358,1506,1503,1498,1503,0,0,0,0,0,0,0,0,0,0,1768451560.539724,49.839223
RCOU,51624342,1507,1503,1496,1503,0,0,0,0,0,0,0,0,0,0,1768451560.579708,49.879207
RCOU,51664326,1506,1504,1496,1503,0,0,0,0,0,0,0,0,0,0,1768451560.619692,49.919191
RCOU,51704310,1506,1503,1496,1503,0,0,0,0,0,0,0,0,0,0,1768451560.659676,49.959175
RCOU,51745127,1506,1505,1495,1503,0,0,0,0,0,0,0,0,0,0,1768451560.700493,49.999992
RCOU,51785111,1505,1505,1495,1502,0,0,0,0,0,0,0,0,0,0,1768451560.740477,50.039976
RCOU,51825095,1506,1504,1497,1503,0,0,0,0,0,0,0,0,0,0,1768451560.780461,50.07996
RCOU,51865079,1506,1503,1497,1503,0,0,0,0,0,0,0,0,0,0,1768451560.820445,50.119944
RCOU,51905063,1506,1503,1497,1503,0,0,0,0,0,0,0,0,0,0,1768451560.860429,50.159928
RCOU,51945047,1506,1504,1496,1503,0,0,0,0,0,0,0,0,0,0,1768451560.900413,50.199912
RCOU,51985031,1506,1504,1496,1503,0,0,0,0,0,0,0,0,0,0,1768451560.940397,50.239896
RCOU,52025015,1505,1504,1497,1502,0,0,0,0,0,0,0,0,0,0,1768451560.9803813,50.27988
RCOU,52064999,1506,1504,1497,1503,0,0,0,0,0,0,0,0,0,0,1768451561.0203652,50.319864
RCOU,52104983,1505,1504,1497,1502,0,0,0,0,0,0,0,0,0,0,1768451561.0603492,50.359848
RCOU,52144967,1505,1505,1497,1502,0,0,0,0,0,0,0,0,0,0,1768451561.1003332,50.399832
RCOU,52184951,1506,1506,1497,1503,0,0,0,0,0,0,0,0,0,0,1768451561.1403172,50.439816
RCOU,52224935,1506,1506,1498,1503,0,0,0,0,0,0,0,0,0,0,1768451561.1803012,50.4798
RCOU,52264919,1507,1507,1498,1503,0,0,0,0,0,0,0,0,0,0,1768451561.2202852,50.519784
RCOU,52304903,1506,1507,1498,1503,0,0,0,0,0,0,0,0,0,0,1768451561.2602692,50.559768
RCOU,52344887,1506,1507,1497,1503,0,0,0,0,0,0,0,0,0,0,1768451561.3002532,50.599752
RCOU,52384871,1505,1507,1497,1502,0,0,0,0,0,0,0,0,0,0,1768451561.3402371,50.639736
RCOU,52424855,1506,1506,1498,1503,0,0,0,0,0,0,0,0,0,0,1768451561.3802211,50.67972
RCOU,52464839,1505,1507,1498,1502,0,0,0,0,0,0,0,0,0,0,1768451561.420205,50.719704
RCOU,52504823,1505,1507,1498,1502,0,0,0,0,0,0,0,0,0,0,1768451561.460189,50.759688
RCOU,52544807,1505,1506,1498,1502,0,0,0,0,0,0,0,0,0,0,1768451561.500173,50.799672
RCOU,52584791,1504,1506,1498,1502,0,0,0,0,0,0,0,0,0,0,1768451561.540157,50.839656
RCOU,52624775,1504,1506,1499,1502,0,0,0,0,0,0,0,0,0,0,1768451561.580141,50.87964
RCOU,52664759,1506,1506,1499,1503,0,0,0,0,0,0,0,0,0,0,1768451561.620125,50.919624
RCOU,52704743,1507,1506,1499,1503,0,0,0,0,0,0,0,0,0,0,1768451561.660109,50.959608
RCOU,52744727,1507,1504,1499,1503,0,0,0,0,0,0,0,0,0,0,1768451561.700093,50.999592
RCOU,52784711,1507,1504,1499,1503,0,0,0,0,0,0,0,0,0,0,1768451561.740077,51.039576
RCOU,52824695,1506,1503,1498,1503,0,0,0,0,0,0,0,0,0,0,1768451561.7800612,51.07956
RCOU,52864679,1505,1504,1498,1502,0,0,0,0,0,0,0,0,0,0,1768451561.8200452,51.119544
RCOU,52904663,1505,1503,1498,1502,0,0,0,0,0,0,0,0,0,0,1768451561.8600292,51.159528
RCOU,52944647,1504,1503,1497,1502,0,0,0,0,0,0,0,0,0,0,1768451561.9000132,51.199512
RCOU,52984631,1504,1503,1497,1502,0,0,0,0,0,0,0,0,0,0,1768451561.9399972,51.239496
RCOU,53024615,1505,1503,1496,1502,0,0,0,0,0,0,0,0,0,0,1768451561.9799812,51.27948
RCOU,53064599,1506,1503,1496,1503,0,0,0,0,0,0,0,0,0,0,1768451562.0199652,51.319464
RCOU,53104583,1505,1503,1496,1502,0,0,0,0,0,0,0,0,0,0,1768451562.0599492,51.359448
RCOU,53144567,1504,1503,1495,1502,0,0,0,0,0,0,0,0,0,0,1768451562.0999331,51.399432
RCOU,53184551,1505,1503,1495,1502,0,0,0,0,0,0,0,0,0,0,1768451562.1399171,51.439416
RCOU,53224535,1504,1503,1493,1502,0,0,0,0,0,0,0,0,0,0,1768451562.1799011,51.4794
RCOU,53264519,1504,1504,1493,1502,0,0,0,0,0,0,0,0,0,0,1768451562.219885,51.519384
RCOU,53304503,1503,1505,1493,1501,0,0,0,0,0,0,0,0,0,0,1768451562.259869,51.559368
RCOU,53344487,1505,1503,1493,1502,0,0,0,0,0,0,0,0,0,0,1768451562.299853,51.599352
RCOU,53384471,1504,1504,1493,1502,0,0,0,0,0,0,0,0,0,0,1768451562.339837,51.639336
RCOU,53424455,1505,1504,1491,1502,0,0,0,0,0,0,0,0,0,0,1768451562.379821,51.67932
RCOU,53464439,1506,1504,1491,1503,0,0,0,0,0,0,0,0,0,0,1768451562.419805,51.719304
RCOU,53504423,1506,1505,1491,1503,0,0,0,0,0,0,0,0,0,0,1768451562.459789,51.759288
RCOU,53544407,1506,1505,1490,1503,0,0,0,0,0,0,0,0,0,0,1768451562.499773,51.799272
RCOU,53584391,1506,1505,1490,1503,0,0,0,0,0,0,0,0,0,0,1768451562.5397573,51.839256
RCOU,53624375,1506,1505,1489,1503,0,0,0,0,0,0,0,0,0,0,1768451562.5797412,51.87924
RCOU,53664359,1507,1505,1489,1503,0,0,0,0,0,0,0,0,0,0,1768451562.6197252,51.919224
RCOU,53704343,1507,1506,1489,1503,0,0,0,0,0,0,0,0,0,0,1768451562.6597092,51.959208
RCOU,53744327,1505,1505,1491,1502,0,0,0,0,0,0,0,0,0,0,1768451562.6996932,51.999192
RCOU,53784311,1505,1505,1491,1502,0,0,0,0,0,0,0,0,0,0,1768451562.7396772,52.039176
RCOU,53825128,1505,1506,1491,1502,0,0,0,0,0,0,0,0,0,0,1768451562.7804942,52.079993
RCOU,53865112,1504,1506,1491,1502,0,0,0,0,0,0,0,0,0,0,1768451562.8204782,52.119977
RCOU,53905096,1504,1506,1491,1501,0,0,0,0,0,0,0,0,0,0,1768451562.8604622,52.159961
RCOU,53945080,1505,1506,1491,1502,0,0,0,0,0,0,0,0,0,0,1768451562.9004462,52.199945
RCOU,53985064,1504,1507,1491,1502,0,0,0,0,0,0,0,0,0,0,1768451562.9404302,52.239929
RCOU,54025048,1505,1507,1492,1502,0,0,0,0,0,0,0,0,0,0,1768451562.9804142,52.279913
RCOU,54065032,1504,1506,1492,1502,0,0,0,0,0,0,0,0,0,0,1768451563.0203981,52.319897
RCOU,54105016,1505,1505,1492,1502,0,0,0,0,0,0,0,0,0,0,1768451563.0603821,52.359881
RCOU,54145000,1506,1505,1493,1503,0,0,0,0,0,0,0,0,0,0,1768451563.100366,52.399865
RCOU,54184984,1505,1504,1493,1502,0,0,0,0,0,0,0,0,0,0,1768451563.14035,52.439849
RCOU,54224968,1505,1504,1491,1502,0,0,0,0,0,0,0,0,0,0,1768451563.180334,52.479833
RCOU,54264952,1504,1504,1491,1502,0,0,0,0,0,0,0,0,0,0,1768451563.220318,52.519817
RCOU,54304936,1504,1505,1491,1502,0,0,0,0,0,0,0,0,0,0,1768451563.260302,52.559801
RCOU,54344920,1504,1505,1492,1502,0,0,0,0,0,0,0,0,0,0,1768451563.300286,52.599785
RCOU,54384904,1505,1504,1492,1502,0,0,0,0,0,0,0,0,0,0,1768451563.34027,52.639769
RCOU,54424888,1506,1505,1492,1503,0,0,0,0,0,0,0,0,0,0,1768451563.380254,52.679753
RCOU,54464872,1505,1506,1492,1502,0,0,0,0,0,0,0,0,0,0,1768451563.420238,52.719737
RCOU,54504856,1505,1506,1492,1502,0,0,0,0,0,0,0,0,0,0,1768451563.4602222,52.759721
RCOU,54544840,1505,1506,1491,1502,0,0,0,0,0,0,0,0,0,0,1768451563.5002062,52.799705
RCOU,54584824,1506,1506,1491,1503,0,0,0,0,0,0,0,0,0,0,1768451563.5401902,52.839689
RCOU,54624808,1506,1508,1492,1503,0,0,0,0,0,0,0,0,0,0,1768451563.5801742,52.879673
RCOU,54664792,1506,1507,1492,1502,0,0,0,0,0,0,0,0,0,0,1768451563.6201582,52.919657
RCOU,54704776,1506,1508,1492,1503,0,0,0,0,0,0,0,0,0,0,1768451563.6601422,52.959641
RCOU,54744760,1507,1508,1491,1503,0,0,0,0,0,0,0,0,0,0,1768451563.7001262,52.999625
RCOU,54784744,1506,1508,1491,1503,0,0,0,0,0,0,0,0,0,0,1768451563.7401102,53.039609
RCOU,54824728,1505,1509,1492,1502,0,0,0,0,0,0,0,0,0,0,1768451563.7800941,53.079593
RCOU,54864712,1505,1509,1492,1502,0,0,0,0,0,0,0,0,0,0,1768451563.8200781,53.119577
RCOU,54904696,1505,1508,1492,1502,0,0,0,0,0,0,0,0,0,0,1768451563.8600621,53.159561
RCOU,54944680,1505,1508,1492,1502,0,0,0,0,0,0,0,0,0,0,1768451563.900046,53.199545
RCOU,54984664,1504,1507,1492,1502,0,0,0,0,0,0,0,0,0,0,1768451563.94003,53.239529
RCOU,55024648,1504,1507,1492,1502,0,0,0,0,0,0,0,0,0,0,1768451563.980014,53.279513
RCOU,55064632,1504,1506,1492,1502,0,0,0,0,0,0,0,0,0,0,1768451564.019998,53.319497
RCOU,55104616,1505,1505,1492,1502,0,0,0,0,0,0,0,0,0,0,1768451564.059982,53.359481
RCOU,55144600,1505,1505,1494,1502,0,0,0,0,0,0,0,0,0,0,1768451564.099966,53.399465
RCOU,55184584,1504,1504,1494,1502,0,0,0,0,0,0,0,0,0,0,1768451564.13995,53.439449
RCOU,55224568,1504,1504,1491,1502,0,0,0,0,0,0,0,0,0,0,1768451564.179934,53.479433
RCOU,55264552,1504,1503,1491,1502,0,0,0,0,0,0,0,0,0,0,1768451564.2199183,53.519417
RCOU,55304536,1505,1503,1491,1502,0,0,0,0,0,0,0,0,0,0,1768451564.2599022,53.559401
RCOU,55344520,1506,1504,1490,1503,0,0,0,0,0,0,0,0,0,0,1768451564.2998862,53.599385
RCOU,55384504,1504,1504,1490,1502,0,0,0,0,0,0,0,0,0,0,1768451564.3398702,53.639369
RCOU,55424488,1505,1504,1490,1502,0,0,0,0,0,0,0,0,0,0,1768451564.3798542,53.679353
RCOU,55464472,1505,1504,1490,1502,0,0,0,0,0,0,0,0,0,0,1768451564.4198382,53.719337
RCOU,55504456,1506,1504,1490,1503,0,0,0,0,0,0,0,0,0,0,1768451564.4598222,53.759321
RCOU,55544440,1504,1505,1490,1502,0,0,0,0,0,0,0,0,0,0,1768451564.4998062,53.799305
RCOU,55584424,1506,1505,1490,1503,0,0,0,0,0,0,0,0,0,0,1768451564.5397902,53.839289
RCOU,55624408,1506,1505,1488,1502,0,0,0,0,0,0,0,0,0,0,1768451564.5797741,53.879273
RCOU,55664392,1504,1506,1488,1502,0,0,0,0,0,0,0,0,0,0,1768451564.6197581,53.919257
RCOU,55704376,1505,1505,1488,1502,0,0,0,0,0,0,0,0,0,0,1768451564.659742,53.959241
RCOU,55744360,1505,1504,1488,1502,0,0,0,0,0,0,0,0,0,0,1768451564.699726,53.999225
RCOU,55784344,1506,1504,1488,1503,0,0,0,0,0,0,0,0,0,0,1768451564.73971,54.039209
RCOU,55824328,1505,1503,1488,1502,0,0,0,0,0,0,0,0,0,0,1768451564.779694,54.079193
RCOU,55864312,1505,1503,1488,1502,0,0,0,0,0,0,0,0,0,0,1768451564.819678,54.119177
RCOU,55905129,1505,1503,1488,1502,0,0,0,0,0,0,0,0,0,0,1768451564.860495,54.159994
RCOU,55945113,1505,1503,1490,1502,0,0,0,0,0,0,0,0,0,0,1768451564.900479,54.199978
RCOU,55985097,1506,1503,1490,1503,0,0,0,0,0,0,0,0,0,0,1768451564.940463,54.239962
RCOU,56025081,1505,1502,1488,1502,0,0,0,0,0,0,0,0,0,0,1768451564.980447,54.279946
RCOU,56065065,1505,1503,1488,1502,0,0,0,0,0,0,0,0,0,0,1768451565.020431,54.31993
RCOU,56105049,1506,1504,1488,1503,0,0,0,0,0,0,0,0,0,0,1768451565.060415,54.359914
RCOU,56145033,1507,1505,1489,1503,0,0,0,0,0,0,0,0,0,0,1768451565.100399,54.399898
RCOU,56185017,1507,1505,1489,1503,0,0,0,0,0,0,0,0,0,0,1768451565.1403832,54.439882
RCOU,56225001,1506,1506,1491,1503,0,0,0,0,0,0,0,0,0,0,1768451565.1803672,54.479866
RCOU,56264985,1507,1508,1491,1503,0,0,0,0,0,0,0,0,0,0,1768451565.2203512,54.51985
RCOU,56304969,1506,1507,1491,1503,0,0,0,0,0,0,0,0,0,0,1768451565.2603352,54.559834
RCOU,56344953,1508,1509,1490,1504,0,0,0,0,0,0,0,0,0,0,1768451565.3003192,54.599818
RCOU,56384937,1508,1510,1490,1504,0,0,0,0,0,0,0,0,0,0,1768451565.3403032,54.639802
RCOU,56424921,1507,1510,1491,1503,0,0,0,0,0,0,0,0,0,0,1768451565.3802872,54.679786
RCOU,56464905,1507,1510,1491,1503,0,0,0,0,0,0,0,0,0,0,1768451565.4202712,54.71977
RCOU,56504889,1506,1510,1491,1503,0,0,0,0,0,0,0,0,0,0,1768451565.4602551,54.759754
RCOU,56544873,1507,1510,1491,1503,0,0,0,0,0,0,0,0,0,0,1768451565.5002391,54.799738
RCOU,56584857,1506,1509,1491,1503,0,0,0,0,0,0,0,0,0,0,1768451565.5402231,54.839722
RCOU,56624841,1506,1509,1493,1503,0,0,0,0,0,0,0,0,0,0,1768451565.580207,54.879706
RCOU,56664825,1505,1509,1493,1502,0,0,0,0,0,0,0,0,0,0,1768451565.620191,54.91969
RCOU,56704809,1505,1508,1493,1502,0,0,0,0,0,0,0,0,0,0,1768451565.660175,54.959674
RCOU,56744793,1505,1507,1493,1502,0,0,0,0,0,0,0,0,0,0,1768451565.700159,54.999658
RCOU,56784777,1505,1506,1493,1502,0,0,0,0,0,0,0,0,0,0,1768451565.740143,55.039642
RCOU,56824761,1505,1505,1495,1502,0,0,0,0,0,0,0,0,0,0,1768451565.780127,55.079626
RCOU,56864745,1503,1504,1495,1501,0,0,0,0,0,0,0,0,0,0,1768451565.820111,55.11961
RCOU,56904729,1505,1502,1495,1502,0,0,0,0,0,0,0,0,0,0,1768451565.860095,55.159594
RCOU,56944713,1504,1501,1493,1502,0,0,0,0,0,0,0,0,0,0,1768451565.9000793,55.199578
RCOU,56984697,1503,1501,1493,1501,0,0,0,0,0,0,0,0,0,0,1768451565.9400632,55.239562
RCOU,57024681,1505,1501,1494,1502,0,0,0,0,0,0,0,0,0,0,1768451565.9800472,55.279546
RCOU,57064665,1504,1501,1494,1501,0,0,0,0,0,0,0,0,0,0,1768451566.0200312,55.31953
RCOU,57104649,1505,1501,1494,1502,0,0,0,0,0,0,0,0,0,0,1768451566.0600152,55.359514
RCOU,57144633,1505,1501,1491,1502,0,0,0,0,0,0,0,0,0,0,1768451566.0999992,55.399498
RCOU,57184617,1506,1502,1491,1503,0,0,0,0,0,0,0,0,0,0,1768451566.1399832,55.439482
RCOU,57224601,1505,1503,1491,1502,0,0,0,0,0,0,0,0,0,0,1768451566.1799672,55.479466
RCOU,57264585,1506,1504,1491,1503,0,0,0,0,0,0,0,0,0,0,1768451566.2199512,55.51945
RCOU,57304569,1506,1504,1491,1503,0,0,0,0,0,0,0,0,0,0,1768451566.2599351,55.559434
RCOU,57344553,1507,1506,1487,1503,0,0,0,0,0,0,0,0,0,0,1768451566.2999191,55.599418
RCOU,57384537,1508,1506,1487,1504,0,0,0,0,0,0,0,0,0,0,1768451566.339903,55.639402
RCOU,57424521,1507,1507,1487,1503,0,0,0,0,0,0,0,0,0,0,1768451566.379887,55.679386
RCOU,57464505,1506,1507,1487,1503,0,0,0,0,0,0,0,0,0,0,1768451566.419871,55.71937
RCOU,57504489,1507,1508,1487,1503,0,0,0,0,0,0,0,0,0,0,1768451566.459855,55.759354
RCOU,57544473,1507,1508,1485,1503,0,0,0,0,0,0,0,0,0,0,1768451566.499839,55.799338
RCOU,57584457,1506,1508,1485,1503,0,0,0,0,0,0,0,0,0,0,1768451566.539823,55.839322
RCOU,57624441,1505,1509,1485,1502,0,0,0,0,0,0,0,0,0,0,1768451566.579807,55.879306
RCOU,57664425,1505,1508,1485,1502,0,0,0,0,0,0,0,0,0,0,1768451566.619791,55.91929
RCOU,57704409,1505,1508,1485,1502,0,0,0,0,0,0,0,0,0,0,1768451566.659775,55.959274
RCOU,57744393,1504,1507,1487,1502,0,0,0,0,0,0,0,0,0,0,1768451566.6997592,55.999258
RCOU,57784377,1504,1507,1487,1502,0,0,0,0,0,0,0,0,0,0,1768451566.7397432,56.039242
RCOU,57824361,1503,1506,1487,1501,0,0,0,0,0,0,0,0,0,0,1768451566.7797272,56.079226
RCOU,57864345,1503,1506,1487,1501,0,0,0,0,0,0,0,0,0,0,1768451566.8197112,56.11921
RCOU,57904329,1504,1503,1487,1502,0,0,0,0,0,0,0,0,0,0,1768451566.8596952,56.159194
RCOU,57944313,1503,1504,1487,1501,0,0,0,0,0,0,0,0,0,0,1768451566.8996792,56.199178
RCOU,57985130,1503,1504,1487,1501,0,0,0,0,0,0,0,0,0,0,1768451566.9404962,56.239995
RCOU,58025114,1503,1504,1486,1501,0,0,0,0,0,0,0,0,0,0,1768451566.9804802,56.279979
RCOU,58065098,1504,1503,1486,1502,0,0,0,0,0,0,0,0,0,0,1768451567.0204642,56.319963
RCOU,58105082,1503,1502,1486,1501,0,0,0,0,0,0,0,0,0,0,1768451567.0604482,56.359947
RCOU,58145066,1506,1502,1485,1503,0,0,0,0,0,0,0,0,0,0,1768451567.1004322,56.399931
RCOU,58185050,1505,1501,1485,1502,0,0,0,0,0,0,0,0,0,0,1768451567.1404161,56.439915
RCOU,58225034,1506,1501,1485,1503,0,0,0,0,0,0,0,0,0,0,1768451567.1804001,56.479899
RCOU,58265018,1506,1501,1485,1503,0,0,0,0,0,0,0,0,0,0,1768451567.2203841,56.519883
RCOU,58305002,1506,1502,1485,1503,0,0,0,0,0,0,0,0,0,0,1768451567.260368,56.559867
RCOU,58344986,1506,1502,1484,1503,0,0,0,0,0,0,0,0,0,0,1768451567.300352,56.599851
RCOU,58384970,1507,1503,1484,1503,0,0,0,0,0,0,0,0,0,0,1768451567.340336,56.639835
RCOU,58424954,1505,1504,1483,1502,0,0,0,0,0,0,0,0,0,0,1768451567.38032,56.679819
RCOU,58464938,1505,1505,1483,1502,0,0,0,0,0,0,0,0,0,0,1768451567.420304,56.719803
RCOU,58504922,1506,1505,1483,1503,0,0,0,0,0,0,0,0,0,0,1768451567.460288,56.759787
RCOU,58544906,1507,1506,1483,1503,0,0,0,0,0,0,0,0,0,0,1768451567.500272,56.799771
RCOU,58584890,1507,1507,1483,1503,0,0,0,0,0,0,0,0,0,0,1768451567.540256,56.839755
RCOU,58624874,1508,1507,1483,1504,0,0,0,0,0,0,0,0,0,0,1768451567.5802402,56.879739
RCOU,58664858,1507,1508,1483,1503,0,0,0,0,0,0,0,0,0,0,1768451567.6202242,56.919723
RCOU,58704842,1507,1508,1483,1503,0,0,0,0,0,0,0,0,0,0,1768451567.6602082,56.959707
RCOU,58744826,1506,1509,1484,1503,0,0,0,0,0,0,0,0,0,0,1768451567.7001922,56.999691
RCOU,58784810,1507,1509,1484,1503,0,0,0,0,0,0,0,0,0,0,1768451567.7401762,57.039675
RCOU,58824794,1507,1509,1485,1503,0,0,0,0,0,0,0,0,0,0,1768451567.7801602,57.079659
RCOU,58864778,1506,1509,1485,1503,0,0,0,0,0,0,0,0,0,0,1768451567.8201442,57.119643
RCOU,58904762,1506,1508,1485,1503,0,0,0,0,0,0,0,0,0,0,1768451567.8601282,57.159627
RCOU,58944746,1506,1507,1486,1503,0,0,0,0,0,0,0,0,0,0,1768451567.9001122,57.199611
RCOU,58984730,1504,1507,1486,1502,0,0,0,0,0,0,0,0,0,0,1768451567.9400961,57.239595
RCOU,59024714,1506,1506,1486,1503,0,0,0,0,0,0,0,0,0,0,1768451567.9800801,57.279579
RCOU,59064698,1505,1506,1486,1502,0,0,0,0,0,0,0,0,0,0,1768451568.020064,57.319563
RCOU,59104682,1505,1505,1486,1502,0,0,0,0,0,0,0,0,0,0,1768451568.060048,57.359547
RCOU,59144666,1504,1505,1488,1502,0,0,0,0,0,0,0,0,0,0,1768451568.100032,57.399531
RCOU,59184650,1505,1503,1488,1502,0,0,0,0,0,0,0,0,0,0,1768451568.140016,57.439515
RCOU,59224634,1504,1504,1488,1502,0,0,0,0,0,0,0,0,0,0,1768451568.18,57.479499
RCOU,59264618,1505,1505,1488,1502,0,0,0,0,0,0,0,0,0,0,1768451568.219984,57.519483
RCOU,59304602,1504,1505,1488,1502,0,0,0,0,0,0,0,0,0,0,1768451568.259968,57.559467
RCOU,59344586,1503,1505,1486,1501,0,0,0,0,0,0,0,0,0,0,1768451568.299952,57.599451
RCOU,59384570,1504,1505,1486,1502,0,0,0,0,0,0,0,0,0,0,1768451568.339936,57.639435
RCOU,59424554,1505,1505,1488,1502,0,0,0,0,0,0,0,0,0,0,1768451568.3799202,57.679419
RCOU,59464538,1506,1506,1488,1503,0,0,0,0,0,0,0,0,0,0,1768451568.4199042,57.719403
RCOU,59504522,1505,1506,1488,1502,0,0,0,0,0,0,0,0,0,0,1768451568.4598882,57.759387
RCOU,59544506,1505,1506,1485,1502,0,0,0,0,0,0,0,0,0,0,1768451568.4998722,57.799371
RCOU,59584490,1505,1506,1485,1502,0,0,0,0,0,0,0,0,0,0,1768451568.5398562,57.839355
RCOU,59624474,1505,1506,1487,1502,0,0,0,0,0,0,0,0,0,0,1768451568.5798402,57.879339
RCOU,59664458,1505,1506,1487,1502,0,0,0,0,0,0,0,0,0,0,1768451568.6198242,57.919323
RCOU,59704442,1506,1506,1487,1503,0,0,0,0,0,0,0,0,0,0,1768451568.6598082,57.959307
RCOU,59744426,1507,1505,1486,1503,0,0,0,0,0,0,0,0,0,0,1768451568.6997921,57.999291
RCOU,59784410,1506,1506,1486,1503,0,0,0,0,0,0,0,0,0,0,1768451568.7397761,58.039275
RCOU,59824394,1507,1505,1487,1503,0,0,0,0,0,0,0,0,0,0,1768451568.7797601,58.079259
RCOU,59864378,1506,1505,1487,1503,0,0,0,0,0,0,0,0,0,0,1768451568.819744,58.119243
RCOU,59904362,1506,1505,1487,1503,0,0,0,0,0,0,0,0,0,0,1768451568.859728,58.159227
RCOU,59944346,1507,1504,1485,1503,0,0,0,0,0,0,0,0,0,0,1768451568.899712,58.199211
RCOU,59984330,1505,1504,1485,1502,0,0,0,0,0,0,0,0,0,0,1768451568.939696,58.239195
RCOU,60024314,1504,1503,1486,1502,0,0,0,0,0,0,0,0,0,0,1768451568.97968,58.279179
RCOU,60065131,1505,1503,1486,1502,0,0,0,0,0,0,0,0,0,0,1768451569.020497,58.319996
RCOU,60105115,1505,1503,1486,1502,0,0,0,0,0,0,0,0,0,0,1768451569.060481,58.35998
RCOU,60145099,1506,1503,1487,1503,0,0,0,0,0,0,0,0,0,0,1768451569.100465,58.399964
RCOU,60185083,1505,1502,1487,1502,0,0,0,0,0,0,0,0,0,0,1768451569.140449,58.439948
RCOU,60225067,1505,1503,1486,1502,0,0,0,0,0,0,0,0,0,0,1768451569.180433,58.479932
RCOU,60265051,1505,1504,1486,1502,0,0,0,0,0,0,0,0,0,0,1768451569.220417,58.519916
RCOU,60305035,1506,1504,1486,1503,0,0,0,0,0,0,0,0,0,0,1768451569.2604012,58.5599
RCOU,60345019,1503,1505,1486,1501,0,0,0,0,0,0,0,0,0,0,1768451569.3003852,58.599884
RCOU,60385003,1505,1505,1486,1502,0,0,0,0,0,0,0,0,0,0,1768451569.3403692,58.639868
RCOU,60424987,1507,1505,1485,1503,0,0,0,0,0,0,0,0,0,0,1768451569.3803532,58.679852
RCOU,60464971,1506,1506,1485,1503,0,0,0,0,0,0,0,0,0,0,1768451569.4203372,58.719836
RCOU,60504955,1505,1506,1485,1502,0,0,0,0,0,0,0,0,0,0,1768451569.4603212,58.75982
RCOU,60544939,1508,1506,1487,1504,0,0,0,0,0,0,0,0,0,0,1768451569.5003052,58.799804
RCOU,60584923,1507,1505,1487,1503,0,0,0,0,0,0,0,0,0,0,1768451569.5402892,58.839788
RCOU,60624907,1508,1506,1485,1504,0,0,0,0,0,0,0,0,0,0,1768451569.5802732,58.879772
RCOU,60664891,1507,1506,1485,1503,0,0,0,0,0,0,0,0,0,0,1768451569.6202571,58.919756
RCOU,60704875,1507,1507,1485,1503,0,0,0,0,0,0,0,0,0,0,1768451569.6602411,58.95974
RCOU,60744859,1506,1508,1486,1503,0,0,0,0,0,0,0,0,0,0,1768451569.700225,58.999724
RCOU,60784843,1506,1508,1486,1503,0,0,0,0,0,0,0,0,0,0,1768451569.740209,59.039708
RCOU,60824827,1507,1508,1486,1503,0,0,0,0,0,0,0,0,0,0,1768451569.780193,59.079692
RCOU,60864811,1506,1509,1486,1502,0,0,0,0,0,0,0,0,0,0,1768451569.820177,59.119676
RCOU,60904795,1506,1509,1486,1503,0,0,0,0,0,0,0,0,0,0,1768451569.860161,59.15966
RCOU,60944779,1506,1508,1486,1503,0,0,0,0,0,0,0,0,0,0,1768451569.900145,59.199644
RCOU,60984763,1505,1509,1486,1502,0,0,0,0,0,0,0,0,0,0,1768451569.940129,59.239628
RCOU,61024747,1505,1509,1488,1502,0,0,0,0,0,0,0,0,0,0,1768451569.980113,59.279612
RCOU,61064731,1504,1508,1488,1502,0,0,0,0,0,0,0,0,0,0,1768451570.020097,59.319596
RCOU,61104715,1505,1507,1488,1502,0,0,0,0,0,0,0,0,0,0,1768451570.0600812,59.35958
RCOU,61144699,1504,1506,1486,1502,0,0,0,0,0,0,0,0,0,0,1768451570.1000652,59.399564
RCOU,61184683,1504,1506,1486,1502,0,0,0,0,0,0,0,0,0,0,1768451570.1400492,59.439548
RCOU,61224667,1505,1505,1488,1502,0,0,0,0,0,0,0,0,0,0,1768451570.1800332,59.479532
RCOU,61264651,1505,1504,1488,1502,0,0,0,0,0,0,0,0,0,0,1768451570.2200172,59.519516
RCOU,61304635,1503,1504,1488,1501,0,0,0,0,0,0,0,0,0,0,1768451570.2600012,59.5595
RCOU,61344619,1503,1503,1487,1501,0,0,0,0,0,0,0,0,0,0,1768451570.2999852,59.599484
RCOU,61384603,1505,1503,1487,1502,0,0,0,0,0,0,0,0,0,0,1768451570.3399692,59.639468
RCOU,61424587,1505,1503,1485,1502,0,0,0,0,0,0,0,0,0,0,1768451570.3799531,59.679452
RCOU,61464571,1504,1503,1485,1502,0,0,0,0,0,0,0,0,0,0,1768451570.4199371,59.719436
RCOU,61504555,1504,1504,1485,1502,0,0,0,0,0,0,0,0,0,0,1768451570.4599211,59.75942
RCOU,61544539,1503,1503,1482,1501,0,0,0,0,0,0,0,0,0,0,1768451570.499905,59.799404
RCOU,61584523,1505,1504,1482,1502,0,0,0,0,0,0,0,0,0,0,1768451570.539889,59.839388
RCOU,61624507,1506,1504,1483,1503,0,0,0,0,0,0,0,0,0,0,1768451570.579873,59.879372
RCOU,61664491,1505,1505,1483,1502,0,0,0,0,0,0,0,0,0,0,1768451570.619857,59.919356
RCOU,61704475,1505,1505,1483,1502,0,0,0,0,0,0,0,0,0,0,1768451570.659841,59.95934
RCOU,61744459,1507,1504,1481,1503,0,0,0,0,0,0,0,0,0,0,1768451570.699825,59.999324
RCOU,61784443,1506,1504,1481,1503,0,0,0,0,0,0,0,0,0,0,1768451570.739809,60.039308
RCOU,61824427,1506,1504,1483,1503,0,0,0,0,0,0,0,0,0,0,1768451570.779793,60.079292
RCOU,61864411,1506,1503,1483,1503,0,0,0,0,0,0,0,0,0,0,1768451570.8197773,60.119276
RCOU,61904395,1505,1502,1483,1502,0,0,0,0,0,0,0,0,0,0,1768451570.8597612,60.15926
RCOU,61944379,1506,1502,1483,1503,0,0,0,0,0,0,0,0,0,0,1768451570.8997452,60.199244
RCOU,61984363,1505,1504,1483,1502,0,0,0,0,0,0,0,0,0,0,1768451570.9397292,60.239228
RCOU,62024347,1506,1503,1482,1503,0,0,0,0,0,0,0,0,0,0,1768451570.9797132,60.279212
RCOU,62064331,1506,1504,1482,1503,0,0,0,0,0,0,0,0,0,0,1768451571.0196972,60.319196
RCOU,62104315,1506,1504,1482,1503,0,0,0,0,0,0,0,0,0,0,1768451571.0596812,60.35918
RCOU,62145132,1505,1506,1481,1502,0,0,0,0,0,0,0,0,0,0,1768451571.1004982,60.399997
RCOU,62185116,1505,1506,1481,1502,0,0,0,0,0,0,0,0,0,0,1768451571.1404822,60.439981
RCOU,62225100,1505,1506,1481,1502,0,0,0,0,0,0,0,0,0,0,1768451571.1804662,60.479965
RCOU,62265084,1506,1507,1481,1503,0,0,0,0,0,0,0,0,0,0,1768451571.2204502,60.519949
RCOU,62305068,1506,1507,1481,1503,0,0,0,0,0,0,0,0,0,0,1768451571.2604342,60.559933
RCOU,62345052,1506,1506,1482,1503,0,0,0,0,0,0,0,0,0,0,1768451571.3004181,60.599917
RCOU,62385036,1506,1506,1482,1503,0,0,0,0,0,0,0,0,0,0,1768451571.3404021,60.639901
RCOU,62425020,1507,1506,1482,1503,0,0,0,0,0,0,0,0,0,0,1768451571.380386,60.679885
RCOU,62465004,1506,1506,1482,1503,0,0,0,0,0,0,0,0,0,0,1768451571.42037,60.719869
RCOU,62504988,1507,1506,1482,1503,0,0,0,0,0,0,0,0,0,0,1768451571.460354,60.759853
RCOU,62544972,1506,1505,1482,1503,0,0,0,0,0,0,0,0,0,0,1768451571.500338,60.799837
RCOU,62584956,1506,1505,1482,1503,0,0,0,0,0,0,0,0,0,0,1768451571.540322,60.839821
RCOU,62624940,1505,1504,1482,1502,0,0,0,0,0,0,0,0,0,0,1768451571.580306,60.879805
RCOU,62664924,1507,1504,1482,1503,0,0,0,0,0,0,0,0,0,0,1768451571.62029,60.919789
RCOU,62704908,1506,1504,1482,1503,0,0,0,0,0,0,0,0,0,0,1768451571.660274,60.959773
RCOU,62744892,1508,1503,1485,1504,0,0,0,0,0,0,0,0,0,0,1768451571.700258,60.999757
RCOU,62784876,1507,1502,1485,1503,0,0,0,0,0,0,0,0,0,0,1768451571.7402422,61.039741
RCOU,62824860,1506,1503,1484,1503,0,0,0,0,0,0,0,0,0,0,1768451571.7802262,61.079725
RCOU,62864844,1506,1503,1484,1503,0,0,0,0,0,0,0,0,0,0,1768451571.8202102,61.119709
RCOU,62904828,1505,1504,1484,1502,0,0,0,0,0,0,0,0,0,0,1768451571.8601942,61.159693
RCOU,62944812,1506,1505,1485,1503,0,0,0,0,0,0,0,0,0,0,1768451571.9001782,61.199677
RCOU,62984796,1505,1505,1485,1502,0,0,0,0,0,0,0,0,0,0,1768451571.9401622,61.239661
RCOU,63024780,1505,1506,1487,1502,0,0,0,0,0,0,0,0,0,0,1768451571.9801462,61.279645
RCOU,63064764,1505,1507,1487,1502,0,0,0,0,0,0,0,0,0,0,1768451572.0201302,61.319629
RCOU,63104748,1505,1508,1487,1502,0,0,0,0,0,0,0,0,0,0,1768451572.0601141,61.359613
RCOU,63144732,1506,1508,1487,1503,0,0,0,0,0,0,0,0,0,0,1768451572.1000981,61.399597
RCOU,63184716,1506,1508,1487,1503,0,0,0,0,0,0,0,0,0,0,1768451572.1400821,61.439581
RCOU,63224700,1506,1507,1487,1503,0,0,0,0,0,0,0,0,0,0,1768451572.180066,61.479565
RCOU,63264684,1506,1507,1487,1503,0,0,0,0,0,0,0,0,0,0,1768451572.22005,61.519549
RCOU,63304668,1506,1507,1487,1503,0,0,0,0,0,0,0,0,0,0,1768451572.260034,61.559533
RCOU,63344652,1506,1506,1487,1503,0,0,0,0,0,0,0,0,0,0,1768451572.300018,61.599517
RCOU,63384636,1505,1505,1487,1502,0,0,0,0,0,0,0,0,0,0,1768451572.340002,61.639501
RCOU,63424620,1507,1505,1489,1503,0,0,0,0,0,0,0,0,0,0,1768451572.379986,61.679485
RCOU,63464604,1506,1504,1489,1503,0,0,0,0,0,0,0,0,0,0,1768451572.41997,61.719469
RCOU,63504588,1506,1504,1489,1503,0,0,0,0,0,0,0,0,0,0,1768451572.459954,61.759453
RCOU,63544572,1505,1505,1487,1502,0,0,0,0,0,0,0,0,0,0,1768451572.4999382,61.799437
RCOU,63584556,1505,1505,1487,1502,0,0,0,0,0,0,0,0,0,0,1768451572.5399222,61.839421
RCOU,63624540,1505,1507,1486,1502,0,0,0,0,0,0,0,0,0,0,1768451572.5799062,61.879405
RCOU,63664524,1507,1508,1486,1503,0,0,0,0,0,0,0,0,0,0,1768451572.6198902,61.919389
RCOU,63704508,1506,1508,1486,1503,0,0,0,0,0,0,0,0,0,0,1768451572.6598742,61.959373
RCOU,63744492,1505,1509,1486,1502,0,0,0,0,0,0,0,0,0,0,1768451572.6998582,61.999357
RCOU,63784476,1505,1509,1486,1502,0,0,0,0,0,0,0,0,0,0,1768451572.7398422,62.039341
RCOU,63824460,1506,1509,1483,1503,0,0,0,0,0,0,0,0,0,0,1768451572.7798262,62.079325
RCOU,63864444,1506,1509,1483,1502,0,0,0,0,0,0,0,0,0,0,1768451572.8198102,62.119309
RCOU,63904428,1505,1510,1483,1502,0,0,0,0,0,0,0,0,0,0,1768451572.8597941,62.159293
RCOU,63944412,1505,1509,1483,1502,0,0,0,0,0,0,0,0,0,0,1768451572.8997781,62.199277
RCOU,63984396,1505,1508,1483,1502,0,0,0,0,0,0,0,0,0,0,1768451572.939762,62.239261
RCOU,64024380,1506,1507,1483,1503,0,0,0,0,0,0,0,0,0,0,1768451572.979746,62.279245
RCOU,64064364,1505,1506,1483,1502,0,0,0,0,0,0,0,0,0,0,1768451573.01973,62.319229
RCOU,64104348,1506,1505,1483,1503,0,0,0,0,0,0,0,0,0,0,1768451573.059714,62.359213
RCOU,64144332,1504,1504,1484,1502,0,0,0,0,0,0,0,0,0,0,1768451573.099698,62.399197
RCOU,64184316,1504,1503,1484,1502,0,0,0,0,0,0,0,0,0,0,1768451573.139682,62.439181
RCOU,64225133,1504,1502,1483,1502,0,0,0,0,0,0,0,0,0,0,1768451573.180499,62.479998
RCOU,64265117,1504,1502,1483,1502,0,0,0,0,0,0,0,0,0,0,1768451573.220483,62.519982
RCOU,64305101,1505,1501,1483,1502,0,0,0,0,0,0,0,0,0,0,1768451573.260467,62.559966
RCOU,64345085,1505,1502,1482,1502,0,0,0,0,0,0,0,0,0,0,1768451573.300451,62.59995
RCOU,64385069,1505,1502,1482,1502,0,0,0,0,0,0,0,0,0,0,1768451573.340435,62.639934
RCOU,64425053,1506,1502,1484,1503,0,0,0,0,0,0,0,0,0,0,1768451573.380419,62.679918
RCOU,64465037,1506,1503,1484,1503,0,0,0,0,0,0,0,0,0,0,1768451573.4204032,62.719902
RCOU,64505021,1506,1504,1484,1502,0,0,0,0,0,0,0,0,0,0,1768451573.4603872,62.759886
RCOU,64545005,1506,1505,1483,1503,0,0,0,0,0,0,0,0,0,0,1768451573.5003712,62.79987
RCOU,64584989,1507,1507,1483,1503,0,0,0,0,0,0,0,0,0,0,1768451573.5403552,62.839854
RCOU,64624973,1508,1507,1482,1504,0,0,0,0,0,0,0,0,0,0,1768451573.5803392,62.879838
RCOU,64664957,1506,1509,1482,1503,0,0,0,0,0,0,0,0,0,0,1768451573.6203232,62.919822
RCOU,64704941,1506,1509,1482,1503,0,0,0,0,0,0,0,0,0,0,1768451573.6603072,62.959806
RCOU,64744925,1508,1509,1482,1504,0,0,0,0,0,0,0,0,0,0,1768451573.7002912,62.99979
RCOU,64784909,1508,1510,1482,1504,0,0,0,0,0,0,0,0,0,0,1768451573.7402751,63.039774
RCOU,64824893,1508,1509,1484,1504,0,0,0,0,0,0,0,0,0,0,1768451573.7802591,63.079758
RCOU,64864877,1507,1509,1484,1503,0,0,0,0,0,0,0,0,0,0,1768451573.8202431,63.119742
RCOU,64904861,1507,1510,1484,1503,0,0,0,0,0,0,0,0,0,0,1768451573.860227,63.159726
RCOU,64944845,1506,1509,1485,1503,0,0,0,0,0,0,0,0,0,0,1768451573.900211,63.19971
RCOU,64984829,1506,1509,1485,1503,0,0,0,0,0,0,0,0,0,0,1768451573.940195,63.239694
RCOU,65024813,1506,1508,1486,1503,0,0,0,0,0,0,0,0,0,0,1768451573.980179,63.279678
RCOU,65064797,1506,1507,1486,1503,0,0,0,0,0,0,0,0,0,0,1768451574.020163,63.319662
RCOU,65104781,1505,1506,1486,1502,0,0,0,0,0,0,0,0,0,0,1768451574.060147,63.359646
RCOU,65144765,1504,1505,1487,1502,0,0,0,0,0,0,0,0,0,0,1768451574.100131,63.39963
RCOU,65184749,1503,1504,1487,1501,0,0,0,0,0,0,0,0,0,0,1768451574.140115,63.439614
RCOU,65224733,1504,1504,1489,1502,0,0,0,0,0,0,0,0,0,0,1768451574.1800992,63.479598
RCOU,65264717,1504,1503,1489,1502,0,0,0,0,0,0,0,0,0,0,1768451574.2200832,63.519582
RCOU,65304701,1504,1502,1489,1502,0,0,0,0,0,0,0,0,0,0,1768451574.2600672,63.559566
RCOU,65344685,1503,1502,1487,1501,0,0,0,0,0,0,0,0,0,0,1768451574.3000512,63.59955
RCOU,65384669,1503,1502,1487,1501,0,0,0,0,0,0,0,0,0,0,1768451574.3400352,63.639534
RCOU,65424653,1505,1503,1485,1502,0,0,0,0,0,0,0,0,0,0,1768451574.3800192,63.679518
RCOU,65464637,1505,1503,1485,1502,0,0,0,0,0,0,0,0,0,0,1768451574.4200032,63.719502
RCOU,65504621,1506,1502,1485,1503,0,0,0,0,0,0,0,0,0,0,1768451574.4599872,63.759486
RCOU,65544605,1505,1502,1486,1502,0,0,0,0,0,0,0,0,0,0,1768451574.4999712,63.79947
RCOU,65584589,1505,1502,1486,1502,0,0,0,0,0,0,0,0,0,0,1768451574.5399551,63.839454
RCOU,65624573,1505,1502,1483,1502,0,0,0,0,0,0,0,0,0,0,1768451574.5799391,63.879438
RCOU,65664557,1507,1503,1483,1503,0,0,0,0,0,0,0,0,0,0,1768451574.619923,63.919422
RCOU,65704541,1506,1503,1483,1503,0,0,0,0,0,0,0,0,0,0,1768451574.659907,63.959406
RCOU,65744525,1506,1503,1482,1503,0,0,0,0,0,0,0,0,0,0,1768451574.699891,63.99939
RCOU,65784509,1506,1504,1482,1503,0,0,0,0,0,0,0,0,0,0,1768451574.739875,64.039374
RCOU,65824493,1505,1504,1481,1502,0,0,0,0,0,0,0,0,0,0,1768451574.779859,64.079358
RCOU,65864477,1507,1504,1481,1503,0,0,0,0,0,0,0,0,0,0,1768451574.819843,64.119342
RCOU,65904461,1507,1505,1481,1503,0,0,0,0,0,0,0,0,0,0,1768451574.859827,64.159326
RCOU,65944445,1507,1504,1481,1503,0,0,0,0,0,0,0,0,0,0,1768451574.899811,64.19931
RCOU,65984429,1506,1504,1481,1503,0,0,0,0,0,0,0,0,0,0,1768451574.939795,64.239294
RCOU,66024413,1507,1505,1482,1503,0,0,0,0,0,0,0,0,0,0,1768451574.9797792,64.279278
RCOU,66064397,1507,1506,1482,1503,0,0,0,0,0,0,0,0,0,0,1768451575.0197632,64.319262
RCOU,66104381,1505,1506,1482,1502,0,0,0,0,0,0,0,0,0,0,1768451575.0597472,64.359246
RCOU,66144365,1506,1507,1481,1503,0,0,0,0,0,0,0,0,0,0,1768451575.0997312,64.39923
RCOU,66184349,1505,1507,1481,1502,0,0,0,0,0,0,0,0,0,0,1768451575.1397152,64.439214
RCOU,66224333,1505,1508,1481,1502,0,0,0,0,0,0,0,0,0,0,1768451575.1796992,64.479198
RCOU,66264317,1505,1509,1481,1502,0,0,0,0,0,0,0,0,0,0,1768451575.2196832,64.519182
RCOU,66305134,1506,1509,1481,1503,0,0,0,0,0,0,0,0,0,0,1768451575.2605002,64.559999
RCOU,66345118,1507,1509,1481,1503,0,0,0,0,0,0,0,0,0,0,1768451575.3004842,64.599983
RCOU,66385102,1506,1509,1481,1503,0,0,0,0,0,0,0,0,0,0,1768451575.3404682,64.639967
RCOU,66425086,1505,1508,1480,1502,0,0,0,0,0,0,0,0,0,0,1768451575.3804522,64.679951
RCOU,66465070,1504,1508,1480,1502,0,0,0,0,0,0,0,0,0,0,1768451575.4204361,64.719935
RCOU,66505054,1505,1508,1480,1502,0,0,0,0,0,0,0,0,0,0,1768451575.4604201,64.759919
RCOU,66545038,1505,1507,1483,1502,0,0,0,0,0,0,0,0,0,0,1768451575.5004041,64.799903
RCOU,66585022,1504,1506,1483,1502,0,0,0,0,0,0,0,0,0,0,1768451575.540388,64.839887
RCOU,66625006,1505,1506,1482,1502,0,0,0,0,0,0,0,0,0,0,1768451575.580372,64.879871
RCOU,66664990,1504,1505,1482,1502,0,0,0,0,0,0,0,0,0,0,1768451575.620356,64.919855
RCOU,66704974,1506,1505,1482,1503,0,0,0,0,0,0,0,0,0,0,1768451575.66034,64.959839
RCOU,66744958,1505,1504,1483,1502,0,0,0,0,0,0,0,0,0,0,1768451575.700324,64.999823
RCOU,66784942,1504,1504,1483,1501,0,0,0,0,0,0,0,0,0,0,1768451575.740308,65.039807
RCOU,66824926,1503,1504,1482,1501,0,0,0,0,0,0,0,0,0,0,1768451575.780292,65.079791
RCOU,66864910,1504,1504,1482,1502,0,0,0,0,0,0,0,0,0,0,1768451575.820276,65.119775
RCOU,66904894,1504,1505,1482,1502,0,0,0,0,0,0,0,0,0,0,1768451575.8602602,65.159759
RCOU,66944878,1505,1505,1484,1502,0,0,0,0,0,0,0,0,0,0,1768451575.9002442,65.199743
RCOU,66984862,1505,1506,1484,1502,0,0,0,0,0,0,0,0,0,0,1768451575.9402282,65.239727
RCOU,67024846,1506,1506,1483,1503,0,0,0,0,0,0,0,0,0,0,1768451575.9802122,65.279711
RCOU,67064830,1505,1506,1483,1502,0,0,0,0,0,0,0,0,0,0,1768451576.0201962,65.319695
RCOU,67104814,1506,1506,1483,1503,0,0,0,0,0,0,0,0,0,0,1768451576.0601802,65.359679
RCOU,67144798,1505,1507,1483,1502,0,0,0,0,0,0,0,0,0,0,1768451576.1001642,65.399663
RCOU,67184782,1505,1508,1483,1502,0,0,0,0,0,0,0,0,0,0,1768451576.1401482,65.439647
RCOU,67224766,1506,1508,1483,1503,0,0,0,0,0,0,0,0,0,0,1768451576.1801322,65.479631
RCOU,67264750,1506,1508,1483,1503,0,0,0,0,0,0,0,0,0,0,1768451576.2201161,65.519615
RCOU,67304734,1508,1508,1483,1504,0,0,0,0,0,0,0,0,0,0,1768451576.2601001,65.559599
RCOU,67344718,1508,1508,1482,1504,0,0,0,0,0,0,0,0,0,0,1768451576.300084,65.599583
RCOU,67384702,1507,1508,1482,1503,0,0,0,0,0,0,0,0,0,0,1768451576.340068,65.639567
RCOU,67424686,1506,1508,1482,1503,0,0,0,0,0,0,0,0,0,0,1768451576.380052,65.679551
RCOU,67464670,1507,1507,1482,1503,0,0,0,0,0,0,0,0,0,0,1768451576.420036,65.719535
RCOU,67504654,1506,1507,1482,1503,0,0,0,0,0,0,0,0,0,0,1768451576.46002,65.759519
RCOU,67544638,1506,1504,1483,1503,0,0,0,0,0,0,0,0,0,0,1768451576.500004,65.799503
RCOU,67584622,1504,1504,1483,1502,0,0,0,0,0,0,0,0,0,0,1768451576.539988,65.839487
RCOU,67624606,1505,1504,1482,1502,0,0,0,0,0,0,0,0,0,0,1768451576.579972,65.879471
RCOU,67664590,1503,1504,1482,1501,0,0,0,0,0,0,0,0,0,0,1768451576.619956,65.919455
RCOU,67704574,1503,1504,1482,1501,0,0,0,0,0,0,0,0,0,0,1768451576.6599402,65.959439
RCOU,67744558,1505,1504,1484,1502,0,0,0,0,0,0,0,0,0,0,1768451576.6999242,65.999423
RCOU,67784542,1504,1504,1484,1502,0,0,0,0,0,0,0,0,0,0,1768451576.7399082,66.039407
RCOU,67824526,1504,1504,1483,1502,0,0,0,0,0,0,0,0,0,0,1768451576.7798922,66.079391
RCOU,67864510,1503,1505,1483,1501,0,0,0,0,0,0,0,0,0,0,1768451576.8198762,66.119375
RCOU,67904494,1505,1505,1483,1502,0,0,0,0,0,0,0,0,0,0,1768451576.8598602,66.159359
RCOU,67944478,1505,1506,1483,1502,0,0,0,0,0,0,0,0,0,0,1768451576.8998442,66.199343
RCOU,67984462,1506,1506,1483,1503,0,0,0,0,0,0,0,0,0,0,1768451576.9398282,66.239327
RCOU,68024446,1504,1507,1482,1502,0,0,0,0,0,0,0,0,0,0,1768451576.9798121,66.279311
RCOU,68064430,1506,1507,1482,1503,0,0,0,0,0,0,0,0,0,0,1768451577.0197961,66.319295
RCOU,68104414,1505,1506,1482,1502,0,0,0,0,0,0,0,0,0,0,1768451577.0597801,66.359279
RCOU,68144398,1505,1506,1484,1502,0,0,0,0,0,0,0,0,0,0,1768451577.099764,66.399263
RCOU,68184382,1506,1506,1484,1503,0,0,0,0,0,0,0,0,0,0,1768451577.139748,66.439247
RCOU,68224366,1506,1505,1484,1503,0,0,0,0,0,0,0,0,0,0,1768451577.179732,66.479231
RCOU,68264350,1506,1505,1484,1503,0,0,0,0,0,0,0,0,0,0,1768451577.219716,66.519215
RCOU,68304334,1508,1505,1484,1504,0,0,0,0,0,0,0,0,0,0,1768451577.2597,66.559199
RCOU,68344318,1507,1505,1485,1503,0,0,0,0,0,0,0,0,0,0,1768451577.299684,66.599183
RCOU,68385135,1504,1505,1485,1502,0,0,0,0,0,0,0,0,0,0,1768451577.340501,66.64
RCOU,68425119,1504,1505,1485,1502,0,0,0,0,0,0,0,0,0,0,1768451577.380485,66.679984
RCOU,68465103,1504,1505,1485,1502,0,0,0,0,0,0,0,0,0,0,1768451577.420469,66.719968
RCOU,68505087,1505,1505,1485,1502,0,0,0,0,0,0,0,0,0,0,1768451577.460453,66.759952
RCOU,68545071,1505,1506,1484,1502,0,0,0,0,0,0,0,0,0,0,1768451577.500437,66.799936
RCOU,68585055,1505,1507,1484,1502,0,0,0,0,0,0,0,0,0,0,1768451577.5404212,66.83992
RCOU,68625039,1505,1507,1485,1502,0,0,0,0,0,0,0,0,0,0,1768451577.5804052,66.879904
RCOU,68665023,1505,1507,1485,1502,0,0,0,0,0,0,0,0,0,0,1768451577.6203892,66.919888
RCOU,68705007,1505,1508,1485,1502,0,0,0,0,0,0,0,0,0,0,1768451577.6603732,66.959872
RCOU,68744991,1506,1507,1486,1503,0,0,0,0,0,0,0,0,0,0,1768451577.7003572,66.999856
RCOU,68784975,1507,1507,1486,1503,0,0,0,0,0,0,0,0,0,0,1768451577.7403412,67.03984
RCOU,68824959,1507,1506,1485,1503,0,0,0,0,0,0,0,0,0,0,1768451577.7803252,67.079824
RCOU,68864943,1508,1506,1485,1504,0,0,0,0,0,0,0,0,0,0,1768451577.8203092,67.119808
RCOU,68904927,1507,1506,1485,1503,0,0,0,0,0,0,0,0,0,0,1768451577.8602931,67.159792
RCOU,68944911,1506,1505,1486,1503,0,0,0,0,0,0,0,0,0,0,1768451577.9002771,67.199776
RCOU,68984895,1506,1504,1486,1503,0,0,0,0,0,0,0,0,0,0,1768451577.9402611,67.23976
RCOU,69024879,1506,1503,1489,1503,0,0,0,0,0,0,0,0,0,0,1768451577.980245,67.279744
RCOU,69064863,1506,1505,1489,1503,0,0,0,0,0,0,0,0,0,0,1768451578.020229,67.319728
RCOU,69104847,1504,1505,1489,1502,0,0,0,0,0,0,0,0,0,0,1768451578.060213,67.359712
RCOU,69144831,1505,1505,1488,1502,0,0,0,0,0,0,0,0,0,0,1768451578.100197,67.399696
RCOU,69184815,1505,1505,1488,1502,0,0,0,0,0,0,0,0,0,0,1768451578.140181,67.43968
RCOU,69224799,1506,1506,1489,1503,0,0,0,0,0,0,0,0,0,0,1768451578.180165,67.479664
RCOU,69264783,1506,1506,1489,1503,0,0,0,0,0,0,0,0,0,0,1768451578.220149,67.519648
RCOU,69304767,1505,1506,1489,1502,0,0,0,0,0,0,0,0,0,0,1768451578.260133,67.559632
RCOU,69344751,1507,1506,1487,1503,0,0,0,0,0,0,0,0,0,0,1768451578.300117,67.599616
RCOU,69384735,1506,1507,1487,1503,0,0,0,0,0,0,0,0,0,0,1768451578.3401012,67.6396
RCOU,69424719,1507,1507,1486,1503,0,0,0,0,0,0,0,0,0,0,1768451578.3800852,67.679584
RCOU,69464703,1508,1507,1486,1504,0,0,0,0,0,0,0,0,0,0,1768451578.4200692,67.719568
RCOU,69504687,1507,1506,1486,1503,0,0,0,0,0,0,0,0,0,0,1768451578.4600532,67.759552
RCOU,69544671,1506,1506,1486,1503,0,0,0,0,0,0,0,0,0,0,1768451578.5000372,67.799536
RCOU,69584655,1506,1505,1486,1503,0,0,0,0,0,0,0,0,0,0,1768451578.5400212,67.83952
RCOU,69624639,1506,1506,1486,1503,0,0,0,0,0,0,0,0,0,0,1768451578.5800052,67.879504
RCOU,69664623,1505,1505,1486,1502,0,0,0,0,0,0,0,0,0,0,1768451578.6199892,67.919488
RCOU,69704607,1504,1506,1486,1502,0,0,0,0,0,0,0,0,0,0,1768451578.6599731,67.959472
RCOU,69744591,1505,1505,1485,1502,0,0,0,0,0,0,0,0,0,0,1768451578.6999571,67.999456
RCOU,69784575,1505,1505,1485,1502,0,0,0,0,0,0,0,0,0,0,1768451578.7399411,68.03944
RCOU,69824559,1505,1506,1485,1502,0,0,0,0,0,0,0,0,0,0,1768451578.779925,68.079424
RCOU,69864543,1505,1506,1485,1502,0,0,0,0,0,0,0,0,0,0,1768451578.819909,68.119408
RCOU,69904527,1504,1506,1485,1502,0,0,0,0,0,0,0,0,0,0,1768451578.859893,68.159392
RCOU,69944511,1505,1506,1485,1502,0,0,0,0,0,0,0,0,0,0,1768451578.899877,68.199376
RCOU,69984495,1506,1506,1485,1503,0,0,0,0,0,0,0,0,0,0,1768451578.939861,68.23936
RCOU,70024479,1506,1506,1485,1503,0,0,0,0,0,0,0,0,0,0,1768451578.979845,68.279344
RCOU,70064463,1507,1506,1485,1503,0,0,0,0,0,0,0,0,0,0,1768451579.019829,68.319328
RCOU,70104447,1506,1505,1485,1503,0,0,0,0,0,0,0,0,0,0,1768451579.059813,68.359312
RCOU,70144431,1507,1504,1486,1503,0,0,0,0,0,0,0,0,0,0,1768451579.0997972,68.399296
RCOU,70184415,1506,1505,1486,1503,0,0,0,0,0,0,0,0,0,0,1768451579.1397812,68.43928
RCOU,70224399,1506,1504,1486,1502,0,0,0,0,0,0,0,0,0,0,1768451579.1797652,68.479264
RCOU,70264383,1505,1505,1486,1502,0,0,0,0,0,0,0,0,0,0,1768451579.2197492,68.519248
RCOU,70304367,1506,1506,1486,1502,0,0,0,0,0,0,0,0,0,0,1768451579.2597332,68.559232
RCOU,70344351,1507,1506,1486,1503,0,0,0,0,0,0,0,0,0,0,1768451579.2997172,68.599216
RCOU,70384335,1505,1507,1486,1502,0,0,0,0,0,0,0,0,0,0,1768451579.3397012,68.6392
RCOU,70424319,1505,1507,1486,1502,0,0,0,0,0,0,0,0,0,0,1768451579.3796852,68.679184
RCOU,70465136,1506,1507,1486,1503,0,0,0,0,0,0,0,0,0,0,1768451579.4205022,68.720001
RCOU,70505120,1507,1508,1486,1503,0,0,0,0,0,0,0,0,0,0,1768451579.4604862,68.759985
RCOU,70545104,1507,1507,1485,1503,0,0,0,0,0,0,0,0,0,0,1768451579.5004702,68.799969
RCOU,70585088,1506,1505,1485,1503,0,0,0,0,0,0,0,0,0,0,1768451579.5404541,68.839953
RCOU,70625072,1505,1506,1484,1502,0,0,0,0,0,0,0,0,0,0,1768451579.5804381,68.879937
RCOU,70665056,1507,1506,1484,1503,0,0,0,0,0,0,0,0,0,0,1768451579.6204221,68.919921
RCOU,70705040,1506,1505,1484,1503,0,0,0,0,0,0,0,0,0,0,1768451579.660406,68.959905
RCOU,70745024,1506,1504,1484,1503,0,0,0,0,0,0,0,0,0,0,1768451579.70039,68.999889
RCOU,70785008,1504,1503,1484,1502,0,0,0,0,0,0,0,0,0,0,1768451579.740374,69.039873
RCOU,70824992,1504,1503,1484,1502,0,0,0,0,0,0,0,0,0,0,1768451579.780358,69.079857
RCOU,70864976,1505,1503,1484,1502,0,0,0,0,0,0,0,0,0,0,1768451579.820342,69.119841
RCOU,70904960,1505,1502,1484,1502,0,0,0,0,0,0,0,0,0,0,1768451579.860326,69.159825
RCOU,70944944,1505,1503,1484,1502,0,0,0,0,0,0,0,0,0,0,1768451579.90031,69.199809
RCOU,70984928,1505,1503,1484,1502,0,0,0,0,0,0,0,0,0,0,1768451579.940294,69.239793
RCOU,71024912,1506,1503,1483,1503,0,0,0,0,0,0,0,0,0,0,1768451579.9802783,69.279777
RCOU,71064896,1504,1504,1483,1502,0,0,0,0,0,0,0,0,0,0,1768451580.0202622,69.319761
RCOU,71104880,1506,1504,1483,1503,0,0,0,0,0,0,0,0,0,0,1768451580.0602462,69.359745
RCOU,71144864,1506,1505,1484,1503,0,0,0,0,0,0,0,0,0,0,1768451580.1002302,69.399729
RCOU,71184848,1506,1506,1484,1503,0,0,0,0,0,0,0,0,0,0,1768451580.1402142,69.439713
RCOU,71224832,1507,1507,1481,1503,0,0,0,0,0,0,0,0,0,0,1768451580.1801982,69.479697
RCOU,71264816,1507,1508,1481,1503,0,0,0,0,0,0,0,0,0,0,1768451580.2201822,69.519681
RCOU,71304800,1507,1507,1481,1503,0,0,0,0,0,0,0,0,0,0,1768451580.2601662,69.559665
RCOU,71344784,1507,1509,1483,1503,0,0,0,0,0,0,0,0,0,0,1768451580.3001502,69.599649
RCOU,71384768,1507,1509,1483,1503,0,0,0,0,0,0,0,0,0,0,1768451580.3401341,69.639633
RCOU,71424752,1507,1509,1482,1503,0,0,0,0,0,0,0,0,0,0,1768451580.3801181,69.679617
RCOU,71464736,1507,1509,1482,1503,0,0,0,0,0,0,0,0,0,0,1768451580.4201021,69.719601
RCOU,71504720,1507,1509,1482,1503,0,0,0,0,0,0,0,0,0,0,1768451580.460086,69.759585
RCOU,71544704,1508,1508,1484,1504,0,0,0,0,0,0,0,0,0,0,1768451580.50007,69.799569
RCOU,71584688,1507,1508,1484,1503,0,0,0,0,0,0,0,0,0,0,1768451580.540054,69.839553
RCOU,71624672,1506,1508,1485,1503,0,0,0,0,0,0,0,0,0,0,1768451580.580038,69.879537
RCOU,71664656,1506,1508,1485,1503,0,0,0,0,0,0,0,0,0,0,1768451580.620022,69.919521
RCOU,71704640,1505,1508,1485,1502,0,0,0,0,0,0,0,0,0,0,1768451580.660006,69.959505
RCOU,71744624,1504,1507,1485,1502,0,0,0,0,0,0,0,0,0,0,1768451580.69999,69.999489
RCOU,71784608,1506,1507,1485,1503,0,0,0,0,0,0,0,0,0,0,1768451580.739974,70.039473
RCOU,71824592,1505,1507,1485,1502,0,0,0,0,0,0,0,0,0,0,1768451580.7799582,70.079457
RCOU,71864576,1505,1505,1485,1502,0,0,0,0,0,0,0,0,0,0,1768451580.8199422,70.119441
RCOU,71904560,1505,1505,1485,1502,0,0,0,0,0,0,0,0,0,0,1768451580.8599262,70.159425
RCOU,71944544,1504,1505,1486,1502,0,0,0,0,0,0,0,0,0,0,1768451580.8999102,70.199409
RCOU,71984528,1504,1504,1486,1502,0,0,0,0,0,0,0,0,0,0,1768451580.9398942,70.239393
RCOU,72024512,1505,1503,1483,1502,0,0,0,0,0,0,0,0,0,0,1768451580.9798782,70.279377
RCOU,72064496,1503,1503,1483,1501,0,0,0,0,0,0,0,0,0,0,1768451581.0198622,70.319361
RCOU,72104480,1504,1503,1483,1502,0,0,0,0,0,0,0,0,0,0,1768451581.0598462,70.359345
RCOU,72144464,1504,1502,1484,1502,0,0,0,0,0,0,0,0,0,0,1768451581.0998302,70.399329
RCOU,72184448,1504,1502,1484,1502,0,0,0,0,0,0,0,0,0,0,1768451581.1398141,70.439313
RCOU,72224432,1505,1501,1484,1502,0,0,0,0,0,0,0,0,0,0,1768451581.1797981,70.479297
RCOU,72264416,1505,1501,1484,1502,0,0,0,0,0,0,0,0,0,0,1768451581.219782,70.519281
RCOU,72304400,1503,1502,1484,1501,0,0,0,0,0,0,0,0,0,0,1768451581.259766,70.559265
RCOU,72344384,1503,1503,1482,1501,0,0,0,0,0,0,0,0,0,0,1768451581.29975,70.599249
RCOU,72384368,1502,1504,1482,1501,0,0,0,0,0,0,0,0,0,0,1768451581.339734,70.639233
RCOU,72424352,1506,1505,1483,1503,0,0,0,0,0,0,0,0,0,0,1768451581.379718,70.679217
RCOU,72464336,1506,1505,1483,1503,0,0,0,0,0,0,0,0,0,0,1768451581.419702,70.719201
RCOU,72504320,1505,1505,1483,1502,0,0,0,0,0,0,0,0,0,0,1768451581.459686,70.759185
RCOU,72545137,1507,1506,1481,1503,0,0,0,0,0,0,0,0,0,0,1768451581.500503,70.800002
RCOU,72585121,1507,1506,1481,1503,0,0,0,0,0,0,0,0,0,0,1768451581.540487,70.839986
RCOU,72625105,1507,1506,1481,1503,0,0,0,0,0,0,0,0,0,0,1768451581.580471,70.87997
RCOU,72665089,1506,1506,1481,1503,0,0,0,0,0,0,0,0,0,0,1768451581.620455,70.919954
RCOU,72705073,1507,1506,1481,1503,0,0,0,0,0,0,0,0,0,0,1768451581.6604393,70.959938
RCOU,72745057,1507,1506,1481,1503,0,0,0,0,0,0,0,0,0,0,1768451581.7004232,70.999922
RCOU,72785041,1507,1507,1481,1503,0,0,0,0,0,0,0,0,0,0,1768451581.7404072,71.039906
RCOU,72825025,1508,1507,1483,1504,0,0,0,0,0,0,0,0,0,0,1768451581.7803912,71.07989
RCOU,72865009,1507,1507,1483,1503,0,0,0,0,0,0,0,0,0,0,1768451581.8203752,71.119874
RCOU,72904993,1506,1507,1483,1503,0,0,0,0,0,0,0,0,0,0,1768451581.8603592,71.159858
RCOU,72944977,1507,1508,1482,1503,0,0,0,0,0,0,0,0,0,0,1768451581.9003432,71.199842
RCOU,72984961,1507,1508,1482,1503,0,0,0,0,0,0,0,0,0,0,1768451581.9403272,71.239826
RCOU,73024945,1507,1508,1485,1503,0,0,0,0,0,0,0,0,0,0,1768451581.9803112,71.27981
RCOU,73064929,1507,1508,1485,1503,0,0,0,0,0,0,0,0,0,0,1768451582.0202951,71.319794
RCOU,73104913,1507,1508,1485,1503,0,0,0,0,0,0,0,0,0,0,1768451582.0602791,71.359778
RCOU,73144897,1507,1507,1485,1503,0,0,0,0,0,0,0,0,0,0,1768451582.100263,71.399762
RCOU,73184881,1505,1507,1485,1502,0,0,0,0,0,0,0,0,0,0,1768451582.140247,71.439746
RCOU,73224865,1506,1507,1487,1503,0,0,0,0,0,0,0,0,0,0,1768451582.180231,71.47973
RCOU,73264849,1505,1506,1487,1502,0,0,0,0,0,0,0,0,0,0,1768451582.220215,71.519714
RCOU,73304833,1506,1506,1487,1503,0,0,0,0,0,0,0,0,0,0,1768451582.260199,71.559698
RCOU,73344817,1505,1506,1486,1502,0,0,0,0,0,0,0,0,0,0,1768451582.300183,71.599682
RCOU,73384801,1504,1506,1486,1502,0,0,0,0,0,0,0,0,0,0,1768451582.340167,71.639666
RCOU,73424785,1506,1507,1486,1503,0,0,0,0,0,0,0,0,0,0,1768451582.380151,71.67965
RCOU,73464769,1504,1507,1486,1502,0,0,0,0,0,0,0,0,0,0,1768451582.420135,71.719634
RCOU,73504753,1506,1507,1486,1503,0,0,0,0,0,0,0,0,0,0,1768451582.4601192,71.759618
RCOU,73544737,1505,1507,1485,1502,0,0,0,0,0,0,0,0,0,0,1768451582.5001032,71.799602
RCOU,73584721,1506,1507,1485,1503,0,0,0,0,0,0,0,0,0,0,1768451582.5400872,71.839586
RCOU,73624705,1505,1508,1485,1502,0,0,0,0,0,0,0,0,0,0,1768451582.5800712,71.87957
RCOU,73664689,1505,1508,1485,1502,0,0,0,0,0,0,0,0,0,0,1768451582.6200552,71.919554
RCOU,73704673,1506,1507,1485,1503,0,0,0,0,0,0,0,0,0,0,1768451582.6600392,71.959538
RCOU,73744657,1506,1508,1484,1503,0,0,0,0,0,0,0,0,0,0,1768451582.7000232,71.999522
RCOU,73784641,1506,1507,1484,1503,0,0,0,0,0,0,0,0,0,0,1768451582.7400072,72.039506
RCOU,73824625,1506,1508,1484,1503,0,0,0,0,0,0,0,0,0,0,1768451582.7799911,72.07949
RCOU,73864609,1506,1507,1484,1503,0,0,0,0,0,0,0,0,0,0,1768451582.8199751,72.119474
RCOU,73904593,1505,1507,1484,1502,0,0,0,0,0,0,0,0,0,0,1768451582.8599591,72.159458
RCOU,73944577,1505,1507,1484,1502,0,0,0,0,0,0,0,0,0,0,1768451582.899943,72.199442
RCOU,73984561,1505,1507,1484,1502,0,0,0,0,0,0,0,0,0,0,1768451582.939927,72.239426
RCOU,74024545,1505,1507,1484,1502,0,0,0,0,0,0,0,0,0,0,1768451582.979911,72.27941
RCOU,74064529,1505,1507,1484,1502,0,0,0,0,0,0,0,0,0,0,1768451583.019895,72.319394
RCOU,74104513,1505,1506,1484,1502,0,0,0,0,0,0,0,0,0,0,1768451583.059879,72.359378
RCOU,74144497,1506,1507,1483,1503,0,0,0,0,0,0,0,0,0,0,1768451583.099863,72.399362
RCOU,74184481,1506,1506,1483,1503,0,0,0,0,0,0,0,0,0,0,1768451583.139847,72.439346
RCOU,74224465,1505,1506,1481,1502,0,0,0,0,0,0,0,0,0,0,1768451583.179831,72.47933
RCOU,74264449,1505,1505,1481,1502,0,0,0,0,0,0,0,0,0,0,1768451583.219815,72.519314
RCOU,74304433,1509,1506,1481,1504,0,0,0,0,0,0,0,0,0,0,1768451583.2597992,72.559298
RCOU,74344417,1507,1505,1482,1503,0,0,0,0,0,0,0,0,0,0,1768451583.2997832,72.599282
RCOU,74384401,1506,1505,1482,1503,0,0,0,0,0,0,0,0,0,0,1768451583.3397672,72.639266
RCOU,74424385,1505,1504,1483,1502,0,0,0,0,0,0,0,0,0,0,1768451583.3797512,72.67925
RCOU,74464369,1506,1505,1483,1503,0,0,0,0,0,0,0,0,0,0,1768451583.4197352,72.719234
RCOU,74504353,1506,1506,1483,1503,0,0,0,0,0,0,0,0,0,0,1768451583.4597192,72.759218
RCOU,74544337,1506,1506,1481,1503,0,0,0,0,0,0,0,0,0,0,1768451583.4997032,72.799202
RCOU,74584321,1505,1506,1481,1502,0,0,0,0,0,0,0,0,0,0,1768451583.5396872,72.839186
RCOU,74625138,1506,1507,1482,1503,0,0,0,0,0,0,0,0,0,0,1768451583.5805042,72.880003
RCOU,74665122,1506,1506,1482,1503,0,0,0,0,0,0,0,0,0,0,1768451583.6204882,72.919987
RCOU,74705106,1507,1508,1482,1503,0,0,0,0,0,0,0,0,0,0,1768451583.6604722,72.959971
RCOU,74745090,1506,1507,1484,1503,0,0,0,0,0,0,0,0,0,0,1768451583.7004561,72.999955
RCOU,74785074,1507,1508,1484,1503,0,0,0,0,0,0,0,0,0,0,1768451583.7404401,73.039939
RCOU,74825058,1508,1506,1486,1504,0,0,0,0,0,0,0,0,0,0,1768451583.780424,73.079923
RCOU,74865042,1507,1507,1486,1503,0,0,0,0,0,0,0,0,0,0,1768451583.820408,73.119907
RCOU,74905026,1507,1506,1486,1503,0,0,0,0,0,0,0,0,0,0,1768451583.860392,73.159891
RCOU,74945010,1506,1506,1487,1503,0,0,0,0,0,0,0,0,0,0,1768451583.900376,73.199875
RCOU,74984994,1508,1506,1487,1504,0,0,0,0,0,0,0,0,0,0,1768451583.94036,73.239859
RCOU,75024978,1507,1506,1486,1503,0,0,0,0,0,0,0,0,0,0,1768451583.980344,73.279843
RCOU,75064962,1505,1506,1486,1502,0,0,0,0,0,0,0,0,0,0,1768451584.020328,73.319827
