altitude_bin_lower_m,altitude_bin_upper_m,altitude_bin_center_m,variable,expert_fbwa_n_landings,expert_fbwa_total_samples,expert_fbwa_mean,expert_fbwa_std_between_landings,expert_fbwa_median,expert_fbwa_q05,expert_fbwa_q25,expert_fbwa_q75,expert_fbwa_q95,expert_fbwa_min_landing_mean,expert_fbwa_max_landing_mean,expert_fbwa_mean_of_landing_medians,fail_auto_n_landings,fail_auto_total_samples,fail_auto_mean,fail_auto_std_between_landings,fail_auto_median,fail_auto_q05,fail_auto_q25,fail_auto_q75,fail_auto_q95,fail_auto_min_landing_mean,fail_auto_max_landing_mean,fail_auto_mean_of_landing_medians,mean_diff,abs_mean_diff,mean_pct_diff,median_diff,comparison_mean_outside_reference_iqr,comparison_mean_outside_reference_90pct,diff_in_reference_std
0.0,1.0,0.5,airspeed_mps,11,842,11.52562473243157,6.67950543353458,10.604745567619029,2.7661542090664746,6.242598695729775,16.192307988258257,20.31892254214356,2.3299647097033684,22.69038128852844,11.507381590929898,3,162,12.940614547928456,7.579699208943256,9.79546478632334,7.675364772354387,8.617631445229478,15.69102276982488,20.407469156626107,7.439798104135614,21.586580753326416,13.057621876398722,1.4149898154968863,1.4149898154968863,12.276903407372737,-0.8092807812956888,False,False,0.21184050669274165
0.0,1.0,0.5,aoa_deg,11,842,7.900477145072428,5.604396781321294,5.940991032814634,2.7994821101733267,4.825552966665598,8.702338676068843,18.27676816077848,2.284284494817257,20.87042515094464,7.469068483872847,3,162,3.748887654964451,0.4375314513765315,3.5263568291793,3.473251204736329,3.4968537044887604,3.889656192547566,4.180295683242179,3.4673505797982216,4.2529555559158325,3.723140835762024,-4.151589490107977,4.151589490107977,-52.54859186191491,-2.414634203635334,True,False,-0.7407736554172377
0.0,1.0,0.5,descent_rate_mps,11,842,0.3013750425011803,0.3248840706645093,0.2624513271362771,0.0023057877368501,0.1735856446127299,0.2750500008536848,0.8106496164157733,0.000536092603942,1.2032738886774978,0.267239341681463,3,162,0.7254747960202681,0.7935291107512943,0.2701766617797359,0.2650589544463712,0.2673334910389777,0.9559670338812922,1.5045993315625372,0.2644903202982195,1.6417574059828486,0.706890771787644,0.4240997535190878,0.4240997535190878,140.72159061327278,0.007725334643458814,True,False,1.3053879577772014
0.0,1.0,0.5,groundspeed_mps,11,842,11.47318917042482,7.767825567913614,8.908725860635728,1.9800260069838755,6.026169614180029,16.42106802095846,22.62914457407683,1.4989638439671642,26.672823911953472,11.491747867009106,3,162,11.476551178792375,7.217405562126191,8.444353554145993,6.487351461469222,7.357130169325565,14.079873375935996,18.588289233367995,6.269906784505136,19.715393197726,11.431959999681531,0.0033620083675547363,0.0033620083675547363,0.02930317209639672,-0.4643723064897358,False,False,0.00043281203190788815
0.0,1.0,0.5,p_radps,11,842,-0.0387561666365531,0.0667793610939333,-0.0464165324342207,-0.1073538486468856,-0.085884117392244,-0.0117580053872935,0.0722097504278763,-0.1099307354508013,0.1117725251462763,-0.0391666927713561,3,162,0.0002495771723679,0.0099425809763938,-0.0020708168250214,-0.0077019350612413,-0.0051992158451436,0.0045381731911847,0.0098253652041497,-0.0083276148652657,0.011147163207391,-0.0007253715302795,0.039005743808920995,0.039005743808920995,-100.64396764186814,0.044345715609199296,True,False,0.5840987869598613
0.0,1.0,0.5,pilot_pitch_centered,11,842,-0.0756150652920857,0.1087088812553216,-0.0286753246753246,-0.2545348609479044,-0.1254936914203316,-0.0093535353535353,0.0202308673469387,-0.2988378378378378,0.0486249999999999,-0.074,3,162,-0.1299280069543227,0.2370767895045383,0.0045405405405405,-0.3628459459459459,-0.199563063063063,0.0069413229018492,0.0088619487908961,-0.4036666666666667,0.0093421052631578,-0.1263333333333333,-0.05431294166223699,0.05431294166223699,71.82820176434033,0.0332158652158651,True,False,-0.49961825597923004
0.0,1.0,0.5,pilot_roll_centered,11,842,-0.023533753478987,0.0428505446987679,-0.038927536231884,-0.053658810325477,-0.0494224021592442,-0.0237331081081081,0.0555658627087198,-0.0539595959595959,0.0865194805194805,-0.0314545454545454,3,162,0.0188761656393235,0.0146233333979925,0.0242162162162162,0.0045216216216216,0.0132747747747747,0.0271475817923186,0.0294926742532005,0.0023333333333333,0.030078947368421,0.0186666666666666,0.042409919118310505,0.042409919118310505,-180.20890359108165,0.0631437524481002,True,False,0.9897171533394751
0.0,1.0,0.5,pilot_throttle_norm,11,842,0.0698852520192025,0.0835279079924586,0.0466973684210526,0.0385071955071954,0.0435392098471312,0.0477002314814814,0.1852894935752078,0.0383116883116883,0.3214973544973544,0.0734090909090909,3,162,0.0104063932353406,0.0089492355156218,0.0151621621621621,0.0015912162162162,0.0076227477477477,0.0155679231863442,0.0158925320056899,8.333333333333333e-05,0.0159736842105263,0.0103333333333333,-0.059478858783861895,0.059478858783861895,-85.10931429068724,-0.0315352062588905,True,True,-0.7120836641716443
0.0,1.0,0.5,pitch_deg,11,842,3.632160360325892,2.100235545559138,4.421878885379748,0.421417580039071,1.9789552799244936,5.131874749537021,5.692334450303151,-0.2066682076547294,6.102375518708002,3.5064072358337315,3,162,1.9335542731094704,1.0613136137903376,2.4230272585624144,0.8865527258562415,1.569430295947874,2.542414742997539,2.6379247305456386,0.7158333333333333,2.661802227432664,1.872813490231832,-1.6986060872164217,1.6986060872164217,-46.765723941329945,-1.9988516268173333,True,False,-0.8087693262824994
0.0,1.0,0.5,q_radps,11,842,-0.0064551449941682,0.0188606751984047,-0.0043397826909999,-0.0325596337515263,-0.0211829496481246,0.0039536967475931,0.0204260800843059,-0.0329499423151483,0.0251879888862647,-0.0272313471544872,3,162,-0.0093154665384127,0.0140723345276386,-0.0081195207721729,-0.0223647991701884,-0.016033564326626,-0.0019993958670795,0.0028967040569952,-0.023947607881079,0.0041207290380139,-0.0008698956225998,-0.002860321544244499,0.002860321544244499,44.31072496169508,-0.003779738081173,False,False,-0.15165531001172403
0.0,1.0,0.5,sideslip_deg,11,842,2.9264245736801984,8.883007568304398,1.980465195008687,-5.669061145053885,-1.485822758581569,2.987279620360244,18.36133474841756,-8.852450599115361,25.1276857425005,3.432238855145194,3,162,9.38352565251624,8.63873433074142,13.896342071327004,0.8703242051037584,6.659665478980756,14.363794035457108,14.737755606761189,-0.5770111133654913,14.83124599958721,9.75813126564026,6.457101078836042,6.457101078836042,220.64812935587653,11.915876876318316,True,False,0.7269048269052171
0.0,1.0,0.5,throttle_output,11,842,3.925956108797436,8.725318600090791,1.273972602739726,0.8391540891540892,1.0723684210526314,1.663966049382716,16.0854119425548,0.7432432432432432,30.21164021164021,4.363636363636363,3,162,0.0404418342643313,0.0700473116971018,0.0,0.0,0.0,0.060662751396497,0.1091929525136947,0.0,0.1213255027929941,0.0,-3.885514274533105,3.885514274533105,-98.96988572608575,-1.273972602739726,True,True,-0.44531488792772267
1.0,2.0,1.5,airspeed_mps,12,880,14.063178660555364,7.222999536234335,15.46865479142453,4.236694106421538,7.094774308988381,20.269413606325784,22.012116154697203,4.1833601498450985,23.781251549720764,14.043585499127706,4,266,13.14013564526006,8.83123974983427,14.834741456957833,2.853317407882315,10.206399579409322,17.768477522808574,21.054505746260933,1.015046865000563,21.876012802124023,13.03611335158348,-0.9230430152953044,0.9230430152953044,-6.563544683424031,-0.6339133344666976,False,False,-0.12779220193284507
1.0,2.0,1.5,aoa_deg,12,880,7.033892967167293,3.4788787936342707,6.553499367693965,3.231713028701729,4.0154445191224415,9.114694083972545,12.385190263590554,2.57331296056509,14.976521479203395,7.030632634957631,4,266,-1.7531515008890493,10.599434850894374,2.981211102095203,-14.5728886795246,-2.454105270616079,3.682164871822232,4.438478033568548,-17.60258453175173,4.627556324005127,-2.3672064542770377,-8.787044468056342,8.787044468056342,-124.92434145746013,-3.5722882655987616,True,True,-2.5258265634706993
1.0,2.0,1.5,descent_rate_mps,12,880,0.48832568951782,0.3788239818913632,0.3207082687898698,0.0774445749236486,0.2584767892575906,0.7194990195610296,1.1076252746760924,0.0618518986663029,1.334585789591301,0.4737267643214244,4,266,0.4612800636733181,0.405508736157934,0.3382975723648747,0.1516138785092626,0.2817777077651664,0.5177999282730263,0.9431217366691942,0.1190729211952866,1.0494521887682364,0.4274275898947894,-0.02704562584450193,0.02704562584450193,-5.5384401077090955,0.017589303575004878,False,False,-0.07139364754435717
1.0,2.0,1.5,groundspeed_mps,12,880,14.21806619257647,7.694525001898299,14.695085272106445,4.1664143398329685,7.143509198011552,19.316916402046225,24.29168142320675,3.6051139304764233,27.454998312869503,14.273015437282572,4,266,12.295070088270762,8.499372456399858,14.304408991745111,2.250707791197699,9.27733700368614,17.322142076329737,19.52635792047973,0.4940504880755889,20.077411881517232,12.136221569159195,-1.9229961043057084,1.9229961043057084,-13.525018650635783,-0.3906762803613333,False,False,-0.24991745479172403
1.0,2.0,1.5,p_radps,12,880,-0.020574734981946,0.0729500647731651,-0.0178233873768121,-0.1130876474095055,-0.037934484570121,-0.0008448319492564,0.0680223632311205,-0.1825160635635256,0.1479122308486451,-0.0235278058389667,4,266,0.0095131818884591,0.013472595715188,0.0041591875157841,0.0006647413564378,0.00231496339299,0.0113574060112532,0.0258572145422253,0.0002521858472997,0.0294821666749684,0.0120588014888198,0.0300879168704051,0.0300879168704051,-146.237202553553,0.0219825748925962,True,False,0.4124453756684399
1.0,2.0,1.5,pilot_pitch_centered,12,880,-0.1141549404403832,0.1295453876952648,-0.0743672369789205,-0.3439747181964572,-0.1670334507042253,-0.0153571112095702,0.0082136217948717,-0.3915652173913043,0.028375,-0.1046666666666666,4,266,-0.1197590437497575,0.1700368281204548,-0.0676645787275853,-0.3211613272311212,-0.1919118993135011,0.0044882768361581,0.0087109887005649,-0.3534736842105263,0.0097666666666666,-0.0844999999999999,-0.005604103309374303,0.005604103309374303,4.909207860610304,0.006702658251335203,False,False,-0.04325976716791397
1.0,2.0,1.5,pilot_roll_centered,12,880,-0.0134614211094282,0.0768565824803492,-0.0421440217391304,-0.0540328482328482,-0.049451510067114,-0.0231942167577413,0.1146504225352111,-0.0542051282051282,0.2177333333333333,-0.0210833333333333,4,266,0.023247245924317,0.0140319166345862,0.0299485507246376,0.0063485125858123,0.0229004576659038,0.0302953389830508,0.0307641525423728,0.0022105263157894,0.0308813559322033,0.022,0.0367086670337452,0.0367086670337452,-272.6953323526514,0.072092572463768,True,False,0.47762554421582465
1.0,2.0,1.5,pilot_throttle_norm,12,880,0.0802022299518197,0.1011119772633652,0.0475872844827586,0.0414566748315982,0.0445384615384615,0.0488369014084506,0.2373009324458134,0.0401549295774647,0.3962213114754098,0.0835,4,266,0.0113776129943502,0.0075953033984147,0.0149802259887005,0.0021940677966101,0.0109703389830508,0.0153874999999999,0.0155175,0.0,0.01555,0.0115,-0.06882461695746951,0.06882461695746951,-85.81384457616063,-0.032607058494058094,True,True,-0.6806771939411572
1.0,2.0,1.5,pitch_deg,12,880,3.559058516613304,2.0045343877252937,3.979426131115558,0.4724872616865936,2.195502515693889,5.032096181210591,5.79823825780335,-0.4659163434989751,6.533882361062815,3.4499625731259584,4,266,-2.669330734748251,10.275732810797887,2.3219746610051706,-15.057007944573256,-2.979615339735169,2.6322592659920887,2.730518921021966,-18.07635609578278,2.7550838347794357,-2.7852637183666227,-6.2283892513615555,6.2283892513615555,-175.00103530998723,-1.6574514701103875,True,True,-3.1071501140119673
1.0,2.0,1.5,q_radps,12,880,0.0056239833878249,0.0329163817423063,0.0134782686784013,-0.0545958318594497,-0.0007588700563515,0.0192782908725646,0.0425933327058059,-0.0572282133462767,0.0626670070895171,-0.0154670823831111,4,266,-0.0002219243332419,0.0200197585229348,0.0017332427720243,-0.0225185970777143,-0.006722662794643,0.0082339812334253,0.0193375144638575,-0.0264675806484821,0.0221133977714655,-0.0006241900409804,-0.0058459077210668,0.0058459077210668,-103.94603465085501,-0.011745025906377,False,False,-0.1775987338715681
1.0,2.0,1.5,sideslip_deg,12,880,0.7037208970009873,7.000510727941149,-1.0297570725247054,-7.422476611755727,-2.345551021772607,2.508754448818595,13.173316148420264,-11.64839327472766,15.183941969135464,0.8226871564984322,4,266,14.502360532279964,17.51668478176435,9.763476912331754,0.3119182861932219,5.868763157795236,18.397074286816483,35.3272398462942,-1.077292931707282,39.55978123616364,14.095321491360664,13.798639635278976,13.798639635278976,1960.8114089099754,10.79323398485646,True,True,1.9710904206180906
1.0,2.0,1.5,throttle_output,12,880,5.032557837889799,10.579262255099705,1.6848591549295775,0.9683098591549296,1.028846153846154,1.932413793103448,21.53135520959399,0.9295774647887324,38.06147540983606,5.416666666666667,4,266,1.704382243909334,3.408764487818668,0.0,0.0,0.0,1.704382243909334,5.7948996292917325,0.0,6.817528975637336,1.703100085258484,-3.328175593980465,3.328175593980465,-66.13288314190547,-1.6848591549295775,False,False,-0.31459429908509234
2.0,3.0,2.5,airspeed_mps,13,537,16.09016147740128,6.4779270786465215,17.15501710845203,6.679855368344681,10.757012734046349,20.95888991977857,22.9456595638342,2.8873328571734223,25.002577145894367,16.15939318216764,4,134,17.042126835898507,6.53959184593488,19.14156662623088,9.203546724610211,15.96776804371578,20.215925418413605,21.941491240721483,7.512491394833821,22.37288269629845,17.2311509847641,0.9519653584972261,0.9519653584972261,5.916443783577105,1.986549517778851,False,False,0.14695524462373646
2.0,3.0,2.5,aoa_deg,13,537,5.883625592770557,1.9542313209751991,5.289447057921931,3.351669176703408,4.829605221748352,7.077975430139682,9.188654622577484,3.024198418571836,9.290726150785174,5.505632932369526,4,134,1.5365490826751027,9.913581045099798,5.219215317006007,-10.478264726309288,-0.1343544587663308,6.890118858447442,8.395630163596227,-13.064242293195028,8.772007989883424,1.6446284651756289,-4.347076510095455,4.347076510095455,-73.88431574294734,-0.07023174091592388,True,True,-2.2244431677239622
2.0,3.0,2.5,descent_rate_mps,13,537,0.7393957861272757,0.4944284851208922,0.5122864246369789,0.1782476787982335,0.3767945743957584,1.048647039815026,1.5290715197722111,0.0280115915381492,1.533219019572058,0.6964221367464867,4,134,0.8460803737513788,0.5952719532400408,0.6981917445254294,0.3521970095551661,0.4465740831281263,1.0976980351486818,1.54700781886392,0.328602741161926,1.65933526479273,1.158349215984129,0.10668458762410304,0.10668458762410304,14.428617206879634,0.1859053198884505,False,False,0.21577354629561382
2.0,3.0,2.5,groundspeed_mps,13,537,16.04163653451628,7.251630426002916,17.096374844570143,6.022505068249051,9.941401672652583,20.47286874918096,24.75002695207593,1.2901518217577803,28.284416766475854,16.021636581684437,4,134,16.813165285936147,6.863830803856536,19.662146111600308,8.464782153734081,15.806891584667568,20.668419812868887,21.172975262208386,6.629254796000709,21.299114124543262,16.880256291024484,0.7715287514198685,0.7715287514198685,4.809538913064105,2.565771267030165,False,False,0.10639383229643345
2.0,3.0,2.5,p_radps,13,537,0.0200638414563801,0.1016814010534419,-0.0116278744166399,-0.0591121966113618,-0.0247130171046592,0.0228419541603042,0.1795389830110925,-0.0678085729568486,0.3338377975548307,0.0308493712509516,4,134,-0.022353991673398,0.0328074628475219,-0.0194703111625902,-0.0586565756521863,-0.0389889928063964,-0.0028353100295918,0.0099114395902592,-0.0635734713636338,0.013098126995222,-0.0264977205079048,-0.0424178331297781,0.0424178331297781,-211.41431575801082,-0.0078424367459503,False,False,-0.41716412923425455
2.0,3.0,2.5,pilot_pitch_centered,13,537,-0.0938499432869129,0.1418071228480071,-0.0477358490566037,-0.3272042857142856,-0.1827317073170731,-0.0306666666666666,0.064333333333333,-0.3848857142857141,0.1763333333333333,-0.0873846153846154,4,134,-0.4379658223889931,0.3364655772598066,-0.3462983114446529,-0.8376846153846154,-0.5084230769230769,-0.2758410569105691,-0.1665815447154472,-0.92,-0.1392666666666667,-0.333,-0.3441158791020802,0.3441158791020802,366.66604906735853,-0.2985624623880492,True,True,-2.426647351634892
2.0,3.0,2.5,pilot_roll_centered,13,537,-0.0111065041908467,0.0732687885485653,-0.0461052631578947,-0.0527523809523809,-0.0518867924528301,-0.0075428571428571,0.1259999999999998,-0.0531666666666666,0.1935,-0.009076923076923,4,134,0.0189891181988742,0.0126382104581934,0.0220743902439024,0.0043765384615384,0.012651923076923,0.0284115853658536,0.0292823170731707,0.0023076923076923,0.0295,0.01875,0.0300956223897209,0.0300956223897209,-270.9729530784661,0.0681796534017971,True,False,0.41075638052582775
2.0,3.0,2.5,pilot_throttle_norm,13,537,0.0600656808429043,0.0521940649254777,0.0470833333333333,0.0426342857142857,0.043,0.0478571428571428,0.1223182608695649,0.0423,0.2336,0.0475384615384615,4,134,0.0110860772357723,0.0074461601593514,0.014305487804878,0.0020341463414634,0.010170731707317,0.0152208333333333,0.0156308333333333,0.0,0.0157333333333333,0.01125,-0.048979603607131994,0.048979603607131994,-81.54340868162834,-0.03277784552845531,True,True,-0.9384132789248109
2.0,3.0,2.5,pitch_deg,13,537,3.402397171867242,2.736836663781637,3.727895456811656,0.2288283832992117,0.8342519678873941,5.566166380177373,7.174784874501748,-0.174761575491478,8.704864787310362,3.2055388322243323,4,134,-1.2731566668581045,10.653738460702249,2.857513895212458,-14.164943655808468,-2.614304695147288,4.198661923501641,5.835691535193472,-17.052603395973765,6.244948938116432,-1.8642981696128844,-4.675553838725346,4.675553838725346,-137.41940174960214,-0.8703815615991979,True,True,-1.708378837728985
2.0,3.0,2.5,q_radps,13,537,0.0071272725262997,0.0486510363290096,0.0221745435796353,-0.0719380704102178,-0.014766091013342,0.0473620142315906,0.0606865118659749,-0.1006968562607653,0.0657087003878716,-0.0143925678522254,4,134,0.0816639034375029,0.1065122980718116,0.0362555247026544,0.0154500834264296,0.0172556050397146,0.1006638231004427,0.2114494536773641,0.0149987030231083,0.2391458613215945,0.066357711693854,0.0745366309112032,0.0745366309112032,1045.794595845218,0.014080981123019098,True,True,1.5320666636397746
2.0,3.0,2.5,sideslip_deg,13,537,1.1462284041748303,4.40370234692049,0.2452158117439688,-3.285065055100814,-2.099599758783976,3.9182309100502417,8.759500711450354,-3.550091088336447,9.789491320413257,1.3429744908442864,4,134,7.726716797762061,8.42522927324378,6.0436437835296,0.2612424294077435,3.61879528176326,10.1515652995284,17.548493386041823,-0.5781457836811359,19.397725407670183,7.989053055644035,6.580488393587231,6.580488393587231,574.0992257406607,5.798427971785631,True,False,1.4943081696220837
2.0,3.0,2.5,throttle_output,13,537,2.949532715922522,5.4153505795711325,1.5,1.0,1.0,1.951219512195122,9.568695652173886,1.0,20.921739130434784,1.5769230769230769,4,134,2.1403382282990675,4.280676456598135,0.0,0.0,0.0,2.1403382282990675,7.277149976216826,0.0,8.56135291319627,1.402917981147766,-0.8091944876234547,0.8091944876234547,-27.434667303575367,-1.5,True,False,-0.14942605759931035
3.0,4.0,3.5,airspeed_mps,13,523,18.527774678034383,4.613178858882172,20.4203169449516,11.09396176011222,15.754822684723196,21.769528071085613,23.14399447123209,8.669518867901393,24.91321436564128,18.60381973706759,4,49,20.919441422573605,3.068823424809997,21.61075444597947,17.327944505662845,19.592243171276007,22.93795269727707,23.54310010671616,16.761869839259557,23.694386959075928,20.246922731399536,2.391666744539222,2.391666744539222,12.908548307070381,1.1904375010278692,False,False,0.5184422320704798
3.0,4.0,3.5,aoa_deg,13,523,5.317610080179605,1.8592056355414548,5.64119435393292,2.9784791639264747,3.888502502441406,6.593686024347941,8.02442262844463,2.472524404525757,8.199774259158543,5.260925751466018,4,49,2.642445152863524,5.355608254826179,4.89941143989563,-3.8799515162195473,1.7640068275587897,5.777849765200364,6.005089020101647,-5.290941102164132,6.061898833826969,2.1296190917491917,-2.6751649273160814,2.6751649273160814,-50.307654885928116,-0.74178291403729,True,True,-1.438875225083424
3.0,4.0,3.5,descent_rate_mps,13,523,1.0343060395063022,0.6819019469972201,1.2607973068951872,0.1659485000842996,0.4409246341040987,1.3288788795472593,2.0104355282251247,0.1178487709590524,2.497919665442132,1.02237655566289,4,49,2.0846785831829524,0.668677192520816,2.160064258745514,1.3426850240922363,1.7192914723459416,2.525451369582525,2.721132196486081,1.24853341202881,2.770052403211971,2.1384376287458613,1.0503725436766502,1.0503725436766502,101.55336076138713,0.8992669518503269,True,True,1.540357155896099
3.0,4.0,3.5,groundspeed_mps,13,523,18.45224187683481,5.187779307004547,19.190945540510523,10.87254123811866,15.789621544413198,21.27574589420796,25.184518481133978,8.862705208100275,28.708946283137777,18.44246393560864,4,49,19.86173166013018,2.305439542161668,20.69967766391277,17.08393612659329,19.56888919413284,20.992520129910105,21.46640278837145,16.462697859708403,21.58487345298679,19.750906289413724,1.409489783295367,1.409489783295367,7.638582849192212,1.5087321234022468,False,False,0.27169424524136404
3.0,4.0,3.5,p_radps,13,523,0.0258325330625236,0.0926583163493007,-0.0034842124829689,-0.0389690753476404,-0.0274846949435483,0.0345127884298562,0.2012206377709903,-0.0501228302120439,0.2874993282059828,-0.0080019993832907,4,49,0.0056116703162022,0.067464549853224,0.0186226907369148,-0.0727235813092972,-0.0128899227960833,0.0371242838492003,0.065731493352704,-0.0876819959376007,0.0728832957285799,0.010408762609586,-0.0202208627463214,0.0202208627463214,-78.27673227933153,0.022106903219883702,False,False,-0.21823041409573385
3.0,4.0,3.5,pilot_pitch_centered,13,523,-0.0999043349253715,0.0990643809156144,-0.0942222222222222,-0.2772307692307692,-0.1351739130434782,-0.0205,0.0067199999999999,-0.3150769230769231,0.0168,-0.0769230769230769,4,49,-0.3138049812030075,0.2032858167882588,-0.2678421052631579,-0.5525454887218044,-0.3655845864661654,-0.2160625,-0.1394125,-0.5992857142857142,-0.12025,-0.32825,-0.213900646277636,0.213900646277636,214.10547043571202,-0.17361988304093567,True,True,-2.159208428908894
3.0,4.0,3.5,pilot_roll_centered,13,523,-0.0128921470842236,0.0976912125143832,-0.0464897959183673,-0.053328,-0.0511650485436893,-0.0283999999999999,0.1240266666666662,-0.05432,0.3076666666666666,-0.0156923076923076,4,49,0.0539135338345864,0.071197656890475,0.0269342105263157,0.0059302631578947,0.0196513157894736,0.0611964285714285,0.1396678571428571,0.0025,0.1592857142857142,0.04975,0.06680568091881,0.06680568091881,-518.1889446526837,0.073424006444683,True,False,0.6838453449328835
3.0,4.0,3.5,pilot_throttle_norm,13,523,0.0458269732217467,0.0023153653734788,0.0471111111111111,0.0428133333333333,0.043,0.0478666666666666,0.0479421956684092,0.0426333333333333,0.0479708737864077,0.046076923076923,4,49,0.0111069078947368,0.0074278469406877,0.0145263157894736,0.0021,0.0105,0.0151332236842105,0.0153266447368421,0.0,0.015375,0.011,-0.0347200653270099,0.0347200653270099,-75.76338319139494,-0.032584795321637494,True,True,-14.995501671014258
3.0,4.0,3.5,pitch_deg,13,523,2.2863412461521286,2.6263415845222413,2.236424789428711,-1.3086531933810972,0.9470183352629344,3.676961550345788,6.085550439093876,-3.610247857040829,6.20814127445221,2.2186214247575173,4,49,-2.6886023491206474,6.603749685856234,-1.1642023365199563,-10.482316341517226,-4.737202222592064,0.8843975369514603,2.970951625634964,-11.918594871248516,3.492590147805841,-3.110795670747757,-4.9749435952727765,4.9749435952727765,-217.59409727858943,-3.400627125948667,True,True,-1.8942484955466181
3.0,4.0,3.5,q_radps,13,523,0.042426082941334,0.0577983335529786,0.0239832299388945,-0.0278525885151854,0.0085873019881546,0.0682789888232946,0.1250941797881127,-0.0576469310510826,0.1694520223471853,0.0210754083147129,4,49,0.0186518407794401,0.1344191692641373,0.0813689167415232,-0.1440037327352911,0.010374656645581,0.0896461008753823,0.0935035079472551,-0.1825983300805091,0.0944678597152232,0.0070913527160882,-0.023774242161893902,0.023774242161893902,-56.03685401447144,0.057385686802628705,False,False,-0.4113309277351771
3.0,4.0,3.5,sideslip_deg,13,523,0.2563116571331048,5.581386085959895,0.4076466399889726,-7.179970389207203,-3.261179208755493,3.88144126534462,7.721794620753842,-11.2876846631368,8.56461540240686,0.1338649162879358,4,49,2.2713758446332206,2.2572844747164504,3.322812395436423,-0.450606146454811,2.1888359040021896,3.4053523360674545,3.521346664596769,-1.1104666590690613,3.5503452467290977,2.393067300319672,2.0150641875001156,2.0150641875001156,786.1773475459511,2.9151657554474504,False,False,0.3610329327636115
3.0,4.0,3.5,throttle_output,13,523,1.4441183591445912,0.4127295880720873,1.3877551020408163,1.0,1.0,1.88,1.9739130434782608,1.0,2.0,1.3846153846153846,4,49,0.1076501756906509,0.2153003513813018,0.0,0.0,0.0,0.1076501756906509,0.366010597348213,0.0,0.4306007027626037,0.0,-1.3364681834539403,1.3364681834539403,-92.5456126910251,-1.3877551020408163,True,True,-3.2381206050594873
4.0,5.0,4.5,airspeed_mps,13,315,20.074962995591555,2.682982196468716,20.06884702046712,16.142823917682353,17.72359848022461,21.969446035531853,23.26134309314546,15.113345938462478,23.7408816019694,20.187917929429275,4,61,22.257014781709703,1.20108985584674,22.662568682716007,20.80509278736417,21.99251173412989,22.92707173029582,23.141161314646403,20.508238050672745,23.19468371073405,22.146886348724365,2.182051786118148,2.182051786118148,10.869518347791349,2.5937216622488855,True,False,0.8132934273623277
4.0,5.0,4.5,aoa_deg,13,315,4.755569193713606,2.117830593088638,5.3117781552401455,1.8277066673551288,2.8028436501820884,6.486498205285323,7.252215239818277,1.3416300330843245,8.176396303910476,4.7372732024926405,4,61,4.625549538277839,1.2943328218279402,4.519946092651004,3.349013096370079,3.84002802134664,5.305467609582204,6.049930804063167,3.2262593651259386,6.236046602683408,4.925203680992127,-0.13001965543576777,0.13001965543576777,-2.734050334240556,-0.7918320625891413,False,False,-0.061392849768095704
4.0,5.0,4.5,descent_rate_mps,13,315,1.2917456876797395,0.8103433501136361,1.347914457320953,0.3432880705053952,0.5439303050169999,1.5910339355474932,2.50017986153134,0.3034257888793463,3.2756886879615394,1.2740399287301782,4,61,1.861499787639707,1.186873149317033,1.8125891401675425,0.7913021107828325,0.878206333786159,2.7958825940210903,3.000172370957612,0.7695760550320009,3.0512448151917426,1.801111102102282,0.5697540999599675,0.5697540999599675,44.10729645890064,0.4646746828465895,True,False,0.7031020861466559
4.0,5.0,4.5,groundspeed_mps,13,315,20.4121912227137,3.4134881202902814,20.755408547624,16.348930441729085,17.52829928089735,21.68308143663429,25.37479448650771,15.86682758671195,28.69150044208882,20.52647944178474,4,61,21.005312681339547,0.5628867886037779,21.04171855697387,20.44626389857732,20.581659801567948,21.465371436745464,21.513393238213723,20.412414922829655,21.525398688580783,20.97198713200978,0.5931214586258449,0.5931214586258449,2.9057216452384003,0.2863100093498687,False,False,0.17375817279112316
4.0,5.0,4.5,p_radps,13,315,0.0143269021646954,0.0904376766806872,-0.0040141079021064,-0.095452117199699,-0.0288363054306024,0.0387339165511851,0.1578593237494878,-0.1408667645106713,0.2407757641239599,0.0024878545932901,4,61,0.0205185857794565,0.0972336708777807,-0.0028555205282163,-0.061006376978531,-0.0233890760920032,0.0410521413432434,0.1347672973681861,-0.0704107022001629,0.1581960863744218,0.0114003257185686,0.006191683614761101,0.006191683614761101,43.21718361432491,0.0011585873738901003,False,False,0.0684635413249545
4.0,5.0,4.5,pilot_pitch_centered,13,315,-0.0904444592610584,0.1254340584469783,-0.0810181818181818,-0.2635757085020243,-0.1869189189189189,-0.0098461538461538,0.0796495238095237,-0.2876315789473683,0.0935238095238095,-0.0727692307692307,4,61,-0.2537632275132275,0.4009010052758487,-0.0966428571428571,-0.7408857142857143,-0.3592857142857142,0.0088796296296296,0.0133907407407407,-0.8362857142857143,0.0145185185185185,-0.291,-0.1633187682521691,0.1633187682521691,180.57354711001884,-0.015624675324675305,True,False,-1.3020288929039545
4.0,5.0,4.5,pilot_roll_centered,13,315,-0.0217333638750642,0.0506543861443092,-0.0466842105263157,-0.0548333333333333,-0.0541904761904762,0.0029333333333333,0.0617745454545453,-0.0553333333333333,0.1200363636363636,-0.0228461538461538,4,61,0.0205753968253968,0.0125628503079883,0.0259841269841269,0.0052666666666666,0.0183333333333333,0.0282261904761904,0.0283119047619047,0.002,0.0283333333333333,0.019,0.042308760700460996,0.042308760700460996,-194.67193824055926,0.0726683375104426,True,False,0.8352437749403898
4.0,5.0,4.5,pilot_throttle_norm,13,315,0.0462620304249858,0.0021820312049062,0.0474307692307692,0.042869264069264,0.0443272727272727,0.048,0.0480947368421052,0.0428095238095238,0.0482368421052631,0.0462307692307692,4,61,0.0111858465608465,0.0074810755944245,0.0146216931216931,0.0021142857142857,0.0105714285714285,0.0152361111111111,0.0154472222222222,0.0,0.0155,0.011125,-0.0350761838641393,0.0350761838641393,-75.82067527497647,-0.0328090761090761,True,True,-16.075014777640238
4.0,5.0,4.5,pitch_deg,13,315,1.440401621091039,3.320705670528989,1.8140173549001868,-3.03513190249602,-0.5486067221923308,2.7261627833048503,6.175646655935988,-5.383638540903728,7.246093535423279,1.379305674479558,4,61,0.2214818456291994,2.8639019970387687,0.3826523142099066,-2.756093931890669,-1.720195694253558,2.324329854092664,2.973418967136078,-3.0150684912999477,3.135691245396932,0.4612550735473633,-1.2189197754618397,1.2189197754618397,-84.62360480673182,-1.4313650406902803,False,False,-0.36706649019805043
4.0,5.0,4.5,q_radps,13,315,0.0093821824851783,0.0478361455514787,0.0148974446579813,-0.0762902975956163,-0.0117205936306466,0.0449947298307401,0.0662949379130794,-0.0857840684350006,0.087090518690545,0.0076181821059435,4,61,0.0047701405362526,0.110557805033869,0.0323407336781244,-0.1256796285634485,-0.0193636609794493,0.0564745351938264,0.0966210792373333,-0.1522586204594483,0.10665771524821,0.039930828846991,-0.0046120419489257,0.0046120419489257,-49.15745303623832,0.0174432890201431,False,False,-0.09641332711395961
4.0,5.0,4.5,sideslip_deg,13,315,-0.3838136587340655,5.197302130733744,0.6019569728020076,-7.971989381096579,-3.84412213734218,2.719383533184345,6.474689146510338,-11.853883474523371,7.907577832539876,-0.4289209842681886,4,61,2.054726850384324,1.8345021551565963,2.8112109388623923,-0.1675792059728076,1.8609192818403244,3.0050185074063918,3.2179551828721604,-0.6747038279260907,3.271189351738603,2.148880645632744,2.4385405091183894,2.4385405091183894,-635.3449007420527,2.209253966060385,False,False,0.4691935253673854
4.0,5.0,4.5,throttle_output,13,315,1.5388236867993954,0.4040918848037855,1.5384615384615383,1.0,1.1454545454545455,1.9166666666666667,2.0,1.0,2.0,1.5769230769230769,4,61,0.0,0.0,0.0,0.0,0.0,0.0,0.0,0.0,0.0,0.0,-1.5388236867993954,1.5388236867993954,-100.0,-1.5384615384615383,True,True,-3.8081034157530795
5.0,6.0,5.5,airspeed_mps,13,207,20.94980039597959,1.8917469523764536,20.801218899813566,18.1886473569003,19.55694713592529,22.672848510742188,23.399707647959392,17.427614212036133,23.41934148470561,20.947752512418308,4,46,22.34420665862068,0.5507968422658186,22.56111380410573,21.67661177090236,22.27113291195461,22.63418755077181,22.70813154265994,21.527981485639295,22.72661754063197,22.15380549430847,1.3944062626410911,1.3944062626410911,6.655940564038439,1.7598949042921639,False,False,0.7370997801209129
5.0,6.0,5.5,aoa_deg,13,207,4.828189119503819,1.9260471097810132,5.623408289516673,2.16561412413915,3.264615860852328,6.086483669281006,7.399660367232102,1.529864971836408,7.500233576847957,4.795666575431824,4,46,3.574101811718373,1.8787759505607196,3.896367447716849,1.526595608464309,2.38806148405586,5.082407775379362,5.17043612457457,1.3112291395664215,5.192443211873372,3.4468478560447693,-1.2540873077854462,1.2540873077854462,-25.974278901368418,-1.7270408417998242,False,False,-0.6511197474957052
5.0,6.0,5.5,descent_rate_mps,13,207,1.6254559437396996,0.8404685193606951,1.6664667924245329,0.6372861273147931,1.046752572059722,1.9070252505213767,2.786045789718117,0.5848135667689022,3.9106817245482,1.5962251333095925,4,46,2.059979963868295,1.077436230330933,2.0529239518280464,1.096750273589985,1.150978477228808,2.961925438467534,3.033088071002953,1.0831932226802792,3.050878729136808,2.1950769424456062,0.4345240201285956,0.4345240201285956,26.732439092066848,0.38645715940351355,True,False,0.5170021364501761
5.0,6.0,5.5,groundspeed_mps,13,207,21.177829478689617,3.072449603895815,21.11606366505756,17.421560723606802,18.875796027263103,22.211998882023583,25.506190439584607,16.057528633911737,28.61123917359158,21.18168771254648,4,46,20.87860432422961,0.2606319152192582,20.84209725347946,20.649143630308885,20.673158769074764,21.0475428086343,21.15917491720052,20.643139845617416,21.187082944342077,20.588547292294944,-0.2992251544600073,0.2992251544600073,-1.4129170071989923,-0.2739664115781011,False,False,-0.09738976811225636
5.0,6.0,5.5,p_radps,13,207,-0.0138724153713259,0.0939836148768678,0.0088187959725993,-0.176279534512397,-0.04544578876812,0.0565006628632545,0.087381651730587,-0.2198221913228432,0.1066346665223439,-0.0162770248649534,4,46,-0.0560977006285351,0.0412467915252341,-0.052855992336325,-0.1016884957531666,-0.0709889441121569,-0.0379647488527033,-0.0150452971129977,-0.109363383663419,-0.0093154341780713,-0.0560349742881953,-0.0422252852572092,0.0422252852572092,304.3830805736131,-0.0616747883089243,True,False,-0.44928347683296144
5.0,6.0,5.5,pilot_pitch_centered,13,207,-0.0636396121224175,0.1635806436464283,-0.0257142857142857,-0.3555953846153846,-0.113,0.04,0.1210799999999999,-0.4535384615384616,0.1425,-0.0723846153846154,4,46,-0.030063492063492,0.0468665409768987,-0.0214126984126984,-0.0810095238095238,-0.0599047619047619,0.0084285714285714,0.0087714285714285,-0.0862857142857143,0.0088571428571428,-0.01375,0.033576120058925504,0.033576120058925504,-52.7597811161047,0.004301587301587299,False,False,0.20525729273628898
5.0,6.0,5.5,pilot_roll_centered,13,207,-0.0495758007452577,0.0214980864956438,-0.0504,-0.0756933333333333,-0.0543333333333333,-0.0481538461538461,-0.0180363636363636,-0.1058333333333333,-0.0178181818181818,-0.0535384615384615,4,46,0.0205753968253968,0.0125928174027329,0.0252936507936508,0.0053214285714285,0.0186071428571428,0.0272619047619047,0.0292238095238095,0.002,0.0297142857142857,0.01975,0.0701511975706545,0.0701511975706545,-141.50290366689637,0.0756936507936508,True,True,3.263136818473094
5.0,6.0,5.5,pilot_throttle_norm,13,207,0.0464320353477593,0.0021125334507259,0.0475999999999999,0.0428075757575757,0.0457,0.0478181818181818,0.0479264705882353,0.0427916666666666,0.0479411764705882,0.0466153846153846,4,46,0.0112003968253968,0.0075077949330589,0.0144722222222222,0.0020916666666666,0.0104583333333333,0.0152142857142857,0.0157285714285714,0.0,0.0158571428571428,0.01125,-0.035231638522362496,0.035231638522362496,-75.87786806779017,-0.0331277777777777,True,True,-16.677434627251156
5.0,6.0,5.5,pitch_deg,13,207,0.7846378235364473,2.947177694328293,1.4932697469537908,-4.040348076820373,-1.0725615512241016,2.976261427005132,4.232559087416705,-5.707431793212891,4.30088438987732,0.7438878325315622,4,46,-0.7240753887366091,2.685912159631299,-0.8271053906849453,-3.4867929762431555,-2.091409698895045,0.5402289194734914,2.182884201497607,-3.835638795580183,2.5935480220036373,-1.0887504243850707,-1.5087132122730564,1.5087132122730564,-192.28147904890992,-2.3203751376387363,False,False,-0.5119179665265875
5.0,6.0,5.5,q_radps,13,207,0.0325953797503518,0.0472867004341058,0.0264767348766326,-0.0244885093363171,0.0021919871525218,0.0548231980452934,0.1152519770617876,-0.0470315855504436,0.1320092999734557,0.0270620505415046,4,46,-0.0029030838114623,0.063597651598356,-0.005078013853303,-0.0685191683720664,-0.0351293925112778,0.0271482948465124,0.0657579028077186,-0.0768666123372635,0.0754103047980202,-0.0231275550322607,-0.0354984635618141,0.0354984635618141,-108.90642733325102,-0.0315547487299356,True,False,-0.7507071382847139
5.0,6.0,5.5,sideslip_deg,13,207,0.5925898842063012,3.980955917452445,1.1449748169292102,-4.241000952720642,-3.1417422592639923,3.0451456633481118,6.277914209680239,-4.584963417053222,8.433897938047137,0.6243581955249493,4,46,2.463344347618875,2.360090998445478,2.915750787371681,-0.2812971085309981,1.7566180037600654,3.6224771312304895,4.57461678811482,-0.7907758866037641,4.812651702335903,2.927128091454506,1.870754463412574,1.870754463412574,315.6912585367892,1.7707759704424706,False,False,0.46992594296541124
5.0,6.0,5.5,throttle_output,13,207,1.5438945669714903,0.4117384574654381,1.6,1.0,1.0,1.9090909090909087,2.0,1.0,2.0,1.6153846153846154,4,46,2.0500296524592807,3.968988191460493,0.0991287231445312,0.0,0.0,2.149158375603812,6.831320605959208,0.0,8.00186116354806,2.138547420501709,0.5061350854877904,0.5061350854877904,32.7830083941954,-1.5008712768554688,True,True,1.2292635684396231
6.0,7.0,6.5,airspeed_mps,13,153,21.29457449015553,1.8782110453981204,20.91527318954468,18.633707962036134,20.32632827758789,23.07247495651245,23.84175141652425,18.074797058105467,24.086950143178303,21.280459770789516,4,40,22.667023878438133,0.658704628890288,22.550209413255963,22.084121911525727,22.19717606306076,23.02005722863333,23.41346609660557,22.055858373641968,23.51181831359863,22.732107877731323,1.3724493882826039,1.3724493882826039,6.4450660374410695,1.634936223711282,False,False,0.7307216042868541
6.0,7.0,6.5,aoa_deg,13,153,4.42928784542357,1.6048404448080928,4.945601680062034,2.1743839514255523,2.944383080800374,5.566155632336934,6.307881406148274,1.8507945716381076,6.637104797363281,4.445443249665773,4,40,3.5627816455704826,0.9630526655990568,3.57342711687088,2.5492239236831664,3.004353165626526,4.131855596814837,4.561435707637242,2.4354416131973267,4.668830735342843,3.848138451576233,-0.8665061998530872,0.8665061998530872,-19.5631042752929,-1.372174563191154,False,False,-0.5399329276978088
6.0,7.0,6.5,descent_rate_mps,13,153,1.880553530265082,0.7506839614588292,1.6940220197037337,1.1317615032193844,1.6235329707462356,2.077100753784268,3.029799950122068,0.910901427268954,4.057713031768941,1.8563220134137148,4,40,2.4762408499222635,1.240601673895766,2.7185415157275523,1.029037323594182,2.051848128438925,3.1429342372108917,3.58422344412294,0.7733346223829962,3.694545745850952,2.7735826373145898,0.5956873196571815,0.5956873196571815,31.67616928049975,1.0245194960238186,True,False,0.7935261045134925
6.0,7.0,6.5,groundspeed_mps,13,153,21.50824092193813,2.995142051070054,21.313838023134203,17.544446770476103,19.50802282192369,22.8022929402566,25.602439393824717,16.355319888452637,28.53806778766993,21.506648127955373,4,40,21.312027796999924,1.560121042941362,20.755331208395248,20.207887634671035,20.513561479208988,21.553797526186184,23.195543183375364,20.131469173536548,23.60597959767266,21.274536477972564,-0.19621312493820398,0.19621312493820398,-0.912269514045052,-0.5585068147389549,False,False,-0.0655104571311081
6.0,7.0,6.5,p_radps,13,153,-0.0089570650331126,0.0941417680903418,-0.0045080976560711,-0.1413986751030791,-0.0429619558465977,0.0465715913257251,0.1077019266189575,-0.2132745712995528,0.1862539999186992,-0.018688804971484,4,40,0.056892080342264,0.1336470677723441,0.0374450029206595,-0.0677237067976966,0.0005724967224523,0.0937645865404712,0.208733775872471,-0.0847977576777339,0.237476073205471,0.0568462796509265,0.0658491453753766,0.0658491453753766,-735.1643103175492,0.0419531005767306,True,False,0.6994679058097295
6.0,7.0,6.5,pilot_pitch_centered,13,153,-0.0020224463570617,0.1079921149299257,-0.0065333333333333,-0.1746999999999999,-0.0436923076923077,0.0635,0.1533599999999999,-0.2124999999999999,0.1871999999999999,-0.0075384615384615,4,40,-0.0160392857142857,0.0311771662804513,-0.00515,-0.0537535714285714,-0.0253392857142857,0.00415,0.0064299999999999,-0.0608571428571428,0.007,-0.0087499999999999,-0.014016839357224,0.014016839357224,693.0635914412231,0.0013833333333332998,False,False,-0.12979502592684009
6.0,7.0,6.5,pilot_roll_centered,13,153,-0.0149023847946924,0.0768456312546062,-0.05,-0.0569672727272727,-0.054,-0.0399999999999999,0.1469399999999999,-0.0578181818181818,0.17625,-0.0127692307692307,4,40,0.0176875,0.0121989326718911,0.02025,0.003815,0.011075,0.0268624999999999,0.0279724999999999,0.002,0.0282499999999999,0.0199999999999999,0.032589884794692395,0.032589884794692395,-218.6890571118492,0.07025,True,False,0.4240954789832497
6.0,7.0,6.5,pilot_throttle_norm,13,153,0.046548951048951,0.0021856457014257,0.0477999999999999,0.0429166666666666,0.0456,0.048,0.0482545454545454,0.0429166666666666,0.0486363636363636,0.046576923076923,4,40,0.01115625,0.0074727386490273,0.0146125,0.0020775,0.0103875,0.0153812499999999,0.01539625,0.0,0.0154,0.01125,-0.035392701048951,0.035392701048951,-76.03329452414931,-0.0331874999999999,True,True,-16.193247160719732
6.0,7.0,6.5,pitch_deg,13,153,-0.2042109767634648,2.5089242294819143,0.8767976978878406,-4.471978619098663,-1.0133833177387714,1.1514333337545395,2.3747992961834608,-5.647047615051269,3.764818628629049,-0.1872190569455807,4,40,-2.1423085246524067,2.527469272399925,-2.1460109551889555,-4.787941486090422,-3.0140150628983973,-1.2743044169429645,0.5085078395367761,-5.231423091888428,0.9542109036567126,-2.3554329660767688,-1.938097547888942,1.938097547888942,949.0662934019545,-3.022808653076796,True,False,-0.7724814982910638
6.0,7.0,6.5,q_radps,13,153,0.0294160422226345,0.0411687065323749,0.0284526933683082,-0.0232298864610493,-0.0012560699135065,0.0488031057640909,0.0884548178873955,-0.0385950540890917,0.1087555903941392,0.0254587896096591,4,40,-0.0541573708419621,0.0737682379357522,-0.0573577317409217,-0.1296135629049968,-0.0940009919402655,-0.0175141106426183,0.0257793264796158,-0.1385167056461796,0.0366026857601744,-0.0378278426360338,-0.0835734130645966,0.0835734130645966,-284.10828496938353,-0.0858104251092299,True,True,-2.0300228038224817
6.0,7.0,6.5,sideslip_deg,13,153,0.7289441196240254,3.9115419995592102,1.3520188728968303,-4.8825887028376265,-2.7520395815372467,2.9002368648846946,6.014454565048215,-5.530372873942057,6.934831500053406,0.7575841133411114,4,40,1.2245233063186918,3.360186364033542,0.7024182387760708,-1.827872844679015,-1.1136035727603095,3.040545117855072,5.0078665518760666,-2.0064401626586914,5.499696910381317,1.225602149963379,0.4955791866946664,0.4955791866946664,67.98589540036019,-0.6496006341207595,False,False,0.12669662929619904
6.0,7.0,6.5,throttle_output,13,153,1.5358974358974358,0.4535914376481244,1.7916666666666667,1.0,1.0,2.0,2.0,1.0,2.0,1.5384615384615383,4,40,7.1183043152093886,8.735042162057907,5.286653643846512,0.0043936818838119,0.0219684094190597,12.38298954963684,16.79652588844299,0.0,17.89990997314453,7.674528360366821,5.582406879311953,5.582406879311953,363.4622175178066,3.4949869771798454,True,True,12.307125787595952
7.0,8.0,7.5,airspeed_mps,13,136,21.58934303172056,1.877547477498795,21.01113019670759,19.19530086517334,20.301654468883168,23.05513906478882,24.20160926939949,18.62419033050537,24.511654747856987,21.554557653573845,4,37,23.11169838533773,0.7392858212642857,22.95823376519339,22.4689356704811,22.799135722123182,23.27079642840794,23.96931156839643,22.386385657570575,24.143940353393557,22.96199369430542,1.5223553536171686,1.5223553536171686,7.0514204687952695,1.947103568485801,True,False,0.8108212292161041
7.0,8.0,7.5,aoa_deg,13,136,4.2369254543278325,1.8615333302556687,4.423283760364239,1.9183962477578056,2.2528725266456604,5.929517030715942,6.715461145506965,1.7898277971479628,6.747153070237902,4.271684472377483,4,37,3.01174946509592,1.3110629903452538,3.3158962813290684,1.5205067301048087,2.2954174570932797,4.032228289331709,4.077186657360622,1.3267790483576911,4.08842624936785,2.6895042583346367,-1.2251759892319125,1.2251759892319125,-28.916628400446587,-1.1073874790351703,False,False,-0.6581542050948092
7.0,8.0,7.5,descent_rate_mps,13,136,2.12704796085253,0.6737526454667601,2.130557537079068,1.3810426422531696,1.5778508553138135,2.347552776337009,3.176220023632399,1.2623788416391593,3.757394313812605,2.1288950626660275,4,37,2.484713864790472,1.1392038154785915,2.264014234790628,1.4864095302373894,1.6936183091880823,3.055109790393017,3.791997681343336,1.4346073354997162,3.976219654080916,2.123831510543596,0.35766590393794173,0.35766590393794173,16.81513113576375,0.13345669771155988,True,False,0.5308564001112889
7.0,8.0,7.5,groundspeed_mps,13,136,21.698012461820973,2.946899542810031,22.030682513323875,17.61278302681251,19.82027041982689,22.87953376399201,25.633299249127003,16.625316698063983,28.564177705393117,21.696853603985,4,37,21.35873806285216,1.4139556147323498,20.7708886865426,20.464826904418192,20.594653244190678,21.53497350520409,23.07563834811951,20.432370319475076,23.460804558848366,21.19741369172157,-0.3392743989688114,0.3392743989688114,-1.5636197074077,-1.259793826781273,False,False,-0.11512927198234066
7.0,8.0,7.5,p_radps,13,136,-0.024746698035303,0.0513567556321738,-0.0327064948156475,-0.0892777123053868,-0.06544512808502,0.0168962092138826,0.0439802146347408,-0.093646386017402,0.0640857885168356,-0.0273983773882859,4,37,0.0032462159170094,0.0325967453070893,-0.0064453668931881,-0.0223156215614554,-0.0148331146136942,0.0116339636375154,0.0423762693297508,-0.0241862482983957,0.0500618457528097,0.0118659066829423,0.0279929139523124,0.0279929139523124,-113.11777398495117,0.026261127922459396,False,False,0.5450678028184377
7.0,8.0,7.5,pilot_pitch_centered,13,136,0.014091601774294,0.1229854252671385,-0.000625,-0.17833,-0.0278181818181818,0.0668571428571428,0.1857599999999999,-0.2392,0.2244,0.010076923076923,4,37,-0.0161785714285714,0.0413979155872126,0.0027142857142857,-0.0662071428571428,-0.0184642857142857,0.005,0.0074,-0.0781428571428571,0.008,-0.0002499999999999,-0.0302701732028654,0.0302701732028654,-214.81002435141522,0.0033392857142857,False,False,-0.2461281337777635
7.0,8.0,7.5,pilot_roll_centered,13,136,-0.0177103388064926,0.0762493378981006,-0.0536,-0.0743460317460317,-0.0542222222222222,0.0094545454545454,0.1113999999999998,-0.0982222222222222,0.1945,-0.0158461538461538,4,37,0.0201766233766233,0.0122108504965365,0.0251714285714285,0.0054714285714285,0.0193571428571428,0.025990909090909,0.0278890909090909,0.002,0.0283636363636363,0.0199999999999999,0.0378869621831159,0.0378869621831159,-213.92567695670823,0.0787714285714285,True,False,0.4968825071471169
7.0,8.0,7.5,pilot_throttle_norm,13,136,0.0465819338780877,0.0021727199944856,0.047625,0.0428955555555555,0.046125,0.048,0.0482857142857142,0.0428888888888888,0.0487142857142857,0.0465384615384615,4,37,0.0112220779220779,0.0075051412074502,0.0146714285714285,0.0021214285714285,0.0106071428571428,0.0152863636363636,0.0154936363636363,0.0,0.0155454545454545,0.01125,-0.035359855956009795,0.035359855956009795,-75.9089479808892,-0.0329535714285715,True,True,-16.274465207552613
7.0,8.0,7.5,pitch_deg,13,136,-1.0916915921736694,2.5393675088315733,-0.5311697982251644,-5.236402909755707,-2.840816100438436,0.37507276059213,1.6904300932745835,-6.038922500610352,2.159159549645015,-1.1402478298315637,4,37,-2.489854779036401,1.6946548241702566,-1.973924389684742,-4.5263061571121215,-3.0253841638565064,-1.438395004864637,-1.1757059460530035,-4.901536655426026,-1.1100336813500948,-2.397553228735924,-1.3981631868627316,1.3981631868627316,128.0730928850378,-1.4427545914595776,False,False,-0.5505950525081978
7.0,8.0,7.5,q_radps,13,136,0.037927021836661,0.0417636788419265,0.0302028532346917,-0.0154629489644007,0.0116761096620133,0.0630647158715873,0.1046129683870821,-0.0256206017918884,0.1270078004803508,0.0337206767155573,4,37,-0.0410856614834691,0.1090826716171891,-0.0392297077752508,-0.1570926573774548,-0.0995259431898115,0.0192105739310915,0.0723229992190109,-0.1714843359243656,0.0856011055409908,-0.0260534973349422,-0.0790126833201301,0.0790126833201301,-208.32820372875915,-0.0694325610099425,True,True,-1.8918995048110891
7.0,8.0,7.5,sideslip_deg,13,136,0.4925128070699704,3.69402476194284,0.6598431268706918,-4.92577144077846,-1.840422683291965,1.9408538937568665,6.735982610629153,-5.134498596191406,7.302881901080791,0.481811978496038,4,37,1.8294206283684191,2.7712676017485016,1.104456095104771,-0.4557901176384517,0.2399809028421129,2.693895820631077,5.129581720944396,-0.6297328727585929,5.738503196022728,1.9434493333101277,1.3369078212984487,1.3369078212984487,271.4463059858089,0.44461296823407925,False,False,0.3619108986685064
7.0,8.0,7.5,throttle_output,13,136,1.565084061237907,0.4255571658256994,1.7,1.0,1.0,1.9285714285714288,2.0,1.0,2.0,1.6153846153846154,4,37,3.108446877962584,3.743408817319191,2.207257093702044,0.0578499811036246,0.2892499055181231,5.026454066146504,7.420709472786295,0.0,8.019273324446244,2.693399965763092,1.5433628167246767,1.5433628167246767,98.61213560017664,0.5072570937020442,True,True,3.6266874127947606
8.0,9.0,8.5,airspeed_mps,13,130,21.744704008509967,1.7453818334209543,21.20692525591169,19.35915500640869,20.639293829600017,22.48482522510347,24.28340197971889,18.79529333114624,24.55811718532017,21.72731692974384,4,29,23.7594783782959,1.5070765366766723,23.42841968536377,22.46099081039429,22.77954053878784,24.408357524871825,25.52144811630249,22.3813533782959,25.79972076416016,23.80262351036072,2.0147743697859326,2.0147743697859326,9.265586549246356,2.2214944294520826,True,False,1.1543459036908663
8.0,9.0,8.5,aoa_deg,13,130,3.836145262823637,2.1632935810715024,4.649669859144423,0.954916825358357,2.292133774076189,5.644061300489637,6.412895225948757,-0.2419906580554587,6.579270468817817,3.876861221515216,4,29,3.620054353702636,0.7748889216789806,3.622665854295095,2.799261914491653,3.277884584665298,3.964835623332432,4.437190692084176,2.679606246948242,4.555279459272112,3.7176573872566223,-0.21609090912100104,0.21609090912100104,-5.63302206553943,-1.0270040048493283,False,False,-0.09988977502256947
8.0,9.0,8.5,descent_rate_mps,13,130,2.2891703850617664,0.8139195502021788,2.2559621598984307,1.2112282117205335,1.6811855634044026,2.920116015842624,3.3485585621408345,0.942149275824903,3.9116108417485216,2.289714171337441,4,29,3.050655000265239,1.1125153375938033,3.276076521189128,1.7695926186578217,2.5012279337322747,3.825503587722092,4.016127252579212,1.5866837898892083,4.063783168793492,3.068507313729498,0.7614846152034724,0.7614846152034724,33.26465431199985,1.0201143612906973,True,False,0.93557725086505
8.0,9.0,8.5,groundspeed_mps,13,130,21.83731142319294,2.910143197677628,22.74357121174257,17.74367958969996,19.853542541564007,23.032987842988888,25.63071363496936,17.05476577392712,28.624028727050984,21.838192023195177,4,29,21.744136933057632,1.2447901843413582,21.428724531876185,20.71278825569682,20.93996564084022,22.2328958240936,23.21706297207245,20.655993909410974,23.46310475906717,21.74321507527029,-0.09317449013530776,0.09317449013530776,-0.42667564852488726,-1.3148466798663847,False,False,-0.03201714960613055
8.0,9.0,8.5,p_radps,13,130,0.0220687036309277,0.0535747174019035,0.0124540965900652,-0.0484577770189692,0.0003054289845749,0.0518824351020157,0.1018575974101465,-0.0672363795650501,0.1522185892332344,0.0251612478795532,4,29,0.0020116779548559,0.0594541789118268,-0.0094515800043674,-0.0508011846176703,-0.0243862462202308,0.0169463441707193,0.0708731016702949,-0.0574049192170302,0.0843547910451888,0.0011025844723917,-0.020057025676071802,0.020057025676071802,-90.88447609565667,-0.0219056765944326,False,False,-0.3743748291868578
8.0,9.0,8.5,pilot_pitch_centered,13,130,0.0661327228327228,0.1060247939724573,0.0246666666666666,-0.0538933333333333,-0.0097777777777777,0.1606666666666666,0.2201333333333332,-0.0543333333333333,0.2723333333333333,0.0697692307692307,4,29,0.0044535714285714,0.0042681604793577,0.0030571428571428,0.0012771428571428,0.0015857142857142,0.005925,0.0095849999999999,0.0012,0.0104999999999999,0.0045,-0.0616791514041514,0.0616791514041514,-93.2657068425319,-0.0216095238095238,False,False,-0.5817427140690711
8.0,9.0,8.5,pilot_roll_centered,13,130,-0.0154637973137973,0.0709424825972715,-0.0495555555555555,-0.0575047619047619,-0.0537142857142857,-0.01625,0.1017333333333331,-0.0593333333333333,0.1923333333333333,-0.0172307692307692,4,29,0.02105,0.0129567228366846,0.0256,0.00548,0.0194,0.02725,0.03025,0.002,0.031,0.02075,0.0365137973137973,0.0365137973137973,-236.12439152457404,0.0751555555555555,True,False,0.5146957926617817
8.0,9.0,8.5,pilot_throttle_norm,13,130,0.0463571428571428,0.0021184109183569,0.0475,0.0427857142857142,0.0458571428571428,0.0479999999999999,0.048,0.0427142857142857,0.048,0.0465384615384615,4,29,0.0113208333333333,0.007595361340245,0.0146,0.0021,0.0105,0.0154208333333333,0.0159508333333333,0.0,0.0160833333333333,0.01125,-0.0350363095238095,0.0350363095238095,-75.57909604519779,-0.0329,True,True,-16.538958150284017
8.0,9.0,8.5,pitch_deg,13,130,-1.8373110901085623,2.628549744431018,-1.5657231658697128,-5.602849594751994,-4.669765642711094,0.8554028484172055,1.0904594621062274,-5.930652300516765,1.2987774923443791,-1.8229328875358288,4,29,-3.4885290436890157,2.7941474587552406,-3.873212208066668,-5.849651131629943,-5.842331433296204,-1.519409818459479,-0.5888505256193739,-5.8514810562133786,-0.3562107024093469,-3.47803331553936,-1.6512179535804534,1.6512179535804534,89.87144106787528,-2.307489042196955,False,False,-0.6281859253677087
8.0,9.0,8.5,q_radps,13,130,0.0108760637591337,0.0399383427464575,0.0086903570789016,-0.0486106340773403,-0.0222332835546694,0.0466344144402278,0.0613733213128787,-0.0501544093713164,0.0782174723488943,0.0127926329150795,4,29,-0.011896269840543,0.0183916610013045,-0.0144108567120773,-0.0283765807109219,-0.0259336356605801,-0.0003734908920402,0.0081044626499836,-0.0289873169735073,0.0102239510354896,-0.0174388736486434,-0.022772333599676703,0.022772333599676703,-209.38028779532056,-0.0231012137909789,False,False,-0.5701872444794067
8.0,9.0,8.5,sideslip_deg,13,130,0.2035111128865434,3.371707455662673,0.1151527009076541,-4.5788666429973786,-1.6410414576530457,1.6888873378435771,5.843746123995099,-5.765898749941871,6.200304388999939,0.2285935850097583,4,29,1.4315885695407078,1.833666021759974,1.2651052985340356,-0.3480359880572983,0.2413918362398232,2.45530203183492,3.4442897065480547,-0.4953929441315787,3.691536625226339,1.4473222717642784,1.2280774566541643,1.2280774566541643,603.4449122878182,1.1499525976263816,False,False,0.364230133486714
8.0,9.0,8.5,throttle_output,13,130,1.5277472527472526,0.4402062087161203,1.7,1.0,1.0476190476190477,1.9285714285714288,2.0,1.0,2.0,1.5384615384615383,4,29,2.487282432119052,4.250732184182634,0.5560830374558767,0.0312257558107376,0.156128779053688,2.8872366905212403,7.647018260955807,0.0,8.836963653564453,2.224527359008789,0.9595351793717994,0.9595351793717994,62.80719390241593,-1.1439169625441232,True,True,2.17974022258869
9.0,10.0,9.5,airspeed_mps,13,122,21.899497352548604,1.663633101761432,21.50821876525879,19.4758872163062,21.161385854085285,23.06057181725135,24.454973119099936,18.962448755900063,24.64295705159505,21.918910540067237,4,29,24.250272990305188,1.5666783584303534,23.90128401553992,22.92681965889869,23.13265851875404,25.018898487091064,26.062310886383056,22.87535994393485,26.32316398620605,24.257826328277588,2.350775637756584,2.350775637756584,10.734381707089762,2.3930652502811327,True,False,1.4130373068843214
9.0,10.0,9.5,aoa_deg,13,122,4.331314235428905,2.0349595921509125,4.398787758567116,1.4959207970362445,2.810854400907244,5.171916943330031,7.138288968982118,0.5602120057894633,7.648389975229899,4.368063647013444,4,29,3.739112264717812,0.7980325427772728,3.630383374474265,2.982464334820256,3.301974244189985,4.0675213950020925,4.647980640956334,2.902586857477824,4.793095452444894,3.65761148929596,-0.5922019707110926,0.5922019707110926,-13.67256999889435,-0.7684043840928512,False,False,-0.2910141179192392
9.0,10.0,9.5,descent_rate_mps,13,122,2.4262257748492595,0.8756910094735911,2.2114112642073898,1.3924092685480456,1.6368691126501471,3.1784248352028897,3.5586027145375145,1.2009452371035294,3.601833343505885,2.400445021116641,4,29,3.1184714779734777,0.9768348940579158,3.199191888178734,2.0375302488163376,2.6438481157538973,3.6738152503983135,4.086404132843259,1.8859507820819477,4.189551353454496,3.115662932395308,0.6922457031242182,0.6922457031242182,28.531792477854918,0.9877806239713443,False,False,0.7905136579400897
9.0,10.0,9.5,groundspeed_mps,13,122,21.984370086152488,2.8759143737586226,22.678300670229,17.932440558334118,19.999722674227783,23.2820864554502,25.78088471760729,17.57412802178867,28.71325855551543,21.98579128377496,4,29,21.76572490992188,1.188949695484914,21.49996912192084,20.742146032070007,21.019496040447144,22.246197991395576,23.16136189097521,20.67280852997572,23.390152865870125,21.763043556128437,-0.2186451762306092,0.2186451762306092,-0.9945482875960562,-1.178331548308158,False,False,-0.0760263164389192
9.0,10.0,9.5,p_radps,13,122,0.0555092885799215,0.0988324141821519,0.0310352904489263,-0.0469264501419204,0.0028949438904722,0.0796206472182853,0.2234885769230976,-0.0761409238195763,0.313405875648771,0.046699934433071,4,29,0.056183183055184,0.037406756194987,0.0677796810554961,0.0116085610468871,0.0413683378719724,0.0825945262387077,0.084522707863044,0.0041686168406158,0.0850047532691281,0.0644998007919639,0.0006738944752625042,0.0006738944752625042,1.2140210989954239,0.0367443906065698,False,False,0.006818557260176718
9.0,10.0,9.5,pilot_pitch_centered,13,122,0.083011675303078,0.0892114904201765,0.0838461538461538,-0.0050181818181818,0.0089230769230769,0.1263333333333333,0.2518057142857143,-0.0065454545454545,0.2528,0.0836923076923077,4,29,0.0044047619047619,0.0037739409621094,0.0028095238095238,0.0020428571428571,0.0022142857142857,0.0049999999999999,0.0089999999999999,0.002,0.0099999999999999,0.00425,-0.0786069133983161,0.0786069133983161,-94.69380434899068,-0.08103663003663,True,False,-0.8811299197904443
9.0,10.0,9.5,pilot_roll_centered,13,122,-0.0131792708548364,0.109404669173671,-0.054235294117647,-0.062276923076923,-0.0552307692307692,-0.0184444444444444,0.1516155844155839,-0.0696923076923077,0.3408571428571428,-0.0132307692307692,4,29,0.0210454545454545,0.0128490923241184,0.026,0.0056,0.0199999999999999,0.0270454545454545,0.0295545454545454,0.002,0.0301818181818181,0.0209999999999999,0.034224725400290895,0.034224725400290895,-259.68603101992886,0.080235294117647,True,False,0.3128269173408123
9.0,10.0,9.5,pilot_throttle_norm,13,122,0.0524817919636924,0.0205147767721384,0.0475454545454545,0.043,0.047,0.048,0.0775882352941175,0.0429999999999999,0.1204705882352941,0.0558076923076923,4,29,0.0113333333333333,0.0076011695006609,0.0146666666666666,0.0021,0.0105,0.0155,0.0159,0.0,0.016,0.01125,-0.0411484586303591,0.0411484586303591,-78.40520891288574,-0.0328787878787879,True,True,-2.0057960701889668
9.0,10.0,9.5,pitch_deg,13,122,-1.6118049341047151,2.7784766070747056,-0.9141114155451456,-5.4910537610735215,-3.751537283261617,1.0399451181292534,1.726004046382325,-5.903565311431885,2.19282311742956,-1.5875683908279126,4,29,-3.4916538127702035,2.2695012166722184,-3.5343342236110145,-5.462070159117381,-5.4516017238299055,-1.574386312551313,-1.4614848912458915,-5.46468726793925,-1.433259535919536,-3.4549371469020844,-1.8798488786654883,1.8798488786654883,116.6300486423104,-2.620222808065869,False,False,-0.6765753844674872
9.0,10.0,9.5,q_radps,13,122,-0.0141479685281084,0.0371459760989066,-0.030869983402746,-0.0480806534488995,-0.0390294040941322,0.0026400452056391,0.0463392493019524,-0.0523842237889766,0.0720930416853381,-0.0248952622955235,4,29,0.0197429445166255,0.0274024488268458,0.0238839348016137,-0.0113737038487126,0.012855424603535,0.0307714547147043,0.0450622064829803,-0.0174309859617746,0.0486348944250493,0.0097458956297487,0.0338909130447339,0.0338909130447339,-239.54614386794339,0.0547539182043597,True,False,0.9123710453723003
9.0,10.0,9.5,sideslip_deg,13,122,0.2220446485746756,3.8864610948974807,0.2421237727006276,-4.874983004423288,-1.624672987244346,1.2363823122448392,6.579372816819409,-7.075365433326135,7.45979459469135,0.2037137597799301,4,29,1.525000456904436,1.3641729742971476,2.073663672533902,-0.1362003267198413,1.2388483411692954,2.359815788269043,2.418072738647461,-0.4799624936921255,2.432636976242065,1.5908776819705963,1.3029558083297603,1.3029558083297603,586.799013934157,1.8315398998332746,True,False,0.3352550756369093
9.0,10.0,9.5,throttle_output,13,122,2.1462047756165403,2.1687529241553247,1.7272727272727273,1.0,1.2,2.0,4.894117647058813,1.0,9.235294117647058,2.4615384615384617,4,29,3.225331478459495,3.876757942602439,2.566098604883466,0.0,0.0,5.791430083342961,7.373588979925428,0.0,7.769128704071045,2.864291548728943,1.0791267028429545,1.0791267028429545,50.280696189996775,0.8388258776107389,True,False,0.4975793649999331
10.0,11.0,10.5,airspeed_mps,13,116,22.208944745796163,1.6592339847491742,21.820796293370865,19.791023485588305,21.615582032637164,23.27303485870361,24.86660633087158,19.30447514851888,25.254690647125244,22.24057204906757,4,26,24.10952479952857,0.9882977420673136,24.002531687418617,23.15621079036168,23.713188307625902,24.39886817932129,25.21262916564941,23.01696641104562,25.416069412231447,24.186898231506348,1.9005800537324085,1.9005800537324085,8.55772336545689,2.1817353940477524,True,False,1.1454563197243808
10.0,11.0,10.5,aoa_deg,13,116,4.504024033138801,1.6079639477543803,4.332760420712558,2.2248794571558634,3.698107401529948,5.288451592127482,7.097058010101317,1.8584378163019817,7.614625295003255,4.495560068350572,4,26,3.2222736073391776,2.125412222991053,3.302767166069576,1.2370661169290542,1.496470883488655,5.028569889920099,5.094790115526744,1.172214925289154,5.111345171928406,3.2198452204465866,-1.2817504257996237,1.2817504257996237,-28.457894903957403,-1.0299932546429815,True,False,-0.7971263457676812
10.0,11.0,10.5,descent_rate_mps,13,116,2.626064129293605,1.0376826113561537,2.2624863518611136,1.3286454096559892,1.8023534254593665,3.407998879749629,4.055706214905877,1.2015679303337572,4.62502002716495,2.6089077729439336,4,26,3.2174364030343905,0.5527875208930492,3.117146492000633,2.732083529233391,2.817333787675892,3.5172491073591323,3.84319515228265,2.710770964622766,3.9246816635135295,3.2406836748063554,0.5913722737407854,0.5913722737407854,22.519338623305472,0.8546601401395195,False,False,0.5698970641590663
10.0,11.0,10.5,groundspeed_mps,13,116,22.098846434687776,2.8750848415269465,22.615468127585704,17.992604432035893,20.37575770311568,23.387016350978445,26.15863244740431,17.82596877898766,28.81223205924699,22.093204163177973,4,26,21.756704254880876,1.1284588392300612,21.52490040591449,20.764570065376173,21.05526524415379,22.22633941664157,23.073363832938508,20.69189627068177,23.28511993701274,21.752385613146515,-0.3421421798068991,0.3421421798068991,-1.5482354738202564,-1.0905677216712135,False,False,-0.11900246381083791
10.0,11.0,10.5,p_radps,13,116,0.0032129952715716,0.0896770350489488,0.0101668338962447,-0.0870391079668132,-0.0589025476947426,0.0339862181572243,0.1280235017960267,-0.0907870301355917,0.2508459265033404,0.0057164324859443,4,26,-0.0190377035998694,0.0337297667172598,-0.0140036937248493,-0.0558362607409002,-0.0400914397087901,0.0070500423840712,0.010713239716133,-0.0597724659989277,0.0116290390491485,-0.0024243382504209,-0.022250698871441002,0.022250698871441002,-692.5219924322306,-0.024170527621094,False,False,-0.24812036726343378
10.0,11.0,10.5,pilot_pitch_centered,13,116,0.0870404660698778,0.1043005934587884,0.044,-0.0059333333333333,0.006235294117647,0.1181818181818182,0.2725333333333333,-0.0065,0.2793333333333334,0.088076923076923,4,26,0.0044107142857142,0.0028466324537127,0.0035714285714285,0.0021714285714285,0.0028571428571428,0.005125,0.0078249999999999,0.002,0.0085,0.0045,-0.0826297517841636,0.0826297517841636,-94.93257046421007,-0.040428571428571494,True,False,-0.7922270530206766
10.0,11.0,10.5,pilot_roll_centered,13,116,-0.039557000515824,0.1172446428842418,-0.0564999999999999,-0.1220285714285714,-0.0742,-0.0451111111111111,0.1112848484848479,-0.1365714285714286,0.3376666666666667,-0.0373076923076923,4,26,0.0210196428571428,0.0131182032936321,0.0267,0.0051742857142857,0.0201571428571428,0.0275625,0.0289124999999999,0.0014285714285714,0.0292499999999999,0.02175,0.0605766433729668,0.0605766433729668,-153.13760543783977,0.0831999999999999,True,False,0.516668752471492
10.0,11.0,10.5,pilot_throttle_norm,13,116,0.055485248085248,0.031973612080134,0.0477142857142857,0.043,0.0457999999999999,0.048,0.0934909090909089,0.043,0.1617272727272727,0.0555,4,26,0.0114875,0.0076996076739878,0.0149749999999999,0.00213,0.01065,0.0158125,0.0159625,0.0,0.016,0.0115,-0.043997748085248,0.043997748085248,-79.29629875250714,-0.032739285714285804,True,True,-1.3760643612920072
10.0,11.0,10.5,pitch_deg,13,116,-1.7581301544754344,2.600509430135113,-1.739454170068105,-5.512478802998861,-4.304663101832072,0.4825519756837325,1.5485236591762963,-5.788262208302816,1.646426068411933,-1.7578140267959008,4,26,-4.078390879425264,3.1401424821122434,-4.076181385403587,-6.850900077819825,-6.758151054382324,-1.396421210446528,-1.3089749726610524,-6.874087333679199,-1.2871134132146835,-4.068475172519683,-2.3202607249498293,2.3202607249498293,131.97320568351867,-2.3367272153354826,False,False,-0.892233151728766
10.0,11.0,10.5,q_radps,13,116,0.0197119657426818,0.0586239519021929,-0.0033178362064063,-0.036996553146111,-0.0124248260011275,0.0301328800613356,0.1212776897847651,-0.0484832578116435,0.1593900378793478,0.0205566190684644,4,26,0.0558724813861772,0.0567617056308437,0.038297897321172,0.012824614951387,0.0299889130983501,0.0641814656089991,0.1235247655119746,0.0085335404146462,0.1383605904877185,0.0664860836695879,0.0361605156434954,0.0361605156434954,183.4444931344315,0.0416157335275783,True,False,0.6168215289174794
10.0,11.0,10.5,sideslip_deg,13,116,0.617487789527636,3.3102276883249857,0.583760142326355,-4.074230098724365,-1.553412389755249,1.979491277174516,5.9452045787464485,-5.011692523956299,6.147014227780429,0.6370579250730001,4,26,1.9173164942944867,2.21521609108357,1.588983724048982,-0.1465017813989626,0.5515203043219767,2.954779914021492,4.440800648331642,-0.3210073028291975,4.81230583190918,1.971929393708706,1.2998287047668506,1.2998287047668506,210.50273816121768,1.005223581722627,False,False,0.39267048286475403
10.0,11.0,10.5,throttle_output,13,116,2.4656676656676657,3.327928858307317,1.8333333333333333,1.0,1.0,1.9090909090909087,6.581818181818166,1.0,13.454545454545457,2.4615384615384617,4,26,1.0203818253108434,2.040763650621687,0.0,0.0,0.0,1.0203818253108434,3.469298206056866,0.0,4.081527301243374,0.5713366270065308,-1.4452858403568223,1.4452858403568223,-58.61640887298819,-1.8333333333333333,False,False,-0.43428988475791436
11.0,12.0,11.5,airspeed_mps,13,121,22.630583837522376,1.7012618610169734,22.32439491965554,20.137031888961797,21.929950332641603,23.99371337890625,25.05138973236084,19.254613876342773,25.70076990127564,22.644589717571552,4,28,23.782604751132784,1.0693284750299976,23.87205489476522,22.7012157372066,22.998341390064784,24.65631825583322,24.738763563973563,22.62693432399205,24.75937489100865,23.71141242980957,1.1520209136104071,1.1520209136104071,5.090548798393404,1.5476599751096813,False,False,0.6771567270201172
11.0,12.0,11.5,aoa_deg,13,121,4.245646631966702,1.5728485532379035,4.260696216063066,2.053888020515442,2.997804641723633,5.485143661499023,6.386753300825755,1.5427940726280212,6.401867071787517,4.23993024459252,4,28,2.72529971457663,2.061922956267932,3.14577913851965,0.4065820774861745,1.5497754705803737,4.321303382515907,4.455346158146858,0.1207837292126246,4.488856852054596,2.6649386808276176,-1.5203469173900719,1.5203469173900719,-35.80954914954392,-1.1149170775434163,True,False,-0.9666200310641794
11.0,12.0,11.5,descent_rate_mps,13,121,2.702922668077301,1.2205558224474715,2.6837801933296888,1.096801811998311,1.7655580694023882,3.55049212773596,4.305013465881864,0.8649401231245212,5.054051876069366,2.6676223828247085,4,28,2.962890707311628,0.1678188155592833,2.940158616928588,2.8156402025924274,2.8289019635748907,3.074147360665326,3.1419661385670854,2.812324762346812,3.1589208330425254,2.965645194052108,0.2599680392343271,0.2599680392343271,9.618034666868695,0.2563784235988993,False,False,0.21299151948088407
11.0,12.0,11.5,groundspeed_mps,13,121,22.26507263675421,2.8914061848794392,22.566878316339405,18.029051785294467,20.82463108469095,23.611174952564895,26.543558665784264,18.024243467333243,28.92663264086441,22.270429739233013,4,28,21.78523870828916,1.04937838693903,21.637400452613463,20.804473582298364,21.117739946715982,22.30489921418664,22.972977392225918,20.72615699119396,23.13999693673573,21.802067060480717,-0.47983392846504813,0.47983392846504813,-2.1550970719626545,-0.9294778637259427,False,False,-0.1659517541929362
11.0,12.0,11.5,p_radps,13,121,0.0084106394404088,0.0511198727197658,0.0015618553152307,-0.0577691001500087,-0.0275957346893846,0.0502102797230084,0.0906780639663338,-0.0647847435320727,0.0943829617463051,0.0021375045681417,4,28,-0.005694240214195,0.012807970109101,-0.0092132141227401,-0.0159772265047649,-0.0117662480552098,-0.0031412062817253,0.009515309548338,-0.0170299711171537,0.0126794385058539,0.0095338884566444,-0.0141048796546038,0.0141048796546038,-167.70282158140202,-0.0107750694379708,False,False,-0.2759177381353312
11.0,12.0,11.5,pilot_pitch_centered,13,121,0.0870643296874066,0.1064457646719959,0.0824,-0.0315999999999999,0.0014999999999999,0.154090909090909,0.2477599999999999,-0.073,0.2744,0.0885384615384615,4,28,0.0038154761904761,0.0023503087557096,0.0027142857142857,0.0025107142857142,0.0025535714285714,0.0039761904761904,0.0066619047619047,0.0025,0.0073333333333333,0.0035,-0.0832488534969305,0.0832488534969305,-95.6176355986716,-0.0796857142857143,False,False,-0.7820776500920931
11.0,12.0,11.5,pilot_roll_centered,13,121,-0.0492833064371525,0.0658679271463862,-0.0603999999999999,-0.0973333333333333,-0.0698181818181818,-0.0515,0.0364606060606057,-0.0993333333333333,0.1623333333333333,-0.0429230769230769,4,28,0.0204166666666666,0.0123051019044873,0.026,0.0055571428571428,0.0197857142857142,0.0266309523809523,0.0274595238095238,0.002,0.0276666666666666,0.0204999999999999,0.0696999731038191,0.0696999731038191,-141.4271446918898,0.0863999999999999,True,False,1.0581777220484938
11.0,12.0,11.5,pilot_throttle_norm,13,121,0.0594374902874902,0.0344356881562328,0.0474999999999999,0.043,0.0464999999999999,0.048,0.1251590909090908,0.0429999999999999,0.162625,0.0606538461538461,4,28,0.0113050595238095,0.0074705256300193,0.0147142857142857,0.0022705357142857,0.0108526785714285,0.0151666666666666,0.0155666666666666,0.000125,0.0156666666666666,0.01125,-0.0481324307636807,0.0481324307636807,-80.97991777726713,-0.0327857142857142,True,True,-1.3977484795804442
11.0,12.0,11.5,pitch_deg,13,121,-2.12208884752013,3.147538975030214,-2.854178547859192,-6.270227527618408,-5.186527013778687,0.6993569960960975,1.9173442114483223,-6.380404829978943,1.925625814632936,-2.088499570122132,4,28,-4.236819416795458,2.366337138460011,-4.176258615085057,-6.544310406276158,-6.0475102833339145,-2.3655677485466,-2.0141135497093203,-6.668510437011719,-1.92625,-4.181677634716034,-2.1147305692753284,2.1147305692753284,99.65325305519605,-1.3220800672258655,False,False,-0.6718679533603007
11.0,12.0,11.5,q_radps,13,121,0.0502109988790876,0.0555004122156389,0.0500756653491407,-0.0279124659824777,0.0160492350696585,0.0813933924461404,0.1262909065186975,-0.0279613452413203,0.1715724803507327,0.050245777488901,4,28,-0.0406417901623561,0.0747780906323861,-0.0291519945479064,-0.1222901911291825,-0.087290421502465,0.0174966367922024,0.0249208969442406,-0.1310401335358619,0.0267769619822501,-0.0382113598752766,-0.0908527890414437,0.0908527890414437,-180.94200687029755,-0.07922765989704711,True,True,-1.63697503161685
11.0,12.0,11.5,sideslip_deg,13,121,0.763956788954971,3.5777960078998534,1.202323317527771,-4.809520950317383,-1.3184855779012044,2.764763683080673,5.808970442685213,-6.70084285736084,6.04136965491555,0.7224006561132578,4,28,1.5365797057304356,2.862478058102671,1.0528866251309712,-0.9202726194635034,-0.7274924116209149,3.316958742482321,4.670602343763624,-0.9684676714241504,5.00901324408395,1.595755249261856,0.7726229167754646,0.7726229167754646,101.13437408316616,-0.1494366923967998,False,False,0.21594940434543947
11.0,12.0,11.5,throttle_output,13,121,2.906002331002331,3.6926819198264815,1.6666666666666667,1.0,1.1666666666666667,2.0,10.081818181818171,1.0,13.75,3.1538461538461537,4,28,1.0238951902304376,1.838380009098297,0.1618135720491409,0.0,0.0,1.1857087622795786,3.25470464591469,0.0,3.771953616823469,0.5613975524902343,-1.8821071407718932,1.8821071407718932,-64.76619515039143,-1.5048530946175258,True,False,-0.5096856923058061
12.0,13.0,12.5,airspeed_mps,13,115,22.85916145594836,1.8789970211074936,22.713293748743396,20.42986696879069,21.65641212463379,24.31979751586914,25.597602462768556,19.57774988810221,25.82685852050781,22.861560161297135,4,26,23.937131023406984,0.6018329287339462,23.927688516889297,23.350925230298724,23.488042027609687,24.376777512686598,24.53655632564,23.316646030970983,24.576501028878347,23.827614784240723,1.0779695674586236,1.0779695674586236,4.715700396692009,1.214394768145901,False,False,0.5736941332792859
12.0,13.0,12.5,aoa_deg,13,115,3.647907357756601,1.5682992399896454,3.634709278742472,1.2953500151634216,2.975990891456604,4.682595656468318,5.639806477228801,0.1075137555599212,5.908082167307536,3.627980294135901,4,26,3.3664563425949643,1.2913284977726436,3.403266787528992,2.1970344722270965,2.2867771089077,4.482946021216256,4.484343590055193,2.174598813056946,4.484692982264927,3.432780146598816,-0.2814510151616365,0.2814510151616365,-7.71541016696005,-0.23144249121348004,False,False,-0.17946257192823403
12.0,13.0,12.5,descent_rate_mps,13,115,2.7925105109750024,1.2048127930224388,2.838351726530592,1.2160294546798198,1.78522348403927,3.5956184069301664,4.508961391446764,1.115024510551965,5.321022272102713,2.779578979198345,4,26,3.017775808063095,0.3608124796983012,2.952036857606023,2.693256548472481,2.8569148268018663,3.1128978388672515,3.434329598293609,2.652341978890135,3.5146875381501985,3.018597364428331,0.22526529708809262,0.22526529708809262,8.066766309482627,0.11368513107543121,False,False,0.18697120282312374
12.0,13.0,12.5,groundspeed_mps,13,115,22.398088241398867,2.9423979016558066,22.52978923255152,18.095337125574517,20.685642818365608,23.615891351359316,26.842479782978728,17.949306241189475,29.148526319546697,22.395947018609256,4,26,21.744217125653144,0.897765165203469,21.66131810513327,20.861150662633538,21.236516194736467,22.16901903604995,22.74334221740057,20.767309279607804,22.886923012738222,21.753088960991693,-0.6538711157457229,0.6538711157457229,-2.919316634073969,-0.8684711274182497,False,False,-0.222223892756912
12.0,13.0,12.5,p_radps,13,115,-0.0015697069791752,0.0662970412067647,-0.00894488246801,-0.1004818433274825,-0.0463268548751679,0.0513764221686869,0.0834097690569856,-0.1175900514548023,0.1006562872013697,-0.0071813565714714,4,26,-0.0261087951250374,0.0636307587006815,-0.0257034356306706,-0.093517328351736,-0.0586653731763362,0.0068531424206282,0.0407322348095476,-0.1022303171455859,0.0492020079067775,-0.0233672866597771,-0.0245390881458622,0.0245390881458622,1563.2910136359478,-0.0167585531626606,False,False,-0.3701385114507693
12.0,13.0,12.5,pilot_pitch_centered,13,115,0.1026341957690374,0.1145297705469467,0.0396666666666666,-0.0046230769230769,0.024,0.143,0.2942599999999998,-0.00625,0.37925,0.0987692307692307,4,26,0.0045571428571428,0.0028781607883871,0.0032857142857142,0.0028514285714285,0.0030571428571428,0.0047857142857142,0.0080428571428571,0.0028,0.0088571428571428,0.004,-0.0980770529118946,0.0980770529118946,-95.55982017202342,-0.0363809523809524,True,False,-0.8563454937831383
12.0,13.0,12.5,pilot_roll_centered,13,115,-0.0576511832938303,0.0277520601183239,-0.05525,-0.0966285714285714,-0.0629411764705882,-0.0543333333333333,-0.0124666666666666,-0.1185714285714285,-0.0021666666666666,-0.0573846153846153,4,26,0.0207571428571428,0.01278292866702,0.0260857142857142,0.0052971428571428,0.0196285714285714,0.0272142857142857,0.0287571428571428,0.0017142857142857,0.0291428571428571,0.0204999999999999,0.0784083261509731,0.0784083261509731,-136.00471260294873,0.0813357142857142,True,True,2.8253155195207396
12.0,13.0,12.5,pilot_throttle_norm,13,115,0.0686394176901529,0.0509637124055607,0.0476666666666666,0.0448,0.0467999999999999,0.0484999999999999,0.1778666666666666,0.04275,0.2011666666666667,0.069,4,26,0.0113428571428571,0.0075797438615564,0.0147571428571428,0.0022071428571428,0.0110357142857142,0.0150642857142857,0.0156985714285714,0.0,0.0158571428571428,0.01125,-0.0572965605472958,0.0572965605472958,-83.47471828205157,-0.0329095238095238,True,True,-1.1242619079893426
12.0,13.0,12.5,pitch_deg,13,115,-3.069904193681393,3.2665514269439293,-3.8172302643458047,-6.9957267284393305,-5.699914836883545,-0.4012887319549918,1.4969619698653904,-8.123979926109314,2.6647395246169148,-3.012427501953565,4,26,-3.631301164627075,1.8231524903795049,-3.4796394280024936,-5.52808417728969,-4.891003390720912,-2.2199372019086567,-1.946844583238874,-5.687354373931885,-1.8785714285714283,-3.62467798948288,-0.5613969709456823,0.5613969709456823,18.28711697587089,0.3375908363433111,False,False,-0.1718622784613269
12.0,13.0,12.5,q_radps,13,115,0.0348366855310443,0.0533823569608456,0.0123802533683677,-0.031920796384414,0.0028777129751128,0.0814802938451368,0.1067023910848156,-0.0445850168665249,0.1223205798970801,0.0273430507737569,4,26,0.0007851798553019,0.0143169808596945,0.0026511248999408,-0.0148555684036441,-0.0079891286524278,0.0114254334076706,0.0138136050517537,-0.0165721783414482,0.0144106479627745,0.0060441994573921,-0.034051505675742395,0.034051505675742395,-97.74611205591818,-0.0097291284684269,True,False,-0.637879397133367
12.0,13.0,12.5,sideslip_deg,13,115,0.5531742992119432,3.5004716385475048,0.5102449563833383,-4.947276980536325,-1.0393288612365723,2.779943307240804,4.984271438916522,-7.279646056038993,5.787609895070394,0.5285256550862238,4,26,1.193541493160384,2.468088057810954,1.1833486820970265,-1.211997338448252,-0.6637977519205639,3.040687927177974,3.6133502602577208,-1.349047235080174,3.7565158435276578,1.126673549413681,0.6403671939484409,0.6403671939484409,115.76228231512444,0.6731037257136882,False,False,0.18293740389056734
12.0,13.0,12.5,throttle_output,13,115,3.841836349924585,5.428535610685441,2.0,1.0,1.2,2.0,15.46666666666666,1.0,17.916666666666668,3.8846153846153846,4,26,0.7043753385543823,1.4087506771087646,0.0,0.0,0.0,0.7043753385543823,2.394876151084899,0.0,2.817501354217529,0.544595718383789,-3.1374610113702026,3.1374610113702026,-81.66566000219636,-2.0,True,True,-0.5779571575793803
13.0,14.0,13.5,airspeed_mps,13,109,22.857315358607607,2.0591097920801475,23.007062687593347,20.006475321451823,21.082209995814733,23.93241818745931,25.76072228749593,19.43510882059733,25.782610416412357,22.877806663513184,4,30,24.43496305601937,1.283619921347797,24.26346789087568,23.23853363309588,23.57061093194144,25.127820014953613,25.871485710144043,23.15551430838449,26.05740213394165,24.331812620162964,1.5776476974117628,1.5776476974117628,6.902156586021167,1.256405203282334,True,False,0.7661794934295351
13.0,14.0,13.5,aoa_deg,13,109,3.710041779054411,1.6293133515243226,3.55750972032547,1.875414858924018,2.2799311876297,4.668863689198213,6.017676544189451,1.852238443162706,7.346254825592041,3.6816037113849935,4,30,2.7107351440936327,1.6094563603975625,2.564611990536962,1.145426634326577,2.1408631671220064,3.1344839675085883,4.480616068840026,0.8965675011277199,4.817149094172886,2.7096825540065765,-0.9993066349607784,0.9993066349607784,-26.935185490430637,-0.992897729788508,False,False,-0.6133299245512631
13.0,14.0,13.5,descent_rate_mps,13,109,2.9463545451412987,1.2460364208354102,2.70615279674562,1.3532828202766474,1.893308560053304,3.727213859559072,4.984048843381853,1.2183798060697266,5.298763513566364,2.903570211850047,4,30,2.681429960897149,0.3906287873098011,2.6338576419003363,2.3129186928261305,2.4215771257875787,2.8937104770099062,3.1165424755637043,2.2857540845857685,3.172250475202154,2.7022200822809204,-0.26492458424414966,0.26492458424414966,-8.99160573465352,-0.0722951548452837,False,False,-0.2126138368142802
13.0,14.0,13.5,groundspeed_mps,13,109,22.487566048521764,2.9975781405757926,22.508735882782283,18.25587206194236,20.82126043808091,23.51321306474292,27.00825234126245,17.916573330714822,29.461848335247787,22.484439767103684,4,30,21.802288965999903,0.8435643905285133,21.8030939554971,20.91260770013816,21.35971023841006,22.245672683086944,22.690843246565564,20.800832065570184,22.80213588743522,21.80544774677692,-0.6852770825218606,0.6852770825218606,-3.047359954577689,-0.7056419272851819,False,False,-0.22861024813525913
13.0,14.0,13.5,p_radps,13,109,-0.0201476886499562,0.059078998159536,-0.0047953844070434,-0.1276358319994281,-0.0477028020347157,0.0131130765325256,0.0505243019107728,-0.1481534434920724,0.054260940849781,-0.0156264038255008,4,30,-0.0349788711152671,0.0465300854465441,-0.0355672570211546,-0.0836241339507977,-0.0538465381541754,-0.0166995899822462,0.014490131988506,-0.0910685328999533,0.0222875624811941,-0.0464413510635494,-0.014831182465310903,0.014831182465310903,73.61232706632651,-0.030771872614111198,False,False,-0.2510398437235007
13.0,14.0,13.5,pilot_pitch_centered,13,109,0.1410346503170032,0.1179224380639744,0.2165,-0.0147764705882352,0.0035,0.2235999999999999,0.2531644444444443,-0.0269411764705882,0.2891111111111111,0.146,4,30,0.004875,0.0036142080737002,0.004,0.001875,0.003375,0.0055,0.0090999999999999,0.0015,0.01,0.005,-0.13615965031700322,0.13615965031700322,-96.5434026396758,-0.2125,False,False,-1.1546543011868098
13.0,14.0,13.5,pilot_roll_centered,13,109,-0.0623396864573335,0.0296081572867504,-0.0545,-0.1149647058823529,-0.061,-0.05275,-0.02305,-0.118,-0.0159999999999999,-0.0596923076923077,4,30,0.0209374999999999,0.0128361063021463,0.025625,0.0054875,0.0194375,0.027125,0.0298249999999999,0.002,0.0305,0.0204999999999999,0.0832771864573334,0.0832771864573334,-133.5861490325748,0.080125,True,True,2.8126433418603796
13.0,14.0,13.5,pilot_throttle_norm,13,109,0.0705781781943546,0.0511843061495421,0.0477999999999999,0.04435,0.0475,0.048,0.1782999999999999,0.043,0.201625,0.0706923076923077,4,30,0.0114151785714285,0.0076595469612347,0.0147053571428571,0.00211875,0.0105937499999999,0.0155267857142857,0.0161053571428571,0.0,0.01625,0.01125,-0.059162999622926093,0.059162999622926093,-83.82619265122719,-0.033094642857142795,True,True,-1.1558816378222092
13.0,14.0,13.5,pitch_deg,13,109,-3.175804792168677,3.611734464097996,-3.752539528740777,-8.118483114242554,-6.47151460647583,0.4201614619232714,1.1400601419706289,-8.922423124313354,1.920229806619532,-3.133653149868433,4,30,-3.615687563461917,1.6199239576548086,-3.7577634900808334,-5.205241799993174,-4.603030190936156,-2.7704208626065934,-1.8272270296641764,-5.355794702257429,-1.5914285714285714,-3.585885578393936,-0.4398827712932398,0.4398827712932398,13.851064535766222,-0.005223961340056427,False,False,-0.12179266656113306
13.0,14.0,13.5,q_radps,13,109,-0.011355193462046,0.0659739782740707,-0.0216089484281837,-0.080960956805696,-0.0555647292972674,0.0127241052687167,0.0832396490499375,-0.0848694225617994,0.1699283551424741,-0.0089606676393976,4,30,-0.019696909535144,0.0465267799219263,-0.0169694269009466,-0.0706209179778982,-0.0416155517201072,0.0049492152840165,0.0274086232197337,-0.0778722595423459,0.033023475203663,-0.0150745688006281,-0.008341716073098,0.008341716073098,73.46168166116806,0.004639521527237098,False,False,-0.12643948858813153
13.0,14.0,13.5,sideslip_deg,13,109,0.8413075725396708,3.680113861578673,0.5317955139008436,-4.416015005111694,-0.9717116594314577,3.1693069233613858,6.071804314567929,-6.677321076393127,6.330809752146403,0.8411579475953028,4,30,0.322533866656678,2.122338870248613,0.1726907566189766,-1.5836025851113456,-1.417090518133981,1.9123151414096355,2.4384506724774835,-1.6252306018556868,2.569984555244446,0.3924286961555481,-0.5187737058829929,0.5187737058829929,-61.66278811885183,-0.35910475728186697,False,False,-0.1409667541265836
13.0,14.0,13.5,throttle_output,13,109,4.081004453063276,5.427766939079238,1.8,1.0,1.6666666666666667,2.0,15.524999999999997,1.0,18.0,4.153846153846154,4,30,0.0077392440289258,0.0154784880578517,0.0,0.0,0.0,0.0077392440289258,0.026313429698348,0.0,0.0309569761157035,0.0,-4.07326520903435,4.07326520903435,-99.81035933388613,-1.8,True,True,-0.7504495411745398
14.0,15.0,14.5,airspeed_mps,13,98,22.955918439778163,2.0220776593844803,22.691647096113726,20.21005723135812,21.434012095133465,23.667473220825197,25.922831726074214,19.44625009809221,26.2728328704834,23.023207737849308,4,36,24.44383609257047,1.3863557749101536,24.04207214779324,23.3577119745527,23.802700410570417,24.683207829793293,26.09242973327637,23.24646486554827,26.444735209147137,24.41499328613281,1.4879176527923086,1.4879176527923086,6.481629810175816,1.3504250516795153,True,False,0.7358360574762643
14.0,15.0,14.5,aoa_deg,13,98,3.6039524235065374,1.7308788174997265,3.0032878943852017,1.731110759462629,2.5589259465535483,4.540869496085427,6.636848027365546,0.9724716186523438,7.362345695495605,3.554574168645418,4,36,2.734341258898614,1.3480975632026675,2.5958953115675185,1.4191228908300402,1.9759999642769497,3.354236606189183,4.243383953230722,1.279903622468313,4.465670789991107,2.738797515630722,-0.8696111646079236,0.8696111646079236,-24.129374154218667,-0.4073925828176832,False,False,-0.5024101952233065
14.0,15.0,14.5,descent_rate_mps,13,98,3.0470970777105038,1.223317316293189,2.816998163858775,1.542084285190299,2.27743890550254,3.3995723724353746,5.1305518468275455,1.454147270747356,5.647705396021564,3.0322608580999404,4,36,2.4822430989099766,0.9479808858563472,2.5598876438445126,1.4422555764518068,1.9668447971338128,3.0752859456206765,3.4135282584597952,1.3111082712813054,3.498088836669575,2.4170458316810226,-0.5648539788005271,0.5648539788005271,-18.537446113300113,-0.25711052001426227,False,False,-0.4617395431890953
14.0,15.0,14.5,groundspeed_mps,13,98,22.564556617677688,2.9940793127433447,22.45130096816944,18.47744692418347,21.251000153010526,23.65864674149029,27.06554194581648,17.934534236961884,29.64142684065106,22.56082571062653,4,36,21.93133813088053,0.8386296922946058,22.095577929445504,20.967766905214837,21.514358862452703,22.51255719787332,22.66497363855525,20.831118915905364,22.70307774872573,21.931655638935403,-0.6332184867971584,0.6332184867971584,-2.8062527331074514,-0.3557230387239372,False,False,-0.21149021807874818
14.0,15.0,14.5,p_radps,13,98,0.0075366083848304,0.108582547960268,0.0080278958859188,-0.1592311503365636,-0.0264809892645904,0.0786849694060427,0.1321334431919021,-0.2783199995756149,0.1600154062940014,0.015990781239592,4,36,-0.010189894023625,0.0162422578164786,-0.0100109986718009,-0.0273727801581844,-0.0191111017717048,-0.0010897909237211,0.0067425386183804,-0.0294381997548043,0.0087006210039059,-0.0046862449034961,-0.0177265024084554,0.0177265024084554,-235.20530062481558,-0.0180388945577197,False,False,-0.1632536972234414
14.0,15.0,14.5,pilot_pitch_centered,13,98,0.153644398336706,0.1457616827848166,0.1326666666666666,-0.0139272727272727,0.0103333333333333,0.2977142857142857,0.3251809523809523,-0.0198181818181818,0.3406666666666667,0.1534615384615384,4,36,0.0044857142857142,0.0033139390440842,0.0033714285714285,0.0020580952380952,0.0028238095238095,0.0050333333333333,0.0084733333333333,0.0018666666666666,0.0093333333333333,0.005,-0.1491586840509918,0.1491586840509918,-97.08045699402335,-0.1292952380952381,True,False,-1.0233051732202494
14.0,15.0,14.5,pilot_roll_centered,13,98,-0.0429609091762937,0.0380292876387934,-0.054,-0.0772799999999999,-0.0545714285714285,-0.0506666666666666,0.0225054945054944,-0.1032,0.0596923076923077,-0.0423076923076923,4,36,0.0206682539682539,0.0129692082569365,0.0257333333333333,0.0050342857142857,0.0194571428571428,0.0269444444444444,0.0292111111111111,0.0014285714285714,0.0297777777777777,0.0209999999999999,0.0636291631445476,0.0636291631445476,-148.10944266435328,0.0797333333333333,True,False,1.6731621099218263
14.0,15.0,14.5,pilot_throttle_norm,13,98,0.0722944055944055,0.0502815318133596,0.0478333333333333,0.0445333333333333,0.0477142857142857,0.0708571428571428,0.1773999999999999,0.0423333333333333,0.2,0.0728461538461538,4,36,0.0112277777777777,0.0075152601952606,0.0145666666666666,0.00212,0.0106,0.0151944444444444,0.0156611111111111,0.0,0.0157777777777777,0.01125,-0.061066627816627805,0.061066627816627805,-84.46936843112165,-0.033266666666666694,True,True,-1.2144941813487602
14.0,15.0,14.5,pitch_deg,13,98,-3.447459543945115,3.678702275531323,-4.218416861125401,-9.189649124145507,-5.753751754760742,0.3095794218991484,0.6747733292671341,-9.990457344055176,1.0504219302764306,-3.507060029758857,4,36,-3.02626168146966,1.4496333419616136,-2.5223337901963125,-4.775339087645213,-3.49803599913915,-2.050559472526823,-1.9826833230767933,-5.094664859771728,-1.9657142857142855,-3.010015704631805,0.4211978624754549,0.4211978624754549,-12.217630318975559,1.6960830709290882,False,False,0.11449631715973002
14.0,15.0,14.5,q_radps,13,98,0.0267814697134522,0.0652617346070154,0.0252500398491974,-0.0417934511921235,-0.0303066919396559,0.0595249795255118,0.1400932671129702,-0.0450418552915964,0.1713362544775009,0.023222823591473,4,36,-0.0177942304578166,0.0373207655711936,-0.0234133820359905,-0.0511499491473659,-0.0456554104341193,0.0044477979403122,0.0234283004411761,-0.0525235838256776,0.0281734260663922,-0.0168983893236145,-0.0445757001712688,0.0445757001712688,-166.44232242743067,-0.048663421885187894,False,False,-0.6830296565006881
14.0,15.0,14.5,sideslip_deg,13,98,0.7601163573986438,3.796659775499424,0.0397000713990284,-4.2563503646850585,-0.6060495177904764,2.422809918721517,6.838865525381905,-6.3248213768005375,6.906136172158377,0.7271051647571417,4,36,-0.2163313605482615,2.239822872155889,-0.2372646950540088,-2.5283036512987955,-1.5950695489134108,1.1414734933111403,2.124947598510318,-2.7616121768951416,2.370816124810113,-0.2277194112539292,-0.9764477179469053,0.9764477179469053,-128.46029538011985,-0.2769647664530372,False,False,-0.257185993922371
14.0,15.0,14.5,throttle_output,13,98,4.297624597624598,5.273514780666325,2.0,1.0,1.6,4.357142857142857,15.333333333333329,1.0,17.666666666666668,4.384615384615385,4,36,0.9237979779640834,0.9984609257995644,0.7491933663686117,0.0407668399810791,0.2038341999053954,1.4691571444272995,2.051275572180748,0.0,2.19680517911911,0.1721512526273727,-3.3738266196605142,3.3738266196605142,-78.50445154109809,-1.2508066336313883,True,True,-0.6397681167083447
15.0,16.0,15.5,airspeed_mps,13,107,23.072985723982217,2.1459525848288674,23.08750239285556,20.024640432030264,21.5211729322161,23.89708555312384,26.28025173187256,19.322631624009876,26.83498725891113,23.06219328366793,4,44,24.83440823403616,1.6943379374866496,24.413892851935493,23.4136728150504,23.831392901284357,25.41690818468729,26.843865187962848,23.309242793491908,27.20060443878174,24.86460375785828,1.7614225100539436,1.7614225100539436,7.63413340226319,1.326390459079935,True,False,0.8208114766871287
15.0,16.0,15.5,aoa_deg,13,107,3.336605181341987,2.327118267068512,3.187321326562337,0.4541932932535808,1.6436303528872402,6.086205422878265,6.446170967894714,-0.356857826312383,6.894251619066511,3.333182622606938,4,44,3.277135691504716,0.7918556095859728,3.163414637247721,2.5883126325228,2.642157360234044,3.798392968518393,4.125168226446425,2.5748514505949887,4.206862040928432,3.22905108332634,-0.05946948983727074,0.05946948983727074,-1.7823352361202063,-0.023906689314615814,False,False,-0.025554992489567316
15.0,16.0,15.5,descent_rate_mps,13,107,2.9469884400999,1.2872330006641772,2.693984508514877,1.415361842036287,2.323970794678524,3.453447341918479,5.275280396144351,0.9105160122826974,5.328518549603264,2.9210789387078497,4,44,2.35365281115325,1.0131992507636258,2.490088372003494,1.2001453421335175,1.9526974179534191,2.8910437652033254,3.316150494982641,1.012007323178542,3.4224271774274704,2.30295956135253,-0.5933356289466496,0.5933356289466496,-20.13362593734966,-0.20389613651138294,False,False,-0.4609387955719785
15.0,16.0,15.5,groundspeed_mps,13,107,22.684332391740664,2.961775956122102,22.41335279795814,18.772213948932595,21.470059397668447,23.65472574195705,27.13898824482392,17.928154320676036,29.833701490179827,22.688728530599228,4,44,22.136030710578936,1.0280595485152235,22.22188317426737,21.0062263977965,21.58285343334707,22.77506045149924,23.145641574197573,20.862069638908856,23.23828685487216,22.14201030906276,-0.5483016811617283,0.5483016811617283,-2.4170941938823125,-0.19146962369077158,False,False,-0.18512598160180485
15.0,16.0,15.5,p_radps,13,107,0.0629765394917516,0.0693741545449161,0.0467937409835444,-0.0144274347631091,0.0191443099174648,0.084742828272283,0.1933186401923497,-0.0306183644993738,0.1961650749047597,0.0662311247926061,4,44,0.009293700821829,0.0547240982031563,0.0057227919349402,-0.0457411718056795,-0.020949008366895,0.0359655011236643,0.069327845890982,-0.0519392126653757,0.0776684320828115,0.0171456605021376,-0.0536828386699226,0.0536828386699226,-85.24259843930255,-0.0410709490486042,True,False,-0.7738161138261627
15.0,16.0,15.5,pilot_pitch_centered,13,107,0.1921249805749805,0.1534142345326081,0.2053333333333333,-0.0053499999999999,0.0641818181818181,0.3224444444444444,0.3921499999999999,-0.01075,0.425,0.1943076923076923,4,44,0.0045876623376623,0.002755719562116,0.0035238095238095,0.002740909090909,0.0031590909090909,0.0049523809523809,0.0079238095238095,0.0026363636363636,0.0086666666666666,0.00425,-0.1875373182373182,0.1875373182373182,-97.61214688275693,-0.2018095238095238,True,False,-1.2224244954105432
15.0,16.0,15.5,pilot_roll_centered,13,107,-0.0347912087912087,0.0367033005214902,-0.0530909090909091,-0.0741333333333333,-0.056,-0.0049090909090909,0.0195571428571428,-0.0993333333333333,0.03075,-0.0384615384615384,4,44,0.0203823953823953,0.0128099291342024,0.0252727272727272,0.0048961038961038,0.0187662337662337,0.0268888888888888,0.0290222222222222,0.0014285714285714,0.0295555555555555,0.0204999999999999,0.055173604173604,0.055173604173604,-158.58490144655644,0.0783636363636363,True,True,1.5032327717039842
15.0,16.0,15.5,pilot_throttle_norm,13,107,0.0728678793428793,0.0504833431147418,0.0477777777777777,0.045,0.047125,0.0779999999999999,0.1774935064935064,0.043,0.2011428571428571,0.0726923076923077,4,44,0.0111224747474747,0.0074495279061075,0.0143560606060606,0.0021068181818181,0.0105340909090909,0.0149444444444444,0.0156111111111111,0.0,0.0157777777777777,0.011125,-0.061745404595404604,0.061745404595404604,-84.73610753081206,-0.033421717171717095,True,True,-1.2230847005331178
15.0,16.0,15.5,pitch_deg,13,107,-3.514008892752095,4.038959974763874,-2.746775998009576,-9.91877163251241,-5.973202323913574,0.4222270143883569,1.0432279505125888,-11.69243081410726,1.0634291063655503,-3.511892558290408,4,44,-2.640637824071671,1.786453668736393,-2.466341278515165,-4.638855338096619,-3.3467669884363813,-1.7602121141504543,-0.8864354738258315,-4.961877425511678,-0.667991313744675,-2.593960810601711,0.8733710686804241,0.8733710686804241,-24.85398003635725,0.2804347194944108,False,False,0.21623662381835887
15.0,16.0,15.5,q_radps,13,107,-0.0049886784779462,0.0434365388316361,-0.0048261257311837,-0.0624332219595089,-0.0416398039346353,0.0239131492562592,0.0560201833218645,-0.068193221988622,0.0820294146736462,0.000286370248292,4,44,0.0088288375443757,0.0197721834021874,0.0142494896556147,-0.0142821894542845,-0.0004859451520522,0.0235642723520427,0.0243509515873015,-0.0177312505298426,0.0245476213961162,0.0041700578876771,0.0138175160223219,0.0138175160223219,-276.9774817801139,0.0190756153867984,False,False,0.3181081272584776
15.0,16.0,15.5,sideslip_deg,13,107,0.3887306985744904,3.7398706452055994,-0.5366111695766449,-4.160885000228881,-2.1522583851502057,2.5476867068897597,6.026696418580553,-5.416060447692871,7.017130057017009,0.4204289686884014,4,44,-0.315239853995955,2.817534906716823,-0.2739758637307405,-3.3059817081406,-1.8364131081671944,1.2471973904404987,2.617732413777389,-3.673373858133952,2.960366169611613,-0.4883434072253295,-0.7039705525704454,0.7039705525704454,-181.09466403141488,0.2626353058459044,False,False,-0.18823393089087567
15.0,16.0,15.5,throttle_output,13,107,4.270734820734821,5.281697296058543,1.8333333333333333,1.0,1.5,4.909090909090909,15.103896103896098,1.0,17.714285714285715,4.346153846153846,4,44,2.6511010488476416,4.7127038098385885,0.4456442462073432,0.06512184937795,0.3256092468897502,2.7711360481652347,8.324719772013747,0.0,9.71311570297588,1.8705283999443052,-1.619633771887179,1.619633771887179,-37.92400698876699,-1.38768908712599,False,False,-0.30665024538529073
16.0,17.0,16.5,airspeed_mps,13,107,23.286840308025543,2.066456769565713,22.97446091969808,20.209183751886545,22.32082581520081,24.522973378499348,26.234875392913818,19.677991104125976,26.37516951560974,23.30974446810209,4,28,24.675531546274826,1.2968191205095223,24.8666795094808,23.281886744499207,23.828853964805603,25.71335709095001,25.801569199562078,23.145144939422607,25.823622226715088,24.6883864402771,1.388691238249283,1.388691238249283,5.963416332488381,1.892218589782722,True,False,0.6720156253455671
16.0,17.0,16.5,aoa_deg,13,107,3.205476002782726,2.569872055775217,3.086321306228638,-0.2483378613740205,1.516715278228124,5.895408312479655,6.854180414026433,-0.2906400501728058,7.115001916885376,3.233603306616155,4,28,3.663472235202789,0.7296777901568637,3.439862668514252,3.099089178442955,3.259632512927056,3.8437023907899857,4.540908685326576,3.05895334482193,4.715210258960724,3.682145595550537,0.4579962324200628,0.4579962324200628,14.287932027020911,0.3535413622856143,False,False,0.17821752308283906
16.0,17.0,16.5,descent_rate_mps,13,107,2.8282776876605613,1.154106635926022,2.697119031634892,1.581943952119521,1.907446861266982,3.114615281423506,4.824674415586876,1.5620337999776357,4.917321205140254,2.804622283348478,4,28,2.9534531136347635,0.5198993783186419,2.839835484821058,2.501176923513189,2.6641397178163606,3.129148880639461,3.564793984095526,2.4604362249373963,3.6737052599595423,2.941821217535459,0.12517542597420217,0.12517542597420217,4.4258534627037385,0.142716453186166,False,False,0.10846088400987748
16.0,17.0,16.5,groundspeed_mps,13,107,22.80360763194767,2.9496187040471447,22.55633186001967,19.053355416072208,21.5537767482514,23.635500145173832,27.251192973489168,18.01607319998497,30.094433811377336,22.80413765351428,4,28,22.265840923858445,1.1189375480794834,22.287696733298542,21.06857812152596,21.731188617220106,22.822349039936885,23.4325055929748,20.90292549760242,23.58504473123428,22.26262395130864,-0.5377667080892259,0.5377667080892259,-2.358252767583227,-0.2686351267211293,False,False,-0.18231736439403545
16.0,17.0,16.5,p_radps,13,107,0.0110567494516535,0.0839597271038482,0.0160731652751564,-0.1168703007484929,-0.0310445013879374,0.0877710652227202,0.1124048053007572,-0.1702598747439109,0.117784326779656,0.0020355387644555,4,28,0.0014684221314382,0.0389093194908765,0.0021781504183309,-0.0395578589101205,-0.0102524290778092,0.0138990016275783,0.0415010835713473,-0.0468842163681983,0.0484016040572896,-0.0071313763837679,-0.009588327320215301,0.009588327320215301,-86.71922396488236,-0.013895014856825502,False,False,-0.11420150649555685
16.0,17.0,16.5,pilot_pitch_centered,13,107,0.2226623799277645,0.1641406753714082,0.278,-0.0014999999999999,0.0321818181818181,0.3342,0.4173199999999999,-0.01075,0.4475,0.2215384615384615,4,28,0.0055208333333333,0.0028548002135454,0.0046666666666666,0.0033125,0.0035625,0.006625,0.008925,0.00325,0.0095,0.006,-0.2171415465944312,0.2171415465944312,-97.52053609813909,-0.27333333333333343,True,False,-1.322899068759743
16.0,17.0,16.5,pilot_roll_centered,13,107,-0.0424632534132534,0.0366468918529036,-0.0528571428571428,-0.08976,-0.0555,-0.0261818181818181,0.0215999999999999,-0.114,0.0284999999999999,-0.0365384615384615,4,28,0.0211041666666666,0.0132440369181337,0.0263333333333333,0.005025,0.019125,0.0283125,0.0298625,0.0015,0.03025,0.0212499999999999,0.06356742007992,0.06356742007992,-149.69983449285044,0.07919047619047609,True,False,1.7345923996794133
16.0,17.0,16.5,pilot_throttle_norm,13,107,0.0772100815850816,0.0533442057431357,0.048,0.0447,0.0469999999999999,0.0837499999999999,0.1780499999999999,0.04275,0.2015,0.0775,4,28,0.01146875,0.0077003618692024,0.0149375,0.0021,0.0105,0.01590625,0.01598125,0.0,0.016,0.0115,-0.0657413315850816,0.0657413315850816,-85.14604600260392,-0.0330625,True,True,-1.2323987332690045
16.0,17.0,16.5,pitch_deg,13,107,-3.391693176008961,4.156599195100604,-2.144929309686025,-10.394406366348267,-6.439358294010162,0.3538705452810973,1.1168246212330728,-11.744464874267578,1.2581172368743203,-3.4375596791505814,4,28,-3.334027410944303,1.43289162417343,-3.2872793177763624,-4.878256356716156,-4.035077750682831,-2.586228978037834,-1.8552457956075672,-5.089051008224487,-1.6725,-3.3657413816452024,0.057665765064657926,0.057665765064657926,-1.7002058285388246,-1.1423500080903373,False,False,0.013873304198448755
16.0,17.0,16.5,q_radps,13,107,-0.0022187060483958,0.0477353468850755,-0.0083341042045503,-0.0744941651914268,-0.033759991871193,0.0379631367977708,0.0561824641548669,-0.0920036938274279,0.0703618060797452,0.0012112206134658,4,28,0.0266111364132181,0.0605149172246307,0.0008209803005835,-0.0102890943468082,-0.0029893300088588,0.0304214467226605,0.0996175857309328,-0.0121140354312956,0.116916620483001,0.0323780625913059,0.028829842461613898,0.028829842461613898,-1299.3989213874843,0.0091550845051338,False,False,0.6039516698396
16.0,17.0,16.5,sideslip_deg,13,107,-0.0120266085558337,3.2717897537049754,-0.838065301378568,-3.9452522087097166,-2.397159718908369,3.164067089557648,4.85860414981842,-4.454507827758789,5.226718246936798,-0.0064451912274727,4,28,-0.09770384679238,2.755473326532033,0.2008753567934036,-3.053279321392377,-1.870648150642713,1.9738196606437364,2.43986074278752,-3.348937114079793,2.556371013323466,-0.1171624958515167,-0.0856772382365463,0.0856772382365463,712.3973299603833,1.0389406581719716,False,False,-0.026186657666350772
16.0,17.0,16.5,throttle_output,13,107,4.763147109300956,5.657759825128702,1.9230769230769231,1.0,1.5,5.375,15.499999999999996,1.0,18.0,4.807692307692308,4,28,0.0,0.0,0.0,0.0,0.0,0.0,0.0,0.0,0.0,0.0,-4.763147109300956,4.763147109300956,-100.0,-1.9230769230769231,True,True,-0.8418786333321607
17.0,18.0,17.5,airspeed_mps,13,105,23.465757108278837,2.125715653383386,23.50397801399231,20.2989317212786,22.11929702758789,24.95875358581543,26.15524658203125,19.3030309677124,26.29791412353516,23.429954895606407,4,27,24.27174836908068,1.1561666086134237,23.96227239881243,23.33129118510655,23.70127752849034,24.53274323940277,25.64547191143036,23.238794599260604,25.923654079437256,24.203978061676025,0.8059912608018429,0.8059912608018429,3.4347549797039583,0.4582943848201211,False,False,0.3791623115344663
17.0,18.0,17.5,aoa_deg,13,105,3.369620525873652,2.760288852938409,3.9135911247947,-0.1764654340346654,1.6612980008125304,4.087892333666484,7.603899720736911,-0.5743489464124044,7.964112349918911,3.393008477985859,4,27,3.2112859826002804,1.072594084996731,3.125272352354867,2.1485783242753573,2.584252071167741,3.752306263787406,4.394412723268782,2.0396598875522614,4.554939338139126,3.2497992366552357,-0.1583345432733716,0.1583345432733716,-4.698883510994749,-0.7883187724398333,False,False,-0.057361584859070024
17.0,18.0,17.5,descent_rate_mps,13,105,2.832665524645824,1.1216623413105076,2.668802738189626,1.6963612849897745,2.0021343231195403,3.0868557521272715,4.774391174312846,1.6184454697831474,5.185980796811812,2.8483574207012614,4,27,2.974814057349991,0.470045423234754,2.9937171936043985,2.498514635221772,2.638323221887431,3.3302080290669585,3.4246490887220378,2.463562488555357,3.448259353635808,2.9857504367812773,0.14214853270416672,0.14214853270416672,5.018189809823733,0.32491445541477226,False,False,0.1267302355342391
17.0,18.0,17.5,groundspeed_mps,13,105,22.92238924595899,2.9660116586391303,22.471553934253805,19.362767562725235,21.76302352827604,23.481904524632945,27.389753712251157,18.09425463448496,30.48666599025076,22.921167509868948,4,27,22.280879034435355,1.042506499985144,22.35050299755326,21.13539417435667,21.8909203482462,22.740461683742417,23.328890346148977,20.946512630884285,23.475997511750617,22.29217282121006,-0.6415102115236344,0.6415102115236344,-2.798618436499707,-0.12105093670054501,False,False,-0.21628715101476473
17.0,18.0,17.5,p_radps,13,105,-0.0152971790886448,0.0943668281128552,-0.029732654026399,-0.1474310152834713,-0.0499675927151526,0.0636553733537976,0.1152276642993091,-0.2183791668050819,0.1416376316919922,-0.0244727725198922,4,27,0.0594764594817856,0.0816815254558349,0.0385745777195032,-0.0083826028681765,0.012689021539206,0.0853620156620828,0.156598156298943,-0.0136505089700222,0.1744071914581581,0.06649452727288,0.0747736385704304,0.0747736385704304,-488.8067148663728,0.0683072317459022,False,False,0.7923720661778214
17.0,18.0,17.5,pilot_pitch_centered,13,105,0.2111783515629669,0.180731780930565,0.186,-0.0262428571428571,0.1048571428571428,0.3444,0.4759599999999999,-0.0708571428571428,0.5215000000000001,0.2111538461538461,4,27,0.0054178571428571,0.0029342772522713,0.0045142857142857,0.0031857142857142,0.0033571428571428,0.006575,0.008915,0.0031428571428571,0.0095,0.006,-0.2057604944201098,0.2057604944201098,-97.4344637588282,-0.1814857142857143,True,False,-1.1384854028476625
17.0,18.0,17.5,pilot_roll_centered,13,105,-0.0772510126625511,0.0856430598687609,-0.0595,-0.2302888888888888,-0.0728571428571428,-0.0543333333333333,0.0042999999999998,-0.2942222222222222,0.08075,-0.078076923076923,4,27,0.0210053571428571,0.013218755196522,0.0261714285714285,0.0049857142857142,0.0192142857142857,0.0279625,0.0297925,0.0014285714285714,0.03025,0.0215,0.09825636980540821,0.09825636980540821,-127.19104438748653,0.0856714285714285,True,True,1.147277665650619
17.0,18.0,17.5,pilot_throttle_norm,13,105,0.0793999570941878,0.0560958629041185,0.0478888888888888,0.04516,0.0470833333333333,0.0848749999999999,0.1774597402597402,0.043,0.1993636363636363,0.0794615384615384,4,27,0.0115169642857142,0.0077268831087658,0.0149714285714285,0.0021214285714285,0.0106071428571428,0.01588125,0.01607625,0.0,0.016125,0.0115,-0.0678829928084736,0.0678829928084736,-85.49499935868698,-0.032917460317460304,True,True,-1.2101247631131404
17.0,18.0,17.5,pitch_deg,13,105,-3.22433225187798,4.040589641403931,-1.5826139862720785,-10.488981742858886,-5.175039874182807,-0.5464311689138412,0.7100532957098686,-11.558705806732178,1.2837286740541458,-3.270503181677598,4,27,-4.019551666166102,1.616517848667175,-4.42065232694149,-5.3519158390590125,-5.149114009312221,-3.2910899837953704,-2.125646568187646,-5.40261629649571,-1.8342857142857143,-4.0345050704479215,-0.7952194142881219,0.7952194142881219,24.663072914553222,-2.838038340669412,False,False,-0.19680776442613893
17.0,18.0,17.5,q_radps,13,105,-0.0022842650158871,0.0538996342724172,-0.0108074107847641,-0.0714437824978746,-0.0444228246601091,0.0202368260361254,0.0802130965427273,-0.0766816915944218,0.0894350494657243,0.0030613059151129,4,27,0.0380602745900562,0.0287831000655456,0.0406426244506811,0.0066904963749194,0.0212385713172677,0.0574643277234696,0.065814763000318,0.0030534776393324,0.0679023718195301,0.0440375144826247,0.0403445396059433,0.0403445396059433,-1766.1934725325818,0.051450035235445196,True,False,0.7485123071899834
17.0,18.0,17.5,sideslip_deg,13,105,0.42875401025851,3.185791218043705,0.3856827190944126,-3.926524782180786,-1.8255280057589212,2.9777451845315785,4.649980022690512,-4.738561630249023,4.987415140325373,0.3499670524436694,4,27,-0.4589334914926439,2.2195329477564782,-0.5113202199739005,-2.7371143426213944,-1.7990274855068753,0.8287737740403307,1.892588779509865,-2.9716360569000244,2.158542530877249,-0.5009683538228273,-0.8876875017511539,0.8876875017511539,-207.03888022316983,-0.8970029390683132,False,False,-0.2786395720860374
17.0,18.0,17.5,throttle_output,13,105,4.920493608955147,5.798999679696226,1.7777777777777777,1.15,1.5555555555555556,5.25,15.077922077922077,1.0,16.90909090909091,5.0,4,27,2.012140250631741,3.837122898618941,0.1421234437397548,0.0,0.0,2.154263694371496,6.6423040309122605,0.0,7.764314115047455,1.906778693199158,-2.908353358323406,2.908353358323406,-59.10694311298956,-1.635654334038023,False,False,-0.5015267320166082
18.0,19.0,18.5,airspeed_mps,13,129,23.80878722031363,2.301001288371196,23.93102232615153,20.25066473824637,22.410565270317925,25.17190017700195,26.935715237785782,19.65542275565011,27.92004618925207,23.78573491023137,4,27,24.18150736945016,0.8233274941598046,24.085108048575265,23.3883670261928,23.802016666957307,24.46459875106812,25.109606761932373,23.284954616001677,25.27085876464844,24.201964378356934,0.37272014913652995,0.37272014913652995,1.565473057017056,0.15408572242373353,False,False,0.16198172118380968
18.0,19.0,18.5,aoa_deg,13,129,3.0003556397578235,2.667100914995228,2.5632749133639865,-0.3875983038369345,0.7486079012354215,3.9906630913416543,7.102097349166869,-0.8242445833542767,7.320408535003662,2.972155883908272,4,27,3.173902199098042,1.0329521240391548,3.19844730922154,2.172332652807236,2.376899641752243,3.995449866567339,4.141108591215951,2.121190905570984,4.177523272378104,3.196806713938713,0.17354655934021856,0.17354655934021856,5.78419961422395,0.6351723958575537,False,False,0.06506936365417919
18.0,19.0,18.5,descent_rate_mps,13,129,2.779411799207192,1.3651499890926384,2.8131993611649526,0.9428923059915916,1.69392665227227,3.685621261596845,4.758476734163687,0.6180956959724364,4.944410324100953,2.791055165804486,4,27,3.089602266040836,0.577251359408519,3.079913684302647,2.525757721493949,2.661938326702899,3.507577623640584,3.6670108250211855,2.491712570191712,3.706869125366336,3.0794417858177034,0.31019046683364415,0.31019046683364415,11.16029178987165,0.2667143231376943,False,False,0.22722079574553972
18.0,19.0,18.5,groundspeed_mps,13,129,23.05364375089884,3.0141376965094304,22.39433437979438,19.656942954800883,22.14394781555885,23.383914261837564,27.60203233051353,18.25743400218739,31.003138729276344,23.06100375538152,4,27,22.245289142827872,0.9421407027036331,22.380684868105284,21.175114951922968,21.98004719358998,22.64592681734318,23.1259093183444,20.973881891506217,23.245904943594702,22.244084048902344,-0.8083546080709674,0.8083546080709674,-3.506407129412896,-0.013649511689095561,False,False,-0.26818768399568976
18.0,19.0,18.5,p_radps,13,129,-0.0209506404283925,0.12135865155629,-0.0103700542822479,-0.2105637611945469,-0.0679485217801162,0.0407003002862135,0.1089469503553118,-0.3510396977265675,0.1288846756651764,-0.0180689933902333,4,27,-0.0460089735598428,0.0741344709506586,-0.0227790610598666,-0.1351177521994603,-0.0617010754599634,-0.0070869591597459,0.010577927579808,-0.1534719213843345,0.0149941492646965,-0.0375103745609521,-0.025058333131450297,0.025058333131450297,119.60652571503739,-0.0124090067776187,False,False,-0.20648163777452197
18.0,19.0,18.5,pilot_pitch_centered,13,129,0.2047474044746103,0.1749461589612364,0.1699999999999999,-0.0227333333333333,0.1064,0.3236,0.4700666666666665,-0.0373333333333333,0.5466666666666667,0.2011538461538461,4,27,0.0050803571428571,0.0033025416670475,0.0042857142857142,0.0023,0.0035,0.0058660714285714,0.0089732142857142,0.002,0.00975,0.0055,-0.1996670473317532,0.1996670473317532,-97.51871963608355,-0.1657142857142857,True,False,-1.1413056938048827
18.0,19.0,18.5,pilot_roll_centered,13,129,-0.0909995816275228,0.0984786631600919,-0.0558,-0.2773333333333333,-0.1168333333333333,-0.0351249999999999,-0.0068369747899159,-0.351,0.0021428571428571,-0.0927692307692307,4,27,0.0209017857142857,0.0129012924193057,0.0254285714285714,0.0053,0.0185,0.0278303571428571,0.0301660714285714,0.002,0.03075,0.0204999999999999,0.1119013673418085,0.1119013673418085,-122.96910089085945,0.0812285714285714,True,True,1.1363006335686743
18.0,19.0,18.5,pilot_throttle_norm,13,129,0.09206133825325,0.0664110731860192,0.0494999999999999,0.0448,0.0474,0.150235294117647,0.1987249999999998,0.043,0.2529375,0.0891153846153846,4,27,0.0114598214285714,0.0076951147232345,0.0148571428571428,0.0021,0.0105,0.0158169642857142,0.0160633928571428,0.0,0.016125,0.0115,-0.0806015168246786,0.0806015168246786,-87.55197171146179,-0.0346428571428571,True,True,-1.213675866958385
18.0,19.0,18.5,pitch_deg,13,129,-3.450190374155459,3.983248751401392,-2.378133085038927,-10.603769318262737,-4.180503447850545,-1.2859301447868348,0.9893780183047034,-11.822862307230633,1.9357553571462631,-3.4824036583304405,4,27,-4.496525847826685,1.871840979156776,-4.48920619062015,-6.479793781552996,-5.316776296070644,-3.668955742376191,-2.5235054341895244,-6.770548152923584,-2.237142857142857,-4.477057273387909,-1.0463354736712263,1.0463354736712263,30.326890988655933,-2.111073105581223,True,False,-0.26268393941078955
18.0,19.0,18.5,q_radps,13,129,0.0315143567254179,0.0634250802930649,0.0123137248059113,-0.0427328987338603,-0.0108919827267527,0.0558050089619225,0.1322214798629283,-0.0700429572856851,0.1615973472595214,0.0340927769877732,4,27,0.0007036266773606,0.0412878939406055,-0.0071113941542404,-0.0358928960673178,-0.0161915795636429,0.0097838120867631,0.0482411785862807,-0.0408182251932365,0.0578555202111601,0.0017619966529309,-0.0308107300480573,0.0308107300480573,-97.76728212004693,-0.0194251189601517,False,False,-0.4857814906294449
18.0,19.0,18.5,sideslip_deg,13,129,0.4983364389567831,3.702594634055132,-0.9038378943999608,-4.209443807601929,-1.8738086819648745,3.839480678240458,5.423530220985412,-5.5708926518758135,5.66768079996109,0.512392901457273,4,27,0.3366114533373288,3.1686628425860457,0.7976102083921432,-3.00529785326549,-1.8268692919186185,2.9610909536480903,3.033122502863407,-3.299904993602208,3.0511303901672364,0.3908825814723969,-0.1617249856194543,0.1617249856194543,-32.45297212421576,1.701448102792104,False,False,-0.043678825689414155
18.0,19.0,18.5,throttle_output,13,129,6.4290539933922295,6.982235459281652,2.0,1.0,1.6,12.5,17.512499999999985,1.0,23.28125,6.230769230769231,4,27,0.3430178655045373,0.461347931922433,0.1981555521488189,0.0,0.0,0.5411734176533562,0.8888429697070801,0.0,0.9757603577205112,0.0,-6.086036127887692,6.086036127887692,-94.66456704427914,-1.801844447851181,True,True,-0.8716457878540002
19.0,20.0,19.5,airspeed_mps,13,117,23.660636059595717,2.349561822269429,24.143380165100098,19.97588023337997,22.38881475275213,25.34664808000837,26.73486644956801,18.91186500998104,27.325477176242405,23.67280967418964,4,24,24.340193091120035,0.76889344163721,24.368841457366944,23.50808298247201,24.00198129245213,24.70705325603485,25.1321954870224,23.38460840497698,25.238481044769287,24.262520790100098,0.6795570315243182,0.6795570315243182,2.8720995911211764,0.2254612922668464,False,False,0.289227133792946
19.0,20.0,19.5,aoa_deg,13,117,2.865567163444359,2.561968447496688,2.376622462272644,-0.5227836561203003,0.9918360691517591,4.062880379813058,6.81112021491641,-0.8200732097029686,7.212364037831624,2.9798461003945422,4,24,3.583707057152476,1.4634901017828723,3.708843544551304,2.023482219576836,2.642336568236351,4.650214033467429,4.968740812369755,1.8687686324119568,5.048372507095337,3.535445019602776,0.7181398937081171,0.7181398937081171,25.061003729709345,1.33222108227866,False,False,0.2803078603133521
19.0,20.0,19.5,descent_rate_mps,13,117,2.859271296999798,1.2575998408556104,3.1166499001653967,1.0608097219213062,1.8364324569693564,3.4871085484830218,4.709248161315471,0.9003041007302877,5.22338628768464,2.858548531163513,4,24,3.327139028479148,0.5972094776119005,3.405550139286197,2.709326463084156,2.9038892047700084,3.828799962995337,3.835176038744272,2.6606857776626924,3.836770057681506,3.326971530916584,0.46786773147935,0.46786773147935,16.363180785617597,0.28890023912080043,False,False,0.37203227630900093
19.0,20.0,19.5,groundspeed_mps,13,117,23.08043821385504,3.053579054748594,22.370874298773792,19.662617845036507,22.09753974180749,23.367823802003823,27.66039483951588,18.05108756356476,31.10116856221023,23.08508939032433,4,24,22.180003958505925,0.8650687836726867,22.347015493029016,21.18393648018259,21.99887553266329,22.52814391887164,22.942255288496924,20.98020171706241,23.04578313090324,22.18844765345736,-0.9004342553491149,0.9004342553491149,-3.901287518919766,-0.02385880574477639,False,False,-0.29487831793608144
19.0,20.0,19.5,p_radps,13,117,-0.0416217083115272,0.096611503961271,-0.0444711117694775,-0.180071894518015,-0.0637852985944066,-0.0159580847248435,0.1149072254953137,-0.1931267410516738,0.1526003714979571,-0.0280106202341042,4,24,0.0431823147227987,0.0434906229408863,0.0331217574421316,0.0063998591620474,0.0242687540594488,0.0520353181054815,0.0940495504764839,0.0019326354376971,0.1045531085692345,0.0371832876699044,0.08480402303432591,0.08480402303432591,-203.74950110070156,0.0775928692116091,True,False,0.8777839031293997
19.0,20.0,19.5,pilot_pitch_centered,13,117,0.2175652827564592,0.1522403066066594,0.17425,0.0393393939393939,0.1237142857142857,0.2533333333333333,0.4870799999999999,-0.0073333333333333,0.5115000000000001,0.2203076923076923,4,24,0.0048464285714285,0.003187632883718,0.0038,0.0024828571428571,0.0032714285714285,0.005375,0.0086749999999999,0.0022857142857142,0.0095,0.005,-0.2127188541850307,0.2127188541850307,-97.77242558646016,-0.17045,True,True,-1.3972571320066285
19.0,20.0,19.5,pilot_roll_centered,13,117,-0.1038625521537286,0.0974626879693044,-0.0563333333333333,-0.27185,-0.1339090909090908,-0.0533333333333333,-0.0125747899159664,-0.3379999999999999,0.0188571428571428,-0.1081538461538461,4,24,0.0200535714285714,0.0125247204539254,0.02425,0.0050571428571428,0.0184285714285714,0.025875,0.0291749999999999,0.0017142857142857,0.03,0.02025,0.1239161235823,0.1239161235823,-119.30779767368878,0.0805833333333333,True,True,1.2714211578212067
19.0,20.0,19.5,pilot_throttle_norm,13,117,0.1272683739463151,0.1174242758067436,0.048,0.0448,0.0472857142857142,0.162,0.3295486631016042,0.043,0.3471363636363636,0.1242307692307692,4,24,0.011375,0.0076308038021342,0.01475,0.0021,0.0105,0.015625,0.015925,0.0,0.016,0.011375,-0.1158933739463151,0.1158933739463151,-91.0621942849696,-0.03325,True,True,-0.9869626459272524
19.0,20.0,19.5,pitch_deg,13,117,-3.7105683169706487,4.237123164153761,-3.642864397593907,-10.735067710876464,-5.340162944793701,-0.956469225031989,2.02677113827278,-12.328738689422607,2.607868369887857,-3.6750408693288383,4,24,-4.5741117862292695,2.008713754480659,-4.558947920799255,-6.692775868177414,-5.281102699041367,-3.851957007987159,-2.476677115883147,-7.045694160461426,-2.132857142857143,-4.588854637145996,-0.8635434692586208,0.8635434692586208,23.272539284861562,-0.9160835232053484,False,False,-0.20380419350663076
19.0,20.0,19.5,q_radps,13,117,0.027644551591459,0.0584663510471952,0.0462876140539135,-0.0575290903949937,-0.0133709242101758,0.0662479067686945,0.1008954554175336,-0.0591957524473614,0.1340803569182753,0.031204054544035,4,24,0.0194070818850637,0.0253791250127194,0.0088840375654399,0.0034060059125269,0.0063356259621546,0.021955493488349,0.0501404199050738,0.0026736009001199,0.0571866515092551,0.0154576867935247,-0.0082374697063953,0.0082374697063953,-29.79780547042887,-0.0374035764884736,False,False,-0.1408924887367411
19.0,20.0,19.5,sideslip_deg,13,117,-0.0223827198952118,3.572615509241299,-0.9121136665344238,-4.62953085899353,-2.2672203540802003,3.529623814991542,4.773476448416071,-6.412333369255066,5.477216655557806,-0.175883381985701,4,24,0.0196284157889229,3.1299074050678835,0.5892301406179156,-3.47973638517516,-1.7907021514007022,2.3995607078075407,2.721550801992416,-3.9019949436187744,2.8020483255386357,0.0275282859802246,0.0420111356841347,0.0420111356841347,-187.69450665878136,1.5013438071523395,False,False,0.01175920990531008
19.0,20.0,19.5,throttle_output,13,117,9.964169164169164,12.442058188955093,2.0,1.0,1.5714285714285714,13.818181818181818,31.34545454545454,1.0,33.36363636363637,9.73076923076923,4,24,0.0,0.0,0.0,0.0,0.0,0.0,0.0,0.0,0.0,0.0,-9.964169164169164,9.964169164169164,-100.0,-2.0,True,True,-0.8008457292873321
20.0,21.0,20.5,airspeed_mps,13,123,23.505575954298795,2.1650754675867505,23.869064331054688,20.432002403622583,22.320761998494465,24.726122220357254,26.35468432108561,19.258667355492,26.589699427286785,23.556744502140926,4,25,24.217833042144772,0.5408172159581204,24.45021629333496,23.559219646453855,24.13428640365601,24.53376293182373,24.551109886169435,23.41545295715332,24.55544662475586,24.32479763031006,0.7122570878459769,0.7122570878459769,3.0301622441874962,0.5811519622802734,False,False,0.3289756401146964
20.0,21.0,20.5,aoa_deg,13,123,2.385250610406961,2.7776695203143187,2.346342583497365,-1.1748789687241827,-0.0581566737964749,5.113954385121663,6.120496756689889,-1.9359887838363647,6.196780800819397,2.3136302264264,4,25,3.231977019849277,1.2928107550726813,3.650341693560282,1.67922597859587,2.77874889927251,4.10356981413705,4.199017517907278,1.4043452484267098,4.222879443849836,3.279310822486877,0.8467264094423159,0.8467264094423159,35.498425437897744,1.3039991100629171,False,False,0.3048333875753877
20.0,21.0,20.5,descent_rate_mps,13,123,2.765340358228033,1.2829225296748816,3.0273294448838897,0.9269668777267872,1.703565120696742,3.268822034199952,4.624736595157827,0.9073456850918727,5.050985813152778,2.7349692124600526,4,25,3.510025308247116,0.6924768726030811,3.440610227132919,2.8821229253513767,2.965536458154968,3.985099077225068,4.2351088047027305,2.861269542150479,4.297611236572147,3.527830839147878,0.7446849500190829,0.7446849500190829,26.929233061794243,0.4132807822490294,True,False,0.5804597961248689
20.0,21.0,20.5,groundspeed_mps,13,123,23.05771545581031,3.071865964789635,22.386383802641603,19.70058355294412,21.443844570496868,23.44816536313836,27.66999396480509,18.002421412210598,31.00552907357351,23.05637459111659,4,25,22.080632344872477,0.7922245970468309,22.27679510914676,21.152582863243897,21.944093106247596,22.41333434777164,22.73405395651705,20.95470530249297,22.814233858703407,22.080777769612503,-0.9770831109378335,0.9770831109378335,-4.237553858318685,-0.10958869349484246,False,False,-0.3180747865100114
20.0,21.0,20.5,p_radps,13,123,-0.0685332576252817,0.1253238265701479,-0.0458996564319187,-0.2840792048545111,-0.1235718242824077,0.0320584448830535,0.0482389098615385,-0.3055083403984706,0.0513278865255414,-0.0693790295626968,4,25,0.0285729986698632,0.0786911111951797,0.0380532442259468,-0.0604017045648236,-0.0005788892407768,0.067205132136587,0.104275358126033,-0.0753574083958352,0.1135429146233946,0.0355565859936177,0.0971062562951449,0.0971062562951449,-141.69216473860232,0.08395290065786551,False,False,0.7748427330439939
20.0,21.0,20.5,pilot_pitch_centered,13,123,0.2374143023643023,0.1632737284558426,0.21075,0.0176761904761904,0.1386666666666666,0.2772857142857142,0.4931999999999999,0.0143333333333333,0.549,0.2332307692307692,4,25,0.0041809523809523,0.0025555772452988,0.0030285714285714,0.002695238095238,0.0028095238095238,0.0044,0.0072799999999999,0.0026666666666666,0.008,0.004,-0.23323334998335,0.23323334998335,-98.23896355892796,-0.20772142857142858,True,True,-1.4284805779175185
20.0,21.0,20.5,pilot_roll_centered,13,123,-0.0796813686313686,0.0403275398097261,-0.0563333333333333,-0.15156,-0.0932857142857142,-0.0536190476190476,-0.0474,-0.1695,-0.04325,-0.0818461538461538,4,25,0.0203595238095238,0.0123302266725278,0.0254333333333333,0.00548,0.0194,0.0263928571428571,0.0281357142857142,0.002,0.0285714285714285,0.0199999999999999,0.1000408924408924,0.1000408924408924,-125.55117232450341,0.0817666666666666,True,True,2.4807090368742197
20.0,21.0,20.5,pilot_throttle_norm,13,123,0.1291720529470529,0.1247482565602294,0.048,0.04427,0.0478333333333333,0.1622857142857142,0.3463246753246752,0.0427999999999999,0.3889545454545455,0.1295384615384615,4,25,0.0111845238095238,0.0074860508981629,0.0145833333333333,0.0021,0.0105,0.0152678571428571,0.0155107142857142,0.0,0.0155714285714285,0.01125,-0.11798752913752909,0.11798752913752909,-91.34137489158876,-0.0334166666666667,True,True,-0.9458050348027415
20.0,21.0,20.5,pitch_deg,13,123,-3.978771810347721,4.427128709593953,-4.100058351244245,-10.898620491027833,-6.003610897064209,-1.6335257490475972,1.97842156329712,-13.25520086288452,3.4325644288744246,-4.0171467042886295,4,25,-5.248182067189898,1.9690382179813928,-5.514756952013288,-7.098391104425703,-6.044812348910741,-4.718126670292445,-3.024768191201347,-7.361785793304444,-2.6014285714285714,-5.315293726921082,-1.269410256842177,1.269410256842177,31.904575516011764,-1.414698600769043,False,False,-0.2867344367222169
20.0,21.0,20.5,q_radps,13,123,-0.0198015846796111,0.0584280929090335,-0.0118105442855845,-0.0986757159978151,-0.0685811142126718,0.0256340507417916,0.0631854309234767,-0.1129095684736967,0.0926526157418265,-0.0182590767956124,4,25,0.0351665028038301,0.0165887861519953,0.0361971556475119,0.0183415416721254,0.0231580321211367,0.0482056263302053,0.0505485499543802,0.0171374190598726,0.0511342808604239,0.0450084302574395,0.0549680874834412,0.0549680874834412,-277.5943863727212,0.0480076999330964,True,False,0.9407818182431665
20.0,21.0,20.5,sideslip_deg,13,123,0.4333289260601068,3.966294872877357,0.0486353387435277,-5.027723437547683,-2.4540247917175293,4.005826200757708,5.447096545355658,-6.011737108230591,6.890993595123291,0.3987673841989957,4,25,0.2870871102526074,3.2115135436947977,0.4507560312747956,-3.1593373944362004,-1.583975320061048,2.321818461588451,3.5043751255103515,-3.5531779130299888,3.800014291490828,0.1609841734170915,-0.1462418158074994,0.1462418158074994,-33.74845458325445,0.40212069253126786,False,False,-0.0368711405719081
20.0,21.0,20.5,throttle_output,13,123,10.156926406926406,13.123582433324373,2.0,1.0,1.6666666666666667,13.714285714285714,32.963636363636354,1.0,37.40909090909091,10.23076923076923,4,25,0.0849727541208267,0.0991557499876072,0.0762112438678741,0.0,0.0,0.1611839979887008,0.182211622595787,0.0,0.1874685287475586,0.0,-10.071953652805579,10.071953652805579,-99.1634009077502,-1.9237887561321259,True,True,-0.7674698356166932
21.0,22.0,21.5,airspeed_mps,13,126,23.425966235881827,2.133289224558009,23.978946367899574,20.31397012363781,21.589242935180664,24.83409881591797,25.949370765686037,18.91813349723816,26.242815017700195,23.42128878373366,4,23,24.034151740301223,0.5085489574811587,23.976173073904853,23.54587108975365,23.82727618444533,24.183048629760744,24.603602523803712,23.47551981608073,24.70874099731445,24.10148334503174,0.6081855044193958,0.6081855044193958,2.5962024289432764,-0.002773293994721371,False,False,0.2850928497730561
21.0,22.0,21.5,aoa_deg,13,126,2.9703574978825347,2.3385130328282044,3.1884334564208983,-0.3624067250639199,0.9301110878586768,4.405151844024658,6.096133542060851,-1.4730066657066343,6.350038528442383,3.0342327562662272,4,23,3.376449566369965,1.2460144124213866,3.924350643157959,1.8698271759067264,3.2911950899021964,4.009605119625728,4.1160104493300125,1.5144851974078588,4.142611781756084,3.336620390415192,0.4060920684874305,0.4060920684874305,13.671487986780026,0.7359171867370606,False,False,0.1736539684776961
21.0,22.0,21.5,descent_rate_mps,13,126,2.8190632310657864,1.2366252585320137,2.879293986729055,1.0532519708980272,2.1202945709239005,3.6557356516514554,4.55399847030434,0.6215294924650083,5.0687980651835005,2.815665465133683,4,23,3.6996044317889263,0.8817000668986321,3.555672645567157,2.949979225796169,2.983875672022166,4.271401405333917,4.65073413849216,2.94150511423967,4.745567321781721,3.694574832921351,0.8805412007231399,0.8805412007231399,31.235241232607578,0.676378658838102,True,False,0.7120517672171941
21.0,22.0,21.5,groundspeed_mps,13,126,22.99580781458275,3.1018775435958523,22.36556749782605,19.614657433147617,20.81061357828708,23.563771380287054,27.61531948886061,17.939623665196798,30.839995744117,23.00303849164245,4,23,21.97683141542042,0.7362181955750687,22.15638342467998,21.11398657967672,21.841220840183297,22.291993999917107,22.588303438200743,20.93217801455007,22.66238079777165,21.979469886705,-1.0189763991623302,1.0189763991623302,-4.431139829391634,-0.20918407314606924,False,False,-0.32850310331112603
21.0,22.0,21.5,p_radps,13,126,-0.0083248801885799,0.1285997942488632,-0.026675511099812,-0.1873676298030962,-0.0840947413817048,0.0771957723085175,0.1670330374191204,-0.2377572258313496,0.1705205688873926,0.007578093988391,4,23,-0.0029963321836909,0.0327572339150762,0.0035385702232209,-0.0395124748074781,-0.02230787103846,0.02285010907799,0.0243709470704197,-0.0438136257497327,0.0247511565685272,0.004871389362961,0.005328548004889,0.005328548004889,-64.00750382208167,0.030214081323032903,False,False,0.041435120763702954
21.0,22.0,21.5,pilot_pitch_centered,13,126,0.2526095709845709,0.1696837300975518,0.2583333333333333,0.01925,0.1482222222222222,0.3091428571428571,0.50872,0.000125,0.556,0.2538461538461538,4,23,0.0045714285714285,0.0027289329104857,0.004,0.00218,0.0029,0.0056714285714285,0.0077628571428571,0.002,0.0082857142857142,0.0045,-0.24803814241314237,0.24803814241314237,-98.19031854034235,-0.2543333333333333,True,True,-1.4617673849493074
21.0,22.0,21.5,pilot_roll_centered,13,126,-0.043729526029526,0.0391276203177917,-0.0546666666666666,-0.0820428571428571,-0.0604,-0.0456666666666666,0.0267365079365078,-0.0828571428571428,0.0655555555555555,-0.0433846153846153,4,23,0.0202142857142857,0.0122880064306955,0.025,0.00536,0.0187999999999999,0.0264142857142857,0.0283685714285714,0.002,0.0288571428571428,0.0199999999999999,0.0639438117438117,0.0639438117438117,-146.2257141791043,0.07966666666666661,True,False,1.6342371763083134
21.0,22.0,21.5,pilot_throttle_norm,13,126,0.1227149586524586,0.1068807961231689,0.0572222222222222,0.04435,0.0473333333333333,0.162,0.3072848484848484,0.043,0.3092121212121211,0.1213076923076923,4,23,0.0111428571428571,0.0074569056703749,0.0145,0.0021,0.0105,0.0151428571428571,0.0154857142857142,0.0,0.0155714285714285,0.01125,-0.1115721015096015,0.1115721015096015,-90.91972383381979,-0.0427222222222222,True,True,-1.0438928746472507
21.0,22.0,21.5,pitch_deg,13,126,-3.582949668794245,4.251215761712906,-3.659380276997884,-9.915907645225523,-5.881581238337925,-0.7851127882798513,1.9926805268634444,-12.740703821182253,2.2047230899333954,-3.537052415884458,4,23,-5.487440200079055,1.817049043709173,-5.8809099265507285,-7.056805109977722,-6.298928427696228,-5.0694216989335565,-3.367217673120045,-7.246274280548095,-2.9416666666666664,-5.5185898447036745,-1.90449053128481,1.90449053128481,53.15426414922876,-2.2215296495528447,False,False,-0.4479872671805888
21.0,22.0,21.5,q_radps,13,126,-0.0059557442747559,0.0706753593914871,-0.0137363117188215,-0.0912201498502066,-0.0518396246646131,0.0223246402783843,0.1099945524086553,-0.0941491655207105,0.1700460476179917,-0.0001127238098818,4,23,-0.0055694265582826,0.0427683308914079,0.0108788098323635,-0.0575649139133747,-0.0138182356196921,0.019127618893773,0.0233985298499048,-0.0685015834867954,0.0244662575889378,-0.0065538705603103,0.0003863177164732997,0.0003863177164732997,-6.4864725322534635,0.024615121551185,False,False,0.0054660877539143005
21.0,22.0,21.5,sideslip_deg,13,126,0.3745502370450708,3.1315599411997885,-0.0960960090160369,-3.3809478282928467,-2.0967820371900285,3.747970802443368,4.81392783641815,-4.326313853263855,5.319858968257904,0.3475822095687573,4,23,1.1930633886229425,3.497671312034221,0.66107903222243,-2.0542857399582863,-0.9607708171010018,2.814913237946374,5.185190616164887,-2.3276644706726075,5.777759960719517,1.279726430773735,0.8185131515778716,0.8185131515778716,218.53227434465018,0.7571750412384669,False,False,0.26137553390221113
21.0,22.0,21.5,throttle_output,13,126,9.621293983793985,11.155247210246678,4.555555555555555,1.0,1.6666666666666667,13.666666666666666,29.036363636363635,1.0,29.09090909090909,9.423076923076923,4,23,0.0517401099205017,0.0881766749873341,0.0120267271995544,0.0,0.0,0.0637668371200561,0.1590789556503295,0.0,0.1829069852828979,0.0,-9.569553873873483,9.569553873873483,-99.46223335439441,-4.543528828356001,True,True,-0.8578522459890756
22.0,23.0,22.5,airspeed_mps,13,107,23.44269134854257,2.018250881095119,23.819853591918942,20.46626256498179,22.445815404256184,24.5231328691755,25.985121459960936,18.97227123805455,26.425940322875977,23.4433650970459,4,21,23.59704744021098,0.4405156759800128,23.70920737584432,23.08125009536743,23.395500659942627,23.91075415611267,23.95582087516785,23.002687454223636,23.96708755493164,23.58512234687805,0.1543560916684079,0.1543560916684079,0.6584401482469043,-0.110646216074624,False,False,0.07648013094618497
22.0,23.0,22.5,aoa_deg,13,107,2.993866568471032,2.330918166533313,3.18030686378479,-0.3290338873863216,1.6547314439501082,5.050345646707635,5.662192297848787,-2.5201147496700287,6.090328433296897,2.914272441313817,4,21,3.768647589286168,1.5795895114596967,4.00701162815094,1.9624275394280752,3.2748644491036734,4.500794768333435,5.241157984733581,1.6343183120091755,5.426248788833618,3.7395020127296448,0.7747810208151358,0.7747810208151358,25.878942935349873,0.8267047643661494,False,False,0.33239305949871184
22.0,23.0,22.5,descent_rate_mps,13,107,2.898467053815092,1.2433682607545025,2.653944832937372,1.2649713100349291,2.102497948539653,3.831890106201132,4.617863845825901,1.0628911068564757,5.205702781674425,2.8470233770527216,4,21,3.962998668350224,0.8616352496289937,3.816580136613791,3.232106208800212,3.267540931697775,4.512037873266239,4.89887707233124,3.223247528075821,4.9955868720974905,3.904949426644468,1.0645316145351318,1.0645316145351318,36.72740089054825,1.162635303676419,True,False,0.8561675958248695
22.0,23.0,22.5,groundspeed_mps,13,107,22.95368725132933,3.129319597660312,22.523145419733535,19.24574546562626,20.925084526404017,23.721065460464047,27.48521121066724,17.76878780430706,30.676751349674213,22.952692773880926,4,21,21.819928644706856,0.6638035587541605,21.97910982046841,21.03860001053772,21.669072399656503,22.12996606551876,22.37840363280981,20.880981913258022,22.440513024632576,21.81431571568627,-1.1337586066224752,1.1337586066224752,-4.939331072208519,-0.5440355992651256,False,False,-0.36230195454313735
22.0,23.0,22.5,p_radps,13,107,0.0345766310525131,0.1626019409539837,-0.002259089003524,-0.1384646104928806,-0.028822665195912,0.055068232724443,0.3278920971495761,-0.1799087429321125,0.4672368956463678,0.035686770117536,4,21,-0.0467075476442308,0.0910620163226928,-0.0622243388594748,-0.12527104341425,-0.1177853841800242,0.0088534976763185,0.0535794558271299,-0.1271424582228064,0.0647609453648328,-0.0444247159757651,-0.0812841786967439,0.0812841786967439,-235.0841485201202,-0.0599652498559508,True,False,-0.4998967307514939
22.0,23.0,22.5,pilot_pitch_centered,13,107,0.2344497026365447,0.1648876290864692,0.2213333333333333,0.0284631578947368,0.142,0.3092,0.5114799999999999,0.0051578947368421,0.5635,0.2327692307692307,4,21,0.0035666666666666,0.0051087434129401,0.0029666666666666,-0.00135,0.00125,0.0052833333333333,0.0093233333333333,-0.002,0.0103333333333333,0.0035,-0.23088303596987808,0.23088303596987808,-98.47870710580689,-0.2183666666666667,True,True,-1.400244743944981
22.0,23.0,22.5,pilot_roll_centered,13,107,-0.0060943401627612,0.1359788605761684,-0.0545,-0.1024145454545454,-0.06,-0.0235555555555555,0.2260571428571424,-0.1216363636363636,0.3911428571428571,0.0002307692307692,4,21,0.02055,0.0128285994154842,0.0251,0.0051666666666666,0.0191666666666666,0.0264833333333333,0.0295633333333333,0.0016666666666666,0.0303333333333333,0.0207499999999999,0.0266443401627612,0.0266443401627612,-437.1981125301888,0.0796,True,False,0.1959447229507884
22.0,23.0,22.5,pilot_throttle_norm,13,107,0.1405574048758259,0.1112631837314866,0.0836,0.04502,0.04725,0.2286666666666666,0.3227515789473683,0.0427999999999999,0.347578947368421,0.1408076923076923,4,21,0.0110125,0.0074274687253913,0.014025,0.0019875,0.0099375,0.0150999999999999,0.01582,0.0,0.016,0.011,-0.1295449048758259,0.1295449048758259,-92.16512284804283,-0.069575,True,True,-1.1643106059993655
22.0,23.0,22.5,pitch_deg,13,107,-3.58262388071843,4.299962569245765,-3.5020704865455627,-9.936068782806396,-5.190462180546352,-0.953278640906016,1.8541231830765408,-13.570766925811768,2.8243763070357475,-3.603813492334806,4,21,-5.468812795480092,1.5375387876128546,-6.134084979693094,-6.401388609409333,-6.278618156909943,-5.324279618263245,-3.60485592365265,-6.43208122253418,-3.1750000000000003,-5.461341786384582,-1.8861889147616622,1.8861889147616622,52.648253837447804,-2.6320144931475316,True,False,-0.43865240322138643
22.0,23.0,22.5,q_radps,13,107,-0.0155607841665552,0.0587212891565038,-0.0127304857131093,-0.1257758251577615,-0.0204668153077363,0.0035303967122576,0.0573424600572747,-0.1369890803471207,0.0841742460615932,-0.0132389543130277,4,21,0.003684303688351,0.0258093308215006,0.0003648668915654,-0.0192858662859846,-0.0165731365637232,0.0206223071436397,0.0313016851781867,-0.01996404871655,0.0339715296868234,0.0047906255349516,0.0192450878549062,0.0192450878549062,-123.67685104372616,0.0130953526046747,True,False,0.3277361265624508
22.0,23.0,22.5,sideslip_deg,13,107,-0.0070196839255831,2.705333279790993,-0.801590871810913,-2.96203483581543,-1.2723084688186646,0.5195684449540244,5.004103203823691,-3.134220695495606,5.233761310577393,-0.0447746171401097,4,21,1.5090499609243124,3.3777309833580165,1.25040951759244,-1.818681451706216,-0.6194627852644772,3.37892226378123,5.198877994219461,-2.1184861183166506,5.6538669268290205,1.534763898700476,1.5160696448498956,1.5160696448498956,-21597.40610719821,2.0520003894033527,True,False,0.5604003233816068
22.0,23.0,22.5,throttle_output,13,107,11.330250305250306,11.710859018486888,5.2,1.0,1.625,20.22222222222222,30.599999999999994,1.0,33.0,11.346153846153848,4,21,0.0,0.0,0.0,0.0,0.0,0.0,0.0,0.0,0.0,0.0,-11.330250305250306,11.330250305250306,-100.0,-5.2,True,True,-0.9674995051485337
23.0,24.0,23.5,airspeed_mps,13,107,23.457992114109317,1.9890789432313276,23.75647258758545,20.482738265991213,22.25419692993164,24.474907684326173,25.952907104492187,18.91122856140137,26.217621994018558,23.49931357457088,4,21,23.329077368690854,0.8969630652934699,23.522910526820592,22.27550143741426,23.00637274696713,23.84561514854431,24.111286878585812,22.092783610026043,24.17770481109619,23.33309245109558,-0.12891474541846293,0.12891474541846293,-0.5495557539254367,-0.2335620607648572,False,False,-0.06481127652431756
23.0,24.0,23.5,aoa_deg,13,107,3.418439187815002,2.496939763124085,3.647871494293213,-0.5175966488663104,2.3392562866210938,4.782641410827637,6.403569413965397,-2.408655196428299,7.119911003112793,3.4394847796513486,4,21,3.755451964480536,1.0199845131899474,4.156122360910688,2.517769920825958,3.606338083744049,4.305236241647176,4.432195453132902,2.2456278800964355,4.4639352560043335,3.751203566789627,0.3370127766655342,0.3370127766655342,9.858674036584107,0.508250866617475,False,False,0.13497032713511495
23.0,24.0,23.5,descent_rate_mps,13,107,2.974625435424543,1.1357054187007058,2.94693827629148,1.5866717945443125,2.12126731872508,3.77466583251944,4.533449172971524,1.0019340515136903,5.471029281610093,3.000365770777229,4,21,3.968657680920829,0.8419788788601662,3.880635499956746,3.158638375145864,3.4278724874778224,4.421420693399753,4.901908040045512,3.091329847062874,5.022029876706952,3.974583148957645,0.9940322454962858,0.9940322454962858,33.417055931091234,0.9336972236652659,True,False,0.8752553515448575
23.0,24.0,23.5,groundspeed_mps,13,107,22.93985782032714,3.18333909793657,22.50800706801223,19.07673730584509,20.979544881072236,23.853328630612307,27.501547938684908,17.474036642294642,30.64203008127636,22.938218119698885,4,21,21.676411108551896,0.6193217265740085,21.802775304421125,20.951897962837663,21.475238499378023,22.003947913595,22.2240143800492,20.821062828702576,22.27903099666275,21.666986064193978,-1.263446711775245,1.263446711775245,-5.507648398133042,-0.7052317635911045,False,False,-0.396893536285282
23.0,24.0,23.5,p_radps,13,107,0.0185501377565125,0.1336385000058972,-0.0003950399113819,-0.1351918405204107,-0.0446676634252071,0.051592328120023,0.2699905423607144,-0.1786293300489584,0.2942372173070907,0.019863310144641,4,21,-0.0454191211319994,0.0719877560205291,-0.0425273647997528,-0.1203737104777246,-0.09305897844024,0.0051124925084877,0.0254870093485805,-0.1272023934870958,0.0305806385586038,-0.0510460372315719,-0.0639692588885119,0.0639692588885119,-344.84519591264956,-0.042132324888370896,True,False,-0.47867387680712575
23.0,24.0,23.5,pilot_pitch_centered,13,107,0.2341420745920746,0.1651832134279248,0.2043333333333333,0.0304581818181818,0.0985,0.3372,0.4788399999999997,0.0186,0.5754999999999999,0.2346153846153846,4,21,0.0038214285714285,0.0038214842007521,0.0031428571428571,0.0003428571428571,0.0017142857142857,0.0052499999999999,0.0082499999999999,0.0,0.009,0.0035,-0.23032064602064609,0.23032064602064609,-98.36790180573644,-0.2011904761904762,True,True,-1.3943344559109392
23.0,24.0,23.5,pilot_roll_centered,13,107,-0.0229311521811521,0.1133714300169915,-0.054,-0.1743781818181818,-0.0555,0.0172499999999999,0.1629828571428571,-0.2325454545454545,0.1908571428571428,-0.0249230769230769,4,21,0.0213035714285714,0.0131506673222467,0.02675,0.0054321428571428,0.0203035714285714,0.02775,0.0295499999999999,0.0017142857142857,0.03,0.0215,0.0442347236097235,0.0442347236097235,-192.90231585520388,0.08075,True,False,0.3901752284777023
23.0,24.0,23.5,pilot_throttle_norm,13,107,0.1398859806859807,0.1111912318107249,0.0838571428571428,0.0448,0.0468333333333333,0.2283,0.3234599999999999,0.043,0.34785,0.1399615384615385,4,21,0.0115,0.0077055175037112,0.015,0.0021375,0.0106874999999999,0.0158125,0.0159625,0.0,0.016,0.0115,-0.1283859806859807,0.1283859806859807,-91.77901892412258,-0.0688571428571428,True,True,-1.1546412302053235
23.0,24.0,23.5,pitch_deg,13,107,-3.454716285829976,4.29631357818801,-3.774388980865479,-9.68037254333496,-5.060117244720459,-1.129698848724365,2.1333913588523856,-13.503240823745728,2.5975973069667817,-3.4264253286214976,4,21,-5.520166851395652,1.581514245413401,-5.862804512182871,-6.885942357778549,-6.226621121168137,-5.156350242410388,-3.67469861991065,-7.050772666931152,-3.3042857142857147,-5.51763596534729,-2.0654505655656763,2.0654505655656763,59.78640196989327,-2.0884155313173918,True,False,-0.4807494909244473
23.0,24.0,23.5,q_radps,13,107,0.0098572273148774,0.0467193393131372,-0.0011708597303368,-0.05003212839365,-0.0072952522663399,0.0443938014097511,0.0822892158292233,-0.0828374540433287,0.1021654193755239,0.0032014928829784,4,21,0.0115615038273626,0.0403256640836077,-0.0009408691087931,-0.0194881663522599,-0.0117053239196788,0.0223259586382482,0.0601144961176032,-0.0214338769604052,0.0695616304874419,0.0121991176747542,0.0017042765124851995,0.0017042765124851995,17.289613580412766,0.00022999062154369998,False,False,0.036479037108428605
23.0,24.0,23.5,sideslip_deg,13,107,-0.1678879762134759,2.826888964456049,-0.2890949572126071,-3.0967855644226074,-2.32570081949234,0.7277823090553284,5.18734664916992,-3.1871820449829102,5.554751491546631,-0.166850730490226,4,21,0.931586080962526,2.7671555722701973,1.5910514477374298,-2.203596684828933,-0.6075482244071152,3.130185753107071,3.143517333269119,-2.602608799934387,3.146850228309632,0.9198454953730106,1.099474057176002,1.099474057176002,-654.8855266311504,1.880146404950037,True,False,0.3889342917250247
23.0,24.0,23.5,throttle_output,13,107,11.196336996336994,11.661904250090103,5.285714285714286,1.0,1.625,20.1,30.599999999999994,1.0,33.0,11.23076923076923,4,21,0.14077775818961,0.2815555163792201,0.0,0.0,0.0,0.14077775818961,0.478644377844674,0.0,0.5631110327584403,0.0500634312629699,-11.055559238147383,11.055559238147383,-98.74264450743429,-5.285714285714286,True,True,-0.9480063462244569
24.0,25.0,24.5,airspeed_mps,13,108,23.65076033637425,2.0750957423608827,23.89212926228841,20.53690442171964,22.647459030151367,24.372363662719728,26.5503519821167,18.81340286948464,26.970517349243163,23.690424919128414,4,20,23.442647854487102,0.3840910553556463,23.373788674672447,23.11597661972046,23.138858318328857,23.67757821083069,23.86572194099426,23.11025619506836,23.912757873535156,23.494498014450077,-0.2081124818871487,0.2081124818871487,-0.8799399212848018,-0.5183405876159632,False,False,-0.1002905444981418
24.0,25.0,24.5,aoa_deg,13,108,2.651743417643409,2.60020617022956,2.728210783004761,-0.9022468537092208,1.4571898844507003,4.706054210662842,6.568064192208376,-1.2330071777105331,7.078762748024681,2.62473626434803,4,20,3.402503152688344,1.4261620141569364,3.8705992102622986,1.679746719201406,3.038524289925893,4.23457807302475,4.469925105571747,1.340052326520284,4.528761863708496,3.3587730526924133,0.7507597350449351,0.7507597350449351,28.311929806245413,1.1423884272575378,False,False,0.2887308489767387
24.0,25.0,24.5,descent_rate_mps,13,108,2.699156905676652,1.026532170211308,2.707599004108322,1.3491135927345344,2.019621849060857,3.563580513001336,4.148205757140818,1.2649792432784572,4.633104801177005,2.680511841407942,4,20,3.862994114559363,0.7677286078221556,3.753837347030842,3.181168476741993,3.27075759570088,4.346073865889325,4.697639226916661,3.158771197002272,4.785530567173495,3.872433900831179,1.1638372088827111,1.1638372088827111,43.118545885014,1.04623834292252,True,False,1.1337561964990726
24.0,25.0,24.5,groundspeed_mps,13,108,22.9876264043128,3.1971548875163385,22.67245174687676,19.07885005500956,21.06205501070399,24.107107418018625,27.526534827681324,17.527398456594657,30.69693043432856,22.98486767583949,4,20,21.580612894832363,0.61360909912734,21.684153804596832,20.871932140686507,21.350451670263165,21.91431502916603,22.144336375307955,20.752302258292342,22.20184171184344,21.579154991567403,-1.4070135094804357,1.4070135094804357,-6.12074289330046,-0.9882979422799281,False,False,-0.4400829984728869
24.0,25.0,24.5,p_radps,13,108,-0.0193514181548383,0.117748112858652,-0.0143966389199098,-0.1450366477496348,-0.1120025739073753,0.0204116778655184,0.1877423449262202,-0.175279439985752,0.1883112221363593,-0.0255570885582038,4,20,0.0485940321232192,0.0593864638625141,0.0322858343133702,0.0004773059665846,0.0151690544832187,0.0657108119533707,0.1195422352136422,-0.0031956311625738,0.1330000910287102,0.0404335455968975,0.0679454502780575,0.0679454502780575,-351.1135449319489,0.046682473233279995,True,False,0.5770406729118541
24.0,25.0,24.5,pilot_pitch_centered,13,108,0.2688667164032549,0.1525881057508104,0.2444,0.0737045454545454,0.1556,0.365,0.4735999999999997,0.029625,0.581,0.2798461538461538,4,20,0.0042916666666666,0.0040742529422014,0.0041666666666666,7.50000000000002e-05,0.002375,0.0060833333333333,0.0086833333333333,-0.0005,0.0093333333333333,0.0045,-0.2645750497365883,0.2645750497365883,-98.40379399723474,-0.2402333333333334,True,True,-1.7339166013939664
24.0,25.0,24.5,pilot_roll_centered,13,108,-0.0171430870411639,0.0815403116585827,-0.0484,-0.120676923076923,-0.054125,0.0416666666666666,0.1050457142857141,-0.148,0.1597142857142857,-0.019,4,20,0.0207916666666666,0.0126779007200193,0.02575,0.00545,0.01925,0.0272916666666666,0.0291916666666666,0.002,0.0296666666666666,0.0209999999999999,0.037934753707830504,0.037934753707830504,-221.28309572681835,0.07415,False,False,0.4652269894020892
24.0,25.0,24.5,pilot_throttle_norm,13,108,0.1447059826925211,0.1071293279568832,0.115,0.04464,0.0475555555555555,0.2292,0.3231499999999999,0.0425999999999999,0.347875,0.1466153846153846,4,20,0.0111458333333333,0.0074685683962114,0.0143749999999999,0.0021,0.0105,0.0150208333333333,0.0156708333333333,0.0,0.0158333333333333,0.01125,-0.1335601493591878,0.1335601493591878,-92.2976001918203,-0.1006250000000001,True,True,-1.2467188201996595
24.0,25.0,24.5,pitch_deg,13,108,-3.620571556276748,4.464529890565368,-4.829268074035644,-10.057853355407715,-5.4973406314849855,-1.261694303580693,2.91672559055415,-12.438201189041138,3.236213192343712,-3.61602574128371,4,20,-5.781287403504054,2.0085141499135397,-6.1376141111056,-7.609873032569885,-6.843012928962708,-5.075888585646947,-3.4538443837960573,-7.80158805847168,-3.0483333333333333,-5.752799816131592,-2.160715847227306,2.160715847227306,59.67886046835379,-1.3083460370699562,True,False,-0.4839738785921047
24.0,25.0,24.5,q_radps,13,108,-0.0035272098740453,0.049843328867309,-0.0119334134491509,-0.0757263538893312,-0.0401355866342782,0.0425969754966596,0.0585146746515399,-0.0801306655630469,0.0613333615733103,-0.0132061745971441,4,20,0.0080277668021153,0.0297717996133976,-0.0050134186749346,-0.0098099544004071,-0.0077221558021847,0.0107365039293654,0.0441231476725078,-0.0103319040499627,0.0524698086082934,0.0127784058568068,0.0115549766761606,0.0115549766761606,-327.59538243490977,0.006919994774216301,False,False,0.23182594218218883
24.0,25.0,24.5,sideslip_deg,13,108,0.3832995307150397,3.173098052735064,-0.0476347476243972,-3.159556241035461,-2.292874813079834,3.392139893311721,5.198591436039316,-3.644163656234741,5.753179907798767,0.42606160732416,4,20,0.4744075861138602,2.645285333018686,0.5900673323000472,-2.398746536578983,-0.7333085457794367,1.797783464193344,3.1856380641460413,-2.8151060342788696,3.5326017141342163,0.4477620148099959,0.0911080553988205,0.0911080553988205,23.769414804359332,0.6377020799244444,False,False,0.02871265050264979
24.0,25.0,24.5,throttle_output,13,108,11.75540954771724,11.242461377892685,8.9,1.0,1.6,20.2,30.599999999999994,1.0,33.0,12.0,4,20,0.0645529478788375,0.1291058957576751,0.0,0.0,0.0,0.0645529478788375,0.2194800227880477,0.0,0.2582117915153503,0.0645529478788375,-11.690856599838403,11.690856599838403,-99.45086602370759,-8.9,True,True,-1.0398840793731743
25.0,26.0,25.5,airspeed_mps,13,179,23.70178524888121,1.8874594651176129,23.93942070007324,20.977620515369235,23.26295026143392,24.625150468614365,26.069299697875973,18.80416225251697,26.673262786865237,23.7235474219689,4,23,23.41737775575547,0.6315633255836859,23.315914880661737,22.833925910223098,23.04456597282773,23.68872666358948,24.142877626419068,22.78126589457194,24.256415367126465,23.349873304367065,-0.284407493125741,0.284407493125741,-1.1999412286429596,-0.623505819411502,False,False,-0.150682702533174
25.0,26.0,25.5,aoa_deg,13,179,2.205631975572069,2.102791318623676,2.387869940863715,-1.104213899374008,0.9860746926731534,3.50042470296224,5.194641771770658,-1.4512188881635666,5.655427773793538,2.1422432523507338,4,23,3.704804898727508,0.8809555436545459,3.569445331891377,2.887039691209793,3.170306354761124,4.1039438758577615,4.712073499815804,2.8162230253219604,4.864105905805316,3.774281471967697,1.4991729231554394,1.4991729231554394,67.97022076933769,1.1815753910276618,True,False,0.7129442231750707
25.0,26.0,25.5,descent_rate_mps,13,179,2.543843151634889,1.3371762699486849,2.471118503147775,0.6834336015222793,1.7955907185870337,3.330911000570334,4.410708618168375,0.3268724774557843,5.102133750927301,2.5076620395381197,4,23,3.9012363411109545,0.5682988894890555,3.891433874764481,3.3083402429284434,3.660907234462473,4.131762981412962,4.507855892178529,3.220198495044936,4.6018791198699205,3.926990032190414,1.3573931894760656,1.3573931894760656,53.35994039584122,1.4203153716167058,True,False,1.0151191132999664
25.0,26.0,25.5,groundspeed_mps,13,179,23.07037976711662,3.192419929467109,22.660916345266017,19.08299652837252,21.22795966218589,24.69039659184709,27.5333141118354,17.599696563698114,30.59048743424156,23.07742066794429,4,23,21.461078161347075,0.5970278834624776,21.525869939456197,20.791923170983708,21.177663482832795,21.80928461797047,22.03952466235768,20.695488093021435,22.09708467345448,21.46075666044674,-1.609301605769545,1.609301605769545,-6.975618182338568,-1.1350464058098204,False,False,-0.5041008518068536
25.0,26.0,25.5,p_radps,13,179,-0.0124568785984983,0.106851263618668,-0.0255416967821392,-0.1339019512354085,-0.1032335934772466,0.0716555597526686,0.1431972632095926,-0.1406594222411513,0.1768293801162924,0.0037154055272157,4,23,-0.0187555177125475,0.0279418016556131,-0.024464893556017,-0.0429187579002852,-0.0383742826913173,-0.0048461285772472,0.0134008486560473,-0.0440548767025271,0.017962592964371,-0.0047952332533895,-0.006298639114049199,0.006298639114049199,50.56354257806215,0.0010768032261221985,False,False,-0.058947726968656675
25.0,26.0,25.5,pilot_pitch_centered,13,179,0.2636825729825729,0.1643279024898905,0.3045714285714286,0.0351142857142857,0.1808571428571428,0.3592000000000001,0.4998545454545453,0.0195,0.57,0.264,4,23,0.0047797619047619,0.003276232869327,0.00375,0.0023178571428571,0.0024464285714285,0.0060833333333333,0.0086833333333333,0.0022857142857142,0.0093333333333333,0.00475,-0.258902811077811,0.258902811077811,-98.18730458721751,-0.30082142857142863,True,True,-1.575525562944119
25.0,26.0,25.5,pilot_roll_centered,13,179,-0.0387873015873015,0.0630777700454455,-0.0479999999999999,-0.1164399999999999,-0.0548888888888888,-0.0257142857142857,0.0497142857142855,-0.1696,0.1185714285714285,-0.0406923076923076,4,23,0.0211249999999999,0.0129123648750593,0.02625,0.00545,0.0192499999999999,0.028125,0.029625,0.002,0.03,0.021,0.0599123015873014,0.0599123015873014,-154.46370109674237,0.0742499999999999,True,False,0.9498164177987986
25.0,26.0,25.5,pilot_throttle_norm,13,179,0.1597615329115329,0.1147878022932181,0.1624444444444444,0.0447199999999999,0.0473333333333333,0.2649047619047619,0.3230333333333333,0.0427999999999999,0.3485833333333333,0.1621923076923077,4,23,0.0114732142857142,0.0075893417364879,0.014875,0.0022589285714285,0.0107232142857142,0.015625,0.015925,0.0001428571428571,0.016,0.011375,-0.14828831862581868,0.14828831862581868,-92.81853768136574,-0.1475694444444444,True,True,-1.2918473536676454
25.0,26.0,25.5,pitch_deg,13,179,-3.560536891684798,4.385284090467278,-4.708816369374593,-10.40631643295288,-5.216238604651557,-0.5675258423600879,2.2721356402786927,-12.573778867721558,3.292624409236605,-3.560567495914606,4,23,-5.594134370883306,2.0914594329283283,-5.6691912810007725,-7.721917670965195,-6.2969686686992645,-4.966356983184815,-3.361271396636964,-8.078154921531677,-2.96,-5.5625464272499086,-2.033597479198508,2.033597479198508,57.11491106714069,-0.9603749116261797,True,False,-0.4637322091900815
25.0,26.0,25.5,q_radps,13,179,0.0148859799651862,0.0408767467864773,0.0181006044149398,-0.0354687787197304,-0.0190572366035277,0.0372154054542382,0.0804018997773527,-0.0429729448885402,0.0896665479987859,0.0152672971061502,4,23,-0.0190493921262053,0.0189801968222861,-0.0219003463474412,-0.0350673117965925,-0.0348748566175345,-0.006074881856112,0.000959863453912,-0.035115425591357,0.0027185497814181,-0.0107274562760722,-0.033935372091391504,0.033935372091391504,-227.96868040099517,-0.040000950762381,False,False,-0.8301876924955751
25.0,26.0,25.5,sideslip_deg,13,179,0.4907746673407703,3.032998569924179,-0.228851209793772,-2.607104306221008,-1.9791064262390137,3.7542004585266113,4.880215020406813,-3.332826316356659,5.189428885777791,0.4065266343263479,4,23,0.701531714626721,2.954711420852761,0.3059599527290889,-2.100327511770385,-1.0086976098162788,2.0161892771720886,4.05719140768051,-2.373234987258911,4.567441940307617,0.7112989872694016,0.21075704728595074,0.21075704728595074,42.94375022001924,0.5348111625228609,False,False,0.0694880140649784
25.0,26.0,25.5,throttle_output,13,179,13.354922854922856,12.102280032737436,13.666666666666666,1.0,1.8888888888888888,24.52380952380953,30.66666666666666,1.0,33.166666666666664,13.538461538461538,4,23,0.5875574293590727,0.7078612134539846,0.463910977045695,0.0,0.0,1.0514684064047677,1.3482198919568742,0.0,1.422407763344901,0.4177618622779846,-12.767365425563783,12.767365425563783,-95.6004431044505,-13.202755689620972,True,True,-1.0549553795670938
26.0,27.0,26.5,airspeed_mps,13,123,23.42348164999732,1.8872119992366656,23.840856975979275,20.646164779663085,22.14105796813965,24.335750341415405,26.020723724365237,19.63796901702881,26.50994110107422,23.446599886967583,4,18,23.456954288482663,0.7011322222638858,23.27211627960205,22.881919021606446,23.019191360473634,23.70987920761108,24.290762767791747,22.84760093688965,24.435983657836918,23.475778579711918,0.03347263848534254,0.03347263848534254,0.14290206291918336,-0.5687406963772261,False,False,0.017736554504147635
26.0,27.0,26.5,aoa_deg,13,123,2.514158778236463,2.4823803706701257,2.0340559085210166,-1.2092656087875364,1.6706392288208007,4.285232424736023,5.969565588235852,-2.662065178155899,7.0102750062942505,2.5179176789063678,4,18,3.9775350868701937,0.6684715924456424,3.826015841960907,3.4041482424736023,3.65301297903061,4.150537949800492,4.763048874139785,3.3419320583343506,4.916176605224609,3.955306202173233,1.4633763086337308,1.4633763086337308,58.205405374604254,1.7919599334398906,False,False,0.5895052691859177
26.0,27.0,26.5,descent_rate_mps,13,123,2.684760867312179,1.068848139056482,2.54462003707917,1.0632140556972325,2.235893673366042,3.1349245707184537,4.27168025970355,0.6650492350260531,4.746048450467526,2.6841548772939348,4,18,3.949909806253627,0.506570925702221,3.965680599212855,3.4096925258668542,3.7912070751202727,4.12438333034621,4.46804797649748,3.3143138885534995,4.5539641380352975,3.954248428340549,1.265148938941448,1.265148938941448,47.12333803524331,1.4210605621336851,True,False,1.1836563986145396
26.0,27.0,26.5,groundspeed_mps,13,123,23.03486035304094,3.2042222976101318,22.492536808220024,18.893003596532967,21.489105023484957,24.5275763086804,27.5527847028528,17.371795949115874,30.4296839033806,23.03970474584292,4,18,21.339464064216717,0.5862046383036816,21.35828892946268,20.713617526410665,21.009024887983244,21.68872810569615,21.938955790678413,20.63976568601752,22.00151271192398,21.34024635487031,-1.6953962888242238,1.6953962888242238,-7.360132698179812,-1.1342478787573427,True,False,-0.529113192330237
26.0,27.0,26.5,p_radps,13,123,-0.0214206919344503,0.1905827769192913,-0.0101989756803959,-0.2963433665875344,-0.0465795189142227,0.0716400693437511,0.1921806457711173,-0.5150860965251922,0.3250841763284471,-0.0272286728812525,4,18,-0.0555591276875929,0.0675161664557968,-0.0514146569941658,-0.1236264438927173,-0.1050029851496219,-0.0019707995321368,0.0067059295467333,-0.1282823085784912,0.0088751118164509,-0.06423852982698,-0.0341384357531426,0.0341384357531426,159.3713025592731,-0.0412156813137699,True,False,-0.1791265522781194
26.0,27.0,26.5,pilot_pitch_centered,13,123,0.2437203907203906,0.1709554772194047,0.213,0.043,0.0822,0.3711428571428571,0.4765599999999998,0.03325,0.574,0.2433076923076922,4,18,0.004475,0.0034596483443648,0.0032,0.00206,0.0023,0.005375,0.0086749999999999,0.002,0.0095,0.00425,-0.23924539072039058,0.23924539072039058,-98.1638795232632,-0.2098,True,True,-1.399460225619694
26.0,27.0,26.5,pilot_roll_centered,13,123,-0.0335966422466422,0.0891369412510805,-0.043,-0.18776,-0.0556666666666666,0.0087499999999999,0.0771999999999999,-0.2306,0.079,-0.0382307692307692,4,18,0.020725,0.0126899894930347,0.02545,0.005375,0.018875,0.0272999999999999,0.0294599999999999,0.002,0.03,0.0204999999999999,0.0543216422466422,0.0543216422466422,-161.6877122655653,0.06845,True,False,0.6094178405071055
26.0,27.0,26.5,pilot_throttle_norm,13,123,0.1688199786324786,0.1249327691339552,0.1622222222222222,0.04495,0.0474999999999999,0.2613125,0.3540699999999999,0.043,0.378875,0.1691923076923077,4,18,0.0113499999999999,0.0076129276015647,0.0147,0.0021,0.0105,0.01555,0.01591,0.0,0.016,0.01125,-0.15746997863247872,0.15746997863247872,-93.27686207998589,-0.14752222222222222,True,True,-1.2604377516329326
26.0,27.0,26.5,pitch_deg,13,123,-3.627826433599686,4.549252489377148,-3.783256769180298,-10.529127082824706,-5.7867757479349775,-0.652564387768507,2.49091502189636,-13.180469036102297,3.3718979597091674,-3.594597135598843,4,18,-5.375751447439193,1.7757273183598818,-5.512316429615021,-7.130603082180024,-6.035523688793182,-4.8525441882610325,-3.429708837652208,-7.404372930526733,-3.0740000000000003,-5.345751481056213,-1.7479250138395073,1.7479250138395073,48.18105402317003,-1.7290596604347233,False,False,-0.3842224668604448
26.0,27.0,26.5,q_radps,13,123,-0.0015411376742077,0.0533957010600045,-0.0079453639336861,-0.0669482295711834,-0.03832577932626,0.0244265310466289,0.0857679644087328,-0.0702469195239245,0.1154496025294065,-0.0054004033624481,4,18,-0.0187187355244532,0.0274069479333023,-0.0106209276942536,-0.051613498176448,-0.0260235307505354,-0.0033161324681714,0.0028390961652621,-0.0580109900329261,0.0043779033236205,-0.0170521708205342,-0.0171775978502455,0.0171775978502455,1114.6050179505548,-0.0026755637605675,False,False,-0.3217037609627379
26.0,27.0,26.5,sideslip_deg,13,123,0.5957969084745944,3.115914582886641,0.7086813807487488,-2.859445680890764,-1.9620027020573616,3.027148167292277,5.384721784591672,-4.161294460296631,6.742037534713745,0.6676355852530553,4,18,0.6629615604877472,3.206042159182782,0.3449480175971985,-2.466678875088692,-1.2107972532510758,2.218706831336021,4.237820956110953,-2.780649280548096,4.742599487304688,0.6145390570163727,0.0671646520131528,0.0671646520131528,11.273078301985985,-0.36373336315155025,False,False,0.021555357255952194
26.0,27.0,26.5,throttle_output,13,123,14.293498168498168,13.18348185190322,13.666666666666666,1.0,1.8571428571428568,24.0,33.849999999999994,1.0,36.625,14.384615384615383,4,18,1.2342382371425629,2.209869238266257,0.199999988079071,0.0,0.0,1.434238225221634,3.916410022974013,0.0,4.536952972412109,1.193434715270996,-13.059259931355605,13.059259931355605,-91.3650372876338,-13.466666678587595,True,False,-0.9905774573103628
27.0,28.0,27.5,airspeed_mps,13,105,23.465600296807672,1.7287917552403675,23.77517247200012,20.602312330215696,22.6567325592041,24.529051303863525,25.83726745605469,20.110902574327252,26.257300186157227,23.48965967618502,4,21,23.54604971068246,0.614478593264186,23.425730323791505,23.012867567879816,23.104986163548062,23.866793870925903,24.247678995132446,22.989837918962756,24.34290027618408,23.543113946914676,0.08044941387478843,0.08044941387478843,0.3428397861431783,-0.3494421482086132,False,False,0.04653505179610422
27.0,28.0,27.5,aoa_deg,13,105,2.811983038158007,2.6265018513809046,3.3589742524283275,-0.9394959503412244,1.2707481810024803,4.512517860957554,6.257999198777333,-2.4961549639701843,7.221918446677072,2.7655978724360466,4,21,4.040614069359643,0.771466491138099,3.922143661975861,3.3271823489665984,3.5534822404384614,4.409275490897042,4.919904360089983,3.2706073760986327,5.047561577388218,4.08418795466423,1.228631031201636,1.228631031201636,43.69268998174513,0.5631694095475335,False,False,0.4677822825655627
27.0,28.0,27.5,descent_rate_mps,13,105,2.813022543368222,0.965746402654006,2.738177435738448,1.3127525723168112,2.4013447761538487,3.322161038718415,4.256577873229673,1.036976708306194,4.524199962614176,2.806539168726112,4,21,3.99333144937262,0.4964054120796142,3.9881515502953615,3.478296075547899,3.828520434243957,4.1529625654240245,4.5156186819055,3.3907399858738847,4.6062827110258695,3.963563442238907,1.1803089060043979,1.1803089060043979,41.958743231084604,1.2499741145569137,True,False,1.2221727181802016
27.0,28.0,27.5,groundspeed_mps,13,105,22.976596361247548,3.12254792973359,22.302288986063186,18.94999141033532,21.71403192396888,24.09066383742326,27.540036661766976,17.657509474964797,30.30969305592108,22.97163781089092,4,21,21.24729002461252,0.5627596936556356,21.28316221412106,20.63639065593251,20.9339389946522,21.59651324408138,21.807968327980568,20.562003571252585,21.860832098955363,21.24192939187508,-1.7293063366350268,1.7293063366350268,-7.526381668747439,-1.0191267719421262,True,False,-0.5538125836814835
27.0,28.0,27.5,p_radps,13,105,-0.0150914394356263,0.0875984822475689,-0.0230787681149584,-0.1262034062668681,-0.0577339360024779,0.0066154518475135,0.1195617002568074,-0.1747482898645103,0.1262827925384044,-0.0240099800195401,4,21,0.0252396580729899,0.0572161499408926,0.0100827531356896,-0.0217356236950893,-0.0074457853666639,0.0427681965753435,0.0934346067532896,-0.0253080832771956,0.1061012092977761,0.0203802438918501,0.0403310975086162,0.0403310975086162,-267.2448687260855,0.033161521250648,True,False,0.46040863350386985
27.0,28.0,27.5,pilot_pitch_centered,13,105,0.2391262515262515,0.1805925108989982,0.26825,0.0009047619047619,0.0497142857142857,0.3542857142857142,0.4887199999999998,-0.0055714285714285,0.569,0.2395384615384615,4,21,0.0047142857142857,0.002765580476889,0.0036,0.0029085714285714,0.0031142857142857,0.0052,0.0080799999999999,0.0028571428571428,0.0088,0.0045,-0.2344119658119658,0.2344119658119658,-98.02853694055077,-0.26465,True,False,-1.2980159844118218
27.0,28.0,27.5,pilot_roll_centered,13,105,-0.0166252136752136,0.1061562053039545,-0.03475,-0.157661111111111,-0.0551428571428571,0.0017142857142857,0.1673499999999999,-0.1717777777777777,0.1959999999999999,-0.0205384615384615,4,21,0.0208321428571428,0.0130483474336139,0.02615,0.0050392857142857,0.0194821428571428,0.0275,0.0291799999999999,0.0014285714285714,0.0295999999999999,0.0209999999999999,0.0374573565323564,0.0374573565323564,-225.30451195464198,0.0609,True,False,0.3528513140150936
27.0,28.0,27.5,pilot_throttle_norm,13,105,0.1723719169719169,0.1296539013084252,0.162125,0.0447199999999999,0.0476666666666666,0.2561111111111111,0.3695857142857142,0.0427999999999999,0.401,0.1726153846153846,4,21,0.0113125,0.0075650925308286,0.014825,0.0021375,0.0106874999999999,0.01545,0.0155699999999999,0.0,0.0156,0.01125,-0.1610594169719169,0.1610594169719169,-93.43715600619383,-0.1473,True,True,-1.2422257668034467
27.0,28.0,27.5,pitch_deg,13,105,-3.795017072048052,4.436488077681206,-3.736788817814418,-10.498766727447508,-5.774053394794464,-0.7744748720100948,2.553663323606762,-12.697448015213013,3.1016236203057423,-3.754790941110024,4,21,-5.257745241097042,1.6071316564079638,-5.4362598896026615,-6.807766454219818,-5.930701816082001,-4.763303314617701,-3.457803520066398,-7.0270326137542725,-3.1314285714285712,-5.28139987707138,-1.4627281690489897,1.4627281690489897,38.543388376896054,-1.6994710717882433,False,False,-0.32970406849678846
27.0,28.0,27.5,q_radps,13,105,0.0037477184361445,0.0629658663003969,0.001435927581042,-0.0720409533541117,-0.0296859718703975,0.0216518111992627,0.0942655152268705,-0.1116564060960497,0.1614050418138503,0.0027519145335715,4,21,0.0111972791886988,0.0147968000930025,0.0096862772479653,-0.0031793802914242,0.0051151871261286,0.0157683693105354,0.0276893413858487,-0.0052530221458124,0.0306695844046771,0.0109815776813775,0.007449560752554301,0.007449560752554301,198.7758920389469,0.0082503496669233,False,False,0.11831109758760427
27.0,28.0,27.5,sideslip_deg,13,105,0.4100394428622372,3.5566053398314303,-0.6560425639152527,-3.3173679947853087,-2.413980111479759,1.9637472118650163,6.16214020848274,-4.056756675243378,7.290427684783935,0.4301930711819575,4,21,0.4412107011303305,3.166743109849941,0.2152782719582319,-2.7366614018380644,-1.096258669346571,1.7527476424351334,3.9353882049396622,-3.1467620849609377,4.481048345565796,0.4603276625275612,0.031171258268093305,0.031171258268093305,7.602014589256491,0.8713208358734846,False,False,0.008764328703833837
27.0,28.0,27.5,throttle_output,13,105,14.596764346764347,13.652907345514816,13.625,1.0,1.6666666666666667,23.05555555555556,35.349999999999994,1.0,38.875,14.615384615384617,4,21,0.6090769001415798,1.2181538002831596,0.0,0.0,0.0,0.6090769001415798,2.07086146048137,0.0,2.436307600566319,0.0327028334140777,-13.987687446622768,13.987687446622768,-95.82731565933246,-13.625,True,True,-1.0245207919921857
28.0,29.0,28.5,airspeed_mps,13,126,23.426902940829304,1.6439006367244025,23.063397725423176,21.28070162455241,22.194845744541716,24.924023056030272,25.618901672363283,20.624313990275063,25.94147834777832,23.47888917189378,4,21,23.618110036849977,0.5412375008085292,23.640602588653564,23.037878942489623,23.311251401901245,23.947461223602296,24.166851558685305,22.96953582763672,24.221699142456053,23.570303916931152,0.19120709602067265,0.19120709602067265,0.8161859743202743,0.5772048632303886,False,False,0.116313049432031
28.0,29.0,28.5,aoa_deg,13,126,2.6489511382949145,2.8995140771815096,2.329284736088344,-1.2787566542625426,0.9252121932804585,4.349916662488665,6.83146049711439,-2.117228603363037,8.459670596652561,2.6320681147850475,4,21,3.628162421782812,0.9861896269275808,3.2915740529696147,2.9137684440612794,2.9450676918029783,3.974668782949448,4.813780115842818,2.9059436321258545,5.023557949066162,3.63030269742012,0.9792112834878974,0.9792112834878974,36.96600021539844,0.9622893168812707,False,False,0.33771565076854043
28.0,29.0,28.5,descent_rate_mps,13,126,2.86627943175227,1.080642188659538,2.764434814453596,1.3794903119409216,2.2564327716834,3.152217864990194,4.441259384157189,0.5029084682464628,4.749036788945068,2.8333300810633357,4,21,3.8435277144097295,0.4573771891884188,3.720939477284365,3.472755813595559,3.6265277862539302,3.9379394054401646,4.385923147199414,3.4343128204309665,4.497919082639226,3.8582086563086406,0.9772482826574596,0.9772482826574596,34.09466194508569,0.9565046628307687,True,False,0.9043217939414974
28.0,29.0,28.5,groundspeed_mps,13,126,22.985260970453187,2.9710119279498546,22.23555791994689,19.26417817571829,21.58163482285737,23.773028253202742,27.55773676542494,18.767955919754225,30.254186199225053,22.988760821801687,4,21,21.17912305527192,0.5662364543247969,21.229808232173976,20.55627151393165,20.86988305322427,21.53904823422162,21.7310153489493,20.477868629108496,21.779007127631218,21.18575167562662,-1.8061379151812673,1.8061379151812673,-7.85780904338219,-1.0057496877729122,True,False,-0.6079201157659411
28.0,29.0,28.5,p_radps,13,126,0.0207315206333151,0.1251979584373802,0.0084100447595119,-0.1526203328743576,-0.011882645310834,0.046347061704312,0.2414951058015935,-0.2056305040605366,0.2979721402128537,0.0240371919666918,4,21,0.0068055279397716,0.0361569492921722,-0.0010594524443149,-0.0246598845906555,-0.0121392504312097,0.0178853259266664,0.0492819130079199,-0.0277900431305169,0.0571310597782333,-0.0055320281535386,-0.013925992693543502,0.013925992693543502,-67.1730402214912,-0.0094694972038268,False,False,-0.11123178738181112
28.0,29.0,28.5,pilot_pitch_centered,13,126,0.2563884615384615,0.1744672281026652,0.2788571428571428,0.0172666666666666,0.0976499999999999,0.324,0.5075085714285712,-0.0093333333333333,0.5791999999999999,0.2535384615384615,4,21,0.0048166666666666,0.0034410915580831,0.0038,0.00212,0.0026,0.0060166666666666,0.0089366666666666,0.002,0.0096666666666666,0.0045,-0.25157179487179493,0.25157179487179493,-98.12134031392672,-0.2750571428571428,True,True,-1.4419429803960522
28.0,29.0,28.5,pilot_roll_centered,13,126,0.0171650793650793,0.1817608096776675,-0.03,-0.16453,-0.0545714285714285,0.0474285714285714,0.3504190476190473,-0.262,0.4637142857142857,0.0152307692307692,4,21,0.0203666666666666,0.012612692020342,0.0243999999999999,0.00524,0.0182,0.0265666666666666,0.0298466666666666,0.002,0.0306666666666666,0.0204999999999999,0.003201587301587299,0.003201587301587299,18.651747734418404,0.0543999999999999,False,False,0.017614288290555905
28.0,29.0,28.5,pilot_throttle_norm,13,126,0.1714770146520146,0.1292497606320313,0.16225,0.0449199999999999,0.0476666666666666,0.2429999999999999,0.3711499999999999,0.043,0.405375,0.1704615384615384,4,21,0.01145,0.00768613470261,0.0149,0.0021,0.0105,0.01585,0.01597,0.0,0.016,0.0115,-0.1600270146520146,0.1600270146520146,-93.32272023557447,-0.14735,True,True,-1.2381223289658916
28.0,29.0,28.5,pitch_deg,13,126,-3.996315002992808,4.307699801734307,-3.719540527888707,-10.847557334899902,-5.066413879394531,-1.1467405217034476,1.8055695214101808,-12.44203586578369,2.8978748586442737,-3.960344068132914,4,21,-5.441678763389588,1.7331541777759405,-5.626720428466797,-7.118466215133667,-6.155234289169312,-4.913164902687073,-3.5058329805374155,-7.359274196624756,-3.1540000000000004,-5.464160830974579,-1.4453637603967797,1.4453637603967797,36.16741321228078,-1.90717990057809,True,False,-0.3355302892311268
28.0,29.0,28.5,q_radps,13,126,0.0056910718610575,0.0475560600521868,0.0112055197358131,-0.0539891703985631,-0.0353972571236746,0.0307450300388154,0.0843025765913937,-0.0600171179976314,0.0845414075468267,0.0040713475609663,4,21,-0.0026889932555301,0.0080425165575873,-0.0004475245911938,-0.0122703436063602,-0.0056868193903937,0.0025503015436697,0.003754300965229,-0.0139162246603518,0.0040553008206188,-0.0032174709485843,-0.0083800651165876,0.0083800651165876,-147.2493287939337,-0.0116530443270069,False,False,-0.17621445316099632
28.0,29.0,28.5,sideslip_deg,13,126,0.0978838064658917,3.7853193755022647,-1.1211261919566564,-3.3686736679077147,-2.852997660636902,1.5209306213590834,6.597994151115416,-3.5035443782806395,6.976545310020446,0.0668227214079636,4,21,0.2064640642143785,2.52582096050522,-0.0139739988371729,-2.2684643862582745,-0.7449996580369771,0.9374897234141828,2.9900058029592027,-2.649330568313599,3.503134822845459,0.227095934562385,0.10858025774848679,0.10858025774848679,110.9277026188416,1.1071521931194834,False,False,0.02868456977532564
28.0,29.0,28.5,throttle_output,13,126,14.497741147741143,13.472295969190403,13.75,1.0,1.6666666666666667,22.285714285714285,35.14999999999999,1.0,38.375,14.461538461538462,4,21,0.0,0.0,0.0,0.0,0.0,0.0,0.0,0.0,0.0,0.0,-14.497741147741143,14.497741147741143,-100.0,-13.75,True,True,-1.076115101753689
29.0,30.0,29.5,airspeed_mps,13,95,23.48754275352773,1.6322750377694608,23.67386856079101,21.213945083618164,22.151364008585613,25.090187788009644,25.34625625610352,20.516895294189453,25.35943984985352,23.52300299130953,4,21,23.589330434799194,0.8412139746218297,23.30755694707235,22.974728568394976,23.001060088475544,23.895827293396,24.598415184021,22.96814568837484,24.77406215667725,23.585750818252563,0.10178768127146398,0.10178768127146398,0.4333687961299225,-0.3663116137186613,False,False,0.06235939343320416
29.0,30.0,29.5,aoa_deg,13,95,2.7432533274382567,3.1803465147417205,2.596929121017456,-1.6992459774017332,1.2914539916174752,4.706875145435333,7.591595220565794,-3.154366970062256,8.221113562583923,2.7463846711012034,4,21,3.8035559386014937,1.1898898950910737,3.3144493659337364,3.038995143771172,3.0590773671865463,4.058927937348684,5.252865935166676,3.033974587917328,5.551350434621175,3.79296600818634,1.060302611163237,1.060302611163237,38.65128315194221,0.7175202449162805,False,False,0.3333921653657747
29.0,30.0,29.5,descent_rate_mps,13,95,2.939623777547826,0.9041617114218587,2.740296125411888,1.6476449232824744,2.432115077972014,3.630788803100779,4.375517082212237,1.5554736210748126,4.458615779872318,2.918648719788435,4,21,3.85133179028879,0.4677705434968706,3.751743475595264,3.4496872425100333,3.5258638858793248,4.077211380004729,4.392399978638483,3.4306430816677107,4.471197128296922,3.862093687056216,0.9117080127409642,0.9117080127409642,31.014445443814324,1.011447350183376,True,False,1.008346185448661
29.0,30.0,29.5,groundspeed_mps,13,95,23.00380568701445,2.8966858243432863,22.21342388102587,19.602500404174897,21.41207663523524,23.483999799364376,27.6567810257944,19.53059947966679,30.295098372239643,23.004407456313476,4,21,21.10116752976085,0.5491859428725102,21.16554150355524,20.48728512710284,20.816342392994272,21.45036664032181,21.62492636910672,20.405020810629978,21.668566301302945,21.102800848206567,-1.9026381572535982,1.9026381572535982,-8.270971260758081,-1.047882377470632,True,False,-0.6568327642798298
29.0,30.0,29.5,p_radps,13,95,0.0717903455934217,0.1765002617499921,-0.0098908844270876,-0.1099202198836092,-0.0172539047896862,0.1157858927423754,0.4144306068122387,-0.1575676559004931,0.4196686923503875,0.0643899564344722,4,21,-0.0099348171943953,0.043576322869916,-0.0219408221698055,-0.0449575233350818,-0.0386032948348049,0.006727655470604,0.0418962959118652,-0.046546080460151,0.0506884560221805,-0.0039789446163922,-0.08172516278781701,0.08172516278781701,-113.83865352962677,-0.012049937742717901,False,False,-0.4630313971068129
29.0,30.0,29.5,pilot_pitch_centered,13,95,0.260954771297079,0.1810729218583303,0.2781666666666666,0.012,0.10625,0.3165714285714286,0.5339999999999999,-0.029,0.576,0.2585384615384615,4,21,0.005425,0.0025927784324928,0.0045,0.003575,0.003875,0.00605,0.00857,0.0035,0.0092,0.0055,-0.255529771297079,0.255529771297079,-97.9210956852657,-0.2736666666666666,True,True,-1.411198144231654
29.0,30.0,29.5,pilot_roll_centered,13,95,-0.0060956043956043,0.0790404507820645,-0.04575,-0.0723999999999999,-0.054,-0.0025714285714285,0.1464199999999999,-0.0839999999999999,0.1688,-0.009076923076923,4,21,0.0204583333333333,0.0125899541081151,0.0249166666666666,0.005225,0.018125,0.02725,0.0294499999999999,0.002,0.03,0.0204999999999999,0.0265539377289376,0.0265539377289376,-435.6243615167405,0.0706666666666666,True,False,0.3359537738740111
29.0,30.0,29.5,pilot_throttle_norm,13,95,0.1535115126326664,0.1096347406566398,0.1621111111111111,0.0447199999999999,0.0468333333333333,0.2285833333333334,0.3247999999999999,0.0427999999999999,0.353,0.1563461538461538,4,21,0.0114041666666666,0.007675217152194,0.0147083333333333,0.0020625,0.0103125,0.0157999999999999,0.01612,0.0,0.0162,0.0115,-0.1421073459659998,0.1421073459659998,-92.57113263292811,-0.1474027777777778,True,True,-1.2961890101155027
29.0,30.0,29.5,pitch_deg,13,95,-4.020339373033486,4.265989551305658,-4.201255185263498,-11.138048152923584,-6.039478831821018,-0.764566533267498,1.2689360763017932,-13.218110799789429,1.9915320575237276,-3.982986016628834,4,21,-5.18710298816363,1.6904503548131224,-5.226825348536174,-6.925214306116104,-5.76035984158516,-4.653568495114644,-3.3933803656895964,-7.21642792224884,-3.0783333333333336,-5.217237076759338,-1.1667636151301446,1.1667636151301446,29.021520495414816,-1.0255701632726764,False,False,-0.27350362702436587
29.0,30.0,29.5,q_radps,13,95,-0.0057411855702322,0.033329125398956,4.794058258993572e-05,-0.0577874177508055,-0.016441302653402,0.0169890833397706,0.0285259129278934,-0.092494262009859,0.0375820795074104,-0.0034452091886823,4,21,0.0091159201896516,0.0534119048398723,0.0030791526776738,-0.0421569158200872,-0.0122143278684234,0.0244094007357489,0.0688402307161595,-0.0496425628080032,0.0799479382112621,0.0129154907481279,0.0148571057598838,0.0148571057598838,-258.78114508120507,0.003031212095083864,False,False,0.4457694458537812
29.0,30.0,29.5,sideslip_deg,13,95,-0.0737603441719114,3.926995793498228,-1.705712229013443,-4.286483373641968,-2.5815113953181674,2.2554214745759964,6.440186571463559,-4.310647130012512,7.013786951700847,-0.1029386245287381,4,21,0.3656503342092037,1.944280605807068,0.0351867442329724,-1.4042948002616564,-0.4810044343272845,0.8818415127694608,2.5982444946467864,-1.6351173917452495,3.0273452401161194,0.3377622626721859,0.4394106783811151,0.4394106783811151,-595.7275326115501,1.7408989732464153,False,False,0.11189486861906754
29.0,30.0,29.5,throttle_output,13,95,12.420073729689111,11.467902498297333,13.2,1.0,1.4,20.08333333333333,30.72857142857142,1.0,33.75,12.615384615384617,4,21,0.2792347073554992,0.5584694147109985,0.0,0.0,0.0,0.2792347073554992,0.9493980050086972,0.0,1.116938829421997,0.2792347073554992,-12.140839022333612,12.140839022333612,-97.75174678159911,-13.2,True,True,-1.0586800004740353
30.0,31.0,30.5,airspeed_mps,13,96,23.43657383166641,1.710396594647219,23.587825502668107,21.05123100280762,22.097324752807616,24.849180221557617,25.40996618270874,20.296146392822266,25.53368139266968,23.46188083061805,4,20,23.66316204071045,0.852513355254842,23.51123352050781,22.93595043182373,22.99159755706787,24.182798004150392,24.60307357788086,22.922038650512697,24.70814247131348,23.63895559310913,0.22658820904403854,0.22658820904403854,0.9668145637306553,-0.0765919821602985,False,False,0.13247699963456364
30.0,31.0,30.5,aoa_deg,13,96,2.3727817449976327,3.1661123977893477,2.489278112139021,-1.9122543546286492,0.8860053249767849,3.577183723449707,7.526078391075131,-3.254965305328369,8.510947406291962,2.289816501048895,4,20,3.2649140119552613,1.4835640769589482,3.127579426765442,1.822368233203888,2.7286538720130924,3.663839566707611,4.899728209972381,1.595796823501587,5.208700370788574,3.2969179451465607,0.8921322669576286,0.8921322669576286,37.598581025770606,0.6383013146264211,False,False,0.281775298811418
30.0,31.0,30.5,descent_rate_mps,13,96,2.936113893450224,0.8067227004425876,2.8755501338396243,1.976478229870124,2.2394180297852384,3.5242652893056743,4.217225074769544,1.8581000241372967,4.336223602292989,2.928541623632231,4,20,3.8604550361637138,0.1627185002611931,3.842947006226018,3.702476787567442,3.787370204927055,3.916031837462677,4.042944526672759,3.681253433227539,4.07467269897528,3.820328712460381,0.9243411427134895,0.9243411427134895,31.48178770501635,0.9673968723863937,True,False,1.1457978586773045
30.0,31.0,30.5,groundspeed_mps,13,96,22.948551468265094,2.8936618865924038,22.305529821735952,19.603767346729683,21.35381407063972,23.278666300746185,27.729509153734657,19.59141233346949,30.185124553482048,22.95296812785116,4,20,21.026426752686284,0.5392331313273917,21.10073236552648,20.41762821179094,20.75475358845614,21.372405529756623,21.531197435605364,20.33334686762464,21.57089541206755,21.02876351461746,-1.9221247155788106,1.9221247155788106,-8.375799745952866,-1.204797456209473,True,False,-0.6642533892728973
30.0,31.0,30.5,p_radps,13,96,0.0132558124417006,0.1871516621359146,0.0179723447654396,-0.2375817142639841,-0.0446353029110468,0.0619819824184689,0.264338168088685,-0.4261313110589981,0.416948390007019,0.0013455064841904,4,20,0.0379475469584576,0.0508260871995043,0.0222700795857235,-0.0012211674009449,0.0102552937692962,0.0499623327748849,0.099064715639688,-0.0040902826935052,0.1113403113558887,0.0430436581373214,0.024691734516756998,0.024691734516756998,186.27100093149232,0.004297734820283901,False,False,0.1319343586637515
30.0,31.0,30.5,pilot_pitch_centered,13,96,0.2614560439560439,0.1763526521840974,0.2708571428571428,0.0247,0.1302499999999999,0.354,0.5238999999999999,0.01225,0.5605,0.2573076923076923,4,20,0.0051,0.0030528675044947,0.004,0.00298,0.0037,0.0054,0.0087599999999999,0.0028,0.0096,0.005,-0.2563560439560439,0.2563560439560439,-98.049385310497,-0.2668571428571428,True,True,-1.4536557334472613
30.0,31.0,30.5,pilot_roll_centered,13,96,-0.0273353757353757,0.1077588569401902,-0.0525,-0.11664,-0.0545714285714285,-0.039,0.129854545454545,-0.1992,0.29,-0.0289230769230769,4,20,0.0195,0.0119392908778815,0.0235999999999999,0.00512,0.0175999999999999,0.0255,0.02814,0.002,0.0288,0.019,0.0468353757353757,0.0468353757353757,-171.3361330342511,0.07609999999999989,True,False,0.43463133393639203
30.0,31.0,30.5,pilot_throttle_norm,13,96,0.1381790709290709,0.1207680863500771,0.0596666666666666,0.04495,0.0479999999999999,0.2285,0.3318454545454545,0.043,0.3323636363636363,0.1377692307692307,4,20,0.01135,0.0076251775935602,0.0148,0.00207,0.01035,0.0158,0.0158,0.0,0.0158,0.0115,-0.1268290709290709,0.1268290709290709,-91.78602090484013,-0.044866666666666596,True,True,-1.0501869720898325
30.0,31.0,30.5,pitch_deg,13,96,-4.281777294838026,4.050745510491275,-4.490290429857042,-11.023840856552123,-5.725867176055909,-0.7058758357539773,0.474268043227491,-13.287513971328735,1.6697871387004852,-4.309532619439638,4,20,-5.421466918945312,2.027213723627269,-5.08636441230774,-7.755181069374084,-6.059349942207336,-4.448481389045716,-3.556896277809144,-8.17913885116577,-3.3340000000000005,-5.413872308731079,-1.1396896241072865,1.1396896241072865,26.617209294870612,-0.5960739824506973,False,False,-0.281353054926688
30.0,31.0,30.5,q_radps,13,96,0.005830973185416,0.030322838017069,-0.0075475580524653,-0.0274327571157898,-0.0109596545808017,0.036721048131585,0.0520418163342401,-0.0366249082610011,0.0545098475296981,0.0085792311359769,4,20,0.0124765469459816,0.0259983185049561,0.0111804702784865,-0.0120302823418751,-0.0075871744425967,0.0312441916670649,0.0387978835683315,-0.0131410593166947,0.0406863065436482,0.0111858374439179,0.0066455737605656,0.0066455737605656,113.97023359989066,0.0187280283309518,False,False,0.21916067872092798
30.0,31.0,30.5,sideslip_deg,13,96,0.7213667946167679,4.185468296088431,-0.0408019788563251,-5.241688203811646,-2.080216441835676,3.4111905097961426,7.30759338378906,-5.380043983459473,8.191992139816284,0.8168538817419455,4,20,0.9589037030935288,2.26827797249195,0.1879107356071472,-0.6999873340129852,-0.5255512654781341,1.67236570417881,3.697184894680976,-0.743596351146698,4.203389692306518,0.8761895298957825,0.2375369084767609,0.2375369084767609,32.92872783296802,0.2287127144634723,False,False,0.05675276735431332
30.0,31.0,30.5,throttle_output,13,96,11.022147297147296,12.771243808886055,2.5,1.0,1.5714285714285714,20.3,31.60727272727273,1.0,31.7,11.038461538461538,4,20,0.7902970850467683,1.2044774041373738,0.3088903546333313,0.0,0.0,1.0991874396800996,2.254563592672348,0.0,2.5434076309204103,0.9551633149385452,-10.231850212100527,10.231850212100527,-92.82991722265125,-2.1911096453666685,True,True,-0.8011631729230122
31.0,32.0,31.5,airspeed_mps,13,96,23.297069608481085,1.607590188458667,23.129700660705566,21.16982894170852,22.23534202575684,24.55587310791016,25.654172515869146,20.39420291355678,25.725276947021484,23.275789187504696,4,24,23.30742955207825,0.391675650780118,23.29921181996664,22.957273785273237,22.97785274187724,23.628788630167644,23.66909014383952,22.952129046122234,23.679165522257488,23.3048996925354,0.010359943597165966,0.010359943597165966,0.0444688699963987,0.16951115926107363,False,False,0.006444393397983426
31.0,32.0,31.5,aoa_deg,13,96,2.368658560234257,3.014967772984808,2.0921225249767303,-2.311987146139145,1.5596264733208551,3.731221318244934,7.459908131190707,-3.075552558898926,8.139678069523402,2.4237739122830906,4,24,2.6853266060352325,1.7413152109348593,2.4148150881131487,1.0638013283411665,1.769207994143168,3.3309337000052137,4.685568008820216,0.8874496618906657,5.024226586023967,2.642336487770081,0.3166680458009754,0.3166680458009754,13.369087935141541,0.32269256313641836,False,False,0.10503198363791301
31.0,32.0,31.5,descent_rate_mps,13,96,2.849440361262017,0.7845538376976368,2.569363117216284,1.974279085794541,2.2313679589157496,3.2519563039140564,4.132121276853679,1.7341748873392977,4.269792556758136,2.8628092545735364,4,24,3.4710971514397477,0.3839370088917608,3.394505977631998,3.13024369875756,3.244958321254027,3.620644807817719,3.919178247452784,3.101565043133443,3.9938116073615504,3.513132333756289,0.6216567901777306,0.6216567901777306,21.816802998550873,0.8251428604157143,True,False,0.7923698289489651
31.0,32.0,31.5,groundspeed_mps,13,96,22.861276991808754,2.8765907449221944,22.421894143207844,19.520260045837816,21.205584063982204,23.16988302229157,27.767497528802384,19.221134418624462,29.739483731338467,22.857945446071533,4,24,20.9740314759414,0.5535050660340972,21.10131331361989,20.335319394914904,20.69555699699186,21.379787792569427,21.43454898421799,20.245259994395667,21.44823928213013,20.975270417323348,-1.887245515867356,1.887245515867356,-8.255206026083146,-1.3205808295879535,True,False,-0.6560702175652734
31.0,32.0,31.5,p_radps,13,96,0.0164949448437299,0.0623544874252481,0.0101103271978596,-0.0875174766872077,-0.0009334346104879,0.0434411242604255,0.1060087387760479,-0.1093018730171024,0.1179627086967229,0.0356771916670437,4,24,0.0113480829362136,0.0477392222213127,-0.00614693260286,-0.0219574406549023,-0.0140719350699024,0.0192730854032561,0.0691466282820328,-0.0239288170511523,0.081615014001727,-0.0033208872191607,-0.005146861907516299,0.005146861907516299,-31.202662126346773,-0.0162572598007196,False,False,-0.08254196482148085
31.0,32.0,31.5,pilot_pitch_centered,13,96,0.26908778998779,0.1609234381865192,0.245,0.0520952380952381,0.18225,0.34575,0.5462,0.0316666666666666,0.5860000000000001,0.2643076923076922,4,24,0.005,0.0022277708506403,0.0045,0.0031,0.0035,0.006,0.0075999999999999,0.003,0.008,0.005,-0.26408778998779,0.26408778998779,-98.1418703538251,-0.2405,True,True,-1.6410772287980673
31.0,32.0,31.5,pilot_roll_centered,13,96,-0.0484144078144078,0.1177139959281368,-0.0493333333333333,-0.1877571428571428,-0.055,-0.0398333333333333,0.0847555555555553,-0.38025,0.1668888888888888,-0.0533846153846154,4,24,0.0200833333333333,0.0122092102453358,0.0248333333333333,0.0053,0.0184999999999999,0.0264166666666666,0.0282166666666666,0.002,0.0286666666666666,0.0199999999999999,0.0684977411477411,0.0684977411477411,-141.48214186636534,0.0741666666666666,True,False,0.5818997189557499
31.0,32.0,31.5,pilot_throttle_norm,13,96,0.1360588827838828,0.1233475124511363,0.04875,0.0448533333333333,0.0478333333333333,0.22825,0.3594888888888888,0.0428333333333333,0.3845555555555555,0.1357307692307692,4,24,0.0111666666666666,0.0074820773506748,0.0145833333333333,0.002075,0.010375,0.015375,0.015475,0.0,0.0155,0.01125,-0.12489221611721621,0.12489221611721621,-91.79276910247468,-0.0341666666666667,True,True,-1.012523184581382
31.0,32.0,31.5,pitch_deg,13,96,-4.232349224406794,3.9773192647811286,-3.7791221737861633,-11.114541301727296,-5.583232084910075,-2.433389014667935,0.9075200083532484,-13.011391067504883,1.6871014663151331,-4.234501476471241,4,24,-5.405078876018524,1.9080904850416869,-4.892179767290751,-7.66815849939982,-5.796968619028727,-4.500290024280548,-3.860058004856111,-8.135955969492594,-3.7000000000000006,-5.417652060985565,-1.1727296516117303,1.1727296516117303,27.70871658815206,-1.113057593504588,False,False,-0.29485429092810467
31.0,32.0,31.5,q_radps,13,96,-0.0083564167442421,0.0557253386612104,-0.0168698641161123,-0.0783749292232095,-0.0521803241637017,0.0282021826831623,0.0693394207321697,-0.0904919927939772,0.1092832241621281,-0.0085122614543531,4,24,-0.0215474972016333,0.0312454326043794,-0.0241663552005774,-0.0513904823378348,-0.0437603486158574,-0.0019535037863533,0.0119618891330901,-0.0532980157683292,0.015440737362951,-0.0160729700000956,-0.013191080457391199,0.013191080457391199,157.8557037199033,-0.0072964910844651,False,False,-0.2367160213702446
31.0,32.0,31.5,sideslip_deg,13,96,0.648075465583248,3.9142276409977095,1.876560858317784,-5.579333276748657,-1.7375809848308563,3.433276789528983,5.488421448071794,-6.112097549438476,6.9584534962972,0.5788969810192401,4,24,1.8910619504749773,3.4767942304550363,0.7469049369295439,-0.6960781462490558,0.0673609338700771,2.570605953534444,6.080021866162616,-0.8869379162788391,6.957375844319661,1.943383634090424,1.2429864848917291,1.2429864848917291,191.79656550847508,-1.12965592138824,False,False,0.3175560030982001
31.0,32.0,31.5,throttle_output,13,96,10.916819291819287,13.056336529947862,2.0,1.0,1.5,20.125,34.68888888888888,1.0,37.22222222222222,10.884615384615383,4,24,0.1971265872319539,0.3942531744639079,0.0,0.0,0.0,0.1971265872319539,0.6702303965886433,0.0,0.7885063489278159,0.0,-10.719692704587333,10.719692704587333,-98.19428551519879,-2.0,True,True,-0.8210337317821985
32.0,33.0,32.5,airspeed_mps,13,104,23.43532212124322,1.7203616905287922,23.58195304870605,21.2217933585427,22.20327440897624,24.3232666015625,26.060392813249067,20.69595413208008,26.58394969593395,23.43042542384221,4,27,23.13859133720398,0.3075813422397206,23.073386096954344,22.88383975028992,22.897905111312863,23.31407232284546,23.48463026046753,22.88032341003418,23.527269744873045,23.14170742034912,-0.2967307840392408,0.2967307840392408,-1.266169001237093,-0.5085669517517069,False,False,-0.17248162736525124
32.0,33.0,32.5,aoa_deg,13,104,2.447196949591501,2.7998066856050987,2.762059143611363,-2.512592569986979,1.901178359985352,3.796723008155823,6.42233615875244,-3.290356675783793,6.892397880554199,2.3780438120548544,4,27,2.716809542973836,1.6168701355175086,2.2666873693466187,1.4139653885364534,1.820677238702774,3.162819673617681,4.649824740489323,1.3122874259948731,5.021576007207234,2.7075958847999573,0.26961259338233523,0.26961259338233523,11.017200451616304,-0.4953717742647443,False,False,0.09629686033986526
32.0,33.0,32.5,descent_rate_mps,13,104,2.8290026093155403,0.9281782802987444,2.6981936560751603,1.667678065114334,1.9269800186155124,3.392453193665972,4.249665832517247,1.4545876639234092,4.352647781367193,2.7842540007374037,4,27,3.1071310043314444,0.7425739307428025,3.295468807219589,2.225341129302599,2.849640369415138,3.5529594421358954,3.72524795531689,2.0692663192744645,3.768320083612138,3.036344051358583,0.27812839501590414,0.27812839501590414,9.831323382313727,0.5972751511444288,False,False,0.2996497557844011
32.0,33.0,32.5,groundspeed_mps,13,104,22.813102225733864,2.8554708889078984,22.604074132683653,19.473621654271028,20.918737965599615,23.193309053017533,27.777010452201843,18.90786348767161,29.289153780917925,22.81392704046513,4,27,20.952176683186973,0.6052666620414957,21.070207034453944,20.256449757470016,20.65283496768558,21.36954874995533,21.48266111713017,20.157353454916123,21.510939208923883,20.941671772267327,-1.860925542546891,1.860925542546891,-8.15726648718433,-1.5338670982297096,False,False,-0.6517053105936651
32.0,33.0,32.5,p_radps,13,104,0.0230928296091806,0.1435352112347803,0.0242532117990776,-0.1982233701273798,-0.0806851554661988,0.1140873794599125,0.211434140879322,-0.2231610547751187,0.2530577177266505,0.0202803644709862,4,27,-0.0550956232686682,0.1003333488091786,-0.0325017015100456,-0.1731467319186776,-0.0932925465982407,0.0056952218195268,0.0313239949192696,-0.1931102782487868,0.0377311881942053,-0.0721725684998091,-0.0781884528778488,0.0781884528778488,-338.5832494375866,-0.056754913309123196,False,False,-0.5447336037284682
32.0,33.0,32.5,pilot_pitch_centered,13,104,0.2814910811410812,0.1570701999788309,0.2724,0.0708181818181818,0.2177777777777777,0.316,0.5694399999999998,0.0645454545454545,0.6095999999999999,0.2796153846153846,4,27,0.0061833333333333,0.0027272968573567,0.0057,0.0037766666666666,0.0042166666666666,0.0076666666666666,0.0092666666666666,0.0036666666666666,0.0096666666666666,0.006,-0.27530774780774786,0.27530774780774786,-97.8033643878634,-0.2667,True,True,-1.7527688119379259
32.0,33.0,32.5,pilot_roll_centered,13,104,-0.0466881618381618,0.1609270061737036,-0.053,-0.2689999999999999,-0.056,-0.0413333333333333,0.1704363636363632,-0.41675,0.3330909090909091,-0.043076923076923,4,27,0.0149,0.0145926922350423,0.0138,0.00212,0.0026,0.0260999999999999,0.0292199999999999,0.002,0.03,0.02,0.061588161838161806,0.061588161838161806,-131.91387155409726,0.0668,True,False,0.3827086783164532
32.0,33.0,32.5,pilot_throttle_norm,13,104,0.1459493867243867,0.1264960295246382,0.0762857142857143,0.0449199999999999,0.0478333333333333,0.22875,0.3726772727272726,0.0429999999999999,0.417875,0.1457307692307692,4,27,0.01465,0.0117113904668347,0.015,0.0021,0.0105,0.01915,0.0267099999999999,0.0,0.0286,0.011375,-0.1312993867243867,0.1312993867243867,-89.96227368350283,-0.061285714285714304,True,True,-1.0379723950055912
32.0,33.0,32.5,pitch_deg,13,104,-3.932699276175588,3.897305678072245,-3.9169365564982095,-10.79747999191284,-5.661809253692627,-1.1011092428650175,0.8625880608893913,-11.871788215637206,1.639192020893097,-3.927309200454217,4,27,-4.466376338799795,1.6476731083762437,-4.233858677546183,-6.34747085571289,-5.119409561157227,-3.580825455188751,-2.9108065476417546,-6.654486179351807,-2.743301820755005,-4.407662082910537,-0.5336770626242067,0.5336770626242067,13.570248451419578,-0.3169221210479738,False,False,-0.13693487416880873
32.0,33.0,32.5,q_radps,13,104,-0.0118996141131145,0.0408247682168212,-0.0090164111673154,-0.0693143528886139,-0.038786385291522,0.0136568341040401,0.0335248096592046,-0.1128472350537776,0.0495742419099604,-0.015954047345251,4,27,-0.0693790174880026,0.0549641403618318,-0.0880651693170268,-0.1095834066718816,-0.1052390586584806,-0.0522051281465488,-0.0030140157434895,-0.1106694936752318,0.0092837623572752,-0.0709008000558241,-0.0574794033748881,0.0574794033748881,483.0358600581876,-0.0790487581497114,True,True,-1.4079541877522437
32.0,33.0,32.5,sideslip_deg,13,104,0.7314119447150451,3.637717214796732,0.8821749091148376,-4.820524697303772,-1.930235783259074,3.3354706168174744,5.399476608672696,-5.72791690826416,6.648078745061701,0.7817064785900024,4,27,1.2376439611117045,4.081658381294996,-0.5288184543450674,-1.2617222053805988,-1.1900135988990466,1.898839105665684,6.2100575092434855,-1.2796493570009868,7.287862110137939,1.181176759302616,0.5062320163966594,0.5062320163966594,69.21298182980661,-1.410993363459905,False,False,0.13916200367019088
32.0,33.0,32.5,throttle_output,13,104,11.911394161394163,13.192048223878354,4.714285714285714,1.0,1.7777777777777777,20.25,35.52727272727272,1.0,40.0,11.961538461538462,4,27,0.0,0.0,0.0,0.0,0.0,0.0,0.0,0.0,0.0,0.0,-11.911394161394163,11.911394161394163,-100.00000000000001,-4.714285714285714,True,True,-0.9029222725121536
33.0,34.0,33.5,airspeed_mps,13,109,23.585141847162763,1.786668356617458,23.427080154418945,20.87144067390113,22.811729431152344,24.729351425170897,25.903379026140485,20.379947561966745,26.86730166843959,23.57338883326604,4,34,23.351784368356068,0.6041226323922568,23.360862294832863,22.73039218187332,22.94980102777481,23.762845635414124,23.9604674577713,22.67553997039795,24.0098729133606,23.371140718460083,-0.23335747880669544,0.23335747880669544,-0.9894258017140897,-0.06621785958608228,False,False,-0.13061040564265136
33.0,34.0,33.5,aoa_deg,13,109,2.6229070949199684,2.7140819136572287,3.1925957853143867,-2.624082579612732,1.6828283071517944,4.295322418212891,5.573231505630607,-3.1013181805610657,5.86825428510967,2.6721647611031165,4,34,3.4061535944541297,1.211521568302538,3.305305987596512,2.2025024210413298,2.7697549437483158,3.941704638302326,4.750991417467594,2.0606892903645835,4.953313112258911,3.4286430180072784,0.7832464995341613,0.7832464995341613,29.861770592299997,0.11271020228212514,False,False,0.28858616815980165
33.0,34.0,33.5,descent_rate_mps,13,109,2.752376244288619,0.9521996482352773,2.6739048957831173,1.419450659500625,1.9991701299490865,3.3112907409667853,4.064938354495114,1.0804889076634847,4.085956573492024,2.772553517265401,4,34,2.6381829381010595,1.0378193235946302,2.8208994865420216,1.4380825161931523,2.2091761231421776,3.2499063015009035,3.5824801921916194,1.245309114455896,3.665623664864299,2.63675212860138,-0.11419330618755952,0.11419330618755952,-4.148898844208489,0.1469945907589043,False,False,-0.11992580169420909
33.0,34.0,33.5,groundspeed_mps,13,109,22.75849890987629,2.8775627652114872,22.7107735010771,19.42865201003377,20.66649438709947,23.24621988755698,27.72539927170815,18.481560017405823,29.043340169570413,22.75703191558896,4,34,21.04651382812279,0.8278341804511452,21.034167520184795,20.180257594418197,20.6485335245261,21.432147823781488,21.930054892940586,20.063188611891217,22.05453166023036,21.05575218058796,-1.7119850817535003,1.7119850817535003,-7.52239894438102,-1.6766059808923046,False,False,-0.5949427419796619
33.0,34.0,33.5,p_radps,13,109,0.0337351192286576,0.1294252790753795,0.0089708911837078,-0.1545533006531851,-0.0837703109718858,0.1456572666764259,0.186657512737438,-0.1607914751395583,0.1956718206405639,0.0344172126094165,4,34,0.0433770497838849,0.0247271564130083,0.0459600235190009,0.0173729036236181,0.026563108083792,0.0627739652190939,0.0657650327149894,0.0150753525085746,0.0665127995889633,0.0382568923523649,0.009641930555227302,0.009641930555227302,28.581284950777917,0.0369891323352931,False,False,0.07449804724478651
33.0,34.0,33.5,pilot_pitch_centered,13,109,0.2699272210245894,0.1820866611948541,0.2441818181818181,0.0257714285714285,0.1931999999999999,0.36175,0.5834999999999999,-0.0045714285714285,0.606,0.2782307692307692,4,34,0.0070208333333333,0.0041668749947919,0.0074166666666666,0.0025,0.0045,0.0099375,0.0109874999999999,0.002,0.01125,0.00725,-0.26290638769125607,0.26290638769125607,-97.39899025126712,-0.2367651515151515,True,True,-1.4438530860309169
33.0,34.0,33.5,pilot_roll_centered,13,109,-0.0380794863031705,0.1056635376634717,-0.0545,-0.1729199999999999,-0.0848571428571428,0.0116842105263157,0.1032872727272725,-0.2957999999999999,0.1658181818181818,-0.0317692307692307,4,34,0.0061979166666666,0.0283188152142509,0.0133333333333333,-0.02700625,-0.00653125,0.0260625,0.0294124999999999,-0.032125,0.03025,0.006,0.0442774029698371,0.0442774029698371,-116.27626123241731,0.0678333333333333,False,False,0.41904145885079497
33.0,34.0,33.5,pilot_throttle_norm,13,109,0.1557825937220674,0.1254066986876103,0.162,0.04475,0.0477999999999999,0.2283,0.3726227272727271,0.0428749999999999,0.417875,0.1561923076923076,4,34,0.0198489583333333,0.0206914989631074,0.0152291666666666,0.00215,0.01075,0.024328125,0.0440156249999999,0.0,0.0489375,0.01975,-0.1359336353887341,0.1359336353887341,-87.2585518965322,-0.1467708333333334,True,True,-1.0839423795641612
33.0,34.0,33.5,pitch_deg,13,109,-3.7583647449651862,3.869636574026985,-3.7433151721954343,-10.043075227737427,-5.392335414886475,-1.2051480071885246,0.9338841843369712,-11.613460540771484,3.0641025367536043,-3.7748776364784975,4,34,-3.0378098852168,2.4652867941952303,-3.646062481999397,-5.103803934733073,-4.285824686686198,-2.3980476805299986,-0.1202622002048897,-5.308298746744792,0.4491841698763892,-3.011064812242985,0.7205548597483862,0.7205548597483862,-19.17203115300776,0.09725269019603733,False,False,0.18620737269870588
33.0,34.0,33.5,q_radps,13,109,0.0083835030721423,0.0771261847916423,-0.0037539379501884,-0.0726663549031529,-0.0356156771071255,0.021352648202862,0.1448308090226989,-0.1057950882241129,0.2046216160058975,0.0032315306150569,4,34,-0.0479917961395888,0.0501909033670759,-0.0410016626992728,-0.1050386802836631,-0.0710517349264894,-0.0179417239123722,-0.000731098811957,-0.1135354166229565,0.0035715574631467,-0.0469751433120109,-0.0563752992117311,0.0563752992117311,-672.4551625568272,-0.0372477247490844,True,False,-0.7309488906268337
33.0,34.0,33.5,sideslip_deg,13,109,0.457107367957472,3.4386187724593835,0.8541305002413297,-5.171076110601425,-1.046291995048523,1.413073216875394,5.579207222183027,-5.540055656433106,6.709374341097745,0.4926784657515012,4,34,-0.1796461876365356,2.878488976353828,-0.2899394578998908,-3.128290582448244,-1.790117684751749,1.3205320392153226,2.9234087855438693,-3.462833806872368,3.324127972126007,-0.2444356232881546,-0.6367535555940076,0.6367535555940076,-139.30065455721322,-1.1440699581412206,False,False,-0.185177130042417
33.0,34.0,33.5,throttle_output,13,109,12.948285048285047,13.072240001719276,13.714285714285714,1.0,1.8,20.3,35.69090909090908,1.0,40.0,13.038461538461538,4,34,0.1216860339045524,0.2433720678091049,0.0,0.0,0.0,0.1216860339045524,0.4137325152754781,0.0,0.4867441356182098,0.0,-12.826599014380495,12.826599014380495,-99.06021505202598,-13.714285714285714,True,True,-0.9812089598028744
34.0,35.0,34.5,airspeed_mps,13,107,23.567931593119447,1.8498759997181224,23.532857577006023,20.6899027967453,22.353502655029292,24.71373176574707,26.15782231648763,20.674186325073244,27.258419354756672,23.556581570551945,4,67,23.837307327527267,1.333502588374316,23.620198809183563,22.614866387844085,22.9946123957634,24.46289374094743,25.363700192891635,22.519929885864254,25.588901805877686,23.876641988754272,0.26937573440782003,0.26937573440782003,1.1429757140268648,0.08734123217753975,False,False,0.1456182654669105
34.0,35.0,34.5,aoa_deg,13,107,2.406507522653747,2.547417264371235,2.814864714940389,-2.2550937407357354,1.737632401784261,3.4363202095031737,5.925965449639728,-2.4024797916412357,6.326752730778286,2.3120714013393107,4,67,3.6028448059008675,1.0067037832156776,3.6877172646614222,2.487540523341069,3.1178107109207374,4.172751359641552,4.5993276461958885,2.329972976446152,4.705971717834473,3.613772094249725,1.1963372832471206,1.1963372832471206,49.712592708950865,0.8728525497210331,True,False,0.46962753215948155
34.0,35.0,34.5,descent_rate_mps,13,107,2.7767649386835345,1.0099603779020043,2.804955073764469,1.2378493309020766,1.8925666809086976,3.3711079188782134,4.078835296633019,1.1865746974944609,4.19963455200575,2.7780892298797677,4,67,2.021981205696457,1.2629057624301692,2.024756761698245,0.7003779209580525,1.284961122733348,2.761776844661353,3.339698712032358,0.5542321205142287,3.484179178875109,2.0117282867454733,-0.7547837329870775,0.7547837329870775,-27.182125590541375,-0.7801983120662239,False,False,-0.7473399447164387
34.0,35.0,34.5,groundspeed_mps,13,107,22.7113996076994,2.8908523067447827,22.72984997412483,19.403272358240592,20.512789285007276,23.213962819879782,27.678598751554176,18.174932849770062,28.795419262310283,22.709975584206795,4,67,21.81656332439435,1.768923485545966,21.67953352790925,20.09582151430241,20.62493374939408,22.87116310290952,23.72914684956543,19.963543455529496,23.94364278622941,21.95108322318923,-0.8948362833050467,0.8948362833050467,-3.9400314325044414,-1.0503164462155787,False,False,-0.3095406435040844
34.0,35.0,34.5,p_radps,13,107,0.053841032838639,0.1569921461392963,-0.0063291756170136,-0.1142871539977689,-0.0451080694328993,0.1462707726284861,0.3039805456995962,-0.144648459724461,0.3730641603469848,0.0617723846449874,4,67,-0.0012320666369468,0.0322875285646523,0.0009503134254676,-0.0336785086658962,-0.0250728055901932,0.024791052378714,0.0281590433046221,-0.0358299344348219,0.0290010410360992,-0.0024307523854076,-0.0550730994755858,0.0550730994755858,-102.28834138572209,0.0072794890424812,False,False,-0.3508016218003698
34.0,35.0,34.5,pilot_pitch_centered,13,107,0.2391404761904761,0.1930977347469387,0.2019999999999999,-0.0035,0.0679999999999999,0.3628,0.5488114285714285,-0.00425,0.6096,0.2331538461538461,4,67,0.0059798076923076,0.003109800907838,0.0054596153846153,0.0031725,0.0038625,0.007576923076923,0.0095153846153846,0.003,0.01,0.00575,-0.2331606684981685,0.2331606684981685,-97.49945814796125,-0.1965403846153846,True,False,-1.2074749028192053
34.0,35.0,34.5,pilot_roll_centered,13,107,-0.0601604395604395,0.0933467833357182,-0.0552,-0.20892,-0.1148571428571428,-0.0417142857142857,0.0796685714285713,-0.2155,0.1205714285714285,-0.0649230769230769,4,67,0.0159846153846153,0.0133801057094794,0.0158442307692307,0.0028307692307692,0.0061538461538461,0.0256749999999999,0.0293349999999999,0.002,0.03025,0.02,0.0761450549450548,0.0761450549450548,-126.56997771526676,0.07104423076923069,True,False,0.8157223229771289
34.0,35.0,34.5,pilot_throttle_norm,13,107,0.155457326007326,0.1260680242149492,0.1386666666666667,0.0449199999999999,0.0479999999999999,0.2292,0.3726999999999999,0.043,0.418,0.1553461538461538,4,67,0.0137057692307692,0.0103034552858932,0.01495,0.00210375,0.01051875,0.0181370192307692,0.0235658653846153,0.0,0.0249230769230769,0.011,-0.14175155677655682,0.14175155677655682,-91.1835809975766,-0.12371666666666668,True,True,-1.1244053173615762
34.0,35.0,34.5,pitch_deg,13,107,-3.85823411239045,3.750269663657944,-4.187319006238665,-8.937580032348633,-6.228887367248535,-1.3351050893465677,1.359739608636921,-11.018434524536133,2.745642811059952,-3.849017060720004,4,67,-1.5408195226383992,2.105215556512277,-1.5467552789845145,-3.687252561887105,-2.942929476102193,-0.1446453255207206,0.6139235754948679,-3.873333333333333,0.8035658007487655,-1.5720768991112708,2.317414589752051,2.317414589752051,-60.064125769606235,2.6405637272541505,False,False,0.6179327881962726
34.0,35.0,34.5,q_radps,13,107,0.0028017642439471,0.0543655041590128,-0.006992478588862,-0.0386124190765743,-0.0321618231944739,0.016754698488512,0.0933069103849783,-0.0451427742101562,0.1594664350152015,0.0011624448144665,4,67,0.0203020969999786,0.0357886573402061,0.0169434623855452,-0.0147386517457794,0.0055695616540152,0.0316759977315086,0.0600449342059436,-0.0198157050957281,0.0671371683245524,0.0242797832470387,0.017500332756031498,0.017500332756031498,624.6183201830426,0.0239359409744072,True,False,0.3219014157368072
34.0,35.0,34.5,sideslip_deg,13,107,-0.0284779254647291,3.1075748813237607,-0.4446550930539767,-4.893978860037667,-1.0870352268218997,1.052525520324707,4.682872047424313,-5.434811401367187,6.140529823303223,-0.0833226892237479,4,67,-0.0138650713034739,2.2417544435245023,-0.5730088121568164,-1.8918313036744407,-1.2911881351700196,0.7043142517097294,2.646902398262172,-2.041992095800546,3.132549434900284,0.1317091742530465,0.0146128541612552,0.0146128541612552,-51.312916663658406,-0.12835371910283971,False,False,0.004702333723018908
34.0,35.0,34.5,throttle_output,13,107,12.801282051282048,13.145676767052263,10.166666666666666,1.0,2.0,20.33333333333333,35.679999999999986,1.0,40.0,12.76923076923077,4,67,3.686359856029352,7.24025453654164,0.0994750211636225,0.0120963901281356,0.0604819506406784,3.725352926552296,12.382262090742582,0.0,14.54648938179016,3.875373125076294,-9.114922195252696,9.114922195252696,-71.20319791985082,-10.067191645503044,False,False,-0.6933779338084692
35.0,36.0,35.5,airspeed_mps,13,102,23.387580737880988,1.805189839529682,23.6879620552063,20.78054919476276,22.43602104187012,24.67106533050537,25.76412496566772,20.50779984214089,26.95938014984131,23.43247076181265,4,58,23.58975288224599,0.9567845258138216,23.563658547779877,22.619566040947326,22.974757898421515,24.178653531604343,24.596471791797214,22.530768076578777,24.700926356845432,23.50991725921631,0.20217214436500086,0.20217214436500086,0.864442315051174,-0.12430350742642204,False,False,0.11199494919474735
35.0,36.0,35.5,aoa_deg,13,102,2.8668352136232547,2.8233804361987205,3.359114742279053,-2.2135131001472472,1.0817170217633247,4.797016620635986,6.193947096971363,-2.6757307052612305,6.944288840660682,2.871201171324804,4,58,3.3385524027426507,1.4537171956238786,3.7616186369033087,1.614350535394624,3.1169696210417897,3.983201418604169,4.470461542265755,1.2386957639828324,4.592276573181152,3.4584620743989944,0.4717171891193961,0.4717171891193961,16.45428334624143,0.40250389462425584,False,False,0.16707531973781617
35.0,36.0,35.5,descent_rate_mps,13,102,2.8218941725666014,0.8655034512242168,2.8783634730740704,1.713206584636562,2.00315856933517,3.506485621134317,3.969822692870414,1.65303303645241,4.02185440063472,2.8353104224577086,4,58,2.311875309261052,1.2963497266741426,2.612175714400953,0.7826050917305724,1.8376330534609304,3.086417970201075,3.420724959595669,0.5188481012979828,3.504301706944318,2.5272059440618264,-0.5100188633055494,0.5100188633055494,-18.073635371012912,-0.26618775867311717,False,False,-0.5892742109625906
35.0,36.0,35.5,groundspeed_mps,13,102,22.66468000631165,2.877066377702577,22.611796335361444,19.288051247005463,20.53594988649489,23.337155782914756,27.60413707516295,17.967289919241157,28.53362603687409,22.66327431616137,4,58,21.684274787186347,1.63941807710857,21.729353857305615,20.013294687916893,20.54123105192476,22.872397592567207,23.29214418828882,19.88131059691493,23.39708083721922,21.768713237618247,-0.9804052191253021,0.9804052191253021,-4.325696276551354,-0.8824424780558289,False,False,-0.34076558911657256
35.0,36.0,35.5,p_radps,13,102,0.0346503355077697,0.1727802758952322,0.0086043685674667,-0.200214103013277,-0.0900289015844464,0.1420513913035392,0.2670581292869013,-0.324945455789566,0.3160147160630334,0.0211934664537413,4,58,-0.0215544303629564,0.035629353586989,-0.0226732477223979,-0.0560926458536067,-0.0479968112380274,0.003769133152673,0.0145501294309117,-0.0581166045075015,0.0172453785004714,-0.0228014268504921,-0.0562047658707261,0.0562047658707261,-162.20554591202506,-0.0312776162898646,False,False,-0.325296192401074
35.0,36.0,35.5,pilot_pitch_centered,13,102,0.2624753989600143,0.1588705487934196,0.2696,0.036876923076923,0.1809999999999999,0.3639999999999999,0.4894499999999998,-0.0043076923076923,0.573,0.263,4,58,0.0057996031746031,0.0023616623784005,0.0050277777777777,0.0040416666666666,0.0042083333333333,0.0066190476190476,0.0086380952380952,0.004,0.0091428571428571,0.0055,-0.2566757957854112,0.2566757957854112,-97.79042028411713,-0.2645722222222223,True,True,-1.6156285588159478
35.0,36.0,35.5,pilot_roll_centered,13,102,-0.0720381336612105,0.1119328231632371,-0.0491999999999999,-0.2673969230769231,-0.1415,0.0137142857142857,0.0569333333333333,-0.2868,0.0598333333333333,-0.0673846153846153,4,58,0.0204285714285714,0.0125117631725938,0.025,0.0053,0.0185,0.0269285714285714,0.0291571428571428,0.002,0.0297142857142857,0.0204999999999999,0.09246670508978189,0.09246670508978189,-128.35799650868984,0.0741999999999999,True,False,0.8260910649500296
35.0,36.0,35.5,pilot_throttle_norm,13,102,0.1485751325597479,0.129309943555676,0.0498,0.0448,0.047875,0.2285,0.3721792207792207,0.043,0.4178571428571428,0.1485384615384615,4,58,0.0111944444444444,0.0075126094275905,0.0143888888888888,0.0020833333333333,0.0104166666666666,0.0151666666666666,0.0158333333333333,0.0,0.016,0.01125,-0.13738068811530352,0.13738068811530352,-92.46546561892336,-0.0354111111111112,True,True,-1.0624139516088533
35.0,36.0,35.5,pitch_deg,13,102,-3.5491745636499354,3.964479356261148,-3.613863468170166,-9.4146928024292,-6.21475477218628,-0.0959363464604724,1.5601050491086534,-10.869529724121094,2.896359315285316,-3.513122688119228,4,58,-2.23028865563491,1.6785888814046008,-2.5871822346770577,-3.601287473565056,-3.5797707011586146,-1.2377001891533534,-0.3596388270457591,-3.606666666666667,-0.1401234865188598,-2.6673386991024017,1.3188859080150253,1.3188859080150253,-37.16035614373096,1.0266812334931084,False,False,0.3326756906760262
35.0,36.0,35.5,q_radps,13,102,-0.0066193577586295,0.039926068297695,-0.015941561343005,-0.0698340774327516,-0.0308351301318907,0.0244053608427445,0.043008123920299,-0.0791409896686672,0.0569428130984306,-0.0088517295125011,4,58,0.0306926184003093,0.0513144163601856,0.0169917624739427,-0.0101117741782217,-0.0070821070888389,0.054766487963091,0.0906782092757537,-0.0108691909505674,0.0996561396039194,0.0308531005284749,0.0373119761589388,0.0373119761589388,-563.6797030693207,0.032933323816947704,True,False,0.9345266826859805
35.0,36.0,35.5,sideslip_deg,13,102,0.0953464745236032,3.079196439774029,-0.4695379393441336,-4.551906883716583,-1.37558913230896,3.098296672105789,4.353662861477242,-5.323188066482544,5.321129712191495,0.100238921550604,4,58,-0.1736826398779474,3.0303669202085914,0.2472116467025545,-3.59077559163173,-1.7267667775352795,1.8002957843598866,2.654158310663132,-4.056777795155843,2.867623942238944,0.1313985437154771,-0.26902911440155064,0.26902911440155064,-282.15947757455046,0.7167495860466881,False,False,-0.08736990954084557
35.0,36.0,35.5,throttle_output,13,102,12.132459207459208,13.40915575886759,2.0,1.0,2.0,20.08333333333333,35.41818181818181,1.0,40.0,12.076923076923077,4,58,0.4974351982985224,0.6144582910869048,0.3637799194880894,0.0,0.0,0.8612151177866119,1.1819877869316509,0.0,1.2621809542179108,0.0,-11.635024009160686,11.635024009160686,-95.89996397438789,-1.6362200805119107,True,True,-0.8676925093860846
36.0,37.0,36.5,airspeed_mps,13,107,23.351376434345863,1.715096963548861,23.48467227390834,21.08236770629883,22.340417515147816,24.59675407409668,25.641400001162573,20.575444221496586,26.90999444325765,23.350199185884914,4,58,23.547407604399183,0.7701411759041575,23.714374224344887,22.64832399913243,23.36783851896013,23.893943309783936,24.212737941741945,22.4684453691755,24.292436599731445,23.5478355884552,0.19603117005332038,0.19603117005332038,0.8394844329818272,0.22970195043654584,False,False,0.11429742703741641
36.0,37.0,36.5,aoa_deg,13,107,2.8918572754749565,2.9306044617804003,3.5839002430438995,-2.254048252105713,1.6732436180114747,4.314864567347935,6.241819334030148,-3.632150411605835,7.522308349609375,2.893140196800232,4,58,3.0713477617026603,1.6968325032994684,3.6900718907515206,1.018504515934635,2.550378951269227,4.211040701184954,4.257977226802281,0.6355359071009868,4.269711358206613,3.1894062757492065,0.1794904862277038,0.1794904862277038,6.206754660747371,0.10617164770762111,False,False,0.061246916316594895
36.0,37.0,36.5,descent_rate_mps,13,107,2.831400214374691,0.9604109878251568,2.9464040483750296,1.5199625832694623,1.8493097478699847,3.578926722203571,4.124224090575342,1.441252572196029,4.1572151184075095,2.800716987022333,4,58,2.3394858614663927,1.2549973561034065,2.808911970683724,0.8143583858332866,2.045820645383909,3.102577186766208,3.207416784195235,0.506492820945631,3.233626683552492,2.282462120051996,-0.4919143529082981,0.4919143529082981,-17.37353661311834,-0.13749207769130578,False,False,-0.5121915087854568
36.0,37.0,36.5,groundspeed_mps,13,107,22.648614639412912,2.8566943272893424,22.58517320157148,19.19279490861525,21.03711550825737,23.279815734911587,27.566108796692145,17.90039228456141,28.275996555681196,22.64861447526777,4,58,21.493192564388963,1.4716432856851505,21.697711062482323,19.96489561743841,20.457409655541586,22.7334939713297,22.73516361400881,19.841767107912613,22.73558102467859,21.367260751694957,-1.1554220750239494,1.1554220750239494,-5.101513242285886,-0.8874621390891555,False,False,-0.40446122078462116
36.0,37.0,36.5,p_radps,13,107,0.0271137811897279,0.1022816859549787,-0.0014455255120992,-0.1026004688725584,-0.038594765455595,0.0830686595290899,0.1987743478268384,-0.1424310927589734,0.2134905606508255,0.0303701486868353,4,58,0.0127717541697635,0.0382274076925997,0.0138977816559663,-0.0261180782933925,-0.0140744605586296,0.0407439963843595,0.0500851481522355,-0.0291289827270832,0.0524204360942045,0.0371867052017478,-0.0143420270199644,0.0143420270199644,-52.8957098222726,0.0153433071680655,False,False,-0.14022087029614788
36.0,37.0,36.5,pilot_pitch_centered,13,107,0.2566639360639361,0.1637878526726765,0.2882857142857143,0.0327376623376623,0.139,0.3602857142857143,0.4990399999999999,-0.0047272727272727,0.548,0.2536923076923077,4,58,0.0049780405405405,0.002930446119113,0.004456081081081,0.0023243243243243,0.0036216216216216,0.0058125,0.0083625,0.002,0.009,0.0045,-0.2516858955233956,0.2516858955233956,-98.0604830515416,-0.28382963320463334,True,True,-1.5366578865062712
36.0,37.0,36.5,pilot_roll_centered,13,107,-0.1051089244089244,0.137687793820082,-0.0576666666666666,-0.3079466666666667,-0.1861818181818182,-0.0541818181818181,0.0489857142857142,-0.4566666666666667,0.0677142857142857,-0.1093846153846154,4,58,0.0199335585585585,0.0121390690417306,0.0245337837837837,0.0052351351351351,0.0181756756756756,0.0262916666666666,0.0281916666666666,0.002,0.0286666666666666,0.0202499999999999,0.1250424829674829,0.1250424829674829,-118.96466800574169,0.0822004504504503,True,False,0.9081595361378014
36.0,37.0,36.5,pilot_throttle_norm,13,107,0.148401023976024,0.1295112616658419,0.0487142857142857,0.0448333333333333,0.0479285714285714,0.229125,0.3721285714285713,0.0428333333333333,0.4178571428571428,0.1482307692307692,4,58,0.0109256756756756,0.0073208038146652,0.0141013513513513,0.0020554054054054,0.010277027027027,0.01475,0.0153499999999999,0.0,0.0155,0.011,-0.1374753483003484,0.1374753483003484,-92.63773565508498,-0.0346129343629344,True,True,-1.0614933908609046
36.0,37.0,36.5,pitch_deg,13,107,-3.4014504288510854,3.895214658948044,-3.491497141974313,-9.092552954355876,-5.986316839853923,-0.5489357669970819,1.7684486869093623,-10.913950125376385,3.125960870222612,-3.392242955473753,4,58,-2.603338383034428,1.5864921630978783,-3.138485373939787,-3.764874126082375,-3.4105091967469168,-2.3313145602272973,-0.6925968527189792,-3.8534653584162393,-0.2829174258418985,-2.896050180196762,0.7981120458166573,0.7981120458166573,-23.46387408874388,0.35301176803452616,False,False,0.20489552327578228
36.0,37.0,36.5,q_radps,13,107,0.0055644437644462,0.0355860253964004,0.008051417581737,-0.0360137901920825,-0.0229063521449764,0.0133986265531607,0.0694968747144395,-0.0436462238430976,0.0698635583235458,0.0036494577339348,4,58,-0.0276478948502818,0.0424381261733867,-0.0298853467559508,-0.0702777305928238,-0.0422469361858659,-0.0152863054203667,0.0181143735601965,-0.0772854291945632,0.0264645433053374,-0.0269867567694745,-0.033212338614728,0.033212338614728,-596.8671806324463,-0.0379367643376878,True,False,-0.9332972211638869
36.0,37.0,36.5,sideslip_deg,13,107,0.1673176705618918,3.772688095598075,-0.6332096954186758,-5.995221455891927,-1.200776219367981,2.3415514528751373,5.66672191619873,-6.633437951405843,6.046153988157,0.1337188413509955,4,58,-0.698414152018256,2.742299374860764,-0.2458184274534384,-3.860591506958008,-1.672802448272705,0.7285698688010106,1.8301291885307505,-4.4075387716293335,2.1055190184631862,-0.7861779872328043,-0.8657318225801478,0.8657318225801478,-517.4180465654454,0.3873912679652374,False,False,-0.22947346842435049
36.0,37.0,36.5,throttle_output,13,107,12.079945054945057,13.41057903191429,2.0,1.0,2.0,20.125,35.37142857142856,1.0,40.0,12.0,4,58,0.0077972943718368,0.0155945887436737,0.0,0.0,0.0,0.0077972943718368,0.0265108008642454,0.0,0.0311891774873475,0.0,-12.07214776057322,12.07214776057322,-99.9354525675707,-2.0,True,True,-0.9001958626726041
37.0,38.0,37.5,airspeed_mps,13,156,23.407202873775272,1.748605370596238,23.49459171295166,21.33522978389965,22.222696781158447,24.45527458190918,26.16295417785644,20.698373570161703,27.107576751708983,23.41132574815017,4,26,23.922083655993145,0.9816170195027768,24.159857034683228,22.76088873545329,23.56277243296305,24.51916825771332,24.75039584636688,22.560417811075848,24.808202743530277,23.88826584815979,0.5148807822178725,0.5148807822178725,2.1996681320463516,0.6652653217315674,False,False,0.2944522479890982
37.0,38.0,37.5,aoa_deg,13,156,2.537812178320524,2.776730623203242,2.9585546493530277,-2.462430421511332,1.5562929153442382,3.8617501258850098,5.8411347302523495,-3.0054606596628823,7.202750899574974,2.511941655324056,4,26,3.6156231810649233,0.9531702099385336,3.9101463556289673,2.469764205813408,3.3087278455495834,4.217041691144307,4.349149711926778,2.260023295879364,4.382176717122396,3.55493500828743,1.0778110027443994,1.0778110027443994,42.47008553082421,0.9515917062759396,False,False,0.3881582872093781
37.0,38.0,37.5,descent_rate_mps,13,156,2.750809679825759,1.0637598494346874,3.0465825398787274,1.0742453967823022,1.9482402801519183,3.454907735196258,3.9290596008304486,0.2980206994449324,4.01910400390733,2.729827440701764,4,26,3.225088516873248,0.4721590777298369,3.324538866682232,2.672214746476356,3.0404675006913333,3.5091598828641466,3.638731797537561,2.580151557922612,3.6711247762059145,3.151164054872225,0.4742788370474891,0.4742788370474891,17.241426788840247,0.2779563268035048,False,False,0.4458514177796187
37.0,38.0,37.5,groundspeed_mps,13,156,22.6472080806874,2.8054756390627973,22.527564060202547,19.21798149727001,21.35981726465575,23.15908486931295,27.537988775592478,18.200882819693277,28.01531446972462,22.64548055664114,4,26,21.95935116510802,2.225788072995713,21.6295793991267,19.92755190048909,20.40098036242719,23.18795020180753,24.4528309021008,19.809194785004568,24.769051077174115,21.961746931478515,-0.6878569155793777,0.6878569155793777,-3.0372702592243748,-0.8979846610758457,False,False,-0.24518370646382248
37.0,38.0,37.5,p_radps,13,156,-0.0315595618512746,0.0651870558183296,-0.0089120410848408,-0.1383078040958692,-0.0887455534189939,0.0074975059833377,0.0501902584663845,-0.1574331348141034,0.0585345702076499,-0.0303128127080316,4,26,0.0244718391719895,0.0731906033728695,0.0107581372916077,-0.0413030850351787,-0.0112589907948858,0.0464889672584831,0.1094459460116922,-0.048814108595252,0.1251851906999945,0.0267895045108161,0.0560314010232641,0.0560314010232641,-177.54175830232938,0.0196701783764485,True,False,0.8595479627031863
37.0,38.0,37.5,pilot_pitch_centered,13,156,0.2449310091868915,0.1531865464600252,0.2416666666666666,0.0393890909090909,0.1408333333333333,0.3373333333333333,0.4711466666666665,-0.0047272727272727,0.5346666666666667,0.2473846153846154,4,26,0.0053125,0.0029536347664078,0.0047916666666666,0.0026208333333333,0.0037708333333333,0.0063333333333333,0.0087333333333333,0.0023333333333333,0.0093333333333333,0.00525,-0.2396185091868915,0.2396185091868915,-97.83102187932997,-0.236875,True,True,-1.5642268510141077
37.0,38.0,37.5,pilot_roll_centered,13,156,-0.1039713355272178,0.1332405372387491,-0.062,-0.2928133333333332,-0.1283333333333333,-0.0436666666666666,-0.00342,-0.5193333333333333,0.02325,-0.1029230769230769,4,26,0.0194166666666666,0.0119175407604831,0.0233333333333333,0.00515,0.01775,0.0249999999999999,0.0281999999999999,0.002,0.0289999999999999,0.01975,0.12338800219388439,0.12338800219388439,-118.67501900231306,0.0853333333333333,True,True,0.9260545232776247
37.0,38.0,37.5,pilot_throttle_norm,13,156,0.1524773961332785,0.1374228067835,0.0493333333333333,0.0441999999999999,0.046,0.228125,0.4060882352941176,0.0429999999999999,0.418,0.152,4,26,0.0112708333333333,0.0074608158500359,0.0144583333333333,0.0022041666666666,0.0103541666666666,0.015375,0.015875,0.0001666666666666,0.016,0.01125,-0.1412065627999452,0.1412065627999452,-92.6081939886476,-0.034874999999999996,True,True,-1.02753368312733
37.0,38.0,37.5,pitch_deg,13,156,-3.605651278220026,3.752968526002532,-3.189823770523071,-8.963869400024414,-6.066102027893066,-1.7730028182268145,1.9593727263148837,-9.999730110168455,2.830613548105413,-3.633967954378861,4,26,-3.4837215371926624,0.8113581006445835,-3.30662081638972,-4.437231951951981,-3.779581695795059,-3.0107606577873227,-2.778152131557464,-4.601644515991211,-2.7199999999999998,-3.537586580514908,0.12192974102736365,0.12192974102736365,-3.381628771586468,-0.11679704586664874,False,False,0.03248887918525576
37.0,38.0,37.5,q_radps,13,156,0.0082591085780299,0.0396142847518616,0.0205492582560206,-0.050647251230354,-0.0170781789347528,0.0336716382510282,0.0618035037194688,-0.0522125733938688,0.0655012627442677,0.0119757446317145,4,26,0.0174852051750349,0.0203289823518512,0.0231573922089106,-0.0068279018681399,0.0116558468932149,0.0289867504907306,0.0338572503707837,-0.0114488390584786,0.0350748753407969,0.0111638826201669,0.009226096597005,0.009226096597005,111.70814028946648,0.002608133952889998,False,False,0.23289822483975145
37.0,38.0,37.5,sideslip_deg,13,156,0.2341983530304158,3.678250722334114,-1.0350196957588196,-5.045199139912923,-1.6877408742904665,2.3973491191864014,5.96991770463831,-5.076767762502034,7.240355126998004,0.1767561389849736,4,26,-1.6336176462161045,2.803106660676244,-0.4805297528704008,-5.010609187185764,-1.8220393136143684,-0.2921080854721367,0.12905084406957,-5.807751655578613,0.234340576454997,-1.650315617211163,-1.8678159992465204,1.8678159992465204,-797.5359241761804,0.5544899428884188,False,False,-0.5078000767879295
37.0,38.0,37.5,throttle_output,13,156,12.495927601809957,14.352887977463968,2.0,1.0,1.2,20.125,39.188235294117646,1.0,40.0,12.461538461538462,4,26,0.2303659915924072,0.4607319831848144,0.0,0.0,0.0,0.2303659915924072,0.7832443714141842,0.0,0.9214639663696288,0.1710504293441772,-12.26556161021755,12.26556161021755,-98.15647146067779,-2.0,True,True,-0.8545709845625624
38.0,39.0,38.5,airspeed_mps,13,89,23.43260068089971,1.8965777451304424,23.13142885480608,21.10727335611979,22.0819460550944,24.829508209228518,25.98643798828125,20.01915232340495,27.211109161376957,23.45159178513747,4,50,24.052049615979197,0.9078725586920872,24.13733081817627,23.075967517495155,23.48111279308796,24.708267641067508,24.90873803138733,22.974681198596954,24.958855628967285,24.05756688117981,0.6194489350794861,0.6194489350794861,2.643534721198953,1.0059019633701887,False,False,0.3266140482086495
38.0,39.0,38.5,aoa_deg,13,89,2.8509669321424287,3.027282055298557,3.443581740061442,-2.118589825630188,0.9612533807754516,5.155403667026096,6.5817136870490165,-2.324860382080078,7.134828991360134,2.7979535553604364,4,50,3.972366536781192,1.116002585332469,4.184093260765076,2.713582057952881,3.349960422515869,4.806499375030398,4.934733602032066,2.554487466812134,4.966792158782482,4.148191303014755,1.1213996046387633,1.1213996046387633,39.334009524833746,0.7405115207036341,False,False,0.3704311604120312
38.0,39.0,38.5,descent_rate_mps,13,89,2.9920062023204377,0.666355563712992,3.04953711373627,2.1060735914437223,2.343947887419276,3.617623647052303,3.836585998536029,2.056816948784672,3.9389877319344806,2.9799586075971614,4,50,2.660916775463809,1.4708887847564025,3.11796259880028,0.9211247861370574,2.027787417173162,3.751091957090927,3.760844612119501,0.6444591283780312,3.763282775876644,2.504034042355059,-0.3310894268566287,0.3310894268566287,-11.065800151077685,0.0684254850640098,False,False,-0.4968660050075506
38.0,39.0,38.5,groundspeed_mps,13,89,22.546428499748327,2.8817814898699203,22.3274525706324,18.877134309956705,21.18222981214173,23.09772899759798,27.527778644829947,17.555945619820825,27.703074036427605,22.55038307142092,4,50,22.235286892336543,1.918132184806664,21.81561671379648,20.60852941229691,20.864791694470945,23.18611191166208,24.44958262233228,20.5444638417534,24.76545029999983,22.29487716705379,-0.3111416074117841,0.3111416074117841,-1.380003965662487,-0.5118358568359191,False,False,-0.10796849396996737
38.0,39.0,38.5,p_radps,13,89,-0.1185566419231226,0.2493040478849538,-0.0652428935799333,-0.6005849957466125,-0.182887827977538,0.0049555852477039,0.1239711806943104,-0.6946571469306946,0.2508281599730252,-0.1227303034661767,4,50,0.0114292909438518,0.0844503991609743,-0.0208610104884428,-0.0452188230626779,-0.0299129194321721,0.0204811998875811,0.113283826955594,-0.0490452989703043,0.1364844837225973,-0.0008170043583959,0.1299859328669744,0.1299859328669744,-109.64036325460624,0.04438188309149051,True,False,0.5213951958251354
38.0,39.0,38.5,pilot_pitch_centered,13,89,0.2310440781440781,0.1379067148890381,0.2231428571428571,0.0071555555555555,0.1397777777777777,0.3366666666666666,0.4088,0.0002222222222222,0.4196,0.2267692307692307,4,50,0.004421875,0.0032221624305994,0.00311875,0.0023325,0.0026625,0.004878125,0.0083356249999999,0.00225,0.0092,0.0045,-0.2266222031440781,0.2266222031440781,-98.08613359168525,-0.22002410714285708,True,True,-1.643300714736203
38.0,39.0,38.5,pilot_roll_centered,13,89,-0.1134869352869352,0.1708535298573478,-0.0576666666666666,-0.38952,-0.1377142857142857,-0.043,0.0598666666666664,-0.5772,0.1456666666666666,-0.1113076923076923,4,50,0.01985625,0.0122745735669309,0.024175,0.00500625,0.0175312499999999,0.0265,0.0286599999999999,0.001875,0.0291999999999999,0.0199999999999999,0.1333431852869352,0.1333431852869352,-117.49650737311424,0.0818416666666666,True,False,0.7804532068975605
38.0,39.0,38.5,pilot_throttle_norm,13,89,0.1592275946275946,0.1524249901761246,0.0482857142857142,0.0429333333333333,0.0467999999999999,0.2288333333333333,0.4459999999999999,0.0428333333333333,0.4879999999999999,0.1591538461538461,4,50,0.0112375,0.0075440235727804,0.014575,0.0020625,0.0103125,0.0155,0.01574,0.0,0.0158,0.01125,-0.14799009462759458,0.14799009462759458,-92.94249214385073,-0.033710714285714205,True,True,-0.9709044065319895
38.0,39.0,38.5,pitch_deg,13,89,-3.90221702454109,3.981994893867818,-3.233907699584961,-9.514504394531247,-6.167180458704631,-2.112197518348694,1.375140088465476,-10.646066665649414,2.484920925564236,-3.911951917868394,4,50,-2.1951052543520926,3.466564314966013,-3.293058809638024,-4.786222264766693,-3.736397731304169,-1.7517663326859474,1.9331467334628083,-5.048678398132324,2.854375,-1.857447899580002,1.7071117701889973,1.7071117701889973,-43.74722777982236,-0.05915111005306306,False,False,0.42870767434129836
38.0,39.0,38.5,q_radps,13,89,0.0191985903378724,0.0343162779849726,0.0122516058119279,-0.022586342288802,-0.005161388901927,0.0427006982266902,0.0726641562860458,-0.0399675457350288,0.0830774925649165,0.0205628627266448,4,50,0.0056974005081428,0.0459381472433758,0.0185451108496635,-0.0491269994774483,-0.0050998013539356,0.029342312711742,0.0425350060156051,-0.0601337990083265,0.0458331793415709,0.0049199517816304,-0.013501189829729601,0.013501189829729601,-70.32386020079957,0.006293505037735599,False,False,-0.3934339800966145
38.0,39.0,38.5,sideslip_deg,13,89,0.5073852572212578,3.697516867761125,0.1804163340065214,-3.9867664527893063,-1.9176887671152751,3.363661357334682,6.514626142713757,-4.365822124481201,7.282238059573704,0.4892537055107263,4,50,-2.2216296554892327,3.672729696552228,-0.700314903515391,-6.686975573152304,-2.742962735146284,-0.1789818238583393,0.1138756094104608,-7.672978782653809,0.1870899677276611,-2.294392049312592,-2.7290149127104906,2.7290149127104906,-537.8585352787333,-0.8807312375219125,True,False,-0.7380669271599375
38.0,39.0,38.5,throttle_output,13,89,13.258547008547009,16.055825419906938,2.0,1.0,1.0,20.33333333333333,43.377777777777766,1.0,48.44444444444444,13.23076923076923,4,50,13.462713804095984,26.91613828086973,0.0069675967097282,0.0,0.0,13.469681400805712,45.763472298532704,0.0,53.83692002296448,16.14738368988037,0.204166795548975,0.204166795548975,1.5398881598214391,-1.9930324032902718,False,False,0.012716057269521455
39.0,40.0,39.5,airspeed_mps,13,98,23.389751864003617,1.9381139596326376,22.79281539916992,21.054594612121583,22.196428298950195,24.53850714365641,26.274130412510463,19.889848709106445,27.256899969918383,23.38107204437256,4,49,24.06278064250946,0.7736350383279359,24.303278541564943,23.132380189895628,23.81518540382385,24.550873780250548,24.65648403644562,22.961678886413573,24.682886600494385,24.037509202957157,0.6730287785058415,0.6730287785058415,2.8774515540783483,1.5104631423950217,False,False,0.3472596516633169
39.0,40.0,39.5,aoa_deg,13,98,2.587356040205963,2.554155411526577,2.3517142704554965,-1.6903499102592463,1.1939546465873718,4.723255348205567,5.472749756404331,-2.5424407958984374,6.055951881408691,2.5757111723606405,4,49,3.623793418208758,0.6555878165462228,3.7234398623307534,2.8731938689947127,3.412156268954277,3.935077011585236,4.234887945652008,2.7384532690048218,4.309840679168701,3.5128942728042603,1.0364373780027947,1.0364373780027947,40.05777952076091,1.3717255918752569,False,False,0.40578477461687934
39.0,40.0,39.5,descent_rate_mps,13,98,3.061365651559816,0.8204619520427171,3.0044146946499217,1.6751399993899827,2.928848266599313,3.528083165485422,4.102697372434305,1.040390014648463,4.184932708737631,3.057034565852398,4,49,2.606824517250584,1.4303041736112947,2.9980178674063502,0.9107754786814906,2.030381401380515,3.57446098327642,3.755202865601606,0.6308739980067344,3.800388336182903,2.9326415061990474,-0.45454113430923204,0.45454113430923204,-14.847659052999298,-0.00639682724357149,True,False,-0.5540063535884312
39.0,40.0,39.5,groundspeed_mps,13,98,22.46698077434733,2.9832928933247165,22.258913368377385,18.514918211467894,21.02879516872133,23.16274265237392,27.494643152955003,16.904576521189927,27.65686105254651,22.46728384900411,4,49,22.11732353925943,1.9142781039639305,21.71044487343616,20.506337543211767,20.680721416457335,23.14704699623825,24.297939667459683,20.46274157490037,24.58566283526504,22.08640008074416,-0.3496572350878999,0.3496572350878999,-1.5563160826982883,-0.5484684949412255,False,False,-0.11720513123946945
39.0,40.0,39.5,p_radps,13,98,-0.1005921096035324,0.2303460384442406,-0.0296021338552236,-0.5170016808169229,-0.1170521244406699,0.0169204097862044,0.1537256802033098,-0.5709891276700156,0.2267353321824754,-0.0999438208886063,4,49,0.0550651761276336,0.0620852806764792,0.0359190373681485,0.0081244409495654,0.010344936842254,0.0806392766535281,0.1288105055689811,0.0075693169763932,0.1408533127978444,0.0564277146477252,0.155657285731166,0.155657285731166,-154.7410491187272,0.0655211712233721,True,False,0.6757541253258655
39.0,40.0,39.5,pilot_pitch_centered,13,98,0.2420684981684981,0.1459215551685424,0.2299999999999999,0.0146457142857142,0.1605,0.3374285714285713,0.4479333333333332,-0.0062857142857142,0.5013333333333333,0.2410769230769231,4,49,0.0051125,0.0028775431586041,0.004125,0.0030366666666666,0.0037166666666666,0.0055208333333333,0.0085708333333333,0.0028666666666666,0.0093333333333333,0.005,-0.2369559981684981,0.2369559981684981,-97.88799449797003,-0.2258749999999999,True,True,-1.6238587773739734
39.0,40.0,39.5,pilot_roll_centered,13,98,-0.1050725274725274,0.17358365739744,-0.0564,-0.4066933333333333,-0.0825714285714285,-0.0488,0.0729999999999997,-0.5313333333333333,0.1619999999999999,-0.1103846153846154,4,49,0.0200125,0.0121942865719975,0.0245249999999999,0.0053375,0.0186875,0.0258499999999999,0.02837,0.002,0.029,0.01975,0.1250850274725274,0.1250850274725274,-119.04636776271754,0.0809249999999999,True,False,0.7206037097497644
39.0,40.0,39.5,pilot_throttle_norm,13,98,0.1588948717948718,0.1625743766698494,0.0484285714285714,0.0429999999999999,0.0468333333333333,0.2079,0.4701142857142855,0.0429999999999999,0.5482857142857144,0.1598461538461538,4,49,0.011275,0.0075522071828925,0.01475,0.0021,0.0105,0.015525,0.015585,0.0,0.0156,0.011375,-0.1476198717948718,0.1476198717948718,-92.90411334699607,-0.0336785714285714,True,True,-0.9080143797484969
39.0,40.0,39.5,pitch_deg,13,98,-4.24856795628347,3.832109482498715,-3.623534100396293,-10.115846118927005,-6.209181594848633,-2.0083769219262257,0.5732597387582038,-12.055022621154786,1.69357750415802,-4.258105280307623,4,49,-2.364309818804264,3.3125340384418407,-2.86529383957386,-5.459265183607737,-4.219052867094676,-1.0105507912834484,1.4320231750766426,-5.769318262736003,2.0426666666666677,-2.6438716131448747,1.8842581374792058,1.8842581374792058,-44.35042952984805,0.7582402608224328,False,False,0.4917025847211915
39.0,40.0,39.5,q_radps,13,98,0.0168682100552696,0.0742005816779686,0.0133964112028479,-0.0526013420202901,-0.0400503920779252,0.0322949985507875,0.1369892922895292,-0.0537184408998914,0.2275908099753515,0.0169699359685182,4,49,0.0300029289605542,0.0448286140651116,0.024609593313653,-0.0085935433657626,-0.007426232490737,0.0620387547649442,0.0761500711925327,-0.008885371084519,0.0796779002994298,0.0330150574845901,0.0131347189052846,0.0131347189052846,77.86670228938333,0.011213182110805098,False,False,0.17701638731471722
39.0,40.0,39.5,sideslip_deg,13,98,0.8468223148213203,3.446340472562173,0.7026182668549674,-3.55504842599233,-2.2212091173444475,3.660842549800873,5.330386202675953,-3.909532388051351,6.506654466901507,0.8636688773448651,4,49,-2.2763019621760274,4.364069676755198,-0.6178035061340779,-7.552913148850203,-2.8431813143193723,-0.0509241539907331,0.6784113860394181,-8.73034610748291,0.8607452710469564,-2.2717086859047413,-3.1231242769973475,3.1231242769973475,-368.8051462904975,-1.3204217729890453,True,False,-0.9062146650517872
39.0,40.0,39.5,throttle_output,13,98,13.117216117216117,16.96033081590581,2.0,1.0,1.1666666666666667,18.0,45.59999999999998,1.0,54.0,13.115384615384617,4,49,11.1417111347119,14.735749835124189,6.741767078638077,0.0,0.0,17.883478213349978,28.44334394792715,0.0,31.08331038157145,12.035736799240112,-1.9755049825042175,1.9755049825042175,-15.060398219035225,4.741767078638077,False,False,-0.11647797463075077
