altitude_bin_lower_m,altitude_bin_upper_m,altitude_bin_center_m,variable,n_landings,total_samples,mean,std_between_landings,median,q05,q25,q75,q95,min_landing_mean,max_landing_mean,mean_of_landing_medians
0.0,1.0,0.5,airspeed_mps,3,162,12.940614547928456,7.579699208943256,9.795464786323341,7.675364772354387,8.617631445229478,15.69102276982488,20.407469156626107,7.439798104135614,21.586580753326416,13.057621876398722
0.0,1.0,0.5,aoa_deg,3,162,3.748887654964451,0.4375314513765315,3.5263568291792997,3.4732512047363295,3.4968537044887604,3.889656192547566,4.180295683242179,3.4673505797982216,4.2529555559158325,3.723140835762024
0.0,1.0,0.5,descent_rate_mps,3,162,0.7254747960202681,0.7935291107512943,0.2701766617797359,0.2650589544463712,0.26733349103897774,0.9559670338812922,1.5045993315625372,0.26449032029821956,1.6417574059828486,0.706890771787644
0.0,1.0,0.5,groundspeed_mps,3,162,11.476551178792375,7.217405562126191,8.444353554145993,6.487351461469222,7.357130169325565,14.079873375935996,18.588289233367995,6.269906784505136,19.715393197725998,11.431959999681533
0.0,1.0,0.5,p_radps,3,162,0.0002495771723679344,0.00994258097639385,-0.0020708168250214505,-0.007701935061241334,-0.005199215845143608,0.0045381731911847845,0.00982536520414977,-0.008327614865265766,0.01114716320739102,-0.000725371530279516
0.0,1.0,0.5,pilot_pitch_centered,3,162,-0.12992800695432274,0.23707678950453834,0.004540540540540541,-0.36284594594594594,-0.19956306306306307,0.006941322901849218,0.008861948790896159,-0.4036666666666667,0.009342105263157895,-0.12633333333333333
0.0,1.0,0.5,pilot_roll_centered,3,162,0.018876165639323535,0.014623333397992504,0.024216216216216214,0.004521621621621622,0.013274774774774773,0.02714758179231863,0.029492674253200565,0.0023333333333333335,0.03007894736842105,0.018666666666666668
0.0,1.0,0.5,pilot_throttle_norm,3,162,0.010406393235340603,0.008949235515621882,0.01516216216216216,0.001591216216216216,0.0076227477477477466,0.01556792318634424,0.0158925320056899,8.333333333333333e-05,0.015973684210526317,0.010333333333333333
0.0,1.0,0.5,pitch_deg,3,162,1.9335542731094704,1.0613136137903376,2.4230272585624144,0.8865527258562415,1.5694302959478739,2.542414742997539,2.6379247305456386,0.7158333333333333,2.6618022274326636,1.8728134902318319
0.0,1.0,0.5,q_radps,3,162,-0.009315466538412713,0.014072334527638621,-0.008119520772172989,-0.022364799170188476,-0.01603356432662604,-0.001999395867079528,0.00289670405699524,-0.023947607881079084,0.004120729038013933,-0.0008698956225998491
0.0,1.0,0.5,roll_deg,3,162,0.24096072401272417,0.49606698335149385,-0.025869727628683118,-0.06071026306269839,-0.04522558064758049,0.3937318028523252,0.7294130272371318,-0.06458143366647787,0.8133333333333335,0.29856494394441446
0.0,1.0,0.5,sideslip_deg,3,162,9.38352565251624,8.63873433074142,13.896342071327004,0.8703242051037584,6.659665478980756,14.363794035457108,14.737755606761189,-0.5770111133654913,14.83124599958721,9.758131265640259
0.0,1.0,0.5,throttle_output,3,162,0.04044183426433139,0.07004731169710189,0.0,0.0,0.0,0.06066275139649709,0.10919295251369476,0.0,0.12132550279299419,0.0
1.0,2.0,1.5,airspeed_mps,4,266,13.140135645260061,8.83123974983427,14.834741456957833,2.853317407882315,10.206399579409322,17.768477522808574,21.054505746260933,1.015046865000563,21.876012802124023,13.03611335158348
1.0,2.0,1.5,aoa_deg,4,266,-1.7531515008890493,10.599434850894374,2.981211102095203,-14.572888679524599,-2.454105270616079,3.6821648718222324,4.438478033568548,-17.60258453175173,4.627556324005127,-2.3672064542770377
1.0,2.0,1.5,descent_rate_mps,4,266,0.4612800636733181,0.405508736157934,0.3382975723648747,0.1516138785092626,0.2817777077651664,0.5177999282730263,0.9431217366691942,0.11907292119528665,1.0494521887682364,0.42742758989478946
1.0,2.0,1.5,groundspeed_mps,4,266,12.295070088270762,8.499372456399858,14.304408991745113,2.250707791197699,9.277337003686139,17.322142076329737,19.526357920479732,0.4940504880755889,20.077411881517232,12.136221569159195
1.0,2.0,1.5,p_radps,4,266,0.00951318188845914,0.013472595715188055,0.0041591875157841775,0.0006647413564378466,0.0023149633929900673,0.011357406011253252,0.025857214542225376,0.00025218584729979157,0.02948216667496842,0.012058801488819843
1.0,2.0,1.5,pilot_pitch_centered,4,266,-0.11975904374975758,0.1700368281204548,-0.06766457872758536,-0.32116132723112123,-0.1919118993135011,0.004488276836158192,0.00871098870056497,-0.3534736842105263,0.009766666666666668,-0.08449999999999999
1.0,2.0,1.5,pilot_roll_centered,4,266,0.02324724592431706,0.014031916634586254,0.02994855072463768,0.0063485125858123576,0.02290045766590389,0.03029533898305085,0.030764152542372886,0.002210526315789474,0.030881355932203394,0.022
1.0,2.0,1.5,pilot_throttle_norm,4,266,0.011377612994350281,0.007595303398414778,0.014980225988700564,0.00219406779661017,0.010970338983050849,0.015387499999999998,0.0155175,0.0,0.015550000000000001,0.0115
1.0,2.0,1.5,pitch_deg,4,266,-2.669330734748251,10.275732810797887,2.3219746610051706,-15.057007944573257,-2.9796153397351692,2.6322592659920887,2.730518921021966,-18.07635609578278,2.7550838347794353,-2.7852637183666227
1.0,2.0,1.5,q_radps,4,266,-0.00022192433324199292,0.02001975852293486,0.001733242772024318,-0.022518597077714364,-0.0067226627946430535,0.00823398123342538,0.019337514463857536,-0.026467580648482193,0.022113397771465586,-0.0006241900409804503
1.0,2.0,1.5,roll_deg,4,266,0.24175935900333562,0.5392716199794724,0.1892424542254404,-0.22871876390601423,-0.20885697742480808,0.6398587906535841,0.7857611486017387,-0.23368421052631577,0.8222367380887775,0.21351621508598329
1.0,2.0,1.5,sideslip_deg,4,266,14.502360532279965,17.51668478176435,9.763476912331754,0.3119182861932219,5.868763157795236,18.397074286816483,35.3272398462942,-1.077292931707282,39.55978123616364,14.095321491360664
1.0,2.0,1.5,throttle_output,4,266,1.704382243909334,3.4087644878186674,0.0,0.0,0.0,1.704382243909334,5.7948996292917325,0.0,6.817528975637336,1.703100085258484
2.0,3.0,2.5,airspeed_mps,4,134,17.042126835898507,6.53959184593488,19.141566626230876,9.203546724610213,15.967768043715779,20.215925418413605,21.941491240721483,7.512491394833821,22.372882696298454,17.2311509847641
2.0,3.0,2.5,aoa_deg,4,134,1.5365490826751027,9.913581045099798,5.219215317006007,-10.478264726309288,-0.1343544587663308,6.890118858447442,8.395630163596227,-13.064242293195028,8.772007989883424,1.6446284651756287
2.0,3.0,2.5,descent_rate_mps,4,134,0.8460803737513788,0.5952719532400408,0.6981917445254294,0.35219700955516614,0.44657408312812635,1.0976980351486818,1.54700781886392,0.32860274116192606,1.65933526479273,1.158349215984129
2.0,3.0,2.5,groundspeed_mps,4,134,16.813165285936147,6.863830803856536,19.662146111600308,8.464782153734081,15.806891584667568,20.668419812868887,21.172975262208386,6.629254796000709,21.299114124543262,16.880256291024484
2.0,3.0,2.5,p_radps,4,134,-0.022353991673398063,0.03280746284752194,-0.01947031116259021,-0.05865657565218637,-0.0389889928063964,-0.0028353100295918756,0.009911439590259235,-0.06357347136363387,0.013098126995222021,-0.026497720507904873
2.0,3.0,2.5,pilot_pitch_centered,4,134,-0.4379658223889931,0.33646557725980664,-0.34629831144465295,-0.8376846153846154,-0.5084230769230769,-0.27584105691056915,-0.16658154471544726,-0.9199999999999999,-0.1392666666666667,-0.333
2.0,3.0,2.5,pilot_roll_centered,4,134,0.018989118198874298,0.01263821045819344,0.022074390243902443,0.004376538461538463,0.01265192307692308,0.028411585365853663,0.029282317073170736,0.0023076923076923083,0.029500000000000005,0.01875
2.0,3.0,2.5,pilot_throttle_norm,4,134,0.01108607723577236,0.007446160159351424,0.014305487804878052,0.002034146341463415,0.010170731707317075,0.015220833333333336,0.015630833333333337,0.0,0.015733333333333335,0.01125
2.0,3.0,2.5,pitch_deg,4,134,-1.2731566668581045,10.653738460702249,2.857513895212458,-14.164943655808468,-2.614304695147288,4.198661923501641,5.835691535193472,-17.052603395973765,6.244948938116432,-1.8642981696128844
2.0,3.0,2.5,q_radps,4,134,0.08166390343750295,0.10651229807181166,0.036255524702654425,0.015450083426429603,0.017255605039714666,0.1006638231004427,0.21144945367736412,0.014998703023108339,0.23914586132159457,0.06635771169385406
2.0,3.0,2.5,roll_deg,4,134,-0.3027712017542195,0.08121235781520147,-0.3144421862903982,-0.37926234398545833,-0.34554248915806124,-0.2716708988865565,-0.20994068117233042,-0.3876923076923076,-0.19450812674377385,-0.6946390509605408
2.0,3.0,2.5,sideslip_deg,4,134,7.726716797762061,8.42522927324378,6.0436437835296,0.26124242940774356,3.6187952817632603,10.1515652995284,17.548493386041823,-0.5781457836811359,19.397725407670183,7.989053055644035
2.0,3.0,2.5,throttle_output,4,134,2.1403382282990675,4.280676456598135,0.0,0.0,0.0,2.1403382282990675,7.277149976216826,0.0,8.56135291319627,1.4029179811477661
3.0,4.0,3.5,airspeed_mps,4,49,20.919441422573605,3.068823424809997,21.61075444597947,17.327944505662845,19.592243171276007,22.93795269727707,23.543100106716157,16.761869839259557,23.694386959075928,20.246922731399536
3.0,4.0,3.5,aoa_deg,4,49,2.642445152863524,5.355608254826179,4.89941143989563,-3.8799515162195473,1.7640068275587897,5.777849765200364,6.005089020101647,-5.290941102164132,6.061898833826969,2.1296190917491913
3.0,4.0,3.5,descent_rate_mps,4,49,2.0846785831829524,0.668677192520816,2.160064258745514,1.3426850240922363,1.7192914723459416,2.525451369582525,2.7211321964860815,1.24853341202881,2.770052403211971,2.1384376287458613
3.0,4.0,3.5,groundspeed_mps,4,49,19.86173166013018,2.305439542161668,20.699677663912766,17.08393612659329,19.56888919413284,20.992520129910105,21.466402788371454,16.462697859708403,21.58487345298679,19.750906289413724
3.0,4.0,3.5,p_radps,4,49,0.005611670316202222,0.06746454985322407,0.018622690736914832,-0.07272358130929722,-0.012889922796083333,0.037124283849200385,0.065731493352704,-0.0876819959376007,0.07288329572857993,0.010408762609586099
3.0,4.0,3.5,pilot_pitch_centered,4,49,-0.3138049812030075,0.20328581678825888,-0.2678421052631579,-0.5525454887218044,-0.36558458646616543,-0.2160625,-0.13941250000000005,-0.5992857142857142,-0.12025000000000001,-0.32825
3.0,4.0,3.5,pilot_roll_centered,4,49,0.05391353383458647,0.071197656890475,0.02693421052631579,0.005930263157894738,0.019651315789473687,0.06119642857142857,0.1396678571428571,0.0025,0.15928571428571428,0.04975
3.0,4.0,3.5,pilot_throttle_norm,4,49,0.011106907894736843,0.007427846940687753,0.014526315789473686,0.0021000000000000007,0.010500000000000002,0.015133223684210526,0.015326644736842105,0.0,0.015375,0.011
3.0,4.0,3.5,pitch_deg,4,49,-2.6886023491206474,6.603749685856234,-1.1642023365199565,-10.482316341517226,-4.737202222592064,0.8843975369514603,2.9709516256349637,-11.918594871248517,3.492590147805841,-3.110795670747757
3.0,4.0,3.5,q_radps,4,49,0.018651840779440154,0.13441916926413733,0.08136891674152327,-0.1440037327352911,0.010374656645581098,0.08964610087538233,0.0935035079472551,-0.18259833008050919,0.09446785971522328,0.007091352716088253
3.0,4.0,3.5,roll_deg,4,49,-0.31444732893244326,0.7036080504887451,-0.14630057039005415,-1.1248354144793535,-0.6750229859857687,0.21427508666327127,0.26053529465512226,-1.2372885216027498,0.272100346653085,-0.2775824399292469
3.0,4.0,3.5,sideslip_deg,4,49,2.2713758446332206,2.2572844747164504,3.322812395436423,-0.450606146454811,2.1888359040021896,3.4053523360674545,3.521346664596769,-1.1104666590690613,3.5503452467290977,2.3930673003196716
3.0,4.0,3.5,throttle_output,4,49,0.10765017569065094,0.21530035138130188,0.0,0.0,0.0,0.10765017569065094,0.36601059734821306,0.0,0.43060070276260376,0.0
4.0,5.0,4.5,airspeed_mps,4,61,22.257014781709703,1.20108985584674,22.662568682716007,20.805092787364174,21.99251173412989,22.92707173029582,23.141161314646403,20.508238050672745,23.19468371073405,22.146886348724365
4.0,5.0,4.5,aoa_deg,4,61,4.625549538277839,1.2943328218279402,4.519946092651004,3.349013096370079,3.84002802134664,5.3054676095822035,6.049930804063167,3.2262593651259386,6.236046602683408,4.9252036809921265
4.0,5.0,4.5,descent_rate_mps,4,61,1.861499787639707,1.186873149317033,1.8125891401675422,0.7913021107828325,0.878206333786159,2.7958825940210903,3.0001723709576122,0.7695760550320009,3.0512448151917426,1.8011111021022819
4.0,5.0,4.5,groundspeed_mps,4,61,21.005312681339547,0.5628867886037779,21.04171855697387,20.446263898577318,20.581659801567948,21.465371436745464,21.513393238213723,20.412414922829658,21.525398688580786,20.97198713200978
4.0,5.0,4.5,p_radps,4,61,0.020518585779456533,0.0972336708777807,-0.002855520528216384,-0.06100637697853102,-0.023389076092003268,0.04105214134324342,0.13476729736818613,-0.07041070220016296,0.15819608637442187,0.011400325718568659
4.0,5.0,4.5,pilot_pitch_centered,4,61,-0.2537632275132275,0.40090100527584877,-0.09664285714285713,-0.7408857142857143,-0.35928571428571426,0.00887962962962963,0.013390740740740738,-0.8362857142857143,0.01451851851851852,-0.291
4.0,5.0,4.5,pilot_roll_centered,4,61,0.020575396825396827,0.012562850307988318,0.025984126984126988,0.005266666666666668,0.018333333333333337,0.028226190476190478,0.02831190476190476,0.002,0.028333333333333332,0.019
4.0,5.0,4.5,pilot_throttle_norm,4,61,0.011185846560846561,0.007481075594424555,0.014621693121693122,0.002114285714285715,0.010571428571428572,0.015236111111111112,0.015447222222222222,0.0,0.0155,0.011125
4.0,5.0,4.5,pitch_deg,4,61,0.22148184562919948,2.8639019970387687,0.38265231420990664,-2.7560939318906694,-1.7201956942535581,2.3243298540926642,2.973418967136078,-3.0150684912999473,3.135691245396932,0.4612550735473633
4.0,5.0,4.5,q_radps,4,61,0.004770140536252649,0.110557805033869,0.03234073367812444,-0.12567962856344858,-0.019363660979449342,0.05647453519382644,0.09662107923733333,-0.15225862045944838,0.10665771524821009,0.03993082884699104
4.0,5.0,4.5,roll_deg,4,61,0.2058046078378403,1.1332369603209922,-0.09987742466231185,-0.7181510475260162,-0.4179435854068115,0.5238707685823399,1.5577151087019092,-0.7932029130558175,1.8161761937318024,0.47959045216441154
4.0,5.0,4.5,sideslip_deg,4,61,2.054726850384324,1.8345021551565963,2.8112109388623923,-0.16757920597280762,1.8609192818403244,3.0050185074063913,3.2179551828721604,-0.6747038279260907,3.271189351738603,2.148880645632744
4.0,5.0,4.5,throttle_output,4,61,0.0,0.0,0.0,0.0,0.0,0.0,0.0,0.0,0.0,0.0
5.0,6.0,5.5,airspeed_mps,4,46,22.34420665862068,0.5507968422658186,22.56111380410573,21.67661177090236,22.271132911954606,22.634187550771806,22.70813154265994,21.527981485639298,22.726617540631974,22.15380549430847
5.0,6.0,5.5,aoa_deg,4,46,3.574101811718373,1.8787759505607193,3.896367447716849,1.526595608464309,2.38806148405586,5.082407775379362,5.17043612457457,1.3112291395664215,5.192443211873372,3.4468478560447693
5.0,6.0,5.5,descent_rate_mps,4,46,2.059979963868295,1.077436230330933,2.0529239518280464,1.096750273589985,1.1509784772288079,2.961925438467534,3.0330880710029535,1.0831932226802792,3.0508787291368082,2.1950769424456062
5.0,6.0,5.5,groundspeed_mps,4,46,20.878604324229606,0.2606319152192582,20.84209725347946,20.649143630308885,20.673158769074764,21.0475428086343,21.15917491720052,20.643139845617416,21.187082944342073,20.588547292294944
5.0,6.0,5.5,p_radps,4,46,-0.05609770062853514,0.04124679152523418,-0.052855992336325056,-0.10168849575316666,-0.0709889441121569,-0.03796474885270331,-0.01504529711299776,-0.10936338366341909,-0.009315434178071357,-0.05603497428819535
5.0,6.0,5.5,pilot_pitch_centered,4,46,-0.030063492063492063,0.04686654097689876,-0.021412698412698404,-0.08100952380952382,-0.0599047619047619,0.008428571428571431,0.008771428571428572,-0.0862857142857143,0.008857142857142859,-0.013750000000000002
5.0,6.0,5.5,pilot_roll_centered,4,46,0.02057539682539683,0.012592817402732954,0.0252936507936508,0.005321428571428573,0.018607142857142864,0.027261904761904765,0.029223809523809523,0.002,0.029714285714285714,0.01975
5.0,6.0,5.5,pilot_throttle_norm,4,46,0.011200396825396827,0.0075077949330589555,0.014472222222222225,0.002091666666666667,0.010458333333333333,0.015214285714285718,0.01572857142857143,0.0,0.015857142857142858,0.01125
5.0,6.0,5.5,pitch_deg,4,46,-0.7240753887366091,2.685912159631299,-0.8271053906849453,-3.4867929762431555,-2.0914096988950455,0.5402289194734914,2.182884201497607,-3.835638795580183,2.5935480220036373,-1.0887504243850707
5.0,6.0,5.5,q_radps,4,46,-0.002903083811462353,0.06359765159835609,-0.0050780138533030586,-0.06851916837206641,-0.03512939251127787,0.02714829484651246,0.06575790280771868,-0.07686661233726355,0.07541030479802026,-0.023127555032260723
5.0,6.0,5.5,roll_deg,4,46,0.023467614855173825,1.5393796345490012,-0.006172265509764366,-1.5773459490920816,-0.5926390657467502,0.6099344150921596,1.665777011313342,-1.8235226699284144,1.9297376603686385,0.20896175429224967
5.0,6.0,5.5,sideslip_deg,4,46,2.463344347618875,2.360090998445478,2.915750787371681,-0.2812971085309981,1.7566180037600654,3.6224771312304904,4.57461678811482,-0.7907758866037641,4.812651702335903,2.927128091454506
5.0,6.0,5.5,throttle_output,4,46,2.0500296524592807,3.968988191460493,0.09912872314453125,0.0,0.0,2.149158375603812,6.831320605959208,0.0,8.00186116354806,2.138547420501709
6.0,7.0,6.5,airspeed_mps,4,40,22.667023878438133,0.658704628890288,22.550209413255963,22.084121911525727,22.19717606306076,23.020057228633334,23.41346609660557,22.055858373641968,23.51181831359863,22.732107877731323
6.0,7.0,6.5,aoa_deg,4,40,3.5627816455704826,0.9630526655990567,3.57342711687088,2.5492239236831664,3.004353165626526,4.131855596814837,4.561435707637242,2.4354416131973267,4.668830735342843,3.848138451576233
6.0,7.0,6.5,descent_rate_mps,4,40,2.4762408499222635,1.240601673895766,2.7185415157275523,1.0290373235941819,2.051848128438925,3.1429342372108913,3.58422344412294,0.7733346223829962,3.6945457458509523,2.7735826373145898
6.0,7.0,6.5,groundspeed_mps,4,40,21.312027796999924,1.5601210429413621,20.755331208395248,20.207887634671035,20.513561479208988,21.553797526186184,23.195543183375364,20.131469173536548,23.60597959767266,21.274536477972564
6.0,7.0,6.5,p_radps,4,40,0.056892080342264034,0.1336470677723441,0.0374450029206595,-0.06772370679769665,0.0005724967224523328,0.0937645865404712,0.208733775872471,-0.0847977576777339,0.23747607320547104,0.05684627965092656
6.0,7.0,6.5,pilot_pitch_centered,4,40,-0.01603928571428572,0.03117716628045134,-0.005150000000000006,-0.053753571428571435,-0.025339285714285724,0.00415,0.006429999999999999,-0.06085714285714287,0.007,-0.008749999999999999
6.0,7.0,6.5,pilot_roll_centered,4,40,0.017687500000000002,0.012198932671891148,0.02025,0.0038150000000000007,0.011075000000000002,0.026862499999999997,0.027972499999999997,0.002,0.028249999999999997,0.019999999999999997
6.0,7.0,6.5,pilot_throttle_norm,4,40,0.01115625,0.00747273864902732,0.0146125,0.0020775000000000004,0.010387500000000001,0.015381249999999999,0.01539625,0.0,0.0154,0.01125
6.0,7.0,6.5,pitch_deg,4,40,-2.1423085246524067,2.5274692723999252,-2.1460109551889555,-4.787941486090422,-3.0140150628983973,-1.2743044169429645,0.5085078395367761,-5.231423091888428,0.9542109036567126,-2.3554329660767688
6.0,7.0,6.5,q_radps,4,40,-0.05415737084196216,0.0737682379357522,-0.057357731740921736,-0.12961356290499682,-0.09400099194026552,-0.017514110642618375,0.025779326479615845,-0.13851670564617963,0.03660268576017443,-0.03782784263603387
6.0,7.0,6.5,roll_deg,4,40,0.9374861757018205,1.0525762019573923,0.8891934220679104,-0.08420482378200228,0.17326159537570285,1.653418002394028,2.026787030273117,-0.14857142857142858,2.1201292872428894,1.1818207374028862
6.0,7.0,6.5,sideslip_deg,4,40,1.2245233063186918,3.360186364033542,0.7024182387760708,-1.827872844679015,-1.1136035727603095,3.040545117855072,5.0078665518760666,-2.0064401626586914,5.499696910381317,1.225602149963379
6.0,7.0,6.5,throttle_output,4,40,7.1183043152093886,8.735042162057907,5.2866536438465115,0.004393681883811948,0.021968409419059736,12.38298954963684,16.79652588844299,0.0,17.89990997314453,7.674528360366821
7.0,8.0,7.5,airspeed_mps,4,37,23.11169838533773,0.7392858212642857,22.95823376519339,22.4689356704811,22.799135722123182,23.27079642840794,23.96931156839643,22.386385657570578,24.143940353393553,22.96199369430542
7.0,8.0,7.5,aoa_deg,4,37,3.0117494650959196,1.3110629903452538,3.3158962813290684,1.5205067301048087,2.2954174570932793,4.032228289331709,4.077186657360622,1.3267790483576911,4.08842624936785,2.6895042583346367
7.0,8.0,7.5,descent_rate_mps,4,37,2.484713864790472,1.1392038154785917,2.264014234790628,1.4864095302373894,1.6936183091880825,3.055109790393017,3.7919976813433354,1.4346073354997162,3.9762196540809156,2.123831510543596
7.0,8.0,7.5,groundspeed_mps,4,37,21.35873806285216,1.4139556147323498,20.7708886865426,20.464826904418192,20.594653244190674,21.53497350520409,23.07563834811951,20.432370319475073,23.460804558848366,21.197413691721575
7.0,8.0,7.5,p_radps,4,37,0.0032462159170094113,0.03259674530708937,-0.0064453668931881685,-0.022315621561455445,-0.014833114613694224,0.011633963637515465,0.04237626932975086,-0.024186248298395753,0.05006184575280973,0.011865906682942313
7.0,8.0,7.5,pilot_pitch_centered,4,37,-0.016178571428571428,0.041397915587212675,0.0027142857142857147,-0.06620714285714285,-0.018464285714285714,0.005000000000000001,0.0074,-0.07814285714285714,0.008000000000000002,-0.0002499999999999998
7.0,8.0,7.5,pilot_roll_centered,4,37,0.02017662337662338,0.012210850496536514,0.025171428571428574,0.005471428571428573,0.019357142857142864,0.025990909090909092,0.027889090909090912,0.002,0.02836363636363637,0.019999999999999997
7.0,8.0,7.5,pilot_throttle_norm,4,37,0.011222077922077925,0.00750514120745026,0.014671428571428575,0.0021214285714285727,0.01060714285714286,0.015286363636363638,0.015493636363636367,0.0,0.01554545454545455,0.01125
7.0,8.0,7.5,pitch_deg,4,37,-2.489854779036401,1.6946548241702566,-1.973924389684742,-4.5263061571121215,-3.0253841638565064,-1.438395004864637,-1.1757059460530035,-4.901536655426026,-1.1100336813500948,-2.397553228735924
7.0,8.0,7.5,q_radps,4,37,-0.041085661483469135,0.10908267161718915,-0.039229707775250845,-0.15709265737745484,-0.09952594318981156,0.01921057393109158,0.07232299921901093,-0.17148433592436566,0.0856011055409908,-0.02605349733494222
7.0,8.0,7.5,roll_deg,4,37,0.598730453806264,1.3374237775421238,0.5814420148730278,-0.6512488491152014,-0.4733871027188642,1.653559571398156,1.8729135712342602,-0.6957142857142857,1.9277520711932863,0.6363154622912408
7.0,8.0,7.5,sideslip_deg,4,37,1.8294206283684191,2.7712676017485016,1.104456095104771,-0.4557901176384517,0.23998090284211293,2.6938958206310772,5.129581720944396,-0.6297328727585929,5.7385031960227275,1.9434493333101273
7.0,8.0,7.5,throttle_output,4,37,3.1084468779625833,3.7434088173191906,2.2072570937020437,0.057849981103624624,0.2892499055181231,5.026454066146504,7.420709472786295,0.0,8.019273324446244,2.693399965763092
8.0,9.0,8.5,airspeed_mps,4,29,23.7594783782959,1.5070765366766723,23.42841968536377,22.460990810394286,22.779540538787842,24.408357524871825,25.52144811630249,22.3813533782959,25.799720764160156,23.802623510360718
8.0,9.0,8.5,aoa_deg,4,29,3.620054353702636,0.7748889216789806,3.6226658542950947,2.7992619144916535,3.277884584665298,3.9648356233324322,4.437190692084176,2.679606246948242,4.555279459272112,3.7176573872566223
8.0,9.0,8.5,descent_rate_mps,4,29,3.050655000265239,1.1125153375938033,3.2760765211891276,1.7695926186578217,2.5012279337322747,3.8255035877220918,4.016127252579212,1.5866837898892083,4.063783168793492,3.068507313729498
8.0,9.0,8.5,groundspeed_mps,4,29,21.744136933057632,1.2447901843413582,21.428724531876185,20.71278825569682,20.93996564084022,22.232895824093596,23.217062972072455,20.655993909410974,23.46310475906717,21.743215075270292
8.0,9.0,8.5,p_radps,4,29,0.0020116779548559408,0.059454178911826826,-0.009451580004367452,-0.05080118461767033,-0.024386246220230882,0.01694634417071937,0.07087310167029494,-0.0574049192170302,0.08435479104518886,0.0011025844723917613
8.0,9.0,8.5,pilot_pitch_centered,4,29,0.004453571428571428,0.004268160479357707,0.0030571428571428572,0.0012771428571428573,0.0015857142857142858,0.005925,0.009584999999999996,0.0012000000000000001,0.010499999999999997,0.0045000000000000005
8.0,9.0,8.5,pilot_roll_centered,4,29,0.021050000000000003,0.012956722836684698,0.0256,0.0054800000000000005,0.0194,0.027250000000000003,0.030250000000000006,0.002,0.03100000000000001,0.02075
8.0,9.0,8.5,pilot_throttle_norm,4,29,0.011320833333333336,0.007595361340245039,0.014600000000000002,0.0021000000000000007,0.010500000000000002,0.015420833333333335,0.015950833333333338,0.0,0.01608333333333334,0.01125
8.0,9.0,8.5,pitch_deg,4,29,-3.4885290436890153,2.7941474587552406,-3.8732122080666676,-5.849651131629943,-5.842331433296204,-1.5194098184594793,-0.5888505256193739,-5.8514810562133786,-0.3562107024093469,-3.47803331553936
8.0,9.0,8.5,q_radps,4,29,-0.011896269840543093,0.018391661001304575,-0.014410856712077319,-0.02837658071092192,-0.02593363566058018,-0.00037349089204022877,0.00810446264998365,-0.028987316973507354,0.010223951035489625,-0.017438873648643435
8.0,9.0,8.5,roll_deg,4,29,1.1164841942453667,1.559532108334662,1.1036638177931308,-0.3834434368333646,-0.08293146988110885,2.3030794819196063,2.6343603523572283,-0.4585714285714286,2.7171805699666343,1.164709799438715
8.0,9.0,8.5,sideslip_deg,4,29,1.4315885695407078,1.833666021759974,1.2651052985340356,-0.3480359880572983,0.24139183623982327,2.45530203183492,3.4442897065480547,-0.4953929441315787,3.691536625226339,1.4473222717642784
8.0,9.0,8.5,throttle_output,4,29,2.4872824321190516,4.250732184182634,0.5560830374558767,0.031225755810737613,0.15612877905368805,2.8872366905212403,7.647018260955807,0.0,8.836963653564453,2.224527359008789
9.0,10.0,9.5,airspeed_mps,4,29,24.250272990305188,1.5666783584303534,23.90128401553992,22.92681965889869,23.13265851875404,25.018898487091064,26.062310886383056,22.87535994393485,26.323163986206055,24.257826328277588
9.0,10.0,9.5,aoa_deg,4,29,3.7391122647178117,0.7980325427772728,3.630383374474265,2.982464334820256,3.301974244189985,4.0675213950020925,4.647980640956334,2.9025868574778237,4.793095452444894,3.6576114892959595
9.0,10.0,9.5,descent_rate_mps,4,29,3.1184714779734777,0.9768348940579158,3.199191888178734,2.0375302488163376,2.6438481157538973,3.6738152503983144,4.086404132843259,1.8859507820819474,4.189551353454496,3.115662932395308
9.0,10.0,9.5,groundspeed_mps,4,29,21.765724909921882,1.1889496954849141,21.49996912192084,20.742146032070007,21.019496040447144,22.246197991395576,23.161361890975215,20.672808529975722,23.390152865870125,21.763043556128434
9.0,10.0,9.5,p_radps,4,29,0.05618318305518406,0.037406756194987026,0.06777968105549612,0.011608561046887192,0.04136833787197246,0.08259452623870772,0.08452270786304406,0.004168616840615873,0.08500475326912814,0.06449980079196392
9.0,10.0,9.5,pilot_pitch_centered,4,29,0.004404761904761904,0.0037739409621094394,0.0028095238095238095,0.002042857142857143,0.0022142857142857146,0.004999999999999999,0.008999999999999996,0.002,0.009999999999999998,0.00425
9.0,10.0,9.5,pilot_roll_centered,4,29,0.021045454545454548,0.012849092324118426,0.026000000000000002,0.005600000000000001,0.019999999999999997,0.02704545454545455,0.02955454545454546,0.002,0.030181818181818188,0.020999999999999998
9.0,10.0,9.5,pilot_throttle_norm,4,29,0.011333333333333334,0.00760116950066092,0.014666666666666668,0.0021000000000000007,0.010500000000000002,0.0155,0.015900000000000004,0.0,0.016000000000000004,0.01125
9.0,10.0,9.5,pitch_deg,4,29,-3.4916538127702035,2.2695012166722184,-3.5343342236110145,-5.462070159117381,-5.4516017238299055,-1.574386312551313,-1.4614848912458915,-5.46468726793925,-1.4332595359195361,-3.4549371469020844
9.0,10.0,9.5,q_radps,4,29,0.01974294451662557,0.02740244882684587,0.023883934801613743,-0.011373703848712675,0.012855424603535014,0.0307714547147043,0.04506220648298037,-0.0174309859617746,0.048634894425049396,0.009745895629748702
9.0,10.0,9.5,roll_deg,4,29,0.6876278169382186,1.2634432313297268,0.3606221636136373,-0.31116583255359104,-0.28725773419652667,1.3355077147483825,2.1442293810844415,-0.3171428571428571,2.346409797668457,0.643734130859375
9.0,10.0,9.5,sideslip_deg,4,29,1.525000456904436,1.3641729742971476,2.073663672533902,-0.13620032671984134,1.2388483411692954,2.359815788269043,2.418072738647461,-0.47996249369212557,2.4326369762420654,1.5908776819705963
9.0,10.0,9.5,throttle_output,4,29,3.225331478459495,3.876757942602439,2.5660986048834666,0.0,0.0,5.791430083342961,7.373588979925428,0.0,7.769128704071045,2.864291548728943
10.0,11.0,10.5,airspeed_mps,4,26,24.109524799528575,0.9882977420673135,24.002531687418617,23.156210790361676,23.713188307625906,24.39886817932129,25.212629165649414,23.01696641104562,25.416069412231447,24.186898231506348
10.0,11.0,10.5,aoa_deg,4,26,3.2222736073391776,2.125412222991053,3.3027671660695757,1.2370661169290542,1.496470883488655,5.028569889920099,5.094790115526744,1.172214925289154,5.111345171928406,3.2198452204465866
10.0,11.0,10.5,descent_rate_mps,4,26,3.2174364030343905,0.5527875208930492,3.117146492000633,2.732083529233391,2.8173337876758917,3.5172491073591323,3.8431951522826506,2.710770964622766,3.9246816635135304,3.2406836748063554
10.0,11.0,10.5,groundspeed_mps,4,26,21.756704254880873,1.1284588392300612,21.52490040591449,20.764570065376173,21.05526524415379,22.226339416641572,23.073363832938508,20.69189627068177,23.28511993701274,21.752385613146515
10.0,11.0,10.5,p_radps,4,26,-0.019037703599869484,0.03372976671725981,-0.014003693724849378,-0.055836260740900215,-0.04009143970879013,0.007050042384071267,0.010713239716133097,-0.059772465998927736,0.011629039049148557,-0.0024243382504209893
10.0,11.0,10.5,pilot_pitch_centered,4,26,0.004410714285714286,0.0028466324537127397,0.0035714285714285718,0.0021714285714285715,0.002857142857142857,0.005125000000000001,0.007824999999999999,0.002,0.0085,0.0045000000000000005
10.0,11.0,10.5,pilot_roll_centered,4,26,0.021019642857142855,0.013118203293632145,0.0267,0.005174285714285715,0.020157142857142856,0.0275625,0.028912499999999997,0.0014285714285714286,0.029249999999999998,0.02175
10.0,11.0,10.5,pilot_throttle_norm,4,26,0.0114875,0.007699607673987898,0.014974999999999999,0.0021300000000000004,0.01065,0.0158125,0.0159625,0.0,0.016,0.0115
10.0,11.0,10.5,pitch_deg,4,26,-4.078390879425264,3.1401424821122434,-4.076181385403587,-6.850900077819825,-6.758151054382324,-1.396421210446528,-1.3089749726610524,-6.874087333679199,-1.2871134132146835,-4.068475172519683
10.0,11.0,10.5,q_radps,4,26,0.05587248138617721,0.0567617056308437,0.03829789732117203,0.01282461495138701,0.029988913098350136,0.06418146560899911,0.12352476551197461,0.008533540414646228,0.13836059048771854,0.06648608366958793
10.0,11.0,10.5,roll_deg,4,26,0.2453704190165514,0.6518096398698255,0.14540458905200165,-0.35183875264014514,-0.1934794774864401,0.5842544855549932,0.9825317526236175,-0.3914285714285714,1.0821010693907738,0.24838019579648973
10.0,11.0,10.5,sideslip_deg,4,26,1.9173164942944867,2.21521609108357,1.5889837240489821,-0.14650178139896264,0.5515203043219767,2.954779914021492,4.440800648331642,-0.3210073028291975,4.81230583190918,1.971929393708706
10.0,11.0,10.5,throttle_output,4,26,1.0203818253108434,2.040763650621687,0.0,0.0,0.0,1.0203818253108434,3.469298206056866,0.0,4.081527301243374,0.5713366270065308
11.0,12.0,11.5,airspeed_mps,4,28,23.782604751132784,1.0693284750299976,23.87205489476522,22.701215737206596,22.998341390064784,24.65631825583322,24.738763563973563,22.62693432399205,24.75937489100865,23.71141242980957
11.0,12.0,11.5,aoa_deg,4,28,2.72529971457663,2.061922956267932,3.14577913851965,0.40658207748617453,1.5497754705803735,4.321303382515907,4.455346158146858,0.12078372921262469,4.488856852054596,2.6649386808276176
11.0,12.0,11.5,descent_rate_mps,4,28,2.962890707311628,0.16781881555928338,2.940158616928588,2.8156402025924274,2.8289019635748907,3.074147360665326,3.1419661385670854,2.8123247623468117,3.1589208330425254,2.965645194052108
11.0,12.0,11.5,groundspeed_mps,4,28,21.785238708289157,1.0493783869390299,21.637400452613466,20.804473582298364,21.117739946715982,22.30489921418664,22.972977392225914,20.72615699119396,23.139996936735734,21.802067060480713
11.0,12.0,11.5,p_radps,4,28,-0.005694240214195033,0.012807970109101004,-0.00921321412274015,-0.01597722650476496,-0.011766248055209875,-0.0031412062817253094,0.009515309548338052,-0.017029971117153733,0.012679438505853902,0.009533888456644489
11.0,12.0,11.5,pilot_pitch_centered,4,28,0.003815476190476191,0.0023503087557096695,0.0027142857142857147,0.002510714285714286,0.002553571428571429,0.003976190476190477,0.006661904761904761,0.0025,0.007333333333333334,0.0035
11.0,12.0,11.5,pilot_roll_centered,4,28,0.020416666666666666,0.012305101904487364,0.026,0.005557142857142858,0.019785714285714285,0.02663095238095238,0.027459523809523812,0.002,0.02766666666666667,0.020499999999999997
11.0,12.0,11.5,pilot_throttle_norm,4,28,0.011305059523809523,0.007470525630019317,0.014714285714285714,0.0022705357142857145,0.01085267857142857,0.015166666666666665,0.015566666666666666,0.000125,0.015666666666666666,0.01125
11.0,12.0,11.5,pitch_deg,4,28,-4.236819416795458,2.366337138460011,-4.176258615085057,-6.544310406276158,-6.0475102833339145,-2.3655677485466002,-2.0141135497093203,-6.668510437011719,-1.92625,-4.181677634716034
11.0,12.0,11.5,q_radps,4,28,-0.04064179016235616,0.07477809063238616,-0.029151994547906457,-0.12229019112918255,-0.08729042150246508,0.01749663679220246,0.024920896944240635,-0.1310401335358619,0.026776961982250186,-0.038211359875276685
11.0,12.0,11.5,roll_deg,4,28,0.5684553340033052,0.21005221752119438,0.5693177660306294,0.34608902729249424,0.4812026550860277,0.6565704449479068,0.7896142358758619,0.3123106203441109,0.8228751836078507,0.5314526064693927
11.0,12.0,11.5,sideslip_deg,4,28,1.5365797057304356,2.862478058102671,1.0528866251309712,-0.9202726194635034,-0.7274924116209149,3.3169587424823215,4.6706023437636235,-0.9684676714241505,5.00901324408395,1.595755249261856
11.0,12.0,11.5,throttle_output,4,28,1.0238951902304376,1.838380009098297,0.16181357204914093,0.0,0.0,1.1857087622795786,3.25470464591469,0.0,3.771953616823469,0.5613975524902343
12.0,13.0,12.5,airspeed_mps,4,26,23.937131023406984,0.6018329287339462,23.927688516889297,23.350925230298724,23.488042027609687,24.376777512686594,24.536556325639996,23.316646030970983,24.576501028878347,23.827614784240723
12.0,13.0,12.5,aoa_deg,4,26,3.3664563425949643,1.2913284977726436,3.4032667875289917,2.1970344722270965,2.2867771089076996,4.482946021216256,4.484343590055193,2.174598813056946,4.484692982264927,3.432780146598816
12.0,13.0,12.5,descent_rate_mps,4,26,3.017775808063095,0.3608124796983012,2.952036857606023,2.693256548472481,2.8569148268018663,3.1128978388672515,3.434329598293609,2.652341978890135,3.5146875381501985,3.018597364428331
12.0,13.0,12.5,groundspeed_mps,4,26,21.744217125653144,0.897765165203469,21.66131810513327,20.861150662633538,21.236516194736467,22.16901903604995,22.74334221740057,20.767309279607804,22.886923012738226,21.753088960991693
12.0,13.0,12.5,p_radps,4,26,-0.026108795125037422,0.0636307587006815,-0.02570343563067061,-0.09351732835173604,-0.05866537317633627,0.006853142420628232,0.04073223480954763,-0.10223031714558597,0.0492020079067775,-0.02336728665977718
12.0,13.0,12.5,pilot_pitch_centered,4,26,0.0045571428571428586,0.002878160788387182,0.0032857142857142868,0.0028514285714285716,0.003057142857142858,0.004785714285714286,0.008042857142857142,0.0028,0.008857142857142859,0.004
12.0,13.0,12.5,pilot_roll_centered,4,26,0.020757142857142856,0.012782928667020028,0.02608571428571429,0.005297142857142858,0.01962857142857143,0.027214285714285715,0.028757142857142853,0.0017142857142857144,0.02914285714285714,0.020499999999999997
12.0,13.0,12.5,pilot_throttle_norm,4,26,0.011342857142857142,0.007579743861556452,0.014757142857142856,0.002207142857142857,0.011035714285714284,0.015064285714285714,0.01569857142857143,0.0,0.015857142857142858,0.01125
12.0,13.0,12.5,pitch_deg,4,26,-3.631301164627075,1.8231524903795047,-3.4796394280024936,-5.52808417728969,-4.891003390720912,-2.2199372019086567,-1.946844583238874,-5.687354373931885,-1.8785714285714283,-3.62467798948288
12.0,13.0,12.5,q_radps,4,26,0.0007851798553019753,0.014316980859694557,0.002651124899940806,-0.014855568403644177,-0.007989128652427863,0.011425433407670646,0.013813605051753764,-0.016572178341448255,0.014410647962774545,0.0060441994573921
12.0,13.0,12.5,roll_deg,4,26,0.7750368216208049,0.23631547803953787,0.8654973905001369,0.48763628272073606,0.7238956993179662,0.9166385128029756,0.9357925640898092,0.42857142857142855,0.9405810769115176,0.7792403876781464
12.0,13.0,12.5,sideslip_deg,4,26,1.193541493160384,2.468088057810954,1.1833486820970263,-1.211997338448252,-0.6637977519205639,3.040687927177974,3.6133502602577208,-1.349047235080174,3.7565158435276578,1.126673549413681
12.0,13.0,12.5,throttle_output,4,26,0.7043753385543823,1.4087506771087646,0.0,0.0,0.0,0.7043753385543823,2.394876151084899,0.0,2.817501354217529,0.544595718383789
13.0,14.0,13.5,airspeed_mps,4,30,24.434963056019374,1.283619921347797,24.26346789087568,23.238533633095876,23.570610931941438,25.127820014953613,25.871485710144043,23.155514308384486,26.05740213394165,24.331812620162964
13.0,14.0,13.5,aoa_deg,4,30,2.7107351440936327,1.6094563603975625,2.564611990536962,1.1454266343265773,2.1408631671220064,3.1344839675085883,4.480616068840026,0.8965675011277199,4.817149094172886,2.7096825540065765
13.0,14.0,13.5,descent_rate_mps,4,30,2.681429960897149,0.3906287873098011,2.6338576419003363,2.3129186928261305,2.4215771257875787,2.8937104770099062,3.1165424755637043,2.2857540845857685,3.172250475202154,2.7022200822809204
13.0,14.0,13.5,groundspeed_mps,4,30,21.802288965999903,0.8435643905285133,21.8030939554971,20.91260770013816,21.35971023841006,22.245672683086944,22.690843246565564,20.800832065570184,22.80213588743522,21.80544774677692
13.0,14.0,13.5,p_radps,4,30,-0.03497887111526711,0.046530085446544175,-0.03556725702115463,-0.08362413395079779,-0.05384653815417547,-0.01669958998224627,0.014490131988506067,-0.09106853289995337,0.022287562481194175,-0.046441351063549484
13.0,14.0,13.5,pilot_pitch_centered,4,30,0.004875000000000001,0.0036142080737002398,0.004,0.0018750000000000001,0.003375,0.0055,0.009099999999999999,0.0015,0.01,0.005000000000000001
13.0,14.0,13.5,pilot_roll_centered,4,30,0.020937499999999998,0.0128361063021463,0.025625000000000002,0.005487500000000001,0.019437500000000003,0.027125,0.029824999999999997,0.002,0.0305,0.020499999999999997
13.0,14.0,13.5,pilot_throttle_norm,4,30,0.011415178571428571,0.007659546961234754,0.014705357142857142,0.00211875,0.010593749999999999,0.015526785714285715,0.016105357142857143,0.0,0.01625,0.01125
13.0,14.0,13.5,pitch_deg,4,30,-3.6156875634619166,1.6199239576548086,-3.7577634900808334,-5.205241799993174,-4.603030190936156,-2.7704208626065934,-1.8272270296641764,-5.355794702257429,-1.5914285714285714,-3.585885578393936
13.0,14.0,13.5,q_radps,4,30,-0.01969690953514405,0.04652677992192639,-0.016969426900946657,-0.0706209179778982,-0.04161555172010722,0.004949215284016512,0.027408623219733738,-0.07787225954234595,0.03302347520366306,-0.015074568800628161
13.0,14.0,13.5,roll_deg,4,30,1.0798585744814149,0.24353717499241367,1.0793321133937153,0.8486925200942371,0.8879347748176327,1.2712559130574976,1.3117616743913718,0.8388819564133883,1.3218881147248405,0.9954073491692543
13.0,14.0,13.5,sideslip_deg,4,30,0.32253386665667805,2.1223388702486132,0.1726907566189766,-1.5836025851113456,-1.417090518133981,1.9123151414096355,2.4384506724774835,-1.6252306018556868,2.569984555244446,0.39242869615554815
13.0,14.0,13.5,throttle_output,4,30,0.007739244028925894,0.015478488057851788,0.0,0.0,0.0,0.007739244028925894,0.026313429698348028,0.0,0.030956976115703576,0.0
14.0,15.0,14.5,airspeed_mps,4,36,24.44383609257047,1.3863557749101536,24.04207214779324,23.3577119745527,23.802700410570417,24.683207829793293,26.09242973327637,23.24646486554827,26.444735209147137,24.414993286132812
14.0,15.0,14.5,aoa_deg,4,36,2.734341258898614,1.3480975632026677,2.5958953115675185,1.4191228908300402,1.9759999642769497,3.354236606189183,4.243383953230722,1.2799036224683127,4.465670789991107,2.738797515630722
14.0,15.0,14.5,descent_rate_mps,4,36,2.4822430989099766,0.9479808858563471,2.5598876438445126,1.4422555764518068,1.9668447971338128,3.0752859456206765,3.4135282584597952,1.3111082712813054,3.498088836669575,2.4170458316810226
14.0,15.0,14.5,groundspeed_mps,4,36,21.931338130880526,0.8386296922946058,22.095577929445504,20.967766905214834,21.514358862452706,22.51255719787332,22.664973638555246,20.831118915905364,22.70307774872573,21.931655638935403
14.0,15.0,14.5,p_radps,4,36,-0.010189894023625079,0.0162422578164786,-0.010010998671800948,-0.027372780158184437,-0.019111101771704837,-0.0010897909237211874,0.006742538618380494,-0.02943819975480434,0.00870062100390592,-0.004686244903496125
14.0,15.0,14.5,pilot_pitch_centered,4,36,0.0044857142857142865,0.0033139390440842876,0.0033714285714285717,0.0020580952380952386,0.002823809523809524,0.005033333333333334,0.008473333333333333,0.001866666666666667,0.009333333333333336,0.005000000000000001
14.0,15.0,14.5,pilot_roll_centered,4,36,0.02066825396825397,0.01296920825693656,0.025733333333333337,0.005034285714285716,0.019457142857142864,0.026944444444444444,0.02921111111111111,0.0014285714285714286,0.029777777777777778,0.020999999999999998
14.0,15.0,14.5,pilot_throttle_norm,4,36,0.01122777777777778,0.00751526019526065,0.014566666666666669,0.0021200000000000012,0.010600000000000004,0.015194444444444444,0.015661111111111112,0.0,0.01577777777777778,0.01125
14.0,15.0,14.5,pitch_deg,4,36,-3.02626168146966,1.4496333419616136,-2.5223337901963125,-4.775339087645213,-3.49803599913915,-2.050559472526823,-1.9826833230767933,-5.094664859771728,-1.9657142857142857,-3.0100157046318055
14.0,15.0,14.5,q_radps,4,36,-0.01779423045781662,0.03732076557119365,-0.023413382035990526,-0.05114994914736598,-0.04565541043411937,0.004447797940312225,0.023428300441176195,-0.052523583825677636,0.028173426066392202,-0.016898389323614524
14.0,15.0,14.5,roll_deg,4,36,1.4502678880258093,0.4091190108499446,1.45903717395273,1.011779204079083,1.2676661524602346,1.6416389095183048,1.8764795716748468,0.9478074669837951,1.9351897372139826,1.5198638898134234
14.0,15.0,14.5,sideslip_deg,4,36,-0.21633136054826158,2.2398228721558895,-0.23726469505400882,-2.5283036512987955,-1.5950695489134108,1.1414734933111403,2.124947598510318,-2.7616121768951416,2.370816124810113,-0.22771941125392925
14.0,15.0,14.5,throttle_output,4,36,0.9237979779640834,0.9984609257995645,0.7491933663686117,0.040766839981079106,0.20383419990539547,1.4691571444272995,2.0512755721807476,0.0,2.19680517911911,0.17215125262737274
15.0,16.0,15.5,airspeed_mps,4,44,24.834408234036157,1.6943379374866496,24.413892851935493,23.413672815050397,23.831392901284353,25.416908184687294,26.843865187962848,23.309242793491908,27.20060443878174,24.864603757858276
15.0,16.0,15.5,aoa_deg,4,44,3.277135691504716,0.7918556095859728,3.163414637247721,2.5883126325227996,2.6421573602340436,3.7983929685183933,4.125168226446425,2.5748514505949887,4.206862040928432,3.2290510833263397
15.0,16.0,15.5,descent_rate_mps,4,44,2.35365281115325,1.0131992507636258,2.490088372003494,1.2001453421335175,1.9526974179534191,2.8910437652033254,3.316150494982641,1.012007323178542,3.4224271774274704,2.30295956135253
15.0,16.0,15.5,groundspeed_mps,4,44,22.136030710578936,1.0280595485152235,22.22188317426737,21.0062263977965,21.58285343334707,22.775060451499236,23.145641574197573,20.862069638908856,23.238286854872158,22.142010309062762
15.0,16.0,15.5,p_radps,4,44,0.009293700821829058,0.05472409820315635,0.005722791934940229,-0.04574117180567958,-0.020949008366895023,0.03596550112366431,0.06932784589098204,-0.051939212665375725,0.0776684320828115,0.0171456605021376
15.0,16.0,15.5,pilot_pitch_centered,4,44,0.004587662337662338,0.0027557195621160844,0.003523809523809524,0.002740909090909091,0.003159090909090909,0.004952380952380953,0.007923809523809522,0.0026363636363636368,0.008666666666666666,0.00425
15.0,16.0,15.5,pilot_roll_centered,4,44,0.020382395382395384,0.012809929134202452,0.025272727272727273,0.004896103896103897,0.01876623376623377,0.02688888888888889,0.029022222222222224,0.0014285714285714286,0.029555555555555557,0.020499999999999997
15.0,16.0,15.5,pilot_throttle_norm,4,44,0.011122474747474749,0.007449527906107548,0.014356060606060608,0.002106818181818183,0.010534090909090911,0.014944444444444444,0.015611111111111112,0.0,0.01577777777777778,0.011125
15.0,16.0,15.5,pitch_deg,4,44,-2.640637824071671,1.786453668736393,-2.466341278515165,-4.638855338096619,-3.3467669884363813,-1.7602121141504545,-0.8864354738258315,-4.961877425511678,-0.667991313744675,-2.593960810601711
15.0,16.0,15.5,q_radps,4,44,0.008828837544375755,0.01977218340218746,0.01424948965561472,-0.014282189454284578,-0.0004859451520522508,0.023564272352042726,0.02435095158730154,-0.01773125052984266,0.024547621396116246,0.004170057887677112
15.0,16.0,15.5,roll_deg,4,44,1.4491841345468015,1.1301600958439344,1.4883674749873932,0.2287721373596555,0.9829161748536801,1.9546354346805148,2.6147394551171192,0.04023612798614933,2.7797654602262707,1.4297332027181984
15.0,16.0,15.5,sideslip_deg,4,44,-0.315239853995955,2.817534906716823,-0.27397586373074057,-3.3059817081406,-1.8364131081671942,1.2471973904404987,2.617732413777389,-3.6733738581339517,2.960366169611613,-0.48834340722532954
15.0,16.0,15.5,throttle_output,4,44,2.6511010488476416,4.7127038098385885,0.4456442462073432,0.06512184937795004,0.3256092468897502,2.7711360481652347,8.324719772013747,0.0,9.71311570297588,1.8705283999443054
16.0,17.0,16.5,airspeed_mps,4,28,24.675531546274822,1.2968191205095223,24.866679509480797,23.281886744499207,23.828853964805603,25.713357090950012,25.801569199562074,23.145144939422607,25.823622226715088,24.6883864402771
16.0,17.0,16.5,aoa_deg,4,28,3.6634722352027893,0.7296777901568637,3.4398626685142517,3.099089178442955,3.2596325129270554,3.8437023907899857,4.540908685326576,3.05895334482193,4.715210258960724,3.682145595550537
16.0,17.0,16.5,descent_rate_mps,4,28,2.9534531136347635,0.5198993783186419,2.839835484821058,2.501176923513189,2.6641397178163606,3.129148880639461,3.564793984095526,2.4604362249373963,3.6737052599595423,2.941821217535459
16.0,17.0,16.5,groundspeed_mps,4,28,22.265840923858445,1.1189375480794834,22.287696733298546,21.06857812152596,21.731188617220106,22.822349039936885,23.4325055929748,20.90292549760242,23.58504473123428,22.26262395130864
16.0,17.0,16.5,p_radps,4,28,0.0014684221314382618,0.038909319490876566,0.00217815041833091,-0.03955785891012056,-0.010252429077809223,0.013899001627578397,0.04150108357134736,-0.04688421636819839,0.04840160405728962,-0.007131376383767939
16.0,17.0,16.5,pilot_pitch_centered,4,28,0.005520833333333334,0.00285480021354547,0.004666666666666666,0.0033125000000000003,0.0035625000000000006,0.006625,0.008925,0.0032500000000000003,0.009500000000000001,0.006
16.0,17.0,16.5,pilot_roll_centered,4,28,0.021104166666666667,0.013244036918133719,0.026333333333333334,0.005025,0.019125,0.0283125,0.0298625,0.0015,0.03025,0.021249999999999998
16.0,17.0,16.5,pilot_throttle_norm,4,28,0.01146875,0.0077003618692024255,0.0149375,0.0021000000000000003,0.0105,0.01590625,0.01598125,0.0,0.016,0.0115
16.0,17.0,16.5,pitch_deg,4,28,-3.334027410944303,1.43289162417343,-3.2872793177763624,-4.878256356716156,-4.035077750682831,-2.586228978037834,-1.8552457956075672,-5.089051008224487,-1.6724999999999999,-3.3657413816452024
16.0,17.0,16.5,q_radps,4,28,0.026611136413218134,0.06051491722463074,0.0008209803005835554,-0.010289094346808254,-0.00298933000885882,0.03042144672266051,0.09961758573093289,-0.012114035431295612,0.11691662048300104,0.03237806259130591
16.0,17.0,16.5,roll_deg,4,28,0.8487313815951347,1.8261339364943998,1.0552590745687485,-1.2061866191625594,0.2125921708345413,1.6913982853293419,2.614510612189769,-1.5608813166618347,2.8452886939048767,0.8819933032989502
16.0,17.0,16.5,sideslip_deg,4,28,-0.09770384679238009,2.755473326532033,0.20087535679340363,-3.0532793213923775,-1.870648150642713,1.9738196606437364,2.43986074278752,-3.3489371140797934,2.556371013323466,-0.11716249585151672
16.0,17.0,16.5,throttle_output,4,28,0.0,0.0,0.0,0.0,0.0,0.0,0.0,0.0,0.0,0.0
17.0,18.0,17.5,airspeed_mps,4,27,24.27174836908068,1.1561666086134235,23.96227239881243,23.33129118510655,23.70127752849034,24.53274323940277,25.64547191143036,23.238794599260604,25.923654079437256,24.203978061676025
17.0,18.0,17.5,aoa_deg,4,27,3.2112859826002804,1.072594084996731,3.125272352354867,2.1485783242753573,2.5842520711677412,3.752306263787406,4.394412723268782,2.0396598875522614,4.554939338139126,3.2497992366552353
17.0,18.0,17.5,descent_rate_mps,4,27,2.974814057349991,0.47004542323475407,2.9937171936043985,2.498514635221772,2.638323221887431,3.3302080290669585,3.4246490887220378,2.4635624885553575,3.448259353635808,2.9857504367812773
17.0,18.0,17.5,groundspeed_mps,4,27,22.280879034435355,1.0425064999851439,22.35050299755326,21.13539417435667,21.8909203482462,22.740461683742417,23.328890346148977,20.946512630884285,23.475997511750617,22.29217282121006
17.0,18.0,17.5,p_radps,4,27,0.05947645948178561,0.08168152545583493,0.03857457771950324,-0.008382602868176561,0.012689021539206003,0.08536201566208285,0.15659815629894303,-0.013650508970022202,0.17440719145815814,0.06649452727288008
17.0,18.0,17.5,pilot_pitch_centered,4,27,0.005417857142857143,0.0029342772522713803,0.004514285714285715,0.003185714285714286,0.003357142857142857,0.006575,0.008915,0.003142857142857143,0.009500000000000001,0.006
17.0,18.0,17.5,pilot_roll_centered,4,27,0.021005357142857145,0.013218755196522032,0.02617142857142857,0.004985714285714286,0.01921428571428571,0.0279625,0.0297925,0.0014285714285714286,0.03025,0.0215
17.0,18.0,17.5,pilot_throttle_norm,4,27,0.011516964285714287,0.007726883108765824,0.014971428571428571,0.0021214285714285714,0.010607142857142857,0.01588125,0.01607625,0.0,0.016125,0.0115
17.0,18.0,17.5,pitch_deg,4,27,-4.019551666166102,1.616517848667175,-4.42065232694149,-5.3519158390590125,-5.149114009312221,-3.2910899837953704,-2.125646568187646,-5.40261629649571,-1.8342857142857143,-4.0345050704479215
17.0,18.0,17.5,q_radps,4,27,0.03806027459005622,0.028783100065545634,0.040642624450681154,0.006690496374919461,0.0212385713172677,0.05746432772346967,0.06581476300031805,0.0030534776393324006,0.06790237181953016,0.04403751448262476
17.0,18.0,17.5,roll_deg,4,27,0.37927704576935084,1.5902790619727905,0.9329646867513657,-1.5407187064034598,0.10449449811662948,1.2077472344040872,1.5241101005673405,-1.9520220075334822,1.6032008171081542,0.4194028916954995
17.0,18.0,17.5,sideslip_deg,4,27,-0.45893349149264395,2.2195329477564782,-0.5113202199739005,-2.7371143426213944,-1.7990274855068753,0.8287737740403307,1.892588779509865,-2.9716360569000244,2.1585425308772495,-0.5009683538228273
17.0,18.0,17.5,throttle_output,4,27,2.012140250631741,3.8371228986189405,0.1421234437397548,0.0,0.0,2.1542636943714957,6.6423040309122605,0.0,7.764314115047455,1.906778693199158
18.0,19.0,18.5,airspeed_mps,4,27,24.18150736945016,0.8233274941598046,24.085108048575265,23.3883670261928,23.802016666957307,24.464598751068117,25.109606761932373,23.284954616001674,25.270858764648438,24.201964378356934
18.0,19.0,18.5,aoa_deg,4,27,3.173902199098042,1.0329521240391548,3.19844730922154,2.1723326528072358,2.376899641752243,3.995449866567339,4.141108591215951,2.121190905570984,4.177523272378104,3.196806713938713
18.0,19.0,18.5,descent_rate_mps,4,27,3.0896022660408358,0.577251359408519,3.079913684302647,2.5257577214939495,2.661938326702899,3.5075776236405836,3.6670108250211855,2.491712570191712,3.706869125366336,3.0794417858177034
18.0,19.0,18.5,groundspeed_mps,4,27,22.245289142827872,0.9421407027036331,22.380684868105284,21.175114951922968,21.98004719358998,22.64592681734318,23.125909318344398,20.973881891506217,23.245904943594702,22.244084048902344
18.0,19.0,18.5,p_radps,4,27,-0.046008973559842806,0.07413447095065868,-0.02277906105986663,-0.13511775219946032,-0.06170107545996349,-0.007086959159745944,0.010577927579808057,-0.15347192138433452,0.014994149264696569,-0.03751037456095219
18.0,19.0,18.5,pilot_pitch_centered,4,27,0.005080357142857143,0.003302541667047524,0.004285714285714286,0.0023,0.0035,0.005866071428571429,0.008973214285714286,0.002,0.009750000000000002,0.0055000000000000005
18.0,19.0,18.5,pilot_roll_centered,4,27,0.020901785714285713,0.012901292419305726,0.02542857142857143,0.005300000000000001,0.018500000000000003,0.027830357142857143,0.030166071428571428,0.002,0.03075,0.020499999999999997
18.0,19.0,18.5,pilot_throttle_norm,4,27,0.01145982142857143,0.007695114723234573,0.014857142857142859,0.0021000000000000007,0.010500000000000002,0.01581696428571429,0.016063392857142856,0.0,0.016125,0.0115
18.0,19.0,18.5,pitch_deg,4,27,-4.496525847826685,1.871840979156776,-4.48920619062015,-6.479793781552996,-5.3167762960706435,-3.668955742376191,-2.5235054341895244,-6.770548152923584,-2.237142857142857,-4.477057273387909
18.0,19.0,18.5,q_radps,4,27,0.0007036266773606768,0.04128789394060554,-0.007111394154240468,-0.0358928960673178,-0.016191579563642942,0.009783812086763152,0.048241178586280735,-0.04081822519323652,0.05785552021116016,0.0017619966529309854
18.0,19.0,18.5,roll_deg,4,27,-0.3915815534761974,1.938387409621105,-0.6982952229465758,-2.0994278204441073,-1.868517404794693,0.7786406283719199,1.7456638507502413,-2.1571554243564606,1.9874196563448225,-0.49332398295402524
18.0,19.0,18.5,sideslip_deg,4,27,0.3366114533373288,3.1686628425860457,0.7976102083921432,-3.00529785326549,-1.8268692919186185,2.9610909536480903,3.033122502863407,-3.299904993602208,3.0511303901672364,0.3908825814723969
18.0,19.0,18.5,throttle_output,4,27,0.3430178655045373,0.46134793192243306,0.19815555214881897,0.0,0.0,0.5411734176533562,0.8888429697070801,0.0,0.9757603577205113,0.0
19.0,20.0,19.5,airspeed_mps,4,24,24.340193091120035,0.76889344163721,24.368841457366944,23.50808298247201,24.00198129245213,24.707053256034854,25.1321954870224,23.38460840497698,25.238481044769287,24.262520790100098
19.0,20.0,19.5,aoa_deg,4,24,3.583707057152476,1.4634901017828725,3.7088435445513044,2.023482219576836,2.642336568236351,4.650214033467429,4.968740812369755,1.8687686324119568,5.048372507095337,3.5354450196027756
19.0,20.0,19.5,descent_rate_mps,4,24,3.327139028479148,0.5972094776119005,3.4055501392861975,2.709326463084156,2.9038892047700084,3.828799962995337,3.8351760387442715,2.6606857776626924,3.8367700576815054,3.326971530916584
19.0,20.0,19.5,groundspeed_mps,4,24,22.180003958505925,0.8650687836726867,22.347015493029016,21.18393648018259,21.998875532663295,22.528143918871642,22.942255288496924,20.980201717062414,23.045783130903242,22.18844765345736
19.0,20.0,19.5,p_radps,4,24,0.04318231472279875,0.04349062294088635,0.03312175744213161,0.006399859162047495,0.02426875405944883,0.05203531810548152,0.09404955047648395,0.001932635437697161,0.10455310856923458,0.037183287669904495
19.0,20.0,19.5,pilot_pitch_centered,4,24,0.004846428571428572,0.003187632883718034,0.0038000000000000004,0.002482857142857143,0.003271428571428572,0.0053750000000000004,0.008674999999999999,0.002285714285714286,0.009500000000000001,0.005
19.0,20.0,19.5,pilot_roll_centered,4,24,0.020053571428571428,0.012524720453925492,0.02425,0.005057142857142858,0.01842857142857143,0.025875,0.029174999999999996,0.0017142857142857144,0.03,0.02025
19.0,20.0,19.5,pilot_throttle_norm,4,24,0.011375,0.007630803802134259,0.014750000000000001,0.0021000000000000007,0.010500000000000002,0.015625,0.015925,0.0,0.016,0.011375
19.0,20.0,19.5,pitch_deg,4,24,-4.5741117862292695,2.008713754480659,-4.558947920799255,-6.692775868177414,-5.281102699041367,-3.8519570079871586,-2.476677115883147,-7.045694160461426,-2.132857142857143,-4.588854637145996
19.0,20.0,19.5,q_radps,4,24,0.01940708188506374,0.0253791250127194,0.008884037565439932,0.003406005912526912,0.006335625962154668,0.021955493488349007,0.05014041990507388,0.002673600900119973,0.05718665150925512,0.01545768679352475
19.0,20.0,19.5,roll_deg,4,24,0.016842300359691864,1.5574291522690364,-0.16621688323361533,-1.4751761220395565,-0.6292067281901836,0.4798321453162602,1.7651435797895696,-1.6866684705018997,2.086471438407898,0.059278496503829936
19.0,20.0,19.5,sideslip_deg,4,24,0.019628415788922937,3.1299074050678835,0.5892301406179156,-3.47973638517516,-1.7907021514007022,2.3995607078075407,2.721550801992416,-3.9019949436187744,2.8020483255386353,0.02752828598022461
19.0,20.0,19.5,throttle_output,4,24,0.0,0.0,0.0,0.0,0.0,0.0,0.0,0.0,0.0,0.0
20.0,21.0,20.5,airspeed_mps,4,25,24.217833042144775,0.5408172159581204,24.45021629333496,23.559219646453858,24.134286403656006,24.53376293182373,24.551109886169435,23.41545295715332,24.55544662475586,24.32479763031006
20.0,21.0,20.5,aoa_deg,4,25,3.2319770198492774,1.2928107550726813,3.650341693560282,1.6792259785958699,2.77874889927251,4.10356981413705,4.199017517907278,1.4043452484267098,4.222879443849836,3.2793108224868774
20.0,21.0,20.5,descent_rate_mps,4,25,3.510025308247116,0.6924768726030811,3.440610227132919,2.8821229253513767,2.965536458154968,3.9850990772250676,4.2351088047027305,2.861269542150479,4.297611236572147,3.527830839147878
20.0,21.0,20.5,groundspeed_mps,4,25,22.080632344872473,0.7922245970468309,22.276795109146757,21.152582863243897,21.944093106247593,22.413334347771638,22.73405395651705,20.95470530249297,22.814233858703407,22.080777769612503
20.0,21.0,20.5,p_radps,4,25,0.02857299866986327,0.07869111119517973,0.03805324422594689,-0.0604017045648236,-0.0005788892407768767,0.06720513213658705,0.10427535812603306,-0.07535740839583528,0.1135429146233946,0.035556585993617766
20.0,21.0,20.5,pilot_pitch_centered,4,25,0.004180952380952381,0.0025555772452988666,0.003028571428571429,0.002695238095238095,0.00280952380952381,0.0044,0.007279999999999998,0.0026666666666666666,0.008,0.004
20.0,21.0,20.5,pilot_roll_centered,4,25,0.02035952380952381,0.012330226672527898,0.025433333333333336,0.0054800000000000005,0.0194,0.02639285714285714,0.028135714285714285,0.002,0.02857142857142857,0.019999999999999997
20.0,21.0,20.5,pilot_throttle_norm,4,25,0.01118452380952381,0.00748605089816297,0.014583333333333334,0.0021000000000000007,0.010500000000000002,0.015267857142857142,0.015510714285714286,0.0,0.015571428571428571,0.01125
20.0,21.0,20.5,pitch_deg,4,25,-5.248182067189898,1.9690382179813926,-5.514756952013288,-7.098391104425703,-6.044812348910741,-4.718126670292445,-3.024768191201347,-7.361785793304444,-2.6014285714285714,-5.315293726921082
20.0,21.0,20.5,q_radps,4,25,0.03516650280383014,0.016588786151995386,0.03619715564751197,0.018341541672125445,0.023158032121136755,0.04820562633020535,0.05054854995438026,0.017137419059872618,0.051134280860423986,0.04500843025743958
20.0,21.0,20.5,roll_deg,4,25,-0.6131968663561912,1.6997058226640995,-0.7262325269835337,-2.3093794894218442,-1.2507171988487245,-0.08871219449100043,1.2412356815877406,-2.5740450620651245,1.5737226506074269,-0.5388055717945099
20.0,21.0,20.5,sideslip_deg,4,25,0.28708711025260747,3.2115135436947977,0.4507560312747956,-3.1593373944362004,-1.583975320061048,2.321818461588451,3.5043751255103515,-3.5531779130299888,3.8000142914908275,0.16098417341709154
20.0,21.0,20.5,throttle_output,4,25,0.08497275412082672,0.09915574998760728,0.07621124386787413,0.0,0.0,0.16118399798870084,0.18221162259578702,0.0,0.1874685287475586,0.0
21.0,22.0,21.5,airspeed_mps,4,23,24.034151740301223,0.5085489574811587,23.976173073904853,23.54587108975365,23.827276184445335,24.183048629760744,24.603602523803712,23.47551981608073,24.708740997314454,24.10148334503174
21.0,22.0,21.5,aoa_deg,4,23,3.376449566369965,1.2460144124213866,3.924350643157959,1.8698271759067264,3.2911950899021964,4.009605119625728,4.1160104493300125,1.5144851974078588,4.1426117817560835,3.3366203904151917
21.0,22.0,21.5,descent_rate_mps,4,23,3.6996044317889263,0.8817000668986321,3.5556726455671566,2.9499792257961692,2.983875672022166,4.271401405333917,4.65073413849216,2.94150511423967,4.745567321781721,3.694574832921351
21.0,22.0,21.5,groundspeed_mps,4,23,21.97683141542042,0.7362181955750687,22.15638342467998,21.113986579676716,21.841220840183297,22.291993999917107,22.588303438200743,20.93217801455007,22.662380797771654,21.979469886704997
21.0,22.0,21.5,p_radps,4,23,-0.002996332183690914,0.03275723391507629,0.003538570223220942,-0.039512474807478194,-0.022307871038460013,0.02285010907799004,0.024370947070419768,-0.04381362574973274,0.0247511565685272,0.0048713893629610625
21.0,22.0,21.5,pilot_pitch_centered,4,23,0.004571428571428572,0.002728932910485704,0.004,0.00218,0.0029000000000000002,0.005671428571428572,0.0077628571428571425,0.002,0.008285714285714287,0.0045000000000000005
21.0,22.0,21.5,pilot_roll_centered,4,23,0.020214285714285712,0.012288006430695596,0.025,0.00536,0.018799999999999997,0.026414285714285717,0.02836857142857143,0.002,0.02885714285714286,0.019999999999999997
21.0,22.0,21.5,pilot_throttle_norm,4,23,0.011142857142857142,0.007456905670374995,0.0145,0.0021000000000000007,0.010500000000000002,0.015142857142857142,0.015485714285714285,0.0,0.015571428571428571,0.01125
21.0,22.0,21.5,pitch_deg,4,23,-5.487440200079055,1.817049043709173,-5.8809099265507285,-7.056805109977722,-6.298928427696228,-5.0694216989335565,-3.367217673120045,-7.2462742805480955,-2.9416666666666664,-5.5185898447036745
21.0,22.0,21.5,q_radps,4,23,-0.005569426558282622,0.042768330891407906,0.010878809832363535,-0.05756491391337475,-0.01381823561969216,0.019127618893773075,0.023398529849904884,-0.0685015834867954,0.02446625758893784,-0.00655387056031035
21.0,22.0,21.5,roll_deg,4,23,-0.9266059551237239,0.9617285636034161,-0.96616175254186,-1.9143463715485163,-1.3788008187498364,-0.5139668889157474,0.11651257768645845,-2.048232759748186,0.2741324443370104,-0.9740001204609872
21.0,22.0,21.5,sideslip_deg,4,23,1.1930633886229423,3.4976713120342215,0.66107903222243,-2.0542857399582863,-0.9607708171010018,2.814913237946374,5.185190616164887,-2.3276644706726075,5.777759960719517,1.279726430773735
21.0,22.0,21.5,throttle_output,4,23,0.0517401099205017,0.0881766749873341,0.012026727199554443,0.0,0.0,0.06376683712005615,0.1590789556503295,0.0,0.18290698528289792,0.0
22.0,23.0,22.5,airspeed_mps,4,21,23.59704744021098,0.44051567598001284,23.709207375844322,23.08125009536743,23.395500659942627,23.91075415611267,23.95582087516785,23.002687454223633,23.96708755493164,23.58512234687805
22.0,23.0,22.5,aoa_deg,4,21,3.7686475892861684,1.5795895114596967,4.00701162815094,1.9624275394280752,3.2748644491036734,4.500794768333435,5.241157984733581,1.6343183120091755,5.426248788833618,3.7395020127296448
22.0,23.0,22.5,descent_rate_mps,4,21,3.9629986683502234,0.8616352496289937,3.8165801366137906,3.232106208800212,3.267540931697775,4.512037873266239,4.89887707233124,3.2232475280758215,4.9955868720974905,3.9049494266444675
22.0,23.0,22.5,groundspeed_mps,4,21,21.819928644706856,0.6638035587541605,21.97910982046841,21.03860001053772,21.669072399656503,22.12996606551876,22.378403632809814,20.880981913258026,22.440513024632576,21.81431571568627
22.0,23.0,22.5,p_radps,4,21,-0.04670754764423084,0.09106201632269288,-0.062224338859474856,-0.12527104341425002,-0.11778538418002424,0.008853497676318533,0.053579455827129946,-0.12714245822280648,0.06476094536483283,-0.04442471597576511
22.0,23.0,22.5,pilot_pitch_centered,4,21,0.003566666666666667,0.005108743412940139,0.002966666666666667,-0.00135,0.0012500000000000002,0.005283333333333334,0.009323333333333333,-0.002,0.010333333333333335,0.0035
22.0,23.0,22.5,pilot_roll_centered,4,21,0.02055,0.012828599415484254,0.0251,0.0051666666666666675,0.01916666666666667,0.026483333333333334,0.02956333333333333,0.0016666666666666668,0.030333333333333334,0.020749999999999998
22.0,23.0,22.5,pilot_throttle_norm,4,21,0.0110125,0.007427468725391354,0.014025,0.0019875,0.0099375,0.015099999999999999,0.01582,0.0,0.016,0.011
22.0,23.0,22.5,pitch_deg,4,21,-5.468812795480092,1.5375387876128546,-6.134084979693094,-6.401388609409333,-6.278618156909943,-5.324279618263245,-3.60485592365265,-6.43208122253418,-3.1750000000000003,-5.461341786384582
22.0,23.0,22.5,q_radps,4,21,0.0036843036883510635,0.02580933082150065,0.0003648668915654154,-0.019285866285984676,-0.016573136563723258,0.02062230714363974,0.031301685178186704,-0.01996404871655003,0.03397152968682345,0.004790625534951688
22.0,23.0,22.5,roll_deg,4,21,-0.43749366343021395,0.33896889773272204,-0.4705367180705071,-0.7691150424778461,-0.6332691301405431,-0.274761251360178,-0.05961200788617147,-0.8030765205621719,-0.005824697017669679,-0.4786393266171217
22.0,23.0,22.5,sideslip_deg,4,21,1.5090499609243124,3.3777309833580165,1.2504095175924401,-1.8186814517062158,-0.6194627852644772,3.37892226378123,5.198877994219461,-2.1184861183166506,5.6538669268290205,1.534763898700476
22.0,23.0,22.5,throttle_output,4,21,0.0,0.0,0.0,0.0,0.0,0.0,0.0,0.0,0.0,0.0
23.0,24.0,23.5,airspeed_mps,4,21,23.329077368690854,0.8969630652934699,23.522910526820592,22.27550143741426,23.006372746967134,23.84561514854431,24.111286878585815,22.092783610026043,24.17770481109619,23.33309245109558
23.0,24.0,23.5,aoa_deg,4,21,3.755451964480536,1.0199845131899474,4.156122360910688,2.517769920825958,3.606338083744049,4.305236241647176,4.432195453132902,2.2456278800964355,4.4639352560043335,3.751203566789627
23.0,24.0,23.5,descent_rate_mps,4,21,3.9686576809208294,0.8419788788601662,3.880635499956746,3.158638375145864,3.4278724874778224,4.421420693399753,4.901908040045512,3.091329847062874,5.022029876706952,3.9745831489576453
23.0,24.0,23.5,groundspeed_mps,4,21,21.676411108551896,0.6193217265740085,21.802775304421125,20.951897962837666,21.475238499378023,22.003947913595,22.2240143800492,20.821062828702576,22.27903099666275,21.666986064193978
23.0,24.0,23.5,p_radps,4,21,-0.04541912113199942,0.07198775602052919,-0.04252736479975284,-0.12037371047772465,-0.09305897844024003,0.00511249250848776,0.025487009348580583,-0.1272023934870958,0.030580638558603802,-0.05104603723157197
23.0,24.0,23.5,pilot_pitch_centered,4,21,0.003821428571428571,0.0038214842007521944,0.003142857142857143,0.00034285714285714296,0.0017142857142857144,0.0052499999999999995,0.008249999999999997,0.0,0.009,0.0035000000000000005
23.0,24.0,23.5,pilot_roll_centered,4,21,0.02130357142857143,0.013150667322246736,0.02675,0.005432142857142858,0.020303571428571428,0.02775,0.029549999999999996,0.0017142857142857144,0.03,0.0215
23.0,24.0,23.5,pilot_throttle_norm,4,21,0.0115,0.007705517503711221,0.015,0.0021375,0.010687499999999999,0.0158125,0.0159625,0.0,0.016,0.0115
23.0,24.0,23.5,pitch_deg,4,21,-5.520166851395652,1.581514245413401,-5.862804512182871,-6.885942357778549,-6.226621121168137,-5.1563502424103875,-3.67469861991065,-7.050772666931152,-3.3042857142857147,-5.51763596534729
23.0,24.0,23.5,q_radps,4,21,0.011561503827362601,0.04032566408360772,-0.0009408691087931741,-0.019488166352259945,-0.011705323919678818,0.022325958638248246,0.06011449611760321,-0.021433876960405225,0.06956163048744197,0.012199117674754215
23.0,24.0,23.5,roll_deg,4,21,0.25497542205776663,1.2271049621349963,0.11132065471660879,-0.919368085099118,-0.5043519578022616,0.870648034576637,1.6304356034922718,-1.0231221169233322,1.8203824957211812,0.29544178321957587
23.0,24.0,23.5,sideslip_deg,4,21,0.9315860809625259,2.7671555722701973,1.5910514477374298,-2.203596684828933,-0.6075482244071152,3.130185753107071,3.143517333269119,-2.602608799934387,3.1468502283096313,0.9198454953730106
23.0,24.0,23.5,throttle_output,4,21,0.14077775818961008,0.28155551637922016,0.0,0.0,0.0,0.14077775818961008,0.47864437784467406,0.0,0.5631110327584403,0.05006343126296995
24.0,25.0,24.5,airspeed_mps,4,20,23.442647854487102,0.3840910553556463,23.373788674672447,23.11597661972046,23.138858318328857,23.67757821083069,23.86572194099426,23.11025619506836,23.912757873535153,23.494498014450073
24.0,25.0,24.5,aoa_deg,4,20,3.402503152688344,1.4261620141569364,3.8705992102622986,1.679746719201406,3.038524289925893,4.23457807302475,4.469925105571747,1.340052326520284,4.528761863708496,3.3587730526924133
24.0,25.0,24.5,descent_rate_mps,4,20,3.862994114559363,0.7677286078221556,3.753837347030842,3.1811684767419934,3.27075759570088,4.346073865889325,4.697639226916661,3.1587711970022716,4.785530567173495,3.8724339008311794
24.0,25.0,24.5,groundspeed_mps,4,20,21.580612894832363,0.61360909912734,21.684153804596832,20.871932140686507,21.350451670263165,21.91431502916603,22.144336375307955,20.752302258292342,22.201841711843436,21.579154991567403
24.0,25.0,24.5,p_radps,4,20,0.0485940321232192,0.05938646386251418,0.03228583431337025,0.0004773059665846538,0.015169054483218734,0.06571081195337072,0.11954223521364227,-0.003195631162573867,0.1330000910287102,0.04043354559689759
24.0,25.0,24.5,pilot_pitch_centered,4,20,0.004291666666666667,0.004074252942201434,0.0041666666666666675,7.50000000000002e-05,0.0023750000000000004,0.006083333333333334,0.008683333333333333,-0.0005,0.009333333333333334,0.0045
24.0,25.0,24.5,pilot_roll_centered,4,20,0.020791666666666667,0.01267790072001933,0.025750000000000002,0.00545,0.019250000000000003,0.027291666666666665,0.029191666666666664,0.002,0.029666666666666664,0.020999999999999998
24.0,25.0,24.5,pilot_throttle_norm,4,20,0.011145833333333334,0.007468568396211479,0.014374999999999999,0.0021000000000000003,0.0105,0.015020833333333334,0.015670833333333335,0.0,0.015833333333333335,0.01125
24.0,25.0,24.5,pitch_deg,4,20,-5.781287403504054,2.0085141499135393,-6.1376141111056,-7.609873032569885,-6.8430129289627075,-5.075888585646947,-3.4538443837960573,-7.80158805847168,-3.0483333333333333,-5.752799816131592
24.0,25.0,24.5,q_radps,4,20,0.008027766802115357,0.029771799613397685,-0.00501341867493465,-0.00980995440040714,-0.0077221558021847,0.010736503929365407,0.04412314767250784,-0.01033190404996275,0.05246980860829348,0.0127784058568068
24.0,25.0,24.5,roll_deg,4,20,0.3494727472960949,1.3293275059058571,0.524376958211263,-1.0664703236222266,-0.5348442128300667,1.4086939183374245,1.520549922933181,-1.1993768513202667,1.5485139240821202,0.4271367347240448
24.0,25.0,24.5,sideslip_deg,4,20,0.47440758611386025,2.645285333018686,0.5900673323000472,-2.398746536578983,-0.7333085457794367,1.7977834641933441,3.1856380641460413,-2.8151060342788696,3.5326017141342163,0.4477620148099959
24.0,25.0,24.5,throttle_output,4,20,0.06455294787883759,0.12910589575767517,0.0,0.0,0.0,0.06455294787883759,0.2194800227880477,0.0,0.25821179151535034,0.06455294787883759
25.0,26.0,25.5,airspeed_mps,4,23,23.41737775575547,0.6315633255836859,23.315914880661737,22.833925910223098,23.04456597282773,23.688726663589478,24.142877626419068,22.78126589457194,24.256415367126465,23.349873304367065
25.0,26.0,25.5,aoa_deg,4,23,3.7048048987275077,0.8809555436545459,3.5694453318913775,2.887039691209793,3.1703063547611237,4.1039438758577615,4.712073499815804,2.8162230253219604,4.8641059058053155,3.774281471967697
25.0,26.0,25.5,descent_rate_mps,4,23,3.9012363411109545,0.5682988894890555,3.8914338747644805,3.3083402429284434,3.6609072344624733,4.131762981412962,4.507855892178529,3.220198495044936,4.6018791198699205,3.926990032190414
25.0,26.0,25.5,groundspeed_mps,4,23,21.461078161347075,0.5970278834624776,21.525869939456193,20.791923170983708,21.177663482832795,21.80928461797047,22.039524662357678,20.695488093021435,22.09708467345448,21.46075666044674
25.0,26.0,25.5,p_radps,4,23,-0.01875551771254754,0.02794180165561315,-0.024464893556017008,-0.04291875790028521,-0.038374282691317305,-0.004846128577247246,0.013400848656047367,-0.04405487670252719,0.017962592964371034,-0.004795233253389563
25.0,26.0,25.5,pilot_pitch_centered,4,23,0.004779761904761905,0.0032762328693270505,0.00375,0.002317857142857143,0.0024464285714285716,0.006083333333333334,0.008683333333333333,0.002285714285714286,0.009333333333333334,0.004750000000000001
25.0,26.0,25.5,pilot_roll_centered,4,23,0.021124999999999998,0.012912364875059356,0.02625,0.00545,0.019249999999999996,0.028125,0.029625,0.002,0.03,0.021
25.0,26.0,25.5,pilot_throttle_norm,4,23,0.011473214285714285,0.007589341736487907,0.014875,0.002258928571428572,0.010723214285714284,0.015625,0.015925,0.00014285714285714287,0.016,0.011375
25.0,26.0,25.5,pitch_deg,4,23,-5.594134370883306,2.0914594329283283,-5.6691912810007725,-7.721917670965195,-6.2969686686992645,-4.966356983184815,-3.3612713966369636,-8.078154921531677,-2.96,-5.5625464272499086
25.0,26.0,25.5,q_radps,4,23,-0.019049392126205374,0.01898019682228619,-0.021900346347441275,-0.03506731179659255,-0.034874856617534554,-0.006074881856112099,0.0009598634539120575,-0.03511542559135705,0.002718549781418102,-0.010727456276072201
25.0,26.0,25.5,roll_deg,4,23,-0.14311647377908232,1.2924866050748063,0.12049046730001768,-1.654890957872073,-0.5573208699623744,0.5346948634833097,0.999608292803168,-1.9292834798494976,1.115836650133133,-0.18123215638101103
25.0,26.0,25.5,sideslip_deg,4,23,0.701531714626721,2.954711420852761,0.30595995272908894,-2.100327511770385,-1.0086976098162788,2.0161892771720886,4.05719140768051,-2.373234987258911,4.567441940307617,0.7112989872694016
25.0,26.0,25.5,throttle_output,4,23,0.5875574293590727,0.7078612134539846,0.463910977045695,0.0,0.0,1.0514684064047677,1.3482198919568742,0.0,1.422407763344901,0.4177618622779846
26.0,27.0,26.5,airspeed_mps,4,18,23.456954288482663,0.7011322222638858,23.272116279602052,22.881919021606446,23.019191360473634,23.70987920761108,24.290762767791747,22.84760093688965,24.435983657836914,23.475778579711914
26.0,27.0,26.5,aoa_deg,4,18,3.9775350868701937,0.6684715924456424,3.826015841960907,3.4041482424736023,3.65301297903061,4.1505379498004915,4.763048874139785,3.3419320583343506,4.916176605224609,3.955306202173233
26.0,27.0,26.5,descent_rate_mps,4,18,3.949909806253627,0.506570925702221,3.965680599212855,3.4096925258668542,3.7912070751202727,4.12438333034621,4.46804797649748,3.3143138885534995,4.5539641380352975,3.9542484283405486
26.0,27.0,26.5,groundspeed_mps,4,18,21.339464064216713,0.5862046383036816,21.358288929462677,20.713617526410665,21.009024887983244,21.68872810569615,21.938955790678413,20.639765686017522,22.00151271192398,21.34024635487031
26.0,27.0,26.5,p_radps,4,18,-0.055559127687592975,0.06751616645579689,-0.05141465699416582,-0.12362644389271735,-0.10500298514962192,-0.0019707995321368724,0.00670592954673338,-0.1282823085784912,0.00887511181645095,-0.06423852982698006
26.0,27.0,26.5,pilot_pitch_centered,4,18,0.004475,0.0034596483443648826,0.0032,0.00206,0.0023,0.0053750000000000004,0.008674999999999999,0.002,0.009500000000000001,0.00425
26.0,27.0,26.5,pilot_roll_centered,4,18,0.020725,0.012689989493034789,0.02545,0.0053750000000000004,0.018875000000000003,0.027299999999999998,0.029459999999999997,0.002,0.03,0.020499999999999997
26.0,27.0,26.5,pilot_throttle_norm,4,18,0.011349999999999999,0.007612927601564767,0.014700000000000001,0.0021000000000000003,0.0105,0.015550000000000001,0.01591,0.0,0.016,0.01125
26.0,27.0,26.5,pitch_deg,4,18,-5.375751447439193,1.7757273183598818,-5.512316429615021,-7.1306030821800235,-6.035523688793182,-4.8525441882610325,-3.4297088376522074,-7.404372930526733,-3.0740000000000003,-5.3457514810562134
26.0,27.0,26.5,q_radps,4,18,-0.018718735524453224,0.02740694793330239,-0.010620927694253633,-0.051613498176448024,-0.026023530750535415,-0.0033161324681714446,0.002839096165262139,-0.058010990032926174,0.00437790332362054,-0.017052170820534236
26.0,27.0,26.5,roll_deg,4,18,0.5025362874567509,1.5995529470505194,0.3015325537323952,-1.0290837569236755,-0.2885540461540222,1.0926228873431683,2.3155615590512744,-1.2142161846160888,2.621296226978302,0.5325923162698746
26.0,27.0,26.5,sideslip_deg,4,18,0.6629615604877472,3.206042159182782,0.3449480175971985,-2.4666788750886917,-1.2107972532510758,2.2187068313360214,4.237820956110953,-2.780649280548096,4.7425994873046875,0.6145390570163727
26.0,27.0,26.5,throttle_output,4,18,1.2342382371425629,2.209869238266257,0.19999998807907104,0.0,0.0,1.434238225221634,3.916410022974013,0.0,4.536952972412109,1.193434715270996
27.0,28.0,27.5,airspeed_mps,4,21,23.54604971068246,0.614478593264186,23.425730323791505,23.012867567879816,23.104986163548062,23.866793870925903,24.247678995132446,22.989837918962753,24.342900276184082,23.543113946914673
27.0,28.0,27.5,aoa_deg,4,21,4.040614069359643,0.771466491138099,3.9221436619758605,3.3271823489665984,3.5534822404384614,4.409275490897042,4.9199043600899826,3.2706073760986327,5.047561577388218,4.08418795466423
27.0,28.0,27.5,descent_rate_mps,4,21,3.9933314493726195,0.49640541207961425,3.9881515502953615,3.478296075547899,3.8285204342439565,4.1529625654240245,4.5156186819055,3.3907399858738847,4.6062827110258695,3.9635634422389074
27.0,28.0,27.5,groundspeed_mps,4,21,21.247290024612518,0.5627596936556356,21.28316221412106,20.63639065593251,20.9339389946522,21.59651324408138,21.807968327980568,20.562003571252585,21.860832098955363,21.241929391875082
27.0,28.0,27.5,p_radps,4,21,0.02523965807298996,0.05721614994089266,0.010082753135689676,-0.021735623695089336,-0.0074457853666639595,0.042768196575343594,0.09343460675328963,-0.02530808327719568,0.10610120929777617,0.020380243891850138
27.0,28.0,27.5,pilot_pitch_centered,4,21,0.004714285714285714,0.002765580476889013,0.0036,0.0029085714285714288,0.0031142857142857144,0.0052,0.008079999999999999,0.002857142857142857,0.0088,0.0045000000000000005
27.0,28.0,27.5,pilot_roll_centered,4,21,0.020832142857142855,0.013048347433613933,0.02615,0.005039285714285715,0.019482142857142858,0.0275,0.029179999999999998,0.0014285714285714286,0.029599999999999998,0.020999999999999998
27.0,28.0,27.5,pilot_throttle_norm,4,21,0.0113125,0.007565092530828687,0.014825,0.0021375,0.010687499999999999,0.01545,0.015569999999999999,0.0,0.0156,0.01125
27.0,28.0,27.5,pitch_deg,4,21,-5.257745241097042,1.6071316564079638,-5.4362598896026615,-6.807766454219818,-5.930701816082001,-4.763303314617701,-3.457803520066398,-7.0270326137542725,-3.1314285714285712,-5.28139987707138
27.0,28.0,27.5,q_radps,4,21,0.011197279188698821,0.014796800093002573,0.009686277247965322,-0.0031793802914242514,0.005115187126128681,0.015768369310535463,0.027689341385848786,-0.005253022145812485,0.030669584404677125,0.010981577681377513
27.0,28.0,27.5,roll_deg,4,21,0.7240423664876393,1.4748326189022396,0.4183132172482354,-0.5747567707044737,-0.13173518466097967,1.2740907683968543,2.450862312614917,-0.6855121672153472,2.7450551986694336,0.7131261175870895
27.0,28.0,27.5,sideslip_deg,4,21,0.44121070113033056,3.1667431098499406,0.2152782719582319,-2.7366614018380644,-1.096258669346571,1.7527476424351334,3.9353882049396622,-3.1467620849609377,4.481048345565796,0.4603276625275612
27.0,28.0,27.5,throttle_output,4,21,0.6090769001415798,1.2181538002831596,0.0,0.0,0.0,0.6090769001415798,2.07086146048137,0.0,2.436307600566319,0.03270283341407775
28.0,29.0,28.5,airspeed_mps,4,21,23.618110036849977,0.5412375008085292,23.640602588653564,23.037878942489623,23.311251401901245,23.947461223602296,24.166851558685302,22.96953582763672,24.221699142456053,23.570303916931152
28.0,29.0,28.5,aoa_deg,4,21,3.6281624217828115,0.9861896269275808,3.2915740529696147,2.9137684440612794,2.9450676918029783,3.974668782949448,4.813780115842818,2.9059436321258545,5.023557949066162,3.6303026974201202
28.0,29.0,28.5,descent_rate_mps,4,21,3.8435277144097304,0.45737718918841885,3.7209394772843645,3.472755813595559,3.6265277862539307,3.9379394054401646,4.385923147199414,3.4343128204309665,4.497919082639226,3.8582086563086406
28.0,29.0,28.5,groundspeed_mps,4,21,21.179123055271916,0.5662364543247969,21.229808232173976,20.55627151393165,20.86988305322427,21.53904823422162,21.7310153489493,20.477868629108496,21.779007127631218,21.18575167562662
28.0,29.0,28.5,p_radps,4,21,0.006805527939771632,0.03615694929217229,-0.00105945244431494,-0.024659884590655524,-0.01213925043120978,0.017885325926666473,0.049281913007919974,-0.027790043130516962,0.05713105977823337,-0.005532028153538673
28.0,29.0,28.5,pilot_pitch_centered,4,21,0.004816666666666667,0.003441091558083149,0.0038000000000000004,0.00212,0.0026,0.006016666666666667,0.008936666666666666,0.002,0.009666666666666667,0.0045000000000000005
28.0,29.0,28.5,pilot_roll_centered,4,21,0.020366666666666665,0.012612692020342047,0.024399999999999998,0.005240000000000001,0.0182,0.026566666666666666,0.029846666666666664,0.002,0.030666666666666665,0.020499999999999997
28.0,29.0,28.5,pilot_throttle_norm,4,21,0.011450000000000002,0.007686134702610063,0.014900000000000002,0.0021000000000000007,0.010500000000000002,0.015850000000000003,0.01597,0.0,0.016,0.0115
28.0,29.0,28.5,pitch_deg,4,21,-5.441678763389588,1.7331541777759403,-5.626720428466797,-7.118466215133667,-6.155234289169312,-4.913164902687073,-3.5058329805374155,-7.359274196624756,-3.1540000000000004,-5.464160830974579
28.0,29.0,28.5,q_radps,4,21,-0.0026889932555301593,0.008042516557587384,-0.0004475245911938388,-0.01227034360636021,-0.0056868193903937755,0.002550301543669777,0.0037543009652290424,-0.01391622466035182,0.00405530082061886,-0.00321747094858435
28.0,29.0,28.5,roll_deg,4,21,0.4025239286522071,0.9921682905383546,0.27481111242373785,-0.5327723406255245,0.020917940884828568,0.6564171001911163,1.5166181406497952,-0.6711949110031128,1.7316684007644654,0.40551001332700254
28.0,29.0,28.5,sideslip_deg,4,21,0.20646406421437857,2.5258209605052198,-0.013973998837172999,-2.2684643862582745,-0.7449996580369771,0.9374897234141827,2.9900058029592027,-2.649330568313599,3.503134822845459,0.22709593456238508
28.0,29.0,28.5,throttle_output,4,21,0.0,0.0,0.0,0.0,0.0,0.0,0.0,0.0,0.0,0.0
29.0,30.0,29.5,airspeed_mps,4,21,23.589330434799194,0.8412139746218297,23.30755694707235,22.974728568394976,23.001060088475544,23.895827293395996,24.598415184020997,22.968145688374836,24.774062156677246,23.585750818252563
29.0,30.0,29.5,aoa_deg,4,21,3.8035559386014937,1.1898898950910735,3.3144493659337364,3.0389951437711717,3.0590773671865463,4.058927937348684,5.2528659351666755,3.033974587917328,5.551350434621175,3.7929660081863403
29.0,30.0,29.5,descent_rate_mps,4,21,3.85133179028879,0.46777054349687064,3.751743475595264,3.4496872425100333,3.5258638858793248,4.077211380004729,4.392399978638483,3.4306430816677107,4.471197128296922,3.862093687056216
29.0,30.0,29.5,groundspeed_mps,4,21,21.10116752976085,0.5491859428725102,21.16554150355524,20.487285127102837,20.816342392994272,21.450366640321814,21.62492636910672,20.405020810629978,21.668566301302945,21.102800848206567
29.0,30.0,29.5,p_radps,4,21,-0.009934817194395386,0.043576322869916036,-0.021940822169805526,-0.044957523335081837,-0.038603294834804985,0.006727655470604079,0.04189629591186524,-0.04654608046015105,0.05068845602218056,-0.00397894461639225
29.0,30.0,29.5,pilot_pitch_centered,4,21,0.005425,0.002592778432492835,0.0045000000000000005,0.003575,0.003875,0.006050000000000001,0.00857,0.0035,0.009200000000000002,0.0055
29.0,30.0,29.5,pilot_roll_centered,4,21,0.020458333333333335,0.012589954108115104,0.024916666666666667,0.0052250000000000005,0.018125000000000002,0.02725,0.029449999999999997,0.002,0.03,0.020499999999999997
29.0,30.0,29.5,pilot_throttle_norm,4,21,0.011404166666666667,0.007675217152194023,0.014708333333333334,0.0020625000000000005,0.0103125,0.015799999999999998,0.01612,0.0,0.0162,0.0115
29.0,30.0,29.5,pitch_deg,4,21,-5.18710298816363,1.6904503548131224,-5.226825348536174,-6.9252143061161044,-5.76035984158516,-4.653568495114644,-3.3933803656895964,-7.21642792224884,-3.0783333333333336,-5.217237076759338
29.0,30.0,29.5,q_radps,4,21,0.009115920189651659,0.05341190483987236,0.003079152677673847,-0.042156915820087265,-0.01221432786842341,0.024409400735748918,0.0688402307161595,-0.04964256280800323,0.07994793821126217,0.012915490748127909
29.0,30.0,29.5,roll_deg,4,21,0.28525454466541605,1.4431829879812097,0.1238807720939318,-1.0883806417882442,-0.6699273340404034,1.0790626507997514,1.8848130127191538,-1.1929939687252045,2.086250603199005,0.30585554480552674
29.0,30.0,29.5,sideslip_deg,4,21,0.36565033420920373,1.944280605807068,0.035186744232972474,-1.4042948002616564,-0.4810044343272845,0.8818415127694608,2.5982444946467864,-1.6351173917452495,3.0273452401161194,0.3377622626721859
29.0,30.0,29.5,throttle_output,4,21,0.27923470735549927,0.5584694147109985,0.0,0.0,0.0,0.27923470735549927,0.9493980050086971,0.0,1.116938829421997,0.27923470735549927
30.0,31.0,30.5,airspeed_mps,4,20,23.66316204071045,0.852513355254842,23.511233520507812,22.93595043182373,22.99159755706787,24.182798004150392,24.60307357788086,22.922038650512697,24.70814247131348,23.63895559310913
30.0,31.0,30.5,aoa_deg,4,20,3.2649140119552613,1.4835640769589482,3.127579426765442,1.822368233203888,2.7286538720130924,3.663839566707611,4.899728209972381,1.595796823501587,5.208700370788574,3.2969179451465607
30.0,31.0,30.5,descent_rate_mps,4,20,3.8604550361637138,0.16271850026119317,3.842947006226018,3.7024767875674423,3.787370204927055,3.916031837462677,4.042944526672759,3.681253433227539,4.07467269897528,3.8203287124603804
30.0,31.0,30.5,groundspeed_mps,4,20,21.026426752686284,0.5392331313273917,21.100732365526476,20.41762821179094,20.75475358845614,21.372405529756623,21.531197435605364,20.33334686762464,21.57089541206755,21.02876351461746
30.0,31.0,30.5,p_radps,4,20,0.03794754695845767,0.0508260871995043,0.022270079585723582,-0.0012211674009449539,0.010255293769296263,0.04996233277488499,0.099064715639688,-0.004090282693505258,0.11134031135588877,0.04304365813732145
30.0,31.0,30.5,pilot_pitch_centered,4,20,0.0051,0.00305286750449475,0.004,0.00298,0.0037,0.005400000000000001,0.008759999999999999,0.0028,0.009600000000000001,0.005000000000000001
30.0,31.0,30.5,pilot_roll_centered,4,20,0.0195,0.011939290877881596,0.023599999999999996,0.00512,0.017599999999999998,0.0255,0.028140000000000002,0.002,0.028800000000000003,0.019
30.0,31.0,30.5,pilot_throttle_norm,4,20,0.01135,0.007625177593560253,0.0148,0.0020700000000000007,0.010350000000000002,0.0158,0.0158,0.0,0.0158,0.0115
30.0,31.0,30.5,pitch_deg,4,20,-5.421466918945312,2.027213723627269,-5.08636441230774,-7.755181069374084,-6.059349942207336,-4.448481389045716,-3.556896277809144,-8.17913885116577,-3.3340000000000005,-5.413872308731079
30.0,31.0,30.5,q_radps,4,20,0.012476546945981664,0.025998318504956125,0.01118047027848659,-0.01203028234187512,-0.0075871744425967105,0.031244191667064963,0.03879788356833155,-0.013141059316694723,0.0406863065436482,0.011185837443917974
30.0,31.0,30.5,roll_deg,4,20,0.3155851631592959,1.2447773464751697,0.3653746901415288,-1.0307311164122075,-0.16003900109790267,0.8409988543987273,1.5921961049556728,-1.2484041452407837,1.7799954175949098,0.22945117101073262
30.0,31.0,30.5,sideslip_deg,4,20,0.9589037030935287,2.26827797249195,0.18791073560714722,-0.6999873340129852,-0.5255512654781341,1.67236570417881,3.6971848946809756,-0.743596351146698,4.203389692306518,0.8761895298957825
30.0,31.0,30.5,throttle_output,4,20,0.7902970850467683,1.2044774041373738,0.30889035463333137,0.0,0.0,1.0991874396800996,2.2545635926723477,0.0,2.5434076309204103,0.9551633149385452
31.0,32.0,31.5,airspeed_mps,4,24,23.30742955207825,0.39167565078011807,23.299211819966636,22.957273785273234,22.97785274187724,23.628788630167644,23.66909014383952,22.952129046122234,23.679165522257488,23.3048996925354
31.0,32.0,31.5,aoa_deg,4,24,2.6853266060352325,1.7413152109348593,2.4148150881131487,1.0638013283411663,1.769207994143168,3.3309337000052137,4.685568008820216,0.8874496618906657,5.024226586023967,2.6423364877700806
31.0,32.0,31.5,descent_rate_mps,4,24,3.4710971514397473,0.38393700889176086,3.394505977631998,3.13024369875756,3.244958321254027,3.620644807817719,3.919178247452784,3.101565043133443,3.9938116073615504,3.513132333756289
31.0,32.0,31.5,groundspeed_mps,4,24,20.9740314759414,0.5535050660340972,21.101313313619894,20.335319394914904,20.69555699699186,21.379787792569427,21.43454898421799,20.245259994395667,21.44823928213013,20.975270417323348
31.0,32.0,31.5,p_radps,4,24,0.011348082936213668,0.04773922222131274,-0.006146932602860025,-0.021957440654902377,-0.014071935069902475,0.01927308540325612,0.06914662828203286,-0.02392881705115235,0.08161501400172708,-0.0033208872191607744
31.0,32.0,31.5,pilot_pitch_centered,4,24,0.005,0.0022277708506403798,0.0045000000000000005,0.0031000000000000003,0.0035000000000000005,0.006,0.007599999999999999,0.0030000000000000005,0.008,0.005000000000000001
31.0,32.0,31.5,pilot_roll_centered,4,24,0.02008333333333333,0.012209210245335887,0.024833333333333332,0.005300000000000001,0.018499999999999996,0.026416666666666665,0.028216666666666664,0.002,0.028666666666666663,0.019999999999999997
31.0,32.0,31.5,pilot_throttle_norm,4,24,0.011166666666666667,0.0074820773506748435,0.014583333333333334,0.0020750000000000005,0.010375,0.015375,0.015475,0.0,0.0155,0.01125
31.0,32.0,31.5,pitch_deg,4,24,-5.405078876018524,1.9080904850416869,-4.8921797672907505,-7.66815849939982,-5.796968619028727,-4.500290024280548,-3.8600580048561106,-8.135955969492594,-3.7000000000000006,-5.417652060985565
31.0,32.0,31.5,q_radps,4,24,-0.02154749720163331,0.03124543260437941,-0.024166355200577496,-0.05139048233783488,-0.04376034861585743,-0.0019535037863533753,0.011961889133090117,-0.053298015768329245,0.015440737362951,-0.016072970000095648
31.0,32.0,31.5,roll_deg,4,24,-0.08608643408864736,1.1363203024896913,-0.03489936781426273,-1.273135834870239,-0.834309647170206,0.7133238452672959,1.0293010739088058,-1.3828423817952473,1.1082953810691833,-0.1050370019674301
31.0,32.0,31.5,sideslip_deg,4,24,1.8910619504749775,3.4767942304550363,0.7469049369295439,-0.6960781462490558,0.06736093387007713,2.570605953534444,6.080021866162616,-0.8869379162788391,6.957375844319661,1.9433836340904236
31.0,32.0,31.5,throttle_output,4,24,0.19712658723195398,0.39425317446390795,0.0,0.0,0.0,0.19712658723195398,0.6702303965886433,0.0,0.7885063489278159,0.0
32.0,33.0,32.5,airspeed_mps,4,27,23.13859133720398,0.3075813422397206,23.073386096954344,22.883839750289916,22.897905111312866,23.31407232284546,23.48463026046753,22.88032341003418,23.527269744873045,23.14170742034912
32.0,33.0,32.5,aoa_deg,4,27,2.716809542973836,1.6168701355175086,2.2666873693466187,1.4139653885364534,1.820677238702774,3.1628196736176806,4.649824740489323,1.3122874259948731,5.021576007207234,2.7075958847999573
32.0,33.0,32.5,descent_rate_mps,4,27,3.1071310043314444,0.7425739307428025,3.2954688072195886,2.225341129302599,2.849640369415138,3.5529594421358954,3.72524795531689,2.0692663192744645,3.7683200836121387,3.036344051358583
32.0,33.0,32.5,groundspeed_mps,4,27,20.952176683186973,0.6052666620414957,21.070207034453944,20.256449757470016,20.65283496768558,21.369548749955335,21.482661117130174,20.157353454916123,21.510939208923883,20.941671772267327
32.0,33.0,32.5,p_radps,4,27,-0.0550956232686682,0.10033334880917863,-0.03250170151004565,-0.17314673191867763,-0.0932925465982407,0.00569522181952684,0.03132399491926965,-0.19311027824878688,0.037731188194205366,-0.07217256849980912
32.0,33.0,32.5,pilot_pitch_centered,4,27,0.006183333333333334,0.0027272968573567764,0.0057,0.003776666666666667,0.004216666666666667,0.007666666666666667,0.009266666666666666,0.003666666666666667,0.009666666666666667,0.006
32.0,33.0,32.5,pilot_roll_centered,4,27,0.0149,0.014592692235042396,0.0138,0.0021200000000000004,0.0026000000000000007,0.026099999999999998,0.029219999999999996,0.002,0.03,0.02
32.0,33.0,32.5,pilot_throttle_norm,4,27,0.01465,0.0117113904668347,0.015000000000000001,0.0021000000000000007,0.010500000000000002,0.01915,0.026709999999999998,0.0,0.028600000000000004,0.011375
32.0,33.0,32.5,pitch_deg,4,27,-4.466376338799795,1.6476731083762435,-4.233858677546183,-6.34747085571289,-5.119409561157227,-3.580825455188751,-2.9108065476417546,-6.654486179351807,-2.743301820755005,-4.407662082910537
32.0,33.0,32.5,q_radps,4,27,-0.0693790174880026,0.05496414036183183,-0.08806516931702688,-0.10958340667188163,-0.1052390586584806,-0.05220512814654888,-0.0030140157434895773,-0.11066949367523189,0.009283762357275283,-0.07090080005582419
32.0,33.0,32.5,roll_deg,4,27,0.34751244852940244,1.7863441857824918,0.06718314031759898,-1.283543834189574,-0.8567837531367938,1.2714793419837953,2.371029762744903,-1.390233854452769,2.645917367935181,0.2961943265795708
32.0,33.0,32.5,sideslip_deg,4,27,1.2376439611117045,4.081658381294996,-0.5288184543450674,-1.2617222053805988,-1.1900135988990466,1.898839105665684,6.2100575092434855,-1.2796493570009868,7.287862110137939,1.1811767593026161
32.0,33.0,32.5,throttle_output,4,27,0.0,0.0,0.0,0.0,0.0,0.0,0.0,0.0,0.0,0.0
33.0,34.0,33.5,airspeed_mps,4,34,23.351784368356068,0.6041226323922568,23.360862294832863,22.73039218187332,22.94980102777481,23.762845635414124,23.9604674577713,22.67553997039795,24.009872913360596,23.371140718460083
33.0,34.0,33.5,aoa_deg,4,34,3.4061535944541297,1.211521568302538,3.305305987596512,2.2025024210413298,2.7697549437483153,3.941704638302326,4.750991417467594,2.0606892903645835,4.953313112258911,3.4286430180072784
33.0,34.0,33.5,descent_rate_mps,4,34,2.6381829381010595,1.0378193235946302,2.8208994865420216,1.4380825161931523,2.2091761231421776,3.2499063015009035,3.5824801921916194,1.245309114455896,3.665623664864299,2.6367521286013798
33.0,34.0,33.5,groundspeed_mps,4,34,21.04651382812279,0.8278341804511452,21.034167520184795,20.180257594418194,20.6485335245261,21.432147823781488,21.930054892940582,20.063188611891217,22.054531660230356,21.055752180587962
33.0,34.0,33.5,p_radps,4,34,0.043377049783884986,0.02472715641300833,0.04596002351900096,0.017372903623618142,0.02656310808379201,0.06277396521909394,0.06576503271498947,0.015075352508574676,0.06651279958896335,0.0382568923523649
33.0,34.0,33.5,pilot_pitch_centered,4,34,0.007020833333333333,0.004166874994791927,0.007416666666666667,0.0025,0.0045,0.0099375,0.010987499999999999,0.002,0.01125,0.00725
33.0,34.0,33.5,pilot_roll_centered,4,34,0.006197916666666667,0.02831881521425091,0.013333333333333332,-0.02700625,-0.006531250000000001,0.0260625,0.029412499999999998,-0.032125,0.03025,0.006
33.0,34.0,33.5,pilot_throttle_norm,4,34,0.019848958333333333,0.02069149896310748,0.015229166666666665,0.00215,0.01075,0.024328125,0.04401562499999999,0.0,0.0489375,0.01975
33.0,34.0,33.5,pitch_deg,4,34,-3.0378098852167996,2.4652867941952303,-3.6460624819993974,-5.103803934733073,-4.285824686686198,-2.3980476805299986,-0.12026220020488976,-5.308298746744792,0.4491841698763892,-3.011064812242985
33.0,34.0,33.5,q_radps,4,34,-0.04799179613958887,0.05019090336707597,-0.04100166269927284,-0.10503868028366312,-0.07105173492648946,-0.01794172391237226,-0.0007310988119570835,-0.11353541662295653,0.0035715574631467245,-0.0469751433120109
33.0,34.0,33.5,roll_deg,4,34,0.2832927169262741,3.2022993390955845,-0.1680034375470132,-2.733724456676282,-1.5723943990888074,1.6876836784680682,3.932124506791431,-3.0240569710731506,4.4932347138722735,0.19192627817392338
33.0,34.0,33.5,sideslip_deg,4,34,-0.17964618763653561,2.878488976353828,-0.28993945789989084,-3.128290582448244,-1.790117684751749,1.3205320392153226,2.9234087855438693,-3.462833806872368,3.324127972126007,-0.2444356232881546
33.0,34.0,33.5,throttle_output,4,34,0.12168603390455246,0.24337206780910492,0.0,0.0,0.0,0.12168603390455246,0.41373251527547816,0.0,0.48674413561820984,0.0
34.0,35.0,34.5,airspeed_mps,4,67,23.837307327527267,1.3335025883743161,23.620198809183563,22.614866387844085,22.994612395763397,24.46289374094743,25.363700192891635,22.519929885864258,25.588901805877686,23.876641988754272
34.0,35.0,34.5,aoa_deg,4,67,3.6028448059008675,1.0067037832156776,3.6877172646614222,2.487540523341069,3.1178107109207374,4.172751359641552,4.5993276461958885,2.3299729764461516,4.705971717834473,3.6137720942497253
34.0,35.0,34.5,descent_rate_mps,4,67,2.021981205696457,1.2629057624301692,2.024756761698245,0.7003779209580525,1.284961122733348,2.7617768446613535,3.339698712032358,0.5542321205142287,3.4841791788751095,2.0117282867454733
34.0,35.0,34.5,groundspeed_mps,4,67,21.81656332439435,1.7689234855459661,21.67953352790925,20.09582151430241,20.624933749394078,22.87116310290952,23.72914684956543,19.963543455529496,23.94364278622941,21.95108322318923
34.0,35.0,34.5,p_radps,4,67,-0.001232066636946849,0.03228752856465239,0.000950313425467678,-0.03367850866589621,-0.02507280559019326,0.02479105237871409,0.028159043304622176,-0.03582993443482195,0.0290010410360992,-0.002430752385407675
34.0,35.0,34.5,pilot_pitch_centered,4,67,0.005979807692307692,0.0031098009078380775,0.005459615384615384,0.0031725000000000004,0.0038625,0.007576923076923077,0.009515384615384615,0.0030000000000000005,0.01,0.005750000000000001
34.0,35.0,34.5,pilot_roll_centered,4,67,0.015984615384615382,0.013380105709479435,0.01584423076923077,0.002830769230769231,0.006153846153846154,0.025674999999999996,0.029334999999999996,0.002,0.03025,0.02
34.0,35.0,34.5,pilot_throttle_norm,4,67,0.013705769230769231,0.01030345528589329,0.014950000000000001,0.0021037500000000006,0.01051875,0.01813701923076923,0.02356586538461538,0.0,0.02492307692307692,0.011
34.0,35.0,34.5,pitch_deg,4,67,-1.5408195226383992,2.105215556512277,-1.5467552789845145,-3.6872525618871053,-2.942929476102193,-0.14464532552072062,0.6139235754948679,-3.873333333333333,0.8035658007487655,-1.5720768991112708
34.0,35.0,34.5,q_radps,4,67,0.02030209699997869,0.03578865734020617,0.01694346238554525,-0.014738651745779489,0.005569561654015273,0.03167599773150867,0.060044934205943666,-0.019815705095728182,0.06713716832455244,0.024279783247038715
34.0,35.0,34.5,roll_deg,4,67,-0.860293032401122,2.2848049413120854,-0.6987855472320166,-3.2931964500592303,-2.3092256108155618,0.7501470311824232,1.3464999060202387,-3.5391891598701477,1.495588124729693,-0.8748699641227722
34.0,35.0,34.5,sideslip_deg,4,67,-0.013865071303473954,2.2417544435245023,-0.5730088121568164,-1.8918313036744412,-1.2911881351700196,0.7043142517097294,2.6469023982621716,-2.0419920958005466,3.132549434900284,0.1317091742530465
34.0,35.0,34.5,throttle_output,4,67,3.686359856029352,7.24025453654164,0.09947502116362253,0.012096390128135683,0.060481950640678406,3.7253529265522958,12.382262090742582,0.0,14.546489381790161,3.875373125076294
35.0,36.0,35.5,airspeed_mps,4,58,23.58975288224599,0.9567845258138215,23.563658547779873,22.619566040947326,22.974757898421515,24.178653531604343,24.596471791797214,22.530768076578777,24.700926356845432,23.50991725921631
35.0,36.0,35.5,aoa_deg,4,58,3.3385524027426507,1.4537171956238786,3.7616186369033087,1.614350535394624,3.1169696210417897,3.9832014186041693,4.470461542265755,1.2386957639828324,4.592276573181152,3.4584620743989944
35.0,36.0,35.5,descent_rate_mps,4,58,2.311875309261052,1.2963497266741426,2.612175714400953,0.7826050917305724,1.8376330534609306,3.086417970201075,3.420724959595669,0.5188481012979828,3.504301706944318,2.5272059440618264
35.0,36.0,35.5,groundspeed_mps,4,58,21.684274787186347,1.63941807710857,21.729353857305618,20.013294687916893,20.54123105192476,22.872397592567207,23.29214418828882,19.881310596914926,23.39708083721922,21.768713237618247
35.0,36.0,35.5,p_radps,4,58,-0.02155443036295647,0.03562935358698903,-0.022673247722397902,-0.05609264585360673,-0.0479968112380274,0.003769133152673023,0.014550129430911787,-0.058116604507501564,0.017245378500471486,-0.022801426850492128
35.0,36.0,35.5,pilot_pitch_centered,4,58,0.005799603174603174,0.0023616623784005124,0.005027777777777778,0.0040416666666666665,0.004208333333333333,0.006619047619047619,0.008638095238095238,0.004,0.009142857142857144,0.0055000000000000005
35.0,36.0,35.5,pilot_roll_centered,4,58,0.02042857142857143,0.012511763172593816,0.025,0.005300000000000001,0.018500000000000003,0.02692857142857143,0.029157142857142857,0.002,0.029714285714285714,0.020499999999999997
35.0,36.0,35.5,pilot_throttle_norm,4,58,0.011194444444444444,0.0075126094275905645,0.014388888888888889,0.0020833333333333337,0.010416666666666666,0.015166666666666667,0.015833333333333335,0.0,0.016,0.01125
35.0,36.0,35.5,pitch_deg,4,58,-2.2302886556349106,1.6785888814046008,-2.5871822346770577,-3.601287473565056,-3.5797707011586146,-1.2377001891533534,-0.3596388270457591,-3.606666666666667,-0.14012348651885986,-2.6673386991024017
35.0,36.0,35.5,q_radps,4,58,0.03069261840030935,0.051314416360185675,0.01699176247394273,-0.010111774178221759,-0.007082107088838992,0.054766487963091075,0.09067820927575372,-0.01086919095056745,0.0996561396039194,0.030853100528474925
35.0,36.0,35.5,roll_deg,4,58,-0.6924132599109518,1.7808679519039552,-0.7416097770796882,-2.504132443098795,-1.8152527567886172,0.38122971979797715,1.1881810473131218,-2.6763523646763394,1.3899188791919086,-0.7444061145186425
35.0,36.0,35.5,sideslip_deg,4,58,-0.17368263987794746,3.0303669202085914,0.24721164670255452,-3.59077559163173,-1.7267667775352795,1.8002957843598866,2.654158310663132,-4.056777795155843,2.867623942238944,0.1313985437154771
35.0,36.0,35.5,throttle_output,4,58,0.4974351982985224,0.6144582910869048,0.3637799194880894,0.0,0.0,0.8612151177866119,1.1819877869316509,0.0,1.2621809542179108,0.0
36.0,37.0,36.5,airspeed_mps,4,58,23.547407604399183,0.7701411759041575,23.714374224344887,22.64832399913243,23.367838518960134,23.893943309783936,24.212737941741942,22.4684453691755,24.292436599731445,23.5478355884552
36.0,37.0,36.5,aoa_deg,4,58,3.0713477617026603,1.6968325032994684,3.6900718907515206,1.018504515934635,2.550378951269227,4.211040701184954,4.257977226802281,0.6355359071009868,4.269711358206613,3.1894062757492065
36.0,37.0,36.5,descent_rate_mps,4,58,2.3394858614663927,1.2549973561034065,2.8089119706837242,0.8143583858332866,2.045820645383909,3.102577186766208,3.207416784195235,0.506492820945631,3.2336266835524916,2.2824621200519957
36.0,37.0,36.5,groundspeed_mps,4,58,21.493192564388963,1.4716432856851505,21.697711062482323,19.96489561743841,20.457409655541582,22.7334939713297,22.735163614008812,19.841767107912613,22.73558102467859,21.367260751694953
36.0,37.0,36.5,p_radps,4,58,0.012771754169763512,0.03822740769259975,0.013897781655966364,-0.02611807829339252,-0.014074460558629681,0.040743996384359556,0.05008514815223555,-0.02912898272708323,0.052420436094204555,0.03718670520174781
36.0,37.0,36.5,pilot_pitch_centered,4,58,0.004978040540540541,0.0029304461191130256,0.004456081081081082,0.0023243243243243243,0.003621621621621622,0.005812500000000001,0.0083625,0.002,0.009000000000000001,0.0045000000000000005
36.0,37.0,36.5,pilot_roll_centered,4,58,0.01993355855855856,0.012139069041730616,0.024533783783783784,0.005235135135135136,0.018175675675675677,0.026291666666666668,0.02819166666666667,0.002,0.02866666666666667,0.020249999999999997
36.0,37.0,36.5,pilot_throttle_norm,4,58,0.010925675675675676,0.007320803814665241,0.014101351351351352,0.002055405405405406,0.01027702702702703,0.01475,0.015349999999999999,0.0,0.0155,0.011
36.0,37.0,36.5,pitch_deg,4,58,-2.6033383830344277,1.5864921630978783,-3.138485373939787,-3.7648741260823746,-3.4105091967469168,-2.3313145602272973,-0.6925968527189792,-3.8534653584162393,-0.2829174258418985,-2.896050180196762
36.0,37.0,36.5,q_radps,4,58,-0.02764789485028188,0.04243812617338672,-0.02988534675595083,-0.0702777305928238,-0.04224693618586595,-0.01528630542036676,0.01811437356019656,-0.07728542919456327,0.02646454330533741,-0.02698675676947459
36.0,37.0,36.5,roll_deg,4,58,-0.4939935192293181,2.086220831856006,-0.9829581865242549,-2.240472051501274,-1.9559117406606674,0.47896003490709427,1.9370355472555483,-2.311612129211426,2.3015544253426627,-0.5382119852304459
36.0,37.0,36.5,sideslip_deg,4,58,-0.698414152018256,2.7422993748607642,-0.24581842745343843,-3.8605915069580075,-1.672802448272705,0.7285698688010106,1.8301291885307505,-4.4075387716293335,2.1055190184631862,-0.7861779872328043
36.0,37.0,36.5,throttle_output,4,58,0.007797294371836894,0.015594588743673789,0.0,0.0,0.0,0.007797294371836894,0.02651080086424543,0.0,0.031189177487347577,0.0
37.0,38.0,37.5,airspeed_mps,4,26,23.922083655993145,0.9816170195027768,24.159857034683228,22.76088873545329,23.562772432963055,24.519168257713318,24.75039584636688,22.560417811075848,24.808202743530273,23.88826584815979
37.0,38.0,37.5,aoa_deg,4,26,3.6156231810649233,0.9531702099385336,3.9101463556289673,2.4697642058134077,3.3087278455495834,4.217041691144307,4.349149711926778,2.260023295879364,4.3821767171223955,3.55493500828743
37.0,38.0,37.5,descent_rate_mps,4,26,3.2250885168732477,0.4721590777298369,3.324538866682232,2.672214746476356,3.0404675006913333,3.5091598828641466,3.638731797537561,2.580151557922612,3.6711247762059145,3.1511640548722255
37.0,38.0,37.5,groundspeed_mps,4,26,21.95935116510802,2.225788072995713,21.6295793991267,19.927551900489092,20.40098036242719,23.18795020180753,24.452830902100796,19.809194785004568,24.769051077174115,21.961746931478515
37.0,38.0,37.5,p_radps,4,26,0.024471839171989505,0.0731906033728695,0.010758137291607748,-0.041303085035178794,-0.011258990794885893,0.046488967258483144,0.10944594601169222,-0.048814108595252016,0.12518519069999454,0.026789504510816187
37.0,38.0,37.5,pilot_pitch_centered,4,26,0.0053125,0.0029536347664078804,0.004791666666666666,0.0026208333333333335,0.0037708333333333335,0.006333333333333333,0.008733333333333333,0.0023333333333333335,0.009333333333333334,0.00525
37.0,38.0,37.5,pilot_roll_centered,4,26,0.019416666666666665,0.011917540760483169,0.02333333333333333,0.00515,0.017750000000000002,0.024999999999999998,0.028199999999999996,0.002,0.028999999999999998,0.01975
37.0,38.0,37.5,pilot_throttle_norm,4,26,0.011270833333333332,0.007460815850035983,0.014458333333333333,0.0022041666666666668,0.010354166666666668,0.015375,0.015875,0.00016666666666666666,0.016,0.01125
37.0,38.0,37.5,pitch_deg,4,26,-3.4837215371926624,0.8113581006445835,-3.30662081638972,-4.437231951951981,-3.779581695795059,-3.0107606577873227,-2.778152131557464,-4.601644515991211,-2.7199999999999993,-3.537586580514908
37.0,38.0,37.5,q_radps,4,26,0.017485205175034917,0.020328982351851252,0.023157392208910665,-0.006827901868139924,0.011655846893214975,0.028986750490730608,0.03385725037078371,-0.01144883905847865,0.035074875340796986,0.011163882620166963
37.0,38.0,37.5,roll_deg,4,26,0.0481384114424388,4.003671174899974,-0.9161306786537169,-3.2902311106522877,-2.706958343585332,1.8389660763740538,4.736484659671782,-3.436049302419027,5.460864305496216,0.04152449488639842
37.0,38.0,37.5,sideslip_deg,4,26,-1.6336176462161045,2.8031066606762436,-0.4805297528704008,-5.010609187185764,-1.8220393136143684,-0.29210808547213674,0.12905084406957007,-5.807751655578613,0.23434057645499706,-1.650315617211163
37.0,38.0,37.5,throttle_output,4,26,0.23036599159240723,0.46073198318481445,0.0,0.0,0.0,0.23036599159240723,0.7832443714141842,0.0,0.9214639663696289,0.17105042934417725
38.0,39.0,38.5,airspeed_mps,4,50,24.052049615979193,0.9078725586920872,24.13733081817627,23.075967517495155,23.48111279308796,24.708267641067508,24.90873803138733,22.974681198596954,24.958855628967285,24.05756688117981
38.0,39.0,38.5,aoa_deg,4,50,3.972366536781192,1.116002585332469,4.184093260765076,2.713582057952881,3.349960422515869,4.806499375030398,4.934733602032066,2.554487466812134,4.966792158782482,4.148191303014755
38.0,39.0,38.5,descent_rate_mps,4,50,2.660916775463809,1.4708887847564023,3.11796259880028,0.9211247861370574,2.027787417173162,3.7510919570909267,3.7608446121195005,0.6444591283780312,3.763282775876644,2.504034042355059
38.0,39.0,38.5,groundspeed_mps,4,50,22.235286892336546,1.9181321848066637,21.81561671379648,20.60852941229691,20.864791694470945,23.18611191166208,24.44958262233228,20.5444638417534,24.76545029999983,22.29487716705379
38.0,39.0,38.5,p_radps,4,50,0.011429290943851825,0.08445039916097433,-0.020861010488442813,-0.045218823062677944,-0.029912919432172176,0.020481199887581188,0.11328382695559402,-0.049045298970304387,0.1364844837225973,-0.0008170043583959029
38.0,39.0,38.5,pilot_pitch_centered,4,50,0.0044218750000000005,0.003222162430599467,0.00311875,0.0023325000000000004,0.0026625,0.0048781250000000005,0.008335624999999998,0.0022500000000000003,0.0092,0.0045000000000000005
38.0,39.0,38.5,pilot_roll_centered,4,50,0.01985625,0.012274573566930949,0.024175000000000002,0.00500625,0.017531249999999998,0.0265,0.028659999999999995,0.001875,0.029199999999999997,0.019999999999999997
38.0,39.0,38.5,pilot_throttle_norm,4,50,0.011237500000000001,0.007544023572780421,0.014575000000000001,0.0020625000000000005,0.0103125,0.0155,0.01574,0.0,0.0158,0.01125
38.0,39.0,38.5,pitch_deg,4,50,-2.1951052543520926,3.466564314966013,-3.2930588096380236,-4.786222264766693,-3.7363977313041685,-1.7517663326859474,1.9331467334628085,-5.048678398132324,2.854375,-1.857447899580002
38.0,39.0,38.5,q_radps,4,50,0.005697400508142877,0.04593814724337586,0.01854511084966358,-0.04912699947744837,-0.005099801353935623,0.029342312711742077,0.042535006015605135,-0.06013379900832656,0.04583317934157091,0.004919951781630492
38.0,39.0,38.5,roll_deg,4,50,-0.5244160477072,2.374882790216008,-0.6525113582611084,-2.9076352310180664,-1.992555809020996,0.8156284030526877,2.0381365703791374,-3.136405086517334,2.3437636122107506,-0.5016102814674377
38.0,39.0,38.5,sideslip_deg,4,50,-2.2216296554892327,3.672729696552228,-0.700314903515391,-6.686975573152304,-2.742962735146284,-0.17898182385833933,0.11387560941046086,-7.672978782653809,0.18708996772766112,-2.2943920493125916
38.0,39.0,38.5,throttle_output,4,50,13.462713804095984,26.91613828086973,0.0069675967097282375,0.0,0.0,13.469681400805712,45.763472298532704,0.0,53.83692002296448,16.14738368988037
39.0,40.0,39.5,airspeed_mps,4,49,24.06278064250946,0.7736350383279359,24.303278541564943,23.132380189895628,23.815185403823854,24.550873780250548,24.65648403644562,22.961678886413573,24.682886600494385,24.037509202957153
39.0,40.0,39.5,aoa_deg,4,49,3.623793418208758,0.6555878165462228,3.7234398623307543,2.8731938689947127,3.412156268954277,3.9350770115852356,4.234887945652008,2.7384532690048218,4.309840679168701,3.5128942728042603
39.0,40.0,39.5,descent_rate_mps,4,49,2.606824517250584,1.4303041736112947,2.9980178674063502,0.9107754786814906,2.030381401380515,3.5744609832764196,3.755202865601606,0.6308739980067344,3.8003883361829027,2.9326415061990474
39.0,40.0,39.5,groundspeed_mps,4,49,22.11732353925943,1.9142781039639303,21.71044487343616,20.506337543211767,20.680721416457338,23.147046996238252,24.297939667459683,20.462741574900374,24.58566283526504,22.086400080744156
39.0,40.0,39.5,p_radps,4,49,0.05506517612763369,0.06208528067647922,0.03591903736814855,0.00812444094956541,0.010344936842254043,0.08063927665352819,0.12881050556898113,0.007569316976393253,0.1408533127978444,0.056427714647725204
39.0,40.0,39.5,pilot_pitch_centered,4,49,0.005112500000000001,0.0028775431586041643,0.004125,0.0030366666666666675,0.0037166666666666667,0.005520833333333334,0.008570833333333333,0.0028666666666666675,0.009333333333333334,0.005
39.0,40.0,39.5,pilot_roll_centered,4,49,0.020012500000000003,0.012194286571997559,0.024524999999999998,0.0053375,0.018687500000000003,0.025849999999999998,0.02837,0.0020000000000000005,0.029,0.01975
39.0,40.0,39.5,pilot_throttle_norm,4,49,0.011275,0.007552207182892517,0.01475,0.0021000000000000003,0.0105,0.015525,0.015585,0.0,0.0156,0.011375
39.0,40.0,39.5,pitch_deg,4,49,-2.364309818804264,3.3125340384418407,-2.86529383957386,-5.459265183607737,-4.219052867094676,-1.0105507912834484,1.4320231750766426,-5.769318262736003,2.0426666666666673,-2.6438716131448747
39.0,40.0,39.5,q_radps,4,49,0.030002928960554207,0.04482861406511168,0.024609593313653012,-0.008593543365762641,-0.00742623249073706,0.062038754764944276,0.07615007119253271,-0.008885371084519037,0.07967790029942984,0.033015057484590195
39.0,40.0,39.5,roll_deg,4,49,-1.3091236435261866,1.56002856641793,-1.7423823395743967,-2.5642168629169464,-2.1194980680942535,-0.9320079150063296,0.5525317503320666,-2.6753965616226196,0.9236666666666667,-1.3911642932891846
39.0,40.0,39.5,sideslip_deg,4,49,-2.2763019621760274,4.364069676755198,-0.6178035061340779,-7.552913148850203,-2.8431813143193723,-0.050924153990733134,0.6784113860394181,-8.73034610748291,0.8607452710469564,-2.2717086859047413
39.0,40.0,39.5,throttle_output,4,49,11.141711134711901,14.735749835124189,6.741767078638077,0.0,0.0,17.883478213349978,28.44334394792715,0.0,31.08331038157145,12.035736799240112
